host_rx_ms	frame_seq	channel	tx_id	rx_id	slot	lost	ms	event_seq	kind	mailbox	raw	detail
1790958159496	0	1	766	521	0	5964	5247	5965	6	-1	7	0
1790958159496	0	1	766	521	0	5964	5248	5966	6	-1	-12	0
1790958159496	0	1	766	521	0	5964	5249	5967	6	-1	25	0
1790958159496	0	1	766	521	0	5964	5250	5968	6	-1	25	0
1790958159496	0	1	766	521	0	5964	5251	5969	6	-1	-12	0
1790958159496	0	1	766	521	0	5964	5252	5970	6	-1	7	0
1790958159496	0	1	766	521	0	5964	5253	5971	6	-1	-12	0
1790958159496	0	1	766	521	0	5964	5254	5972	6	-1	-12	0
1790958159496	0	1	766	521	0	5964	5255	5973	6	-1	-12	0
1790958159496	0	1	766	521	0	5964	5256	5974	6	-1	-12	0
1790958159496	0	1	766	521	0	5964	5257	5975	6	-1	16	0
1790958159496	0	1	766	521	0	5964	5258	5976	6	-1	7	0
1790958159496	0	1	766	521	0	5964	5259	5977	6	-1	-12	0
1790958159496	0	1	766	521	0	5964	5260	5978	6	-1	-12	0
1790958159496	0	1	766	521	0	5964	5261	5979	6	-1	-12	0
1790958159496	0	1	766	521	0	5964	5262	5980	6	-1	16	0
1790958159496	0	1	766	521	0	5964	5263	5981	6	-1	7	0
1790958159496	0	1	766	521	0	5964	5264	5982	6	-1	-21	0
1790958159496	0	1	766	521	0	5964	5265	5983	6	-1	-12	0
1790958159496	0	1	766	521	0	5964	5266	5984	6	-1	-12	0
1790958159496	0	1	766	521	0	5964	5267	5985	6	-1	34	0
1790958159496	0	1	766	521	0	5964	5268	5986	6	-1	7	0
1790958159496	0	1	766	521	0	5964	5269	5987	6	-1	-12	0
1790958159496	0	1	766	521	0	5964	5270	5988	6	-1	-39	0
1790958159496	0	1	766	521	0	5964	5271	5989	6	-1	-12	0
1790958159496	0	1	766	521	0	5964	5272	5990	6	-1	7	0
1790958159496	0	1	766	521	0	5964	5273	5991	6	-1	-12	0
1790958159496	0	1	766	521	0	5964	5274	5992	6	-1	7	0
1790958159496	0	1	766	521	0	5964	5275	5993	6	-1	-12	0
1790958159496	0	1	766	521	0	5964	5276	5994	6	-1	-3	0
1790958159496	0	1	766	521	0	5964	5277	5995	6	-1	-12	0
1790958159496	0	1	766	521	0	5964	5278	5996	6	-1	-12	0
1790958159496	0	1	766	521	0	5964	5279	5997	6	-1	7	0
1790958159496	0	1	766	521	0	5964	5280	5998	6	-1	-21	0
1790958159496	0	1	766	521	0	5964	5281	5999	6	-1	-12	0
1790958159496	0	1	766	521	0	5964	5282	6000	6	-1	17	0
1790958159496	0	1	766	521	0	5964	5283	6001	6	-1	61	0
1790958159496	0	1	766	521	0	5964	5284	6002	6	-1	43	0
1790958159496	0	1	766	521	0	5964	5285	6003	6	-1	-12	0
1790958159496	0	1	766	521	0	5964	5286	6004	6	-1	-30	0
1790958159496	0	1	766	521	0	5964	5287	6005	6	-1	-30	0
1790958159496	0	1	766	521	0	5964	5288	6006	6	-1	7	0
1790958159496	0	1	766	521	0	5964	5289	6007	6	-1	7	0
1790958159496	0	1	766	521	0	5964	5290	6008	6	-1	-30	0
1790958159496	0	1	766	521	0	5964	5291	6009	6	-1	25	0
1790958159496	0	1	766	521	0	5964	5292	6010	6	-1	7	0
1790958159496	0	1	766	521	0	5964	5293	6011	6	-1	7	0
1790958159496	0	1	766	521	0	5964	5294	6012	6	-1	16	0
1790958159496	1	1	766	521	0	5964	5295	6013	6	-1	25	0
1790958159496	1	1	766	521	0	5964	5296	6014	6	-1	7	0
1790958159496	1	1	766	521	0	5964	5297	6015	6	-1	7	0
1790958159496	1	1	766	521	0	5964	5298	6016	6	-1	-12	0
1790958159496	1	1	766	521	0	5964	5299	6017	6	-1	-3	0
1790958159496	1	1	766	521	0	5964	5300	6018	6	-1	-21	0
1790958159496	1	1	766	521	0	5964	5301	6019	6	-1	-21	0
1790958159496	1	1	766	521	0	5964	5302	6020	6	-1	16	0
1790958159496	1	1	766	521	0	5964	5303	6021	6	-1	-12	0
1790958159496	1	1	766	521	0	5964	5304	6022	6	-1	-3	0
1790958159496	1	1	766	521	0	5964	5305	6023	6	-1	7	0
1790958159496	1	1	766	521	0	5964	5306	6024	6	-1	7	0
1790958159496	1	1	766	521	0	5964	5307	6025	6	-1	16	0
1790958159496	1	1	766	521	0	5964	5308	6026	6	-1	-30	0
1790958159496	1	1	766	521	0	5964	5309	6027	6	-1	-3	0
1790958159496	1	1	766	521	0	5964	5310	6028	6	-1	-12	0
1790958159496	1	1	766	521	0	5964	5311	6029	6	-1	7	0
1790958159496	1	1	766	521	0	5964	5312	6030	6	-1	25	0
1790958159496	1	1	766	521	0	5964	5313	6031	6	-1	-12	0
1790958159496	1	1	766	521	0	5964	5314	6032	6	-1	7	0
1790958159496	1	1	766	521	0	5964	5315	6033	6	-1	-3	0
1790958159496	1	1	766	521	0	5964	5316	6034	6	-1	7	0
1790958159496	1	1	766	521	0	5964	5317	6035	6	-1	7	0
1790958159496	1	1	766	521	0	5964	5318	6036	6	-1	-3	0
1790958159496	1	1	766	521	0	5964	5319	6037	6	-1	-12	0
1790958159496	1	1	766	521	0	5964	5320	6038	6	-1	-12	0
1790958159496	1	1	766	521	0	5964	5321	6039	6	-1	-2	0
1790958159496	1	1	766	521	0	5964	5322	6040	6	-1	-12	0
1790958159496	1	1	766	521	0	5964	5323	6041	6	-1	7	0
1790958159496	1	1	766	521	0	5964	5324	6042	6	-1	16	0
1790958159496	1	1	766	521	0	5964	5325	6043	6	-1	7	0
1790958159496	1	1	766	521	0	5964	5326	6044	6	-1	-12	0
1790958159496	1	1	766	521	0	5964	5327	6045	6	-1	25	0
1790958159496	1	1	766	521	0	5964	5328	6046	6	-1	-12	0
1790958159496	1	1	766	521	0	5964	5329	6047	6	-1	-12	0
1790958159496	1	1	766	521	0	5964	5330	6048	6	-1	7	0
1790958159496	1	1	766	521	0	5964	5331	6049	6	-1	7	0
1790958159496	1	1	766	521	0	5964	5332	6050	6	-1	7	0
1790958159496	1	1	766	521	0	5964	5333	6051	6	-1	-12	0
1790958159496	1	1	766	521	0	5964	5334	6052	6	-1	-3	0
1790958159496	1	1	766	521	0	5964	5335	6053	6	-1	26	0
1790958159496	1	1	766	521	0	5964	5336	6054	6	-1	7	0
1790958159496	1	1	766	521	0	5964	5337	6055	6	-1	-2	0
1790958159496	1	1	766	521	0	5964	5338	6056	6	-1	-12	0
1790958159496	1	1	766	521	0	5964	5339	6057	6	-1	16	0
1790958159496	1	1	766	521	0	5964	5340	6058	6	-1	7	0
1790958159496	1	1	766	521	0	5964	5341	6059	6	-1	17	0
1790958159496	1	1	766	521	0	5964	5342	6060	6	-1	-12	0
1790958159496	2	1	766	521	0	5964	5343	6061	6	-1	7	0
1790958159496	2	1	766	521	0	5964	5344	6062	6	-1	-3	0
1790958159496	2	1	766	521	0	5964	5345	6063	6	-1	7	0
1790958159496	2	1	766	521	0	5964	5346	6064	6	-1	7	0
1790958159496	2	1	766	521	0	5964	5347	6065	6	-1	7	0
1790958159496	2	1	766	521	0	5964	5348	6066	6	-1	-12	0
1790958159496	2	1	766	521	0	5964	5349	6067	6	-1	7	0
1790958159496	2	1	766	521	0	5964	5350	6068	6	-1	7	0
1790958159496	2	1	766	521	0	5964	5351	6069	6	-1	-12	0
1790958159496	2	1	766	521	0	5964	5352	6070	6	-1	16	0
1790958159496	2	1	766	521	0	5964	5353	6071	6	-1	16	0
1790958159496	2	1	766	521	0	5964	5354	6072	6	-1	-21	0
1790958159496	2	1	766	521	0	5964	5355	6073	6	-1	-12	0
1790958159496	2	1	766	521	0	5964	5356	6074	6	-1	16	0
1790958159496	2	1	766	521	0	5964	5357	6075	6	-1	16	0
1790958159496	2	1	766	521	0	5964	5358	6076	6	-1	-12	0
1790958159496	2	1	766	521	0	5964	5359	6077	6	-1	7	0
1790958159496	2	1	766	521	0	5964	5360	6078	6	-1	-12	0
1790958159496	2	1	766	521	0	5964	5361	6079	6	-1	16	0
1790958159496	2	1	766	521	0	5964	5362	6080	6	-1	7	0
1790958159496	2	1	766	521	0	5964	5363	6081	6	-1	-2	0
1790958159496	2	1	766	521	0	5964	5364	6082	6	-1	-49	0
1790958159496	2	1	766	521	0	5964	5365	6083	6	-1	-3	0
1790958159496	2	1	766	521	0	5964	5366	6084	6	-1	-12	0
1790958159496	2	1	766	521	0	5964	5367	6085	6	-1	7	0
1790958159496	2	1	766	521	0	5964	5368	6086	6	-1	7	0
1790958159496	2	1	766	521	0	5964	5369	6087	6	-1	-21	0
1790958159496	2	1	766	521	0	5964	5370	6088	6	-1	-12	0
1790958159496	2	1	766	521	0	5964	5371	6089	6	-1	7	0
1790958159496	2	1	766	521	0	5964	5372	6090	6	-1	7	0
1790958159496	2	1	766	521	0	5964	5373	6091	6	-1	-12	0
1790958159496	2	1	766	521	0	5964	5374	6092	6	-1	-12	0
1790958159496	2	1	766	521	0	5964	5375	6093	6	-1	-3	0
1790958159496	2	1	766	521	0	5964	5376	6094	6	-1	24	0
1790958159496	2	1	766	521	0	5964	5377	6095	6	-1	-21	0
1790958159496	2	1	766	521	0	5964	5378	6096	6	-1	-12	0
1790958159496	2	1	766	521	0	5964	5379	6097	6	-1	34	0
1790958159496	2	1	766	521	0	5964	5380	6098	6	-1	-3	0
1790958159496	2	1	766	521	0	5964	5381	6099	6	-1	34	0
1790958159496	2	1	766	521	0	5964	5382	6100	6	-1	7	0
1790958159496	2	1	766	521	0	5964	5383	6101	6	-1	-2	0
1790958159496	2	1	766	521	0	5964	5384	6102	6	-1	7	0
1790958159496	2	1	766	521	0	5964	5385	6103	6	-1	16	0
1790958159496	2	1	766	521	0	5964	5386	6104	6	-1	7	0
1790958159496	2	1	766	521	0	5964	5387	6105	6	-1	-12	0
1790958159496	2	1	766	521	0	5964	5388	6106	6	-1	-12	0
1790958159496	2	1	766	521	0	5964	5389	6107	6	-1	-3	0
1790958159496	2	1	766	521	0	5964	5390	6108	6	-1	-12	0
1790958159496	3	1	766	521	0	5964	5391	6109	6	-1	25	0
1790958159496	3	1	766	521	0	5964	5392	6110	6	-1	-12	0
1790958159496	3	1	766	521	0	5964	5393	6111	6	-1	-2	0
1790958159496	3	1	766	521	0	5964	5394	6112	6	-1	16	0
1790958159496	3	1	766	521	0	5964	5395	6113	6	-1	7	0
1790958159496	3	1	766	521	0	5964	5396	6114	6	-1	-12	0
1790958159496	3	1	766	521	0	5964	5397	6115	6	-1	-12	0
1790958159496	3	1	766	521	0	5964	5398	6116	6	-1	16	0
1790958159496	3	1	766	521	0	5964	5399	6117	6	-1	-2	0
1790958159496	3	1	766	521	0	5964	5400	6118	6	-1	25	0
1790958159496	3	1	766	521	0	5964	5401	6119	6	-1	-39	0
1790958159496	3	1	766	521	0	5964	5402	6120	6	-1	16	0
1790958159496	3	1	766	521	0	5964	5403	6121	6	-1	25	0
1790958159496	3	1	766	521	0	5964	5404	6122	6	-1	-12	0
1790958159496	3	1	766	521	0	5964	5405	6123	6	-1	-21	0
1790958159496	3	1	766	521	0	5964	5406	6124	6	-1	-2	0
1790958159496	3	1	766	521	0	5964	5407	6125	6	-1	-3	0
1790958159496	3	1	766	521	0	5964	5408	6126	6	-1	-12	0
1790958159496	3	1	766	521	0	5964	5409	6127	6	-1	17	0
1790958159496	3	1	766	521	0	5964	5410	6128	6	-1	-12	0
1790958159496	3	1	766	521	0	5964	5411	6129	6	-1	7	0
1790958159496	3	1	766	521	0	5964	5412	6130	6	-1	7	0
1790958159496	3	1	766	521	0	5964	5413	6131	6	-1	-12	0
1790958159496	3	1	766	521	0	5964	5414	6132	6	-1	16	0
1790958159496	3	1	766	521	0	5964	5415	6133	6	-1	16	0
1790958159496	3	1	766	521	0	5964	5416	6134	6	-1	7	0
1790958159496	3	1	766	521	0	5964	5417	6135	6	-1	-12	0
1790958159496	3	1	766	521	0	5964	5418	6136	6	-1	-30	0
1790958159496	3	1	766	521	0	5964	5419	6137	6	-1	-3	0
1790958159496	3	1	766	521	0	5964	5420	6138	6	-1	7	0
1790958159496	3	1	766	521	0	5964	5421	6139	6	-1	7	0
1790958159496	3	1	766	521	0	5964	5422	6140	6	-1	-12	0
1790958159496	3	1	766	521	0	5964	5423	6141	6	-1	-12	0
1790958159496	3	1	766	521	0	5964	5424	6142	6	-1	7	0
1790958159496	3	1	766	521	0	5964	5425	6143	6	-1	7	0
1790958159496	3	1	766	521	0	5964	5426	6144	6	-1	16	0
1790958159496	3	1	766	521	0	5964	5427	6145	6	-1	-12	0
1790958159496	3	1	766	521	0	5964	5428	6146	6	-1	16	0
1790958159496	3	1	766	521	0	5964	5429	6147	6	-1	34	0
1790958159496	3	1	766	521	0	5964	5430	6148	6	-1	-12	0
1790958159496	3	1	766	521	0	5964	5431	6149	6	-1	7	0
1790958159496	3	1	766	521	0	5964	5432	6150	6	-1	-3	0
1790958159496	3	1	766	521	0	5964	5433	6151	6	-1	-12	0
1790958159496	3	1	766	521	0	5964	5434	6152	6	-1	-12	0
1790958159496	3	1	766	521	0	5964	5435	6153	6	-1	-2	0
1790958159496	3	1	766	521	0	5964	5436	6154	6	-1	16	0
1790958159496	3	1	766	521	0	5964	5437	6155	6	-1	16	0
1790958159496	3	1	766	521	0	5964	5438	6156	6	-1	-2	0
1790958159496	4	1	766	521	0	5964	5439	6157	6	-1	-3	0
1790958159496	4	1	766	521	0	5964	5440	6158	6	-1	-12	0
1790958159496	4	1	766	521	0	5964	5441	6159	6	-1	16	0
1790958159496	4	1	766	521	0	5964	5442	6160	6	-1	16	0
1790958159496	4	1	766	521	0	5964	5443	6161	6	-1	7	0
1790958159496	4	1	766	521	0	5964	5444	6162	6	-1	7	0
1790958159496	4	1	766	521	0	5964	5445	6163	6	-1	7	0
1790958159496	4	1	766	521	0	5964	5446	6164	6	-1	-21	0
1790958159496	4	1	766	521	0	5964	5447	6165	6	-1	7	0
1790958159496	4	1	766	521	0	5964	5448	6166	6	-1	-30	0
1790958159496	4	1	766	521	0	5964	5449	6167	6	-1	7	0
1790958159496	4	1	766	521	0	5964	5450	6168	6	-1	-12	0
1790958159496	4	1	766	521	0	5964	5451	6169	6	-1	16	0
1790958159496	4	1	766	521	0	5964	5452	6170	6	-1	16	0
1790958159496	4	1	766	521	0	5964	5453	6171	6	-1	7	0
1790958159496	4	1	766	521	0	5964	5454	6172	6	-1	-2	0
1790958159496	4	1	766	521	0	5964	5455	6173	6	-1	16	0
1790958159496	4	1	766	521	0	5964	5456	6174	6	-1	7	0
1790958159496	4	1	766	521	0	5964	5457	6175	6	-1	-2	0
1790958159496	4	1	766	521	0	5964	5458	6176	6	-1	7	0
1790958159496	4	1	766	521	0	5964	5459	6177	6	-1	-12	0
1790958159496	4	1	766	521	0	5964	5460	6178	6	-1	7	0
1790958159496	4	1	766	521	0	5964	5461	6179	6	-1	7	0
1790958159496	4	1	766	521	0	5964	5462	6180	6	-1	-12	0
1790958159496	4	1	766	521	0	5964	5463	6181	6	-1	16	0
1790958159496	4	1	766	521	0	5964	5464	6182	6	-1	-12	0
1790958159496	4	1	766	521	0	5964	5465	6183	6	-1	7	0
1790958159496	4	1	766	521	0	5964	5466	6184	6	-1	-21	0
1790958159496	4	1	766	521	0	5964	5467	6185	6	-1	7	0
1790958159496	4	1	766	521	0	5964	5468	6186	6	-1	25	0
1790958159496	4	1	766	521	0	5964	5469	6187	6	-1	-12	0
1790958159496	4	1	766	521	0	5964	5470	6188	6	-1	7	0
1790958159496	4	1	766	521	0	5964	5471	6189	6	-1	-12	0
1790958159496	4	1	766	521	0	5964	5472	6190	6	-1	-12	0
1790958159496	4	1	766	521	0	5964	5473	6191	6	-1	-3	0
1790958159496	4	1	766	521	0	5964	5474	6192	6	-1	7	0
1790958159496	4	1	766	521	0	5964	5475	6193	6	-1	7	0
1790958159496	4	1	766	521	0	5964	5476	6194	6	-1	-12	0
1790958159496	4	1	766	521	0	5964	5477	6195	6	-1	-12	0
1790958159496	4	1	766	521	0	5964	5478	6196	6	-1	-12	0
1790958159496	4	1	766	521	0	5964	5479	6197	6	-1	7	0
1790958159496	4	1	766	521	0	5964	5480	6198	6	-1	7	0
1790958159496	4	1	766	521	0	5964	5481	6199	6	-1	-12	0
1790958159496	4	1	766	521	0	5964	5482	6200	6	-1	-12	0
1790958159496	4	1	766	521	0	5964	5483	6201	6	-1	7	0
1790958159496	4	1	766	521	0	5964	5484	6202	6	-1	16	0
1790958159496	4	1	766	521	0	5964	5485	6203	6	-1	-21	0
1790958159496	4	1	766	521	0	5964	5486	6204	6	-1	-12	0
1790958159547	901	1	766	521	0	5964	25297	39516	6	-1	-12	0
1790958159547	901	1	766	521	0	5964	25298	39517	6	-1	-12	0
1790958159547	901	1	766	521	0	5964	25299	39518	6	-1	15	0
1790958159547	901	1	766	521	0	5964	25300	39519	6	-1	-12	0
1790958159547	901	1	766	521	0	5964	25301	39520	6	-1	7	0
1790958159547	901	1	766	521	0	5964	25301	39521	1	-1	0	0
1790958159547	901	1	766	521	0	5964	25301	39522	2	1	0	39521
1790958159547	901	1	766	521	0	5964	25302	39523	6	-1	7	0
1790958159547	901	1	766	521	0	5964	25303	39524	6	-1	-12	0
1790958159547	901	1	766	521	0	5964	25304	39525	6	-1	-12	0
1790958159547	901	1	766	521	0	5964	25304	39526	6	-1	-3	0
1790958159547	901	1	766	521	0	5964	25305	39527	1	-1	0	0
1790958159547	901	1	766	521	0	5964	25305	39528	3	1	469762819	39522
1790958159547	901	1	766	521	0	5964	25305	39529	2	1	0	39527
1790958159547	901	1	766	521	0	5964	25306	39530	6	-1	7	0
1790958159547	901	1	766	521	0	5964	25307	39531	6	-1	7	0
1790958159547	901	1	766	521	0	5964	25308	39532	6	-1	-12	0
1790958159547	901	1	766	521	0	5964	25309	39533	6	-1	7	0
1790958159547	901	1	766	521	0	5964	25309	39534	1	-1	0	0
1790958159547	901	1	766	521	0	5964	25309	39535	3	1	469762819	39529
1790958159547	901	1	766	521	0	5964	25309	39536	2	1	0	39534
1790958159547	901	1	766	521	0	5964	25309	39537	6	-1	-3	0
1790958159547	901	1	766	521	0	5964	25311	39538	6	-1	15	0
1790958159547	901	1	766	521	0	5964	25311	39539	6	-1	7	0
1790958159547	901	1	766	521	0	5964	25313	39540	6	-1	15	0
1790958159547	901	1	766	521	0	5964	25313	39541	1	-1	0	0
1790958159547	901	1	766	521	0	5964	25313	39542	3	1	469762819	39536
1790958159547	901	1	766	521	0	5964	25313	39543	2	1	0	39541
1790958159547	901	1	766	521	0	5964	25314	39544	6	-1	-12	0
1790958159547	901	1	766	521	0	5964	25315	39545	6	-1	-12	0
1790958159547	901	1	766	521	0	5964	25316	39546	6	-1	7	0
1790958159547	901	1	766	521	0	5964	25317	39547	1	-1	0	0
1790958159547	901	1	766	521	0	5964	25317	39548	6	-1	25	0
1790958159547	901	1	766	521	0	5964	25317	39549	3	1	469762819	39543
1790958159547	901	1	766	521	0	5964	25317	39550	2	1	0	39547
1790958159547	901	1	766	521	0	5964	25318	39551	6	-1	7	0
1790958159547	901	1	766	521	0	5964	25318	39552	3	1	469762819	39550
1790958159590	902	1	766	521	0	5964	25319	39553	6	-1	-12	0
1790958159590	902	1	766	521	0	5964	25320	39554	6	-1	7	0
1790958159590	902	1	766	521	0	5964	25321	39555	6	-1	7	0
1790958159590	902	1	766	521	0	5964	25322	39556	6	-1	-3	0
1790958159590	902	1	766	521	0	5964	25323	39557	1	-1	0	0
1790958159590	902	1	766	521	0	5964	25323	39558	6	-1	25	0
1790958159590	902	1	766	521	0	5964	25323	39559	2	1	0	39557
1790958159590	902	1	766	521	0	5964	25324	39560	6	-1	-20	0
1790958159590	902	1	766	521	0	5964	25325	39561	6	-1	-12	0
1790958159590	902	1	766	521	0	5964	25326	39562	6	-1	-12	0
1790958159590	902	1	766	521	0	5964	25327	39563	1	-1	0	0
1790958159590	902	1	766	521	0	5964	25327	39564	6	-1	7	0
1790958159590	902	1	766	521	0	5964	25327	39565	3	1	469762819	39559
1790958159590	902	1	766	521	0	5964	25327	39566	2	1	0	39563
1790958159590	902	1	766	521	0	5964	25328	39567	6	-1	-12	0
1790958159590	902	1	766	521	0	5964	25329	39568	6	-1	-12	0
1790958159590	902	1	766	521	0	5964	25330	39569	6	-1	7	0
1790958159590	902	1	766	521	0	5964	25331	39570	1	-1	0	0
1790958159590	902	1	766	521	0	5964	25331	39571	6	-1	15	0
1790958159590	902	1	766	521	0	5964	25331	39572	3	1	469762819	39566
1790958159590	902	1	766	521	0	5964	25331	39573	2	1	0	39570
1790958159590	902	1	766	521	0	5964	25332	39574	6	-1	15	0
1790958159590	902	1	766	521	0	5964	25333	39575	6	-1	-20	0
1790958159590	902	1	766	521	0	5964	25334	39576	6	-1	7	0
1790958159590	902	1	766	521	0	5964	25334	39577	6	-1	-12	0
1790958159590	902	1	766	521	0	5964	25335	39578	1	-1	0	0
1790958159590	902	1	766	521	0	5964	25335	39579	3	1	469762819	39573
1790958159590	902	1	766	521	0	5964	25335	39580	2	1	0	39578
1790958159590	902	1	766	521	0	5964	25335	39581	6	-1	15	0
1790958159590	902	1	766	521	0	5964	25337	39582	6	-1	24	0
1790958159590	902	1	766	521	0	5964	25338	39583	6	-1	15	0
1790958159590	902	1	766	521	0	5964	25339	39584	6	-1	-1	0
1790958159590	902	1	766	521	0	5964	25339	39585	1	-1	0	0
1790958159590	902	1	766	521	0	5964	25339	39586	3	1	469762819	39580
1790958159590	902	1	766	521	0	5964	25339	39587	2	1	0	39585
1790958159590	902	1	766	521	0	5964	25340	39588	6	-1	7	0
1790958159590	902	1	766	521	0	5964	25340	39589	3	1	469762819	39587
1790958159590	903	1	766	521	0	5964	25341	39590	6	-1	-12	0
1790958159590	903	1	766	521	0	5964	25342	39591	6	-1	-20	0
1790958159590	903	1	766	521	0	5964	25343	39592	6	-1	7	0
1790958159590	903	1	766	521	0	5964	25344	39593	6	-1	15	0
1790958159590	903	1	766	521	0	5964	25344	39594	6	-1	-20	0
1790958159590	903	1	766	521	0	5964	25345	39595	1	-1	0	0
1790958159590	903	1	766	521	0	5964	25345	39596	2	1	0	39595
1790958159590	903	1	766	521	0	5964	25346	39597	6	-1	7	0
1790958159590	903	1	766	521	0	5964	25347	39598	6	-1	7	0
1790958159590	903	1	766	521	0	5964	25348	39599	6	-1	-12	0
1790958159590	903	1	766	521	0	5964	25348	39600	6	-1	-12	0
1790958159590	903	1	766	521	0	5964	25349	39601	1	-1	0	0
1790958159590	903	1	766	521	0	5964	25349	39602	3	1	469762819	39596
1790958159590	903	1	766	521	0	5964	25349	39603	2	1	0	39601
1790958159590	903	1	766	521	0	5964	25350	39604	6	-1	-12	0
1790958159590	903	1	766	521	0	5964	25351	39605	6	-1	7	0
1790958159590	903	1	766	521	0	5964	25352	39606	6	-1	-12	0
1790958159590	903	1	766	521	0	5964	25353	39607	1	-1	0	0
1790958159590	903	1	766	521	0	5964	25353	39608	6	-1	-12	0
1790958159590	903	1	766	521	0	5964	25353	39609	3	1	469762819	39603
1790958159590	903	1	766	521	0	5964	25353	39610	2	1	0	39607
1790958159590	903	1	766	521	0	5964	25354	39611	6	-1	15	0
1790958159590	903	1	766	521	0	5964	25355	39612	6	-1	-12	0
1790958159590	903	1	766	521	0	5964	25356	39613	6	-1	7	0
1790958159590	903	1	766	521	0	5964	25357	39614	1	-1	0	0
1790958159590	903	1	766	521	0	5964	25357	39615	6	-1	7	0
1790958159590	903	1	766	521	0	5964	25357	39616	3	1	469762819	39610
1790958159590	903	1	766	521	0	5964	25357	39617	2	1	0	39614
1790958159590	903	1	766	521	0	5964	25357	39618	6	-1	-1	0
1790958159590	903	1	766	521	0	5964	25359	39619	6	-1	-12	0
1790958159590	903	1	766	521	0	5964	25360	39620	6	-1	-20	0
1790958159590	903	1	766	521	0	5964	25361	39621	1	-1	0	0
1790958159590	903	1	766	521	0	5964	25361	39622	6	-1	7	0
1790958159590	903	1	766	521	0	5964	25361	39623	3	1	469762819	39617
1790958159590	903	1	766	521	0	5964	25361	39624	2	1	0	39621
1790958159590	903	1	766	521	0	5964	25362	39625	6	-1	-12	0
1790958159590	903	1	766	521	0	5964	25362	39626	3	1	469762819	39624
1790958159638	904	1	766	521	0	5964	25363	39627	6	-1	-31	0
1790958159638	904	1	766	521	0	5964	25364	39628	6	-1	7	0
1790958159638	904	1	766	521	0	5964	25365	39629	6	-1	7	0
1790958159638	904	1	766	521	0	5964	25366	39630	6	-1	7	0
1790958159638	904	1	766	521	0	5964	25367	39631	6	-1	-1	0
1790958159638	904	1	766	521	0	5964	25367	39632	1	-1	0	0
1790958159638	904	1	766	521	0	5964	25367	39633	2	1	0	39632
1790958159638	904	1	766	521	0	5964	25368	39634	6	-1	7	0
1790958159638	904	1	766	521	0	5964	25369	39635	6	-1	7	0
1790958159638	904	1	766	521	0	5964	25370	39636	6	-1	7	0
1790958159638	904	1	766	521	0	5964	25371	39637	1	-1	0	0
1790958159638	904	1	766	521	0	5964	25371	39638	6	-1	-20	0
1790958159638	904	1	766	521	0	5964	25371	39639	3	1	469762819	39633
1790958159638	904	1	766	521	0	5964	25371	39640	2	1	0	39637
1790958159638	904	1	766	521	0	5964	25372	39641	6	-1	-12	0
1790958159638	904	1	766	521	0	5964	25373	39642	6	-1	15	0
1790958159638	904	1	766	521	0	5964	25374	39643	6	-1	7	0
1790958159638	904	1	766	521	0	5964	25375	39644	6	-1	-12	0
1790958159638	904	1	766	521	0	5964	25375	39645	1	-1	0	0
1790958159638	904	1	766	521	0	5964	25375	39646	3	1	469762819	39640
1790958159638	904	1	766	521	0	5964	25375	39647	2	1	0	39645
1790958159638	904	1	766	521	0	5964	25376	39648	6	-1	-12	0
1790958159638	904	1	766	521	0	5964	25377	39649	6	-1	-12	0
1790958159638	904	1	766	521	0	5964	25378	39650	6	-1	-12	0
1790958159638	904	1	766	521	0	5964	25379	39651	6	-1	7	0
1790958159638	904	1	766	521	0	5964	25379	39652	1	-1	0	0
1790958159638	904	1	766	521	0	5964	25379	39653	3	1	469762819	39647
1790958159638	904	1	766	521	0	5964	25379	39654	2	1	0	39652
1790958159638	904	1	766	521	0	5964	25380	39655	6	-1	-3	0
1790958159638	904	1	766	521	0	5964	25381	39656	6	-1	-20	0
1790958159638	904	1	766	521	0	5964	25382	39657	6	-1	7	0
1790958159638	904	1	766	521	0	5964	25383	39658	6	-1	-12	0
1790958159638	904	1	766	521	0	5964	25383	39659	1	-1	0	0
1790958159638	904	1	766	521	0	5964	25383	39660	3	1	469762819	39654
1790958159638	904	1	766	521	0	5964	25383	39661	2	1	0	39659
1790958159638	904	1	766	521	0	5964	25384	39662	6	-1	-3	0
1790958159638	904	1	766	521	0	5964	25384	39663	3	1	469762819	39661
1790958159638	905	1	766	521	0	5964	25385	39664	6	-1	7	0
1790958159638	905	1	766	521	0	5964	25386	39665	6	-1	7	0
1790958159638	905	1	766	521	0	5964	25387	39666	6	-1	7	0
1790958159638	905	1	766	521	0	5964	25388	39667	6	-1	7	0
1790958159638	905	1	766	521	0	5964	25389	39668	1	-1	0	0
1790958159638	905	1	766	521	0	5964	25389	39669	6	-1	15	0
1790958159638	905	1	766	521	0	5964	25389	39670	2	1	0	39668
1790958159638	905	1	766	521	0	5964	25390	39671	6	-1	7	0
1790958159638	905	1	766	521	0	5964	25391	39672	6	-1	7	0
1790958159638	905	1	766	521	0	5964	25392	39673	6	-1	7	0
1790958159638	905	1	766	521	0	5964	25393	39674	1	-1	0	0
1790958159638	905	1	766	521	0	5964	25393	39675	6	-1	-12	0
1790958159638	905	1	766	521	0	5964	25393	39676	3	1	469762819	39670
1790958159638	905	1	766	521	0	5964	25393	39677	2	1	0	39674
1790958159638	905	1	766	521	0	5964	25394	39678	6	-1	7	0
1790958159638	905	1	766	521	0	5964	25395	39679	6	-1	-3	0
1790958159638	905	1	766	521	0	5964	25396	39680	6	-1	-12	0
1790958159638	905	1	766	521	0	5964	25397	39681	1	-1	0	0
1790958159638	905	1	766	521	0	5964	25397	39682	6	-1	15	0
1790958159638	905	1	766	521	0	5964	25397	39683	3	1	469762819	39677
1790958159638	905	1	766	521	0	5964	25397	39684	2	1	0	39681
1790958159638	905	1	766	521	0	5964	25398	39685	6	-1	-12	0
1790958159638	905	1	766	521	0	5964	25399	39686	6	-1	25	0
1790958159638	905	1	766	521	0	5964	25400	39687	6	-1	7	0
1790958159638	905	1	766	521	0	5964	25401	39688	1	-1	0	0
1790958159638	905	1	766	521	0	5964	25401	39689	6	-1	-12	0
1790958159638	905	1	766	521	0	5964	25401	39690	3	1	469762819	39684
1790958159638	905	1	766	521	0	5964	25401	39691	2	1	0	39688
1790958159638	905	1	766	521	0	5964	25402	39692	6	-1	-3	0
1790958159638	905	1	766	521	0	5964	25403	39693	6	-1	7	0
1790958159638	905	1	766	521	0	5964	25404	39694	6	-1	17	0
1790958159638	905	1	766	521	0	5964	25405	39695	6	-1	15	0
1790958159638	905	1	766	521	0	5964	25405	39696	1	-1	0	0
1790958159638	905	1	766	521	0	5964	25405	39697	3	1	469762819	39691
1790958159638	905	1	766	521	0	5964	25405	39698	2	1	0	39696
1790958159638	905	1	766	521	0	5964	25406	39699	6	-1	33	0
1790958159638	905	1	766	521	0	5964	25406	39700	3	1	469762819	39698
1790958159686	906	1	766	521	0	5964	25407	39701	6	-1	-20	0
1790958159686	906	1	766	521	0	5964	25408	39702	6	-1	-12	0
1790958159686	906	1	766	521	0	5964	25409	39703	6	-1	-20	0
1790958159686	906	1	766	521	0	5964	25410	39704	6	-1	15	0
1790958159686	906	1	766	521	0	5964	25411	39705	6	-1	-12	0
1790958159686	906	1	766	521	0	5964	25411	39706	1	-1	0	0
1790958159686	906	1	766	521	0	5964	25411	39707	2	1	0	39706
1790958159686	906	1	766	521	0	5964	25412	39708	6	-1	7	0
1790958159686	906	1	766	521	0	5964	25413	39709	6	-1	-12	0
1790958159686	906	1	766	521	0	5964	25414	39710	6	-1	-12	0
1790958159686	906	1	766	521	0	5964	25415	39711	1	-1	0	0
1790958159686	906	1	766	521	0	5964	25415	39712	6	-1	15	0
1790958159686	906	1	766	521	0	5964	25415	39713	3	1	469762819	39707
1790958159686	906	1	766	521	0	5964	25415	39714	2	1	0	39711
1790958159686	906	1	766	521	0	5964	25416	39715	6	-1	7	0
1790958159686	906	1	766	521	0	5964	25417	39716	6	-1	-1	0
1790958159686	906	1	766	521	0	5964	25418	39717	6	-1	-12	0
1790958159686	906	1	766	521	0	5964	25419	39718	6	-1	-3	0
1790958159686	906	1	766	521	0	5964	25419	39719	1	-1	0	0
1790958159686	906	1	766	521	0	5964	25419	39720	3	1	469762819	39714
1790958159686	906	1	766	521	0	5964	25419	39721	2	1	0	39719
1790958159686	906	1	766	521	0	5964	25420	39722	6	-1	-20	0
1790958159686	906	1	766	521	0	5964	25421	39723	6	-1	7	0
1790958159686	906	1	766	521	0	5964	25422	39724	6	-1	7	0
1790958159686	906	1	766	521	0	5964	25423	39725	1	-1	0	0
1790958159686	906	1	766	521	0	5964	25423	39726	6	-1	-12	0
1790958159686	906	1	766	521	0	5964	25423	39727	3	1	469762819	39721
1790958159686	906	1	766	521	0	5964	25423	39728	2	1	0	39725
1790958159686	906	1	766	521	0	5964	25424	39729	6	-1	-3	0
1790958159686	906	1	766	521	0	5964	25424	39730	6	-1	-12	0
1790958159686	906	1	766	521	0	5964	25426	39731	6	-1	25	0
1790958159686	906	1	766	521	0	5964	25427	39732	1	-1	0	0
1790958159686	906	1	766	521	0	5964	25427	39733	6	-1	7	0
1790958159686	906	1	766	521	0	5964	25427	39734	3	1	469762819	39728
1790958159686	906	1	766	521	0	5964	25427	39735	2	1	0	39732
1790958159686	906	1	766	521	0	5964	25428	39736	6	-1	-20	0
1790958159686	906	1	766	521	0	5964	25428	39737	3	1	469762819	39735
1790958159686	907	1	766	521	0	5964	25429	39738	6	-1	7	0
1790958159686	907	1	766	521	0	5964	25430	39739	6	-1	15	0
1790958159686	907	1	766	521	0	5964	25431	39740	6	-1	7	0
1790958159686	907	1	766	521	0	5964	25432	39741	6	-1	-12	0
1790958159686	907	1	766	521	0	5964	25432	39742	6	-1	7	0
1790958159686	907	1	766	521	0	5964	25433	39743	1	-1	0	0
1790958159686	907	1	766	521	0	5964	25433	39744	2	1	0	39743
1790958159686	907	1	766	521	0	5964	25434	39745	6	-1	-12	0
1790958159686	907	1	766	521	0	5964	25435	39746	6	-1	-12	0
1790958159686	907	1	766	521	0	5964	25436	39747	6	-1	-12	0
1790958159686	907	1	766	521	0	5964	25436	39748	6	-1	7	0
1790958159686	907	1	766	521	0	5964	25437	39749	1	-1	0	0
1790958159686	907	1	766	521	0	5964	25437	39750	3	1	469762819	39744
1790958159686	907	1	766	521	0	5964	25437	39751	2	1	0	39749
1790958159686	907	1	766	521	0	5964	25438	39752	6	-1	-12	0
1790958159686	907	1	766	521	0	5964	25439	39753	6	-1	15	0
1790958159686	907	1	766	521	0	5964	25440	39754	6	-1	7	0
1790958159686	907	1	766	521	0	5964	25441	39755	1	-1	0	0
1790958159686	907	1	766	521	0	5964	25441	39756	3	1	469762819	39751
1790958159686	907	1	766	521	0	5964	25441	39757	6	-1	-12	0
1790958159686	907	1	766	521	0	5964	25441	39758	2	1	0	39755
1790958159686	907	1	766	521	0	5964	25442	39759	6	-1	-12	0
1790958159686	907	1	766	521	0	5964	25443	39760	6	-1	7	0
1790958159686	907	1	766	521	0	5964	25443	39761	6	-1	-12	0
1790958159686	907	1	766	521	0	5964	25445	39762	1	-1	0	0
1790958159686	907	1	766	521	0	5964	25445	39763	3	1	469762819	39758
1790958159686	907	1	766	521	0	5964	25445	39764	2	1	0	39762
1790958159686	907	1	766	521	0	5964	25445	39765	6	-1	25	0
1790958159686	907	1	766	521	0	5964	25446	39766	6	-1	7	0
1790958159686	907	1	766	521	0	5964	25447	39767	6	-1	-3	0
1790958159686	907	1	766	521	0	5964	25447	39768	6	-1	15	0
1790958159686	907	1	766	521	0	5964	25449	39769	1	-1	0	0
1790958159686	907	1	766	521	0	5964	25449	39770	3	1	469762819	39764
1790958159686	907	1	766	521	0	5964	25449	39771	2	1	0	39769
1790958159686	907	1	766	521	0	5964	25449	39772	6	-1	-12	0
1790958159686	907	1	766	521	0	5964	25450	39773	6	-1	-12	0
1790958159686	907	1	766	521	0	5964	25450	39774	3	1	469762819	39771
1790958159733	908	1	766	521	0	5964	25451	39775	6	-1	-1	0
1790958159733	908	1	766	521	0	5964	25452	39776	6	-1	-12	0
1790958159733	908	1	766	521	0	5964	25453	39777	6	-1	-1	0
1790958159733	908	1	766	521	0	5964	25454	39778	6	-1	7	0
1790958159733	908	1	766	521	0	5964	25455	39779	1	-1	0	0
1790958159733	908	1	766	521	0	5964	25455	39780	2	1	0	39779
1790958159733	908	1	766	521	0	5964	25455	39781	6	-1	33	0
1790958159733	908	1	766	521	0	5964	25456	39782	6	-1	25	0
1790958159733	908	1	766	521	0	5964	25457	39783	6	-1	7	0
1790958159733	908	1	766	521	0	5964	25458	39784	6	-1	7	0
1790958159733	908	1	766	521	0	5964	25459	39785	1	-1	0	0
1790958159733	908	1	766	521	0	5964	25459	39786	3	1	469762819	39780
1790958159733	908	1	766	521	0	5964	25459	39787	2	1	0	39785
1790958159733	908	1	766	521	0	5964	25459	39788	6	-1	7	0
1790958159733	908	1	766	521	0	5964	25460	39789	6	-1	-12	0
1790958159733	908	1	766	521	0	5964	25461	39790	6	-1	-12	0
1790958159733	908	1	766	521	0	5964	25462	39791	6	-1	15	0
1790958159733	908	1	766	521	0	5964	25463	39792	1	-1	0	0
1790958159733	908	1	766	521	0	5964	25463	39793	3	1	469762819	39787
1790958159733	908	1	766	521	0	5964	25463	39794	6	-1	-12	0
1790958159733	908	1	766	521	0	5964	25463	39795	2	1	0	39792
1790958159733	908	1	766	521	0	5964	25464	39796	6	-1	15	0
1790958159733	908	1	766	521	0	5964	25465	39797	6	-1	-39	0
1790958159733	908	1	766	521	0	5964	25466	39798	6	-1	15	0
1790958159733	908	1	766	521	0	5964	25467	39799	1	-1	0	0
1790958159733	908	1	766	521	0	5964	25467	39800	3	1	469762819	39795
1790958159733	908	1	766	521	0	5964	25467	39801	6	-1	-12	0
1790958159733	908	1	766	521	0	5964	25467	39802	2	1	0	39799
1790958159733	908	1	766	521	0	5964	25468	39803	6	-1	-20	0
1790958159733	908	1	766	521	0	5964	25469	39804	6	-1	-12	0
1790958159733	908	1	766	521	0	5964	25470	39805	6	-1	-12	0
1790958159733	908	1	766	521	0	5964	25471	39806	1	-1	0	0
1790958159733	908	1	766	521	0	5964	25471	39807	6	-1	15	0
1790958159733	908	1	766	521	0	5964	25471	39808	3	1	469762819	39802
1790958159733	908	1	766	521	0	5964	25471	39809	2	1	0	39806
1790958159733	908	1	766	521	0	5964	25472	39810	6	-1	33	0
1790958159733	908	1	766	521	0	5964	25472	39811	3	1	469762819	39809
1790958159733	909	1	766	521	0	5964	25473	39812	6	-1	-20	0
1790958159733	909	1	766	521	0	5964	25474	39813	6	-1	-12	0
1790958159733	909	1	766	521	0	5964	25475	39814	6	-1	-12	0
1790958159733	909	1	766	521	0	5964	25476	39815	6	-1	7	0
1790958159733	909	1	766	521	0	5964	25477	39816	1	-1	0	0
1790958159733	909	1	766	521	0	5964	25477	39817	6	-1	7	0
1790958159733	909	1	766	521	0	5964	25477	39818	2	1	0	39816
1790958159733	909	1	766	521	0	5964	25478	39819	6	-1	7	0
1790958159733	909	1	766	521	0	5964	25479	39820	6	-1	-12	0
1790958159733	909	1	766	521	0	5964	25480	39821	6	-1	7	0
1790958159733	909	1	766	521	0	5964	25481	39822	1	-1	0	0
1790958159733	909	1	766	521	0	5964	25481	39823	6	-1	-3	0
1790958159733	909	1	766	521	0	5964	25481	39824	3	1	469762819	39818
1790958159733	909	1	766	521	0	5964	25481	39825	2	1	0	39822
1790958159733	909	1	766	521	0	5964	25482	39826	6	-1	7	0
1790958159733	909	1	766	521	0	5964	25483	39827	6	-1	7	0
1790958159733	909	1	766	521	0	5964	25484	39828	6	-1	-12	0
1790958159733	909	1	766	521	0	5964	25485	39829	1	-1	0	0
1790958159733	909	1	766	521	0	5964	25485	39830	6	-1	7	0
1790958159733	909	1	766	521	0	5964	25485	39831	3	1	469762819	39825
1790958159733	909	1	766	521	0	5964	25485	39832	2	1	0	39829
1790958159733	909	1	766	521	0	5964	25486	39833	6	-1	-12	0
1790958159733	909	1	766	521	0	5964	25487	39834	6	-1	-3	0
1790958159733	909	1	766	521	0	5964	25488	39835	6	-1	-12	0
1790958159733	909	1	766	521	0	5964	25489	39836	6	-1	-12	0
1790958159733	909	1	766	521	0	5964	25489	39837	1	-1	0	0
1790958159733	909	1	766	521	0	5964	25489	39838	3	1	469762819	39832
1790958159733	909	1	766	521	0	5964	25489	39839	2	1	0	39837
1790958159733	909	1	766	521	0	5964	25490	39840	6	-1	7	0
1790958159733	909	1	766	521	0	5964	25491	39841	6	-1	33	0
1790958159733	909	1	766	521	0	5964	25492	39842	6	-1	7	0
1790958159733	909	1	766	521	0	5964	25492	39843	6	-1	7	0
1790958159733	909	1	766	521	0	5964	25493	39844	1	-1	0	0
1790958159733	909	1	766	521	0	5964	25493	39845	3	1	469762819	39839
1790958159733	909	1	766	521	0	5964	25493	39846	2	1	0	39844
1790958159733	909	1	766	521	0	5964	25494	39847	6	-1	7	0
1790958159733	909	1	766	521	0	5964	25494	39848	3	1	469762819	39846
1790958159781	910	1	766	521	0	5964	25495	39849	6	-1	7	0
1790958159781	910	1	766	521	0	5964	25496	39850	6	-1	7	0
1790958159781	910	1	766	521	0	5964	25497	39851	6	-1	-3	0
1790958159781	910	1	766	521	0	5964	25498	39852	6	-1	7	0
1790958159781	910	1	766	521	0	5964	25499	39853	1	-1	0	0
1790958159781	910	1	766	521	0	5964	25499	39854	6	-1	7	0
1790958159781	910	1	766	521	0	5964	25499	39855	2	1	0	39853
1790958159781	910	1	766	521	0	5964	25500	39856	6	-1	-12	0
1790958159781	910	1	766	521	0	5964	25501	39857	6	-1	7	0
1790958159781	910	1	766	521	0	5964	25502	39858	6	-1	15	0
1790958159781	910	1	766	521	0	5964	25503	39859	6	-1	7	0
1790958159781	910	1	766	521	0	5964	25503	39860	1	-1	0	0
1790958159781	910	1	766	521	0	5964	25503	39861	3	1	469762819	39855
1790958159781	910	1	766	521	0	5964	25503	39862	2	1	0	39860
1790958159781	910	1	766	521	0	5964	25504	39863	6	-1	15	0
1790958159781	910	1	766	521	0	5964	25505	39864	6	-1	7	0
1790958159781	910	1	766	521	0	5964	25506	39865	6	-1	7	0
1790958159781	910	1	766	521	0	5964	25507	39866	1	-1	0	0
1790958159781	910	1	766	521	0	5964	25507	39867	6	-1	7	0
1790958159781	910	1	766	521	0	5964	25507	39868	3	1	469762819	39862
1790958159781	910	1	766	521	0	5964	25507	39869	2	1	0	39866
1790958159781	910	1	766	521	0	5964	25508	39870	6	-1	7	0
1790958159781	910	1	766	521	0	5964	25509	39871	6	-1	15	0
1790958159781	910	1	766	521	0	5964	25510	39872	6	-1	-12	0
1790958159781	910	1	766	521	0	5964	25511	39873	6	-1	-12	0
1790958159781	910	1	766	521	0	5964	25511	39874	1	-1	0	0
1790958159781	910	1	766	521	0	5964	25511	39875	3	1	469762819	39869
1790958159781	910	1	766	521	0	5964	25511	39876	2	1	0	39874
1790958159781	910	1	766	521	0	5964	25512	39877	6	-1	-1	0
1790958159781	910	1	766	521	0	5964	25513	39878	6	-1	7	0
1790958159781	910	1	766	521	0	5964	25514	39879	6	-1	-12	0
1790958159781	910	1	766	521	0	5964	25515	39880	1	-1	0	0
1790958159781	910	1	766	521	0	5964	25515	39881	6	-1	25	0
1790958159781	910	1	766	521	0	5964	25515	39882	3	1	469762819	39876
1790958159781	910	1	766	521	0	5964	25515	39883	2	1	0	39880
1790958159781	910	1	766	521	0	5964	25516	39884	6	-1	-12	0
1790958159781	910	1	766	521	0	5964	25516	39885	3	1	469762819	39883
1790958159781	911	1	766	521	0	5964	25517	39886	6	-1	-12	0
1790958159781	911	1	766	521	0	5964	25518	39887	6	-1	7	0
1790958159781	911	1	766	521	0	5964	25519	39888	6	-1	-12	0
1790958159781	911	1	766	521	0	5964	25520	39889	6	-1	15	0
1790958159781	911	1	766	521	0	5964	25521	39890	6	-1	7	0
1790958159781	911	1	766	521	0	5964	25521	39891	1	-1	0	0
1790958159781	911	1	766	521	0	5964	25521	39892	2	1	0	39891
1790958159781	911	1	766	521	0	5964	25522	39893	6	-1	-12	0
1790958159781	911	1	766	521	0	5964	25523	39894	6	-1	-12	0
1790958159781	911	1	766	521	0	5964	25524	39895	6	-1	24	0
1790958159781	911	1	766	521	0	5964	25525	39896	6	-1	-12	0
1790958159781	911	1	766	521	0	5964	25525	39897	1	-1	0	0
1790958159781	911	1	766	521	0	5964	25525	39898	3	1	469762819	39892
1790958159781	911	1	766	521	0	5964	25525	39899	2	1	0	39897
1790958159781	911	1	766	521	0	5964	25526	39900	6	-1	-20	0
1790958159781	911	1	766	521	0	5964	25527	39901	6	-1	-12	0
1790958159781	911	1	766	521	0	5964	25528	39902	6	-1	7	0
1790958159781	911	1	766	521	0	5964	25529	39903	6	-1	25	0
1790958159781	911	1	766	521	0	5964	25529	39904	1	-1	0	0
1790958159781	911	1	766	521	0	5964	25529	39905	3	1	469762819	39899
1790958159781	911	1	766	521	0	5964	25529	39906	2	1	0	39904
1790958159781	911	1	766	521	0	5964	25530	39907	6	-1	25	0
1790958159781	911	1	766	521	0	5964	25531	39908	6	-1	-12	0
1790958159781	911	1	766	521	0	5964	25532	39909	6	-1	15	0
1790958159781	911	1	766	521	0	5964	25533	39910	1	-1	0	0
1790958159781	911	1	766	521	0	5964	25533	39911	6	-1	7	0
1790958159781	911	1	766	521	0	5964	25533	39912	3	1	469762819	39906
1790958159781	911	1	766	521	0	5964	25533	39913	2	1	0	39910
1790958159781	911	1	766	521	0	5964	25534	39914	6	-1	7	0
1790958159781	911	1	766	521	0	5964	25535	39915	6	-1	-1	0
1790958159781	911	1	766	521	0	5964	25536	39916	6	-1	7	0
1790958159781	911	1	766	521	0	5964	25537	39917	1	-1	0	0
1790958159781	911	1	766	521	0	5964	25537	39918	6	-1	15	0
1790958159781	911	1	766	521	0	5964	25537	39919	3	1	469762819	39913
1790958159781	911	1	766	521	0	5964	25537	39920	2	1	0	39917
1790958159781	911	1	766	521	0	5964	25538	39921	6	-1	-12	0
1790958159781	911	1	766	521	0	5964	25538	39922	3	1	469762819	39920
1790958159843	912	1	766	521	0	5964	25539	39923	6	-1	-12	0
1790958159843	912	1	766	521	0	5964	25540	39924	6	-1	-3	0
1790958159843	912	1	766	521	0	5964	25541	39925	6	-1	7	0
1790958159843	912	1	766	521	0	5964	25542	39926	6	-1	-12	0
1790958159843	912	1	766	521	0	5964	25543	39927	1	-1	0	0
1790958159843	912	1	766	521	0	5964	25543	39928	6	-1	-12	0
1790958159843	912	1	766	521	0	5964	25543	39929	2	1	0	39927
1790958159843	912	1	766	521	0	5964	25544	39930	6	-1	15	0
1790958159843	912	1	766	521	0	5964	25545	39931	6	-1	-12	0
1790958159843	912	1	766	521	0	5964	25546	39932	6	-1	15	0
1790958159843	912	1	766	521	0	5964	25547	39933	6	-1	7	0
1790958159843	912	1	766	521	0	5964	25547	39934	1	-1	0	0
1790958159843	912	1	766	521	0	5964	25547	39935	3	1	469762819	39929
1790958159843	912	1	766	521	0	5964	25547	39936	2	1	0	39934
1790958159843	912	1	766	521	0	5964	25548	39937	6	-1	7	0
1790958159843	912	1	766	521	0	5964	25549	39938	6	-1	7	0
1790958159843	912	1	766	521	0	5964	25550	39939	6	-1	-12	0
1790958159843	912	1	766	521	0	5964	25551	39940	1	-1	0	0
1790958159843	912	1	766	521	0	5964	25551	39941	3	1	469762819	39936
1790958159843	912	1	766	521	0	5964	25551	39942	6	-1	-12	0
1790958159843	912	1	766	521	0	5964	25551	39943	2	1	0	39940
1790958159843	912	1	766	521	0	5964	25552	39944	6	-1	7	0
1790958159843	912	1	766	521	0	5964	25553	39945	6	-1	7	0
1790958159843	912	1	766	521	0	5964	25554	39946	6	-1	25	0
1790958159843	912	1	766	521	0	5964	25555	39947	1	-1	0	0
1790958159843	912	1	766	521	0	5964	25555	39948	6	-1	7	0
1790958159843	912	1	766	521	0	5964	25555	39949	3	1	469762819	39943
1790958159843	912	1	766	521	0	5964	25555	39950	2	1	0	39947
1790958159843	912	1	766	521	0	5964	25556	39951	6	-1	-12	0
1790958159843	912	1	766	521	0	5964	25557	39952	6	-1	7	0
1790958159843	912	1	766	521	0	5964	25558	39953	6	-1	-3	0
1790958159843	912	1	766	521	0	5964	25559	39954	6	-1	-12	0
1790958159843	912	1	766	521	0	5964	25559	39955	1	-1	0	0
1790958159843	912	1	766	521	0	5964	25559	39956	3	1	469762819	39950
1790958159843	912	1	766	521	0	5964	25559	39957	2	1	0	39955
1790958159843	912	1	766	521	0	5964	25560	39958	6	-1	25	0
1790958159843	912	1	766	521	0	5964	25560	39959	3	1	469762819	39957
1790958159843	913	1	766	521	0	5964	25561	39960	6	-1	7	0
1790958159843	913	1	766	521	0	5964	25562	39961	6	-1	-12	0
1790958159843	913	1	766	521	0	5964	25563	39962	6	-1	25	0
1790958159843	913	1	766	521	0	5964	25564	39963	6	-1	-12	0
1790958159843	913	1	766	521	0	5964	25565	39964	1	-1	0	0
1790958159843	913	1	766	521	0	5964	25565	39965	6	-1	24	0
1790958159843	913	1	766	521	0	5964	25565	39966	2	1	0	39964
1790958159843	913	1	766	521	0	5964	25566	39967	6	-1	7	0
1790958159843	913	1	766	521	0	5964	25567	39968	6	-1	-12	0
1790958159843	913	1	766	521	0	5964	25568	39969	6	-1	-22	0
1790958159843	913	1	766	521	0	5964	25569	39970	1	-1	0	0
1790958159843	913	1	766	521	0	5964	25569	39971	6	-1	15	0
1790958159843	913	1	766	521	0	5964	25569	39972	3	1	469762819	39966
1790958159843	913	1	766	521	0	5964	25569	39973	2	1	0	39970
1790958159843	913	1	766	521	0	5964	25570	39974	6	-1	-12	0
1790958159843	913	1	766	521	0	5964	25571	39975	6	-1	7	0
1790958159843	913	1	766	521	0	5964	25572	39976	6	-1	-3	0
1790958159843	913	1	766	521	0	5964	25572	39977	6	-1	7	0
1790958159843	913	1	766	521	0	5964	25573	39978	1	-1	0	0
1790958159843	913	1	766	521	0	5964	25573	39979	3	1	469762819	39973
1790958159843	913	1	766	521	0	5964	25573	39980	2	1	0	39978
1790958159843	913	1	766	521	0	5964	25574	39981	6	-1	-12	0
1790958159843	913	1	766	521	0	5964	25575	39982	6	-1	-12	0
1790958159843	913	1	766	521	0	5964	25576	39983	6	-1	-12	0
1790958159843	913	1	766	521	0	5964	25577	39984	1	-1	0	0
1790958159843	913	1	766	521	0	5964	25577	39985	6	-1	33	0
1790958159843	913	1	766	521	0	5964	25577	39986	3	1	469762819	39980
1790958159843	913	1	766	521	0	5964	25577	39987	2	1	0	39984
1790958159843	913	1	766	521	0	5964	25578	39988	6	-1	7	0
1790958159843	913	1	766	521	0	5964	25579	39989	6	-1	-3	0
1790958159843	913	1	766	521	0	5964	25580	39990	6	-1	-12	0
1790958159843	913	1	766	521	0	5964	25581	39991	1	-1	0	0
1790958159843	913	1	766	521	0	5964	25581	39992	3	1	469762819	39987
1790958159843	913	1	766	521	0	5964	25581	39993	6	-1	7	0
1790958159843	913	1	766	521	0	5964	25581	39994	2	1	0	39991
1790958159843	913	1	766	521	0	5964	25582	39995	6	-1	-3	0
1790958159843	913	1	766	521	0	5964	25582	39996	3	1	469762819	39994
1790958159843	914	1	766	521	0	5964	25583	39997	6	-1	-12	0
1790958159843	914	1	766	521	0	5964	25584	39998	6	-1	25	0
1790958159843	914	1	766	521	0	5964	25585	39999	6	-1	-12	0
1790958159843	914	1	766	521	0	5964	25586	40000	6	-1	-12	0
1790958159843	914	1	766	521	0	5964	25587	40001	6	-1	33	0
1790958159843	914	1	766	521	0	5964	25587	40002	1	-1	0	0
1790958159843	914	1	766	521	0	5964	25587	40003	2	1	0	40002
1790958159843	914	1	766	521	0	5964	25588	40004	6	-1	7	0
1790958159843	914	1	766	521	0	5964	25589	40005	6	-1	7	0
1790958159843	914	1	766	521	0	5964	25590	40006	6	-1	7	0
1790958159843	914	1	766	521	0	5964	25591	40007	1	-1	0	0
1790958159843	914	1	766	521	0	5964	25591	40008	6	-1	-64	0
1790958159843	914	1	766	521	0	5964	25591	40009	3	1	469762819	40003
1790958159843	914	1	766	521	0	5964	25591	40010	2	1	0	40007
1790958159843	914	1	766	521	0	5964	25592	40011	6	-1	-3	0
1790958159843	914	1	766	521	0	5964	25593	40012	6	-1	7	0
1790958159843	914	1	766	521	0	5964	25594	40013	6	-1	7	0
1790958159843	914	1	766	521	0	5964	25594	40014	1	-1	0	0
1790958159843	914	1	766	521	0	5964	25595	40015	6	-1	7	0
1790958159843	914	1	766	521	0	5964	25595	40016	3	1	469762819	40010
1790958159843	914	1	766	521	0	5964	25595	40017	2	1	0	40014
1790958159843	914	1	766	521	0	5964	25596	40018	6	-1	33	0
1790958159843	914	1	766	521	0	5964	25597	40019	6	-1	-3	0
1790958159843	914	1	766	521	0	5964	25598	40020	6	-1	-12	0
1790958159843	914	1	766	521	0	5964	25599	40021	1	-1	0	0
1790958159843	914	1	766	521	0	5964	25599	40022	6	-1	7	0
1790958159843	914	1	766	521	0	5964	25599	40023	3	1	469762819	40017
1790958159843	914	1	766	521	0	5964	25599	40024	2	1	0	40021
1790958159843	914	1	766	521	0	5964	25600	40025	6	-1	-3	0
1790958159843	914	1	766	521	0	5964	25601	40026	6	-1	7	0
1790958159843	914	1	766	521	0	5964	25602	40027	6	-1	25	0
1790958159843	914	1	766	521	0	5964	25603	40028	1	-1	0	0
1790958159843	914	1	766	521	0	5964	25603	40029	6	-1	7	0
1790958159843	914	1	766	521	0	5964	25603	40030	3	1	469762819	40024
1790958159843	914	1	766	521	0	5964	25603	40031	2	1	0	40028
1790958159843	914	1	766	521	0	5964	25604	40032	6	-1	-12	0
1790958159843	914	1	766	521	0	5964	25604	40033	3	1	469762819	40031
1790958159911	915	1	766	521	0	5964	25605	40034	6	-1	33	0
1790958159911	915	1	766	521	0	5964	25606	40035	6	-1	25	0
1790958159911	915	1	766	521	0	5964	25607	40036	6	-1	-20	0
1790958159911	915	1	766	521	0	5964	25608	40037	6	-1	15	0
1790958159911	915	1	766	521	0	5964	25609	40038	1	-1	0	0
1790958159911	915	1	766	521	0	5964	25609	40039	6	-1	-3	0
1790958159911	915	1	766	521	0	5964	25609	40040	2	1	0	40038
1790958159911	915	1	766	521	0	5964	25610	40041	6	-1	15	0
1790958159911	915	1	766	521	0	5964	25611	40042	6	-1	-12	0
1790958159911	915	1	766	521	0	5964	25612	40043	6	-1	-12	0
1790958159911	915	1	766	521	0	5964	25613	40044	1	-1	0	0
1790958159911	915	1	766	521	0	5964	25613	40045	6	-1	-12	0
1790958159911	915	1	766	521	0	5964	25613	40046	3	1	469762819	40040
1790958159911	915	1	766	521	0	5964	25613	40047	2	1	0	40044
1790958159911	915	1	766	521	0	5964	25614	40048	6	-1	-12	0
1790958159911	915	1	766	521	0	5964	25615	40049	6	-1	-3	0
1790958159911	915	1	766	521	0	5964	25616	40050	6	-1	17	0
1790958159911	915	1	766	521	0	5964	25617	40051	1	-1	0	0
1790958159911	915	1	766	521	0	5964	25617	40052	6	-1	7	0
1790958159911	915	1	766	521	0	5964	25617	40053	3	1	469762819	40047
1790958159911	915	1	766	521	0	5964	25617	40054	2	1	0	40051
1790958159911	915	1	766	521	0	5964	25618	40055	6	-1	7	0
1790958159911	915	1	766	521	0	5964	25619	40056	6	-1	7	0
1790958159911	915	1	766	521	0	5964	25620	40057	6	-1	7	0
1790958159911	915	1	766	521	0	5964	25621	40058	6	-1	7	0
1790958159911	915	1	766	521	0	5964	25621	40059	1	-1	0	0
1790958159911	915	1	766	521	0	5964	25621	40060	3	1	469762819	40054
1790958159911	915	1	766	521	0	5964	25621	40061	2	1	0	40059
1790958159911	915	1	766	521	0	5964	25622	40062	6	-1	-12	0
1790958159911	915	1	766	521	0	5964	25623	40063	6	-1	-12	0
1790958159911	915	1	766	521	0	5964	25624	40064	6	-1	-12	0
1790958159911	915	1	766	521	0	5964	25625	40065	6	-1	7	0
1790958159911	915	1	766	521	0	5964	25625	40066	1	-1	0	0
1790958159911	915	1	766	521	0	5964	25625	40067	3	1	469762819	40061
1790958159911	915	1	766	521	0	5964	25625	40068	2	1	0	40066
1790958159911	915	1	766	521	0	5964	25626	40069	6	-1	-3	0
1790958159911	915	1	766	521	0	5964	25626	40070	3	1	469762819	40068
1790958159911	916	1	766	521	0	5964	25627	40071	6	-1	-20	4294967295
1790958159911	916	1	766	521	0	5964	25628	40072	6	-1	-3	4294967295
1790958159911	916	1	766	521	0	5964	25629	40073	6	-1	7	0
1790958159911	916	1	766	521	0	5964	25630	40074	6	-1	-12	0
1790958159911	916	1	766	521	0	5964	25631	40075	6	-1	15	0
1790958159911	916	1	766	521	0	5964	25631	40076	1	-1	0	0
1790958159911	916	1	766	521	0	5964	25631	40077	2	1	0	40076
1790958159911	916	1	766	521	0	5964	25632	40078	6	-1	15	0
1790958159911	916	1	766	521	0	5964	25633	40079	6	-1	17	0
1790958159911	916	1	766	521	0	5964	25634	40080	6	-1	-12	0
1790958159911	916	1	766	521	0	5964	25635	40081	6	-1	33	0
1790958159911	916	1	766	521	0	5964	25635	40082	1	-1	0	0
1790958159911	916	1	766	521	0	5964	25635	40083	3	1	469762819	40077
1790958159911	916	1	766	521	0	5964	25635	40084	2	1	0	40082
1790958159911	916	1	766	521	0	5964	25636	40085	6	-1	25	0
1790958159911	916	1	766	521	0	5964	25637	40086	6	-1	-1	0
1790958159911	916	1	766	521	0	5964	25637	40087	6	-1	-3	0
1790958159911	916	1	766	521	0	5964	25639	40088	6	-1	15	0
1790958159911	916	1	766	521	0	5964	25639	40089	1	-1	0	0
1790958159911	916	1	766	521	0	5964	25639	40090	3	1	469762819	40084
1790958159911	916	1	766	521	0	5964	25639	40091	2	1	0	40089
1790958159911	916	1	766	521	0	5964	25640	40092	6	-1	15	0
1790958159911	916	1	766	521	0	5964	25641	40093	6	-1	-20	0
1790958159911	916	1	766	521	0	5964	25642	40094	6	-1	7	0
1790958159911	916	1	766	521	0	5964	25643	40095	6	-1	-3	0
1790958159911	916	1	766	521	0	5964	25643	40096	1	-1	0	0
1790958159911	916	1	766	521	0	5964	25643	40097	3	1	469762819	40091
1790958159911	916	1	766	521	0	5964	25643	40098	2	1	0	40096
1790958159911	916	1	766	521	0	5964	25644	40099	6	-1	-12	0
1790958159911	916	1	766	521	0	5964	25645	40100	6	-1	7	0
1790958159911	916	1	766	521	0	5964	25646	40101	6	-1	-1	0
1790958159911	916	1	766	521	0	5964	25647	40102	6	-1	25	0
1790958159911	916	1	766	521	0	5964	25647	40103	1	-1	0	0
1790958159911	916	1	766	521	0	5964	25647	40104	3	1	469762819	40098
1790958159911	916	1	766	521	0	5964	25647	40105	2	1	0	40103
1790958159911	916	1	766	521	0	5964	25648	40106	6	-1	-31	0
1790958159911	916	1	766	521	0	5964	25648	40107	3	1	469762819	40105
1790958159911	917	1	766	521	0	5964	25649	40108	6	-1	-12	0
1790958159911	917	1	766	521	0	5964	25650	40109	6	-1	-12	0
1790958159911	917	1	766	521	0	5964	25651	40110	6	-1	15	0
1790958159911	917	1	766	521	0	5964	25652	40111	6	-1	7	0
1790958159911	917	1	766	521	0	5964	25653	40112	6	-1	7	0
1790958159911	917	1	766	521	0	5964	25653	40113	1	-1	0	0
1790958159911	917	1	766	521	0	5964	25653	40114	2	1	0	40113
1790958159911	917	1	766	521	0	5964	25654	40115	6	-1	-12	0
1790958159911	917	1	766	521	0	5964	25655	40116	6	-1	-3	0
1790958159911	917	1	766	521	0	5964	25655	40117	6	-1	-12	0
1790958159911	917	1	766	521	0	5964	25657	40118	6	-1	-20	0
1790958159911	917	1	766	521	0	5964	25657	40119	1	-1	0	0
1790958159911	917	1	766	521	0	5964	25657	40120	3	1	469762819	40114
1790958159911	917	1	766	521	0	5964	25657	40121	2	1	0	40119
1790958159911	917	1	766	521	0	5964	25658	40122	6	-1	-3	0
1790958159911	917	1	766	521	0	5964	25659	40123	6	-1	-3	0
1790958159911	917	1	766	521	0	5964	25660	40124	6	-1	-1	0
1790958159911	917	1	766	521	0	5964	25661	40125	1	-1	0	0
1790958159911	917	1	766	521	0	5964	25661	40126	6	-1	-12	0
1790958159911	917	1	766	521	0	5964	25661	40127	3	1	469762819	40121
1790958159911	917	1	766	521	0	5964	25661	40128	2	1	0	40125
1790958159911	917	1	766	521	0	5964	25662	40129	6	-1	15	0
1790958159911	917	1	766	521	0	5964	25663	40130	6	-1	-12	0
1790958159911	917	1	766	521	0	5964	25664	40131	6	-1	7	0
1790958159911	917	1	766	521	0	5964	25665	40132	6	-1	7	0
1790958159911	917	1	766	521	0	5964	25665	40133	1	-1	0	0
1790958159911	917	1	766	521	0	5964	25665	40134	3	1	469762819	40128
1790958159911	917	1	766	521	0	5964	25665	40135	2	1	0	40133
1790958159911	917	1	766	521	0	5964	25666	40136	6	-1	-12	0
1790958159911	917	1	766	521	0	5964	25667	40137	6	-1	-12	0
1790958159911	917	1	766	521	0	5964	25668	40138	6	-1	15	0
1790958159911	917	1	766	521	0	5964	25669	40139	6	-1	15	0
1790958159911	917	1	766	521	0	5964	25669	40140	1	-1	0	0
1790958159911	917	1	766	521	0	5964	25669	40141	3	1	469762819	40135
1790958159911	917	1	766	521	0	5964	25669	40142	2	1	0	40140
1790958159911	917	1	766	521	0	5964	25670	40143	6	-1	-1	0
1790958159911	917	1	766	521	0	5964	25670	40144	3	1	469762819	40142
1790958159979	918	1	766	521	0	5964	25671	40145	6	-1	7	0
1790958159979	918	1	766	521	0	5964	25672	40146	6	-1	-22	0
1790958159979	918	1	766	521	0	5964	25673	40147	6	-1	6	0
1790958159979	918	1	766	521	0	5964	25674	40148	6	-1	25	0
1790958159979	918	1	766	521	0	5964	25675	40149	1	-1	0	0
1790958159979	918	1	766	521	0	5964	25675	40150	6	-1	7	0
1790958159979	918	1	766	521	0	5964	25675	40151	2	1	0	40149
1790958159979	918	1	766	521	0	5964	25676	40152	6	-1	-12	0
1790958159979	918	1	766	521	0	5964	25677	40153	6	-1	15	0
1790958159979	918	1	766	521	0	5964	25678	40154	6	-1	7	0
1790958159979	918	1	766	521	0	5964	25679	40155	1	-1	0	0
1790958159979	918	1	766	521	0	5964	25679	40156	6	-1	-12	0
1790958159979	918	1	766	521	0	5964	25679	40157	3	1	469762819	40151
1790958159979	918	1	766	521	0	5964	25679	40158	2	1	0	40155
1790958159979	918	1	766	521	0	5964	25680	40159	6	-1	-12	0
1790958159979	918	1	766	521	0	5964	25681	40160	6	-1	7	0
1790958159979	918	1	766	521	0	5964	25682	40161	6	-1	15	0
1790958159979	918	1	766	521	0	5964	25683	40162	1	-1	0	0
1790958159979	918	1	766	521	0	5964	25683	40163	6	-1	-1	0
1790958159979	918	1	766	521	0	5964	25683	40164	3	1	469762819	40158
1790958159979	918	1	766	521	0	5964	25683	40165	2	1	0	40162
1790958159979	918	1	766	521	0	5964	25684	40166	6	-1	-20	0
1790958159979	918	1	766	521	0	5964	25685	40167	6	-1	-3	0
1790958159979	918	1	766	521	0	5964	25686	40168	6	-1	25	0
1790958159979	918	1	766	521	0	5964	25687	40169	6	-1	-12	0
1790958159979	918	1	766	521	0	5964	25687	40170	1	-1	0	0
1790958159979	918	1	766	521	0	5964	25687	40171	3	1	469762819	40165
1790958159979	918	1	766	521	0	5964	25687	40172	2	1	0	40170
1790958159979	918	1	766	521	0	5964	25688	40173	6	-1	6	0
1790958159979	918	1	766	521	0	5964	25689	40174	6	-1	7	0
1790958159979	918	1	766	521	0	5964	25690	40175	6	-1	33	0
1790958159979	918	1	766	521	0	5964	25691	40176	1	-1	0	0
1790958159979	918	1	766	521	0	5964	25691	40177	6	-1	7	0
1790958159979	918	1	766	521	0	5964	25691	40178	3	1	469762819	40172
1790958159979	918	1	766	521	0	5964	25691	40179	2	1	0	40176
1790958159979	918	1	766	521	0	5964	25692	40180	6	-1	-12	0
1790958159979	918	1	766	521	0	5964	25692	40181	3	1	469762819	40179
1790958159979	919	1	766	521	0	5964	25693	40182	6	-1	-12	0
1790958159979	919	1	766	521	0	5964	25694	40183	6	-1	15	0
1790958159979	919	1	766	521	0	5964	25695	40184	6	-1	7	0
1790958159979	919	1	766	521	0	5964	25696	40185	6	-1	7	0
1790958159979	919	1	766	521	0	5964	25697	40186	1	-1	0	0
1790958159979	919	1	766	521	0	5964	25697	40187	6	-1	7	0
1790958159979	919	1	766	521	0	5964	25697	40188	2	1	0	40186
1790958159979	919	1	766	521	0	5964	25698	40189	6	-1	-12	0
1790958159979	919	1	766	521	0	5964	25699	40190	6	-1	7	0
1790958159979	919	1	766	521	0	5964	25700	40191	6	-1	-12	0
1790958159979	919	1	766	521	0	5964	25701	40192	1	-1	0	0
1790958159979	919	1	766	521	0	5964	25701	40193	6	-1	-12	0
1790958159979	919	1	766	521	0	5964	25701	40194	3	1	469762819	40188
1790958159979	919	1	766	521	0	5964	25701	40195	2	1	0	40192
1790958159979	919	1	766	521	0	5964	25702	40196	6	-1	7	0
1790958159979	919	1	766	521	0	5964	25703	40197	6	-1	15	0
1790958159979	919	1	766	521	0	5964	25704	40198	6	-1	-3	0
1790958159979	919	1	766	521	0	5964	25705	40199	1	-1	0	0
1790958159979	919	1	766	521	0	5964	25705	40200	6	-1	-3	0
1790958159979	919	1	766	521	0	5964	25705	40201	3	1	469762819	40195
1790958159979	919	1	766	521	0	5964	25705	40202	2	1	0	40199
1790958159979	919	1	766	521	0	5964	25706	40203	6	-1	-1	0
1790958159979	919	1	766	521	0	5964	25707	40204	6	-1	-12	0
1790958159979	919	1	766	521	0	5964	25708	40205	6	-1	-3	0
1790958159979	919	1	766	521	0	5964	25709	40206	1	-1	0	0
1790958159979	919	1	766	521	0	5964	25709	40207	6	-1	-20	0
1790958159979	919	1	766	521	0	5964	25709	40208	3	1	469762819	40202
1790958159979	919	1	766	521	0	5964	25709	40209	2	1	0	40206
1790958159979	919	1	766	521	0	5964	25710	40210	6	-1	17	0
1790958159979	919	1	766	521	0	5964	25711	40211	6	-1	33	0
1790958159979	919	1	766	521	0	5964	25712	40212	6	-1	7	0
1790958159979	919	1	766	521	0	5964	25713	40213	6	-1	-12	0
1790958159979	919	1	766	521	0	5964	25713	40214	1	-1	0	0
1790958159979	919	1	766	521	0	5964	25713	40215	3	1	469762819	40209
1790958159979	919	1	766	521	0	5964	25713	40216	2	1	0	40214
1790958159979	919	1	766	521	0	5964	25714	40217	6	-1	-12	0
1790958159979	919	1	766	521	0	5964	25714	40218	3	1	469762819	40216
1790958159979	920	1	766	521	0	5964	25715	40219	6	-1	-12	0
1790958159979	920	1	766	521	0	5964	25716	40220	6	-1	7	0
1790958159979	920	1	766	521	0	5964	25717	40221	6	-1	7	0
1790958159979	920	1	766	521	0	5964	25718	40222	6	-1	-3	0
1790958159979	920	1	766	521	0	5964	25719	40223	6	-1	-3	0
1790958159979	920	1	766	521	0	5964	25719	40224	1	-1	0	0
1790958159979	920	1	766	521	0	5964	25719	40225	2	1	0	40224
1790958159979	920	1	766	521	0	5964	25720	40226	6	-1	-3	0
1790958159979	920	1	766	521	0	5964	25721	40227	6	-1	7	0
1790958159979	920	1	766	521	0	5964	25722	40228	6	-1	-3	0
1790958159979	920	1	766	521	0	5964	25722	40229	6	-1	7	0
1790958159979	920	1	766	521	0	5964	25723	40230	1	-1	0	0
1790958159979	920	1	766	521	0	5964	25723	40231	3	1	469762819	40225
1790958159979	920	1	766	521	0	5964	25723	40232	2	1	0	40230
1790958159979	920	1	766	521	0	5964	25724	40233	6	-1	7	0
1790958159979	920	1	766	521	0	5964	25725	40234	6	-1	7	0
1790958159979	920	1	766	521	0	5964	25726	40235	6	-1	7	0
1790958159979	920	1	766	521	0	5964	25727	40236	6	-1	-12	0
1790958159979	920	1	766	521	0	5964	25727	40237	1	-1	0	0
1790958159979	920	1	766	521	0	5964	25727	40238	3	1	469762819	40232
1790958159979	920	1	766	521	0	5964	25727	40239	2	1	0	40237
1790958159979	920	1	766	521	0	5964	25728	40240	6	-1	7	0
1790958159979	920	1	766	521	0	5964	25729	40241	6	-1	7	0
1790958159979	920	1	766	521	0	5964	25730	40242	6	-1	7	0
1790958159979	920	1	766	521	0	5964	25731	40243	1	-1	0	0
1790958159979	920	1	766	521	0	5964	25731	40244	6	-1	-3	0
1790958159979	920	1	766	521	0	5964	25731	40245	3	1	469762819	40239
1790958159979	920	1	766	521	0	5964	25731	40246	2	1	0	40243
1790958159979	920	1	766	521	0	5964	25732	40247	6	-1	7	0
1790958159979	920	1	766	521	0	5964	25733	40248	6	-1	7	0
1790958159979	920	1	766	521	0	5964	25734	40249	6	-1	-3	0
1790958159979	920	1	766	521	0	5964	25734	40250	6	-1	-12	0
1790958159979	920	1	766	521	0	5964	25735	40251	1	-1	0	0
1790958159979	920	1	766	521	0	5964	25735	40252	3	1	469762819	40246
1790958159979	920	1	766	521	0	5964	25735	40253	2	1	0	40251
1790958159979	920	1	766	521	0	5964	25736	40254	6	-1	7	0
1790958159979	920	1	766	521	0	5964	25736	40255	3	1	469762819	40253
1790958160047	921	1	766	521	0	5964	25737	40256	6	-1	-12	0
1790958160047	921	1	766	521	0	5964	25738	40257	6	-1	7	0
1790958160047	921	1	766	521	0	5964	25739	40258	6	-1	17	0
1790958160047	921	1	766	521	0	5964	25739	40259	6	-1	-12	0
1790958160047	921	1	766	521	0	5964	25741	40260	6	-1	7	0
1790958160047	921	1	766	521	0	5964	25741	40261	1	-1	0	0
1790958160047	921	1	766	521	0	5964	25741	40262	2	1	0	40261
1790958160047	921	1	766	521	0	5964	25742	40263	6	-1	33	0
1790958160047	921	1	766	521	0	5964	25743	40264	6	-1	7	0
1790958160047	921	1	766	521	0	5964	25744	40265	6	-1	-1	0
1790958160047	921	1	766	521	0	5964	25745	40266	1	-1	0	0
1790958160047	921	1	766	521	0	5964	25745	40267	6	-1	7	0
1790958160047	921	1	766	521	0	5964	25745	40268	3	1	469762819	40262
1790958160047	921	1	766	521	0	5964	25745	40269	2	1	0	40266
1790958160047	921	1	766	521	0	5964	25746	40270	6	-1	7	0
1790958160047	921	1	766	521	0	5964	25747	40271	6	-1	7	0
1790958160047	921	1	766	521	0	5964	25748	40272	6	-1	-12	0
1790958160047	921	1	766	521	0	5964	25749	40273	1	-1	0	0
1790958160047	921	1	766	521	0	5964	25749	40274	6	-1	-12	0
1790958160047	921	1	766	521	0	5964	25749	40275	3	1	469762819	40269
1790958160047	921	1	766	521	0	5964	25749	40276	2	1	0	40273
1790958160047	921	1	766	521	0	5964	25750	40277	6	-1	25	0
1790958160047	921	1	766	521	0	5964	25751	40278	6	-1	-12	0
1790958160047	921	1	766	521	0	5964	25752	40279	6	-1	-20	0
1790958160047	921	1	766	521	0	5964	25753	40280	6	-1	-3	0
1790958160047	921	1	766	521	0	5964	25753	40281	1	-1	0	0
1790958160047	921	1	766	521	0	5964	25753	40282	3	1	469762819	40276
1790958160047	921	1	766	521	0	5964	25753	40283	2	1	0	40281
1790958160047	921	1	766	521	0	5964	25754	40284	6	-1	7	0
1790958160047	921	1	766	521	0	5964	25755	40285	6	-1	7	0
1790958160047	921	1	766	521	0	5964	25756	40286	6	-1	7	0
1790958160047	921	1	766	521	0	5964	25757	40287	6	-1	25	0
1790958160047	921	1	766	521	0	5964	25757	40288	1	-1	0	0
1790958160047	921	1	766	521	0	5964	25757	40289	3	1	469762819	40283
1790958160047	921	1	766	521	0	5964	25757	40290	2	1	0	40288
1790958160047	921	1	766	521	0	5964	25758	40291	6	-1	-3	0
1790958160047	921	1	766	521	0	5964	25758	40292	3	1	469762819	40290
1790958160047	922	1	766	521	0	5964	25758	40293	6	-1	-12	0
1790958160047	922	1	766	521	0	5964	25760	40294	6	-1	25	0
1790958160047	922	1	766	521	0	5964	25761	40295	6	-1	7	0
1790958160047	922	1	766	521	0	5964	25762	40296	6	-1	-12	0
1790958160047	922	1	766	521	0	5964	25763	40297	6	-1	-12	0
1790958160047	922	1	766	521	0	5964	25763	40298	1	-1	0	0
1790958160047	922	1	766	521	0	5964	25763	40299	2	1	0	40298
1790958160047	922	1	766	521	0	5964	25764	40300	6	-1	7	0
1790958160047	922	1	766	521	0	5964	25765	40301	6	-1	15	0
1790958160047	922	1	766	521	0	5964	25765	40302	6	-1	7	0
1790958160047	922	1	766	521	0	5964	25767	40303	6	-1	7	0
1790958160047	922	1	766	521	0	5964	25767	40304	1	-1	0	0
1790958160047	922	1	766	521	0	5964	25767	40305	3	1	469762819	40299
1790958160047	922	1	766	521	0	5964	25767	40306	2	1	0	40304
1790958160047	922	1	766	521	0	5964	25768	40307	6	-1	7	0
1790958160047	922	1	766	521	0	5964	25769	40308	6	-1	7	0
1790958160047	922	1	766	521	0	5964	25770	40309	6	-1	-12	0
1790958160047	922	1	766	521	0	5964	25771	40310	1	-1	0	0
1790958160047	922	1	766	521	0	5964	25771	40311	6	-1	-12	0
1790958160047	922	1	766	521	0	5964	25771	40312	3	1	469762819	40306
1790958160047	922	1	766	521	0	5964	25771	40313	2	1	0	40310
1790958160047	922	1	766	521	0	5964	25772	40314	6	-1	-12	0
1790958160047	922	1	766	521	0	5964	25773	40315	6	-1	-12	0
1790958160047	922	1	766	521	0	5964	25774	40316	6	-1	-12	0
1790958160047	922	1	766	521	0	5964	25775	40317	6	-1	25	0
1790958160047	922	1	766	521	0	5964	25775	40318	1	-1	0	0
1790958160047	922	1	766	521	0	5964	25775	40319	3	1	469762819	40313
1790958160047	922	1	766	521	0	5964	25775	40320	2	1	0	40318
1790958160047	922	1	766	521	0	5964	25776	40321	6	-1	7	0
1790958160047	922	1	766	521	0	5964	25777	40322	6	-1	15	0
1790958160047	922	1	766	521	0	5964	25778	40323	6	-1	7	0
1790958160047	922	1	766	521	0	5964	25778	40324	6	-1	-12	0
1790958160047	922	1	766	521	0	5964	25779	40325	1	-1	0	0
1790958160047	922	1	766	521	0	5964	25779	40326	3	1	469762819	40320
1790958160047	922	1	766	521	0	5964	25779	40327	2	1	0	40325
1790958160047	922	1	766	521	0	5964	25780	40328	6	-1	-1	0
1790958160047	922	1	766	521	0	5964	25780	40329	3	1	469762819	40327
1790958160047	923	1	766	521	0	5964	25781	40330	6	-1	-12	0
1790958160047	923	1	766	521	0	5964	25782	40331	6	-1	-12	0
1790958160047	923	1	766	521	0	5964	25783	40332	6	-1	7	0
1790958160047	923	1	766	521	0	5964	25784	40333	6	-1	15	0
1790958160047	923	1	766	521	0	5964	25785	40334	6	-1	7	0
1790958160047	923	1	766	521	0	5964	25785	40335	1	-1	0	0
1790958160047	923	1	766	521	0	5964	25785	40336	2	1	0	40335
1790958160047	923	1	766	521	0	5964	25786	40337	6	-1	-12	0
1790958160047	923	1	766	521	0	5964	25787	40338	6	-1	-12	0
1790958160047	923	1	766	521	0	5964	25788	40339	6	-1	6	0
1790958160047	923	1	766	521	0	5964	25789	40340	1	-1	0	0
1790958160047	923	1	766	521	0	5964	25789	40341	6	-1	7	0
1790958160047	923	1	766	521	0	5964	25789	40342	3	1	469762819	40336
1790958160047	923	1	766	521	0	5964	25789	40343	2	1	0	40340
1790958160047	923	1	766	521	0	5964	25790	40344	6	-1	7	0
1790958160047	923	1	766	521	0	5964	25791	40345	6	-1	7	0
1790958160047	923	1	766	521	0	5964	25792	40346	6	-1	-12	0
1790958160047	923	1	766	521	0	5964	25793	40347	1	-1	0	0
1790958160047	923	1	766	521	0	5964	25793	40348	6	-1	-20	0
1790958160047	923	1	766	521	0	5964	25793	40349	3	1	469762819	40343
1790958160047	923	1	766	521	0	5964	25793	40350	2	1	0	40347
1790958160047	923	1	766	521	0	5964	25794	40351	6	-1	15	0
1790958160047	923	1	766	521	0	5964	25795	40352	6	-1	-12	0
1790958160047	923	1	766	521	0	5964	25796	40353	6	-1	-1	0
1790958160047	923	1	766	521	0	5964	25797	40354	6	-1	7	0
1790958160047	923	1	766	521	0	5964	25797	40355	1	-1	0	0
1790958160047	923	1	766	521	0	5964	25797	40356	3	1	469762819	40350
1790958160047	923	1	766	521	0	5964	25797	40357	2	1	0	40355
1790958160047	923	1	766	521	0	5964	25798	40358	6	-1	-3	0
1790958160047	923	1	766	521	0	5964	25799	40359	6	-1	-12	0
1790958160047	923	1	766	521	0	5964	25800	40360	6	-1	25	0
1790958160047	923	1	766	521	0	5964	25801	40361	1	-1	0	0
1790958160047	923	1	766	521	0	5964	25801	40362	6	-1	-12	0
1790958160047	923	1	766	521	0	5964	25801	40363	3	1	469762819	40357
1790958160047	923	1	766	521	0	5964	25801	40364	2	1	0	40361
1790958160047	923	1	766	521	0	5964	25802	40365	6	-1	7	0
1790958160047	923	1	766	521	0	5964	25802	40366	3	1	469762819	40364
1790958160115	924	1	766	521	0	5964	25803	40367	6	-1	-1	0
1790958160115	924	1	766	521	0	5964	25804	40368	6	-1	-3	0
1790958160115	924	1	766	521	0	5964	25805	40369	6	-1	-12	0
1790958160115	924	1	766	521	0	5964	25806	40370	6	-1	7	0
1790958160115	924	1	766	521	0	5964	25807	40371	1	-1	0	0
1790958160115	924	1	766	521	0	5964	25807	40372	6	-1	-1	0
1790958160115	924	1	766	521	0	5964	25807	40373	2	1	0	40371
1790958160115	924	1	766	521	0	5964	25808	40374	6	-1	-12	0
1790958160115	924	1	766	521	0	5964	25809	40375	6	-1	-12	0
1790958160115	924	1	766	521	0	5964	25810	40376	6	-1	7	0
1790958160115	924	1	766	521	0	5964	25811	40377	1	-1	0	0
1790958160115	924	1	766	521	0	5964	25811	40378	6	-1	7	0
1790958160115	924	1	766	521	0	5964	25811	40379	3	1	469762819	40373
1790958160115	924	1	766	521	0	5964	25811	40380	2	1	0	40377
1790958160115	924	1	766	521	0	5964	25812	40381	6	-1	-12	0
1790958160115	924	1	766	521	0	5964	25813	40382	6	-1	7	0
1790958160115	924	1	766	521	0	5964	25814	40383	6	-1	7	0
1790958160115	924	1	766	521	0	5964	25815	40384	1	-1	0	0
1790958160115	924	1	766	521	0	5964	25815	40385	6	-1	24	0
1790958160115	924	1	766	521	0	5964	25815	40386	3	1	469762819	40380
1790958160115	924	1	766	521	0	5964	25815	40387	2	1	0	40384
1790958160115	924	1	766	521	0	5964	25816	40388	6	-1	-12	0
1790958160115	924	1	766	521	0	5964	25817	40389	6	-1	-3	0
1790958160115	924	1	766	521	0	5964	25818	40390	6	-1	7	0
1790958160115	924	1	766	521	0	5964	25819	40391	1	-1	0	0
1790958160115	924	1	766	521	0	5964	25819	40392	6	-1	-3	0
1790958160115	924	1	766	521	0	5964	25819	40393	3	1	469762819	40387
1790958160115	924	1	766	521	0	5964	25819	40394	2	1	0	40391
1790958160115	924	1	766	521	0	5964	25820	40395	6	-1	15	0
1790958160115	924	1	766	521	0	5964	25821	40396	6	-1	25	0
1790958160115	924	1	766	521	0	5964	25822	40397	6	-1	-1	0
1790958160115	924	1	766	521	0	5964	25823	40398	1	-1	0	0
1790958160115	924	1	766	521	0	5964	25823	40399	6	-1	-3	0
1790958160115	924	1	766	521	0	5964	25823	40400	3	1	469762819	40394
1790958160115	924	1	766	521	0	5964	25823	40401	2	1	0	40398
1790958160115	924	1	766	521	0	5964	25824	40402	6	-1	-12	0
1790958160115	924	1	766	521	0	5964	25824	40403	3	1	469762819	40401
1790958160115	925	1	766	521	0	5964	25825	40404	6	-1	7	0
1790958160115	925	1	766	521	0	5964	25826	40405	6	-1	7	0
1790958160115	925	1	766	521	0	5964	25827	40406	6	-1	-31	0
1790958160115	925	1	766	521	0	5964	25828	40407	6	-1	-12	0
1790958160115	925	1	766	521	0	5964	25829	40408	1	-1	0	0
1790958160115	925	1	766	521	0	5964	25829	40409	6	-1	-12	0
1790958160115	925	1	766	521	0	5964	25829	40410	2	1	0	40408
1790958160115	925	1	766	521	0	5964	25830	40411	6	-1	-12	0
1790958160115	925	1	766	521	0	5964	25831	40412	6	-1	25	0
1790958160115	925	1	766	521	0	5964	25832	40413	6	-1	15	0
1790958160115	925	1	766	521	0	5964	25833	40414	1	-1	0	0
1790958160115	925	1	766	521	0	5964	25833	40415	6	-1	7	0
1790958160115	925	1	766	521	0	5964	25833	40416	3	1	469762819	40410
1790958160115	925	1	766	521	0	5964	25833	40417	2	1	0	40414
1790958160115	925	1	766	521	0	5964	25834	40418	6	-1	-12	0
1790958160115	925	1	766	521	0	5964	25835	40419	6	-1	15	0
1790958160115	925	1	766	521	0	5964	25836	40420	6	-1	-12	0
1790958160115	925	1	766	521	0	5964	25837	40421	1	-1	0	0
1790958160115	925	1	766	521	0	5964	25837	40422	6	-1	25	0
1790958160115	925	1	766	521	0	5964	25837	40423	3	1	469762819	40417
1790958160115	925	1	766	521	0	5964	25837	40424	2	1	0	40421
1790958160115	925	1	766	521	0	5964	25838	40425	6	-1	-31	0
1790958160115	925	1	766	521	0	5964	25839	40426	6	-1	7	0
1790958160115	925	1	766	521	0	5964	25840	40427	6	-1	-12	0
1790958160115	925	1	766	521	0	5964	25841	40428	1	-1	0	0
1790958160115	925	1	766	521	0	5964	25841	40429	6	-1	25	0
1790958160115	925	1	766	521	0	5964	25841	40430	3	1	469762819	40424
1790958160115	925	1	766	521	0	5964	25841	40431	2	1	0	40428
1790958160115	925	1	766	521	0	5964	25842	40432	6	-1	-20	0
1790958160115	925	1	766	521	0	5964	25843	40433	6	-1	7	0
1790958160115	925	1	766	521	0	5964	25844	40434	6	-1	33	0
1790958160115	925	1	766	521	0	5964	25845	40435	1	-1	0	0
1790958160115	925	1	766	521	0	5964	25845	40436	6	-1	-3	0
1790958160115	925	1	766	521	0	5964	25845	40437	3	1	469762819	40431
1790958160115	925	1	766	521	0	5964	25845	40438	2	1	0	40435
1790958160115	925	1	766	521	0	5964	25846	40439	6	-1	15	0
1790958160115	925	1	766	521	0	5964	25846	40440	3	1	469762819	40438
1790958160115	926	1	766	521	0	5964	25847	40441	6	-1	7	0
1790958160115	926	1	766	521	0	5964	25848	40442	6	-1	7	0
1790958160115	926	1	766	521	0	5964	25849	40443	6	-1	-12	0
1790958160115	926	1	766	521	0	5964	25850	40444	6	-1	-20	0
1790958160115	926	1	766	521	0	5964	25851	40445	1	-1	0	0
1790958160115	926	1	766	521	0	5964	25851	40446	6	-1	7	0
1790958160115	926	1	766	521	0	5964	25851	40447	2	1	0	40445
1790958160115	926	1	766	521	0	5964	25852	40448	6	-1	7	0
1790958160115	926	1	766	521	0	5964	25853	40449	6	-1	-1	0
1790958160115	926	1	766	521	0	5964	25854	40450	6	-1	-12	0
1790958160115	926	1	766	521	0	5964	25855	40451	6	-1	-12	0
1790958160115	926	1	766	521	0	5964	25855	40452	1	-1	0	0
1790958160115	926	1	766	521	0	5964	25855	40453	3	1	469762819	40447
1790958160115	926	1	766	521	0	5964	25855	40454	2	1	0	40452
1790958160115	926	1	766	521	0	5964	25856	40455	6	-1	-3	0
1790958160115	926	1	766	521	0	5964	25857	40456	6	-1	-1	0
1790958160115	926	1	766	521	0	5964	25858	40457	6	-1	7	0
1790958160115	926	1	766	521	0	5964	25859	40458	1	-1	0	0
1790958160115	926	1	766	521	0	5964	25859	40459	6	-1	-20	0
1790958160115	926	1	766	521	0	5964	25859	40460	3	1	469762819	40454
1790958160115	926	1	766	521	0	5964	25859	40461	2	1	0	40458
1790958160115	926	1	766	521	0	5964	25860	40462	6	-1	-12	0
1790958160115	926	1	766	521	0	5964	25861	40463	6	-1	-12	0
1790958160115	926	1	766	521	0	5964	25862	40464	6	-1	7	0
1790958160115	926	1	766	521	0	5964	25863	40465	6	-1	7	0
1790958160115	926	1	766	521	0	5964	25863	40466	1	-1	0	0
1790958160115	926	1	766	521	0	5964	25863	40467	3	1	469762819	40461
1790958160115	926	1	766	521	0	5964	25863	40468	2	1	0	40466
1790958160115	926	1	766	521	0	5964	25864	40469	6	-1	-1	0
1790958160115	926	1	766	521	0	5964	25865	40470	6	-1	-12	0
1790958160115	926	1	766	521	0	5964	25866	40471	6	-1	-3	0
1790958160115	926	1	766	521	0	5964	25867	40472	6	-1	-12	0
1790958160115	926	1	766	521	0	5964	25867	40473	1	-1	0	0
1790958160115	926	1	766	521	0	5964	25867	40474	3	1	469762819	40468
1790958160115	926	1	766	521	0	5964	25867	40475	2	1	0	40473
1790958160115	926	1	766	521	0	5964	25868	40476	6	-1	7	0
1790958160115	926	1	766	521	0	5964	25868	40477	3	1	469762819	40475
1790958160183	927	1	766	521	0	5964	25869	40478	6	-1	-1	0
1790958160183	927	1	766	521	0	5964	25870	40479	6	-1	-12	0
1790958160183	927	1	766	521	0	5964	25871	40480	6	-1	-3	0
1790958160183	927	1	766	521	0	5964	25872	40481	6	-1	15	0
1790958160183	927	1	766	521	0	5964	25873	40482	6	-1	25	0
1790958160183	927	1	766	521	0	5964	25873	40483	1	-1	0	0
1790958160183	927	1	766	521	0	5964	25873	40484	2	1	0	40483
1790958160183	927	1	766	521	0	5964	25874	40485	6	-1	7	0
1790958160183	927	1	766	521	0	5964	25875	40486	6	-1	-3	0
1790958160183	927	1	766	521	0	5964	25876	40487	6	-1	-1	0
1790958160183	927	1	766	521	0	5964	25877	40488	1	-1	0	0
1790958160183	927	1	766	521	0	5964	25877	40489	3	1	469762819	40484
1790958160183	927	1	766	521	0	5964	25877	40490	2	1	0	40488
1790958160183	927	1	766	521	0	5964	25877	40491	6	-1	-12	0
1790958160183	927	1	766	521	0	5964	25878	40492	6	-1	-12	0
1790958160183	927	1	766	521	0	5964	25879	40493	6	-1	7	0
1790958160183	927	1	766	521	0	5964	25880	40494	6	-1	7	0
1790958160183	927	1	766	521	0	5964	25881	40495	1	-1	0	0
1790958160183	927	1	766	521	0	5964	25881	40496	6	-1	-20	0
1790958160183	927	1	766	521	0	5964	25881	40497	3	1	469762819	40490
1790958160183	927	1	766	521	0	5964	25881	40498	2	1	0	40495
1790958160183	927	1	766	521	0	5964	25882	40499	6	-1	-3	0
1790958160183	927	1	766	521	0	5964	25883	40500	6	-1	7	0
1790958160183	927	1	766	521	0	5964	25884	40501	6	-1	-12	0
1790958160183	927	1	766	521	0	5964	25885	40502	6	-1	-3	0
1790958160183	927	1	766	521	0	5964	25885	40503	1	-1	0	0
1790958160183	927	1	766	521	0	5964	25885	40504	3	1	469762819	40498
1790958160183	927	1	766	521	0	5964	25885	40505	2	1	0	40503
1790958160183	927	1	766	521	0	5964	25886	40506	6	-1	25	0
1790958160183	927	1	766	521	0	5964	25887	40507	6	-1	-9	0
1790958160183	927	1	766	521	0	5964	25888	40508	6	-1	-12	0
1790958160183	927	1	766	521	0	5964	25889	40509	1	-1	0	0
1790958160183	927	1	766	521	0	5964	25889	40510	6	-1	-22	0
1790958160183	927	1	766	521	0	5964	25889	40511	3	1	469762819	40505
1790958160183	927	1	766	521	0	5964	25889	40512	2	1	0	40509
1790958160183	927	1	766	521	0	5964	25889	40513	6	-1	7	0
1790958160183	927	1	766	521	0	5964	25890	40514	3	1	469762819	40512
1790958160183	928	1	766	521	0	5964	25891	40515	6	-1	7	0
1790958160183	928	1	766	521	0	5964	25892	40516	6	-1	15	0
1790958160183	928	1	766	521	0	5964	25892	40517	6	-1	7	0
1790958160183	928	1	766	521	0	5964	25894	40518	6	-1	6	0
1790958160183	928	1	766	521	0	5964	25895	40519	6	-1	25	0
1790958160183	928	1	766	521	0	5964	25895	40520	1	-1	0	0
1790958160183	928	1	766	521	0	5964	25895	40521	2	1	0	40520
1790958160183	928	1	766	521	0	5964	25896	40522	6	-1	7	0
1790958160183	928	1	766	521	0	5964	25896	40523	6	-1	15	0
1790958160183	928	1	766	521	0	5964	25898	40524	6	-1	15	0
1790958160183	928	1	766	521	0	5964	25899	40525	6	-1	7	0
1790958160183	928	1	766	521	0	5964	25899	40526	1	-1	0	0
1790958160183	928	1	766	521	0	5964	25899	40527	3	1	469762819	40521
1790958160183	928	1	766	521	0	5964	25899	40528	2	1	0	40526
1790958160183	928	1	766	521	0	5964	25900	40529	6	-1	-12	0
1790958160183	928	1	766	521	0	5964	25901	40530	6	-1	-3	0
1790958160183	928	1	766	521	0	5964	25902	40531	6	-1	25	0
1790958160183	928	1	766	521	0	5964	25902	40532	6	-1	-12	0
1790958160183	928	1	766	521	0	5964	25903	40533	1	-1	0	0
1790958160183	928	1	766	521	0	5964	25903	40534	3	1	469762819	40528
1790958160183	928	1	766	521	0	5964	25903	40535	2	1	0	40533
1790958160183	928	1	766	521	0	5964	25904	40536	6	-1	-12	0
1790958160183	928	1	766	521	0	5964	25905	40537	6	-1	-12	0
1790958160183	928	1	766	521	0	5964	25906	40538	6	-1	25	0
1790958160183	928	1	766	521	0	5964	25907	40539	6	-1	7	0
1790958160183	928	1	766	521	0	5964	25907	40540	1	-1	0	0
1790958160183	928	1	766	521	0	5964	25907	40541	3	1	469762819	40535
1790958160183	928	1	766	521	0	5964	25907	40542	2	1	0	40540
1790958160183	928	1	766	521	0	5964	25907	40543	6	-1	7	0
1790958160183	928	1	766	521	0	5964	25909	40544	6	-1	-3	0
1790958160183	928	1	766	521	0	5964	25910	40545	6	-1	7	0
1790958160183	928	1	766	521	0	5964	25911	40546	6	-1	-12	0
1790958160183	928	1	766	521	0	5964	25911	40547	1	-1	0	0
1790958160183	928	1	766	521	0	5964	25911	40548	3	1	469762819	40542
1790958160183	928	1	766	521	0	5964	25911	40549	2	1	0	40547
1790958160183	928	1	766	521	0	5964	25912	40550	6	-1	-20	0
1790958160183	928	1	766	521	0	5964	25912	40551	3	1	469762819	40549
1790958160183	929	1	766	521	0	5964	25913	40552	6	-1	-12	0
1790958160183	929	1	766	521	0	5964	25913	40553	6	-1	-12	0
1790958160183	929	1	766	521	0	5964	25915	40554	6	-1	15	0
1790958160183	929	1	766	521	0	5964	25916	40555	6	-1	15	0
1790958160183	929	1	766	521	0	5964	25917	40556	1	-1	0	0
1790958160183	929	1	766	521	0	5964	25917	40557	6	-1	-3	0
1790958160183	929	1	766	521	0	5964	25917	40558	2	1	0	40556
1790958160183	929	1	766	521	0	5964	25918	40559	6	-1	25	0
1790958160183	929	1	766	521	0	5964	25918	40560	6	-1	7	0
1790958160183	929	1	766	521	0	5964	25920	40561	6	-1	7	0
1790958160183	929	1	766	521	0	5964	25921	40562	1	-1	0	0
1790958160183	929	1	766	521	0	5964	25921	40563	3	1	469762819	40558
1790958160183	929	1	766	521	0	5964	25921	40564	6	-1	-12	0
1790958160183	929	1	766	521	0	5964	25921	40565	2	1	0	40562
1790958160183	929	1	766	521	0	5964	25922	40566	6	-1	7	0
1790958160183	929	1	766	521	0	5964	25923	40567	6	-1	7	0
1790958160183	929	1	766	521	0	5964	25924	40568	6	-1	-1	0
1790958160183	929	1	766	521	0	5964	25925	40569	1	-1	0	0
1790958160183	929	1	766	521	0	5964	25925	40570	6	-1	-31	0
1790958160183	929	1	766	521	0	5964	25925	40571	3	1	469762819	40565
1790958160183	929	1	766	521	0	5964	25925	40572	2	1	0	40569
1790958160183	929	1	766	521	0	5964	25926	40573	6	-1	7	0
1790958160183	929	1	766	521	0	5964	25927	40574	6	-1	-12	0
1790958160183	929	1	766	521	0	5964	25928	40575	6	-1	-12	0
1790958160183	929	1	766	521	0	5964	25929	40576	1	-1	0	0
1790958160183	929	1	766	521	0	5964	25929	40577	6	-1	7	0
1790958160183	929	1	766	521	0	5964	25929	40578	3	1	469762819	40572
1790958160183	929	1	766	521	0	5964	25929	40579	2	1	0	40576
1790958160183	929	1	766	521	0	5964	25930	40580	6	-1	25	0
1790958160183	929	1	766	521	0	5964	25931	40581	6	-1	-12	0
1790958160183	929	1	766	521	0	5964	25932	40582	6	-1	-1	0
1790958160183	929	1	766	521	0	5964	25933	40583	1	-1	0	0
1790958160183	929	1	766	521	0	5964	25933	40584	6	-1	-12	0
1790958160183	929	1	766	521	0	5964	25933	40585	3	1	469762819	40579
1790958160183	929	1	766	521	0	5964	25933	40586	2	1	0	40583
1790958160183	929	1	766	521	0	5964	25934	40587	6	-1	7	0
1790958160183	929	1	766	521	0	5964	25934	40588	3	1	469762819	40586
1790958160251	930	1	766	521	0	5964	25935	40589	6	-1	-12	0
1790958160251	930	1	766	521	0	5964	25936	40590	6	-1	-3	0
1790958160251	930	1	766	521	0	5964	25937	40591	6	-1	-3	0
1790958160251	930	1	766	521	0	5964	25938	40592	6	-1	-12	0
1790958160251	930	1	766	521	0	5964	25939	40593	1	-1	0	0
1790958160251	930	1	766	521	0	5964	25939	40594	6	-1	-31	0
1790958160251	930	1	766	521	0	5964	25939	40595	2	1	0	40593
1790958160251	930	1	766	521	0	5964	25940	40596	6	-1	15	0
1790958160251	930	1	766	521	0	5964	25941	40597	6	-1	7	0
1790958160251	930	1	766	521	0	5964	25942	40598	6	-1	-12	0
1790958160251	930	1	766	521	0	5964	25943	40599	1	-1	0	0
1790958160251	930	1	766	521	0	5964	25943	40600	3	1	469762819	40595
1790958160251	930	1	766	521	0	5964	25943	40601	6	-1	-12	0
1790958160251	930	1	766	521	0	5964	25943	40602	2	1	0	40599
1790958160251	930	1	766	521	0	5964	25944	40603	6	-1	7	0
1790958160251	930	1	766	521	0	5964	25945	40604	6	-1	-12	0
1790958160251	930	1	766	521	0	5964	25946	40605	6	-1	-12	0
1790958160251	930	1	766	521	0	5964	25947	40606	1	-1	0	0
1790958160251	930	1	766	521	0	5964	25947	40607	3	1	469762819	40602
1790958160251	930	1	766	521	0	5964	25947	40608	6	-1	25	0
1790958160251	930	1	766	521	0	5964	25947	40609	2	1	0	40606
1790958160251	930	1	766	521	0	5964	25948	40610	6	-1	17	0
1790958160251	930	1	766	521	0	5964	25949	40611	6	-1	15	0
1790958160251	930	1	766	521	0	5964	25950	40612	6	-1	15	0
1790958160251	930	1	766	521	0	5964	25951	40613	6	-1	-12	0
1790958160251	930	1	766	521	0	5964	25951	40614	1	-1	0	0
1790958160251	930	1	766	521	0	5964	25951	40615	3	1	469762819	40609
1790958160251	930	1	766	521	0	5964	25951	40616	2	1	0	40614
1790958160251	930	1	766	521	0	5964	25952	40617	6	-1	7	0
1790958160251	930	1	766	521	0	5964	25953	40618	6	-1	15	0
1790958160251	930	1	766	521	0	5964	25954	40619	6	-1	7	0
1790958160251	930	1	766	521	0	5964	25955	40620	1	-1	0	0
1790958160251	930	1	766	521	0	5964	25955	40621	6	-1	7	0
1790958160251	930	1	766	521	0	5964	25955	40622	3	1	469762819	40616
1790958160251	930	1	766	521	0	5964	25955	40623	2	1	0	40620
1790958160251	930	1	766	521	0	5964	25956	40624	6	-1	-20	0
1790958160251	930	1	766	521	0	5964	25956	40625	3	1	469762819	40623
1790958160251	931	1	766	521	0	5964	25957	40626	6	-1	-3	0
1790958160251	931	1	766	521	0	5964	25958	40627	6	-1	7	0
1790958160251	931	1	766	521	0	5964	25959	40628	6	-1	25	0
1790958160251	931	1	766	521	0	5964	25960	40629	6	-1	-12	0
1790958160251	931	1	766	521	0	5964	25961	40630	1	-1	0	0
1790958160251	931	1	766	521	0	5964	25961	40631	6	-1	15	0
1790958160251	931	1	766	521	0	5964	25961	40632	2	1	0	40630
1790958160251	931	1	766	521	0	5964	25962	40633	6	-1	7	0
1790958160251	931	1	766	521	0	5964	25963	40634	6	-1	25	0
1790958160251	931	1	766	521	0	5964	25964	40635	6	-1	7	0
1790958160251	931	1	766	521	0	5964	25965	40636	6	-1	-12	0
1790958160251	931	1	766	521	0	5964	25965	40637	1	-1	0	0
1790958160251	931	1	766	521	0	5964	25965	40638	3	1	469762819	40632
1790958160251	931	1	766	521	0	5964	25965	40639	2	1	0	40637
1790958160251	931	1	766	521	0	5964	25966	40640	6	-1	-3	0
1790958160251	931	1	766	521	0	5964	25967	40641	6	-1	15	0
1790958160251	931	1	766	521	0	5964	25968	40642	6	-1	7	0
1790958160251	931	1	766	521	0	5964	25969	40643	1	-1	0	0
1790958160251	931	1	766	521	0	5964	25969	40644	6	-1	-3	0
1790958160251	931	1	766	521	0	5964	25969	40645	3	1	469762819	40639
1790958160251	931	1	766	521	0	5964	25969	40646	2	1	0	40643
1790958160251	931	1	766	521	0	5964	25970	40647	6	-1	7	0
1790958160251	931	1	766	521	0	5964	25971	40648	6	-1	-12	0
1790958160251	931	1	766	521	0	5964	25972	40649	6	-1	-28	0
1790958160251	931	1	766	521	0	5964	25973	40650	1	-1	0	0
1790958160251	931	1	766	521	0	5964	25973	40651	6	-1	7	0
1790958160251	931	1	766	521	0	5964	25973	40652	3	1	469762819	40646
1790958160251	931	1	766	521	0	5964	25973	40653	2	1	0	40650
1790958160251	931	1	766	521	0	5964	25974	40654	6	-1	-12	0
1790958160251	931	1	766	521	0	5964	25975	40655	6	-1	25	0
1790958160251	931	1	766	521	0	5964	25976	40656	6	-1	7	0
1790958160251	931	1	766	521	0	5964	25977	40657	1	-1	0	0
1790958160251	931	1	766	521	0	5964	25977	40658	6	-1	7	0
1790958160251	931	1	766	521	0	5964	25977	40659	3	1	469762819	40653
1790958160251	931	1	766	521	0	5964	25977	40660	2	1	0	40657
1790958160251	931	1	766	521	0	5964	25978	40661	6	-1	7	0
1790958160251	931	1	766	521	0	5964	25978	40662	3	1	469762819	40660
1790958160251	932	1	766	521	0	5964	25979	40663	6	-1	-12	0
1790958160251	932	1	766	521	0	5964	25980	40664	6	-1	-3	0
1790958160251	932	1	766	521	0	5964	25981	40665	6	-1	7	0
1790958160251	932	1	766	521	0	5964	25982	40666	6	-1	-1	0
1790958160251	932	1	766	521	0	5964	25983	40667	1	-1	0	0
1790958160251	932	1	766	521	0	5964	25983	40668	6	-1	-31	0
1790958160251	932	1	766	521	0	5964	25983	40669	2	1	0	40667
1790958160251	932	1	766	521	0	5964	25984	40670	6	-1	-3	0
1790958160251	932	1	766	521	0	5964	25985	40671	6	-1	7	0
1790958160251	932	1	766	521	0	5964	25986	40672	6	-1	-12	0
1790958160251	932	1	766	521	0	5964	25987	40673	1	-1	0	0
1790958160251	932	1	766	521	0	5964	25987	40674	6	-1	7	0
1790958160251	932	1	766	521	0	5964	25987	40675	3	1	469762819	40669
1790958160251	932	1	766	521	0	5964	25987	40676	2	1	0	40673
1790958160251	932	1	766	521	0	5964	25988	40677	6	-1	7	0
1790958160251	932	1	766	521	0	5964	25989	40678	6	-1	7	0
1790958160251	932	1	766	521	0	5964	25990	40679	6	-1	25	0
1790958160251	932	1	766	521	0	5964	25991	40680	1	-1	0	0
1790958160251	932	1	766	521	0	5964	25991	40681	6	-1	7	0
1790958160251	932	1	766	521	0	5964	25991	40682	3	1	469762819	40676
1790958160251	932	1	766	521	0	5964	25991	40683	2	1	0	40680
1790958160251	932	1	766	521	0	5964	25992	40684	6	-1	-12	0
1790958160251	932	1	766	521	0	5964	25993	40685	6	-1	-3	0
1790958160251	932	1	766	521	0	5964	25994	40686	6	-1	-12	0
1790958160251	932	1	766	521	0	5964	25995	40687	6	-1	7	0
1790958160251	932	1	766	521	0	5964	25995	40688	1	-1	0	0
1790958160251	932	1	766	521	0	5964	25995	40689	3	1	469762819	40683
1790958160251	932	1	766	521	0	5964	25995	40690	2	1	0	40688
1790958160251	932	1	766	521	0	5964	25996	40691	6	-1	7	0
1790958160251	932	1	766	521	0	5964	25997	40692	6	-1	-12	0
1790958160251	932	1	766	521	0	5964	25998	40693	6	-1	-12	0
1790958160251	932	1	766	521	0	5964	25999	40694	6	-1	-3	0
1790958160251	932	1	766	521	0	5964	25999	40695	1	-1	0	0
1790958160251	932	1	766	521	0	5964	25999	40696	3	1	469762819	40690
1790958160251	932	1	766	521	0	5964	25999	40697	2	1	0	40695
1790958160251	932	1	766	521	0	5964	26000	40698	6	-1	7	0
1790958160251	932	1	766	521	0	5964	26000	40699	3	1	469762819	40697
1790958160319	933	1	766	521	0	5964	26001	40700	6	-1	7	0
1790958160319	933	1	766	521	0	5964	26002	40701	6	-1	7	0
1790958160319	933	1	766	521	0	5964	26003	40702	6	-1	-12	0
1790958160319	933	1	766	521	0	5964	26004	40703	6	-1	7	0
1790958160319	933	1	766	521	0	5964	26005	40704	1	-1	0	0
1790958160319	933	1	766	521	0	5964	26005	40705	6	-1	7	0
1790958160319	933	1	766	521	0	5964	26005	40706	2	1	0	40704
1790958160319	933	1	766	521	0	5964	26006	40707	6	-1	7	0
1790958160319	933	1	766	521	0	5964	26007	40708	6	-1	24	0
1790958160319	933	1	766	521	0	5964	26008	40709	6	-1	15	0
1790958160319	933	1	766	521	0	5964	26009	40710	1	-1	0	0
1790958160319	933	1	766	521	0	5964	26009	40711	6	-1	-1	0
1790958160319	933	1	766	521	0	5964	26009	40712	3	1	469762819	40706
1790958160319	933	1	766	521	0	5964	26009	40713	2	1	0	40710
1790958160319	933	1	766	521	0	5964	26010	40714	6	-1	7	0
1790958160319	933	1	766	521	0	5964	26011	40715	6	-1	15	0
1790958160319	933	1	766	521	0	5964	26012	40716	6	-1	33	0
1790958160319	933	1	766	521	0	5964	26013	40717	1	-1	0	0
1790958160319	933	1	766	521	0	5964	26013	40718	3	1	469762819	40713
1790958160319	933	1	766	521	0	5964	26013	40719	6	-1	-1	0
1790958160319	933	1	766	521	0	5964	26013	40720	2	1	0	40717
1790958160319	933	1	766	521	0	5964	26014	40721	6	-1	-12	0
1790958160319	933	1	766	521	0	5964	26015	40722	6	-1	7	0
1790958160319	933	1	766	521	0	5964	26016	40723	6	-1	17	0
1790958160319	933	1	766	521	0	5964	26017	40724	1	-1	0	0
1790958160319	933	1	766	521	0	5964	26017	40725	3	1	469762819	40720
1790958160319	933	1	766	521	0	5964	26017	40726	6	-1	7	0
1790958160319	933	1	766	521	0	5964	26017	40727	2	1	0	40724
1790958160319	933	1	766	521	0	5964	26018	40728	6	-1	-3	0
1790958160319	933	1	766	521	0	5964	26019	40729	6	-1	-12	0
1790958160319	933	1	766	521	0	5964	26020	40730	6	-1	-12	0
1790958160319	933	1	766	521	0	5964	26021	40731	1	-1	0	0
1790958160319	933	1	766	521	0	5964	26021	40732	6	-1	7	0
1790958160319	933	1	766	521	0	5964	26021	40733	3	1	469762819	40727
1790958160319	933	1	766	521	0	5964	26021	40734	2	1	0	40731
1790958160319	933	1	766	521	0	5964	26022	40735	6	-1	7	0
1790958160319	933	1	766	521	0	5964	26022	40736	3	1	469762819	40734
1790958160319	934	1	766	521	0	5964	26023	40737	6	-1	7	0
1790958160319	934	1	766	521	0	5964	26024	40738	6	-1	7	0
1790958160319	934	1	766	521	0	5964	26025	40739	6	-1	-12	0
1790958160319	934	1	766	521	0	5964	26026	40740	6	-1	7	0
1790958160319	934	1	766	521	0	5964	26027	40741	1	-1	0	0
1790958160319	934	1	766	521	0	5964	26027	40742	6	-1	7	0
1790958160319	934	1	766	521	0	5964	26027	40743	2	1	0	40741
1790958160319	934	1	766	521	0	5964	26028	40744	6	-1	7	0
1790958160319	934	1	766	521	0	5964	26029	40745	6	-1	33	0
1790958160319	934	1	766	521	0	5964	26030	40746	6	-1	-12	0
1790958160319	934	1	766	521	0	5964	26031	40747	1	-1	0	0
1790958160319	934	1	766	521	0	5964	26031	40748	6	-1	-31	0
1790958160319	934	1	766	521	0	5964	26031	40749	3	1	469762819	40743
1790958160319	934	1	766	521	0	5964	26031	40750	2	1	0	40747
1790958160319	934	1	766	521	0	5964	26032	40751	6	-1	-12	0
1790958160319	934	1	766	521	0	5964	26033	40752	6	-1	-20	0
1790958160319	934	1	766	521	0	5964	26034	40753	6	-1	-12	0
1790958160319	934	1	766	521	0	5964	26035	40754	6	-1	-20	0
1790958160319	934	1	766	521	0	5964	26035	40755	1	-1	0	0
1790958160319	934	1	766	521	0	5964	26035	40756	3	1	469762819	40750
1790958160319	934	1	766	521	0	5964	26035	40757	2	1	0	40755
1790958160319	934	1	766	521	0	5964	26036	40758	6	-1	7	0
1790958160319	934	1	766	521	0	5964	26037	40759	6	-1	7	0
1790958160319	934	1	766	521	0	5964	26038	40760	6	-1	15	0
1790958160319	934	1	766	521	0	5964	26039	40761	1	-1	0	0
1790958160319	934	1	766	521	0	5964	26039	40762	6	-1	7	0
1790958160319	934	1	766	521	0	5964	26039	40763	3	1	469762819	40757
1790958160319	934	1	766	521	0	5964	26039	40764	2	1	0	40761
1790958160319	934	1	766	521	0	5964	26040	40765	6	-1	-3	0
1790958160319	934	1	766	521	0	5964	26041	40766	6	-1	15	0
1790958160319	934	1	766	521	0	5964	26042	40767	6	-1	7	0
1790958160319	934	1	766	521	0	5964	26043	40768	1	-1	0	0
1790958160319	934	1	766	521	0	5964	26043	40769	6	-1	15	0
1790958160319	934	1	766	521	0	5964	26043	40770	3	1	469762819	40764
1790958160319	934	1	766	521	0	5964	26043	40771	2	1	0	40768
1790958160319	934	1	766	521	0	5964	26044	40772	6	-1	-12	0
1790958160319	934	1	766	521	0	5964	26044	40773	3	1	469762819	40771
1790958160319	935	1	766	521	0	5964	26045	40774	6	-1	7	0
1790958160319	935	1	766	521	0	5964	26046	40775	6	-1	7	0
1790958160319	935	1	766	521	0	5964	26047	40776	6	-1	7	0
1790958160319	935	1	766	521	0	5964	26048	40777	6	-1	-12	0
1790958160319	935	1	766	521	0	5964	26049	40778	6	-1	-12	0
1790958160319	935	1	766	521	0	5964	26049	40779	1	-1	0	0
1790958160319	935	1	766	521	0	5964	26049	40780	2	1	0	40779
1790958160319	935	1	766	521	0	5964	26050	40781	6	-1	15	0
1790958160319	935	1	766	521	0	5964	26051	40782	6	-1	15	0
1790958160319	935	1	766	521	0	5964	26052	40783	6	-1	25	0
1790958160319	935	1	766	521	0	5964	26053	40784	1	-1	0	0
1790958160319	935	1	766	521	0	5964	26053	40785	6	-1	-12	0
1790958160319	935	1	766	521	0	5964	26053	40786	3	1	469762819	40780
1790958160319	935	1	766	521	0	5964	26053	40787	2	1	0	40784
1790958160319	935	1	766	521	0	5964	26054	40788	6	-1	-3	0
1790958160319	935	1	766	521	0	5964	26055	40789	6	-1	15	0
1790958160319	935	1	766	521	0	5964	26055	40790	6	-1	-1	0
1790958160319	935	1	766	521	0	5964	26057	40791	1	-1	0	0
1790958160319	935	1	766	521	0	5964	26057	40792	6	-1	7	0
1790958160319	935	1	766	521	0	5964	26057	40793	3	1	469762819	40787
1790958160319	935	1	766	521	0	5964	26057	40794	2	1	0	40791
1790958160319	935	1	766	521	0	5964	26058	40795	6	-1	15	0
1790958160319	935	1	766	521	0	5964	26059	40796	6	-1	-20	0
1790958160319	935	1	766	521	0	5964	26060	40797	6	-1	7	0
1790958160319	935	1	766	521	0	5964	26061	40798	6	-1	-3	0
1790958160319	935	1	766	521	0	5964	26061	40799	1	-1	0	0
1790958160319	935	1	766	521	0	5964	26061	40800	3	1	469762819	40794
1790958160319	935	1	766	521	0	5964	26061	40801	2	1	0	40799
1790958160319	935	1	766	521	0	5964	26062	40802	6	-1	7	0
1790958160319	935	1	766	521	0	5964	26063	40803	6	-1	7	0
1790958160319	935	1	766	521	0	5964	26064	40804	6	-1	-12	0
1790958160319	935	1	766	521	0	5964	26065	40805	6	-1	7	0
1790958160319	935	1	766	521	0	5964	26065	40806	1	-1	0	0
1790958160319	935	1	766	521	0	5964	26065	40807	3	1	469762819	40801
1790958160319	935	1	766	521	0	5964	26065	40808	2	1	0	40806
1790958160319	935	1	766	521	0	5964	26066	40809	6	-1	-20	0
1790958160319	935	1	766	521	0	5964	26066	40810	3	1	469762819	40808
1790958160387	936	1	766	521	0	5964	26067	40811	6	-1	-20	0
1790958160387	936	1	766	521	0	5964	26068	40812	6	-1	-12	0
1790958160387	936	1	766	521	0	5964	26069	40813	6	-1	-31	0
1790958160387	936	1	766	521	0	5964	26070	40814	6	-1	7	0
1790958160387	936	1	766	521	0	5964	26071	40815	6	-1	25	0
1790958160387	936	1	766	521	0	5964	26071	40816	1	-1	0	0
1790958160387	936	1	766	521	0	5964	26071	40817	2	1	0	40816
1790958160387	936	1	766	521	0	5964	26072	40818	6	-1	-22	0
1790958160387	936	1	766	521	0	5964	26073	40819	6	-1	-3	0
1790958160387	936	1	766	521	0	5964	26074	40820	6	-1	-12	0
1790958160387	936	1	766	521	0	5964	26075	40821	1	-1	0	0
1790958160387	936	1	766	521	0	5964	26075	40822	6	-1	-1	0
1790958160387	936	1	766	521	0	5964	26075	40823	3	1	469762819	40817
1790958160387	936	1	766	521	0	5964	26075	40824	2	1	0	40821
1790958160387	936	1	766	521	0	5964	26076	40825	6	-1	-12	0
1790958160387	936	1	766	521	0	5964	26077	40826	6	-1	-3	0
1790958160387	936	1	766	521	0	5964	26078	40827	6	-1	15	0
1790958160387	936	1	766	521	0	5964	26079	40828	6	-1	7	0
1790958160387	936	1	766	521	0	5964	26079	40829	1	-1	0	0
1790958160387	936	1	766	521	0	5964	26079	40830	3	1	469762819	40824
1790958160387	936	1	766	521	0	5964	26079	40831	2	1	0	40829
1790958160387	936	1	766	521	0	5964	26080	40832	6	-1	7	0
1790958160387	936	1	766	521	0	5964	26081	40833	6	-1	-31	0
1790958160387	936	1	766	521	0	5964	26082	40834	6	-1	7	0
1790958160387	936	1	766	521	0	5964	26083	40835	6	-1	-1	0
1790958160387	936	1	766	521	0	5964	26083	40836	1	-1	0	0
1790958160387	936	1	766	521	0	5964	26083	40837	3	1	469762819	40831
1790958160387	936	1	766	521	0	5964	26083	40838	2	1	0	40836
1790958160387	936	1	766	521	0	5964	26084	40839	6	-1	-12	0
1790958160387	936	1	766	521	0	5964	26085	40840	6	-1	15	0
1790958160387	936	1	766	521	0	5964	26086	40841	6	-1	-12	0
1790958160387	936	1	766	521	0	5964	26087	40842	1	-1	0	0
1790958160387	936	1	766	521	0	5964	26087	40843	6	-1	7	0
1790958160387	936	1	766	521	0	5964	26087	40844	3	1	469762819	40838
1790958160387	936	1	766	521	0	5964	26087	40845	2	1	0	40842
1790958160387	936	1	766	521	0	5964	26088	40846	6	-1	7	0
1790958160387	936	1	766	521	0	5964	26088	40847	3	1	469762819	40845
1790958160387	937	1	766	521	0	5964	26089	40848	6	-1	-12	0
1790958160387	937	1	766	521	0	5964	26090	40849	6	-1	-3	0
1790958160387	937	1	766	521	0	5964	26091	40850	6	-1	-1	0
1790958160387	937	1	766	521	0	5964	26092	40851	6	-1	7	0
1790958160387	937	1	766	521	0	5964	26093	40852	6	-1	7	0
1790958160387	937	1	766	521	0	5964	26093	40853	1	-1	0	0
1790958160387	937	1	766	521	0	5964	26093	40854	2	1	0	40853
1790958160387	937	1	766	521	0	5964	26094	40855	6	-1	15	0
1790958160387	937	1	766	521	0	5964	26095	40856	6	-1	33	0
1790958160387	937	1	766	521	0	5964	26096	40857	6	-1	-3	0
1790958160387	937	1	766	521	0	5964	26097	40858	1	-1	0	0
1790958160387	937	1	766	521	0	5964	26097	40859	6	-1	15	0
1790958160387	937	1	766	521	0	5964	26097	40860	3	1	469762819	40854
1790958160387	937	1	766	521	0	5964	26097	40861	2	1	0	40858
1790958160387	937	1	766	521	0	5964	26098	40862	6	-1	-1	0
1790958160387	937	1	766	521	0	5964	26099	40863	6	-1	7	0
1790958160387	937	1	766	521	0	5964	26100	40864	6	-1	-12	0
1790958160387	937	1	766	521	0	5964	26101	40865	1	-1	0	0
1790958160387	937	1	766	521	0	5964	26101	40866	6	-1	7	0
1790958160387	937	1	766	521	0	5964	26101	40867	3	1	469762819	40861
1790958160387	937	1	766	521	0	5964	26101	40868	2	1	0	40865
1790958160387	937	1	766	521	0	5964	26102	40869	6	-1	25	0
1790958160387	937	1	766	521	0	5964	26103	40870	6	-1	7	0
1790958160387	937	1	766	521	0	5964	26104	40871	6	-1	7	0
1790958160387	937	1	766	521	0	5964	26105	40872	6	-1	7	0
1790958160387	937	1	766	521	0	5964	26105	40873	1	-1	0	0
1790958160387	937	1	766	521	0	5964	26105	40874	3	1	469762819	40868
1790958160387	937	1	766	521	0	5964	26105	40875	2	1	0	40873
1790958160387	937	1	766	521	0	5964	26106	40876	6	-1	-12	0
1790958160387	937	1	766	521	0	5964	26107	40877	6	-1	7	0
1790958160387	937	1	766	521	0	5964	26108	40878	6	-1	7	0
1790958160387	937	1	766	521	0	5964	26109	40879	1	-1	0	0
1790958160387	937	1	766	521	0	5964	26109	40880	6	-1	-12	0
1790958160387	937	1	766	521	0	5964	26109	40881	3	1	469762819	40875
1790958160387	937	1	766	521	0	5964	26109	40882	2	1	0	40879
1790958160387	937	1	766	521	0	5964	26110	40883	6	-1	-3	0
1790958160387	937	1	766	521	0	5964	26110	40884	3	1	469762819	40882
1790958160387	938	1	766	521	0	5964	26111	40885	6	-1	-3	0
1790958160387	938	1	766	521	0	5964	26112	40886	6	-1	7	0
1790958160387	938	1	766	521	0	5964	26113	40887	6	-1	-12	0
1790958160387	938	1	766	521	0	5964	26114	40888	6	-1	15	0
1790958160387	938	1	766	521	0	5964	26115	40889	1	-1	0	0
1790958160387	938	1	766	521	0	5964	26115	40890	6	-1	-1	0
1790958160387	938	1	766	521	0	5964	26115	40891	2	1	0	40889
1790958160387	938	1	766	521	0	5964	26116	40892	6	-1	7	0
1790958160387	938	1	766	521	0	5964	26117	40893	6	-1	-31	0
1790958160387	938	1	766	521	0	5964	26118	40894	6	-1	7	0
1790958160387	938	1	766	521	0	5964	26119	40895	6	-1	7	0
1790958160387	938	1	766	521	0	5964	26119	40896	1	-1	0	0
1790958160387	938	1	766	521	0	5964	26119	40897	3	1	469762819	40891
1790958160387	938	1	766	521	0	5964	26119	40898	2	1	0	40896
1790958160387	938	1	766	521	0	5964	26120	40899	6	-1	-12	0
1790958160387	938	1	766	521	0	5964	26121	40900	6	-1	7	0
1790958160387	938	1	766	521	0	5964	26122	40901	6	-1	-12	0
1790958160387	938	1	766	521	0	5964	26123	40902	1	-1	0	0
1790958160387	938	1	766	521	0	5964	26123	40903	6	-1	15	0
1790958160387	938	1	766	521	0	5964	26123	40904	3	1	469762819	40898
1790958160387	938	1	766	521	0	5964	26123	40905	2	1	0	40902
1790958160387	938	1	766	521	0	5964	26124	40906	6	-1	7	0
1790958160387	938	1	766	521	0	5964	26125	40907	6	-1	7	0
1790958160387	938	1	766	521	0	5964	26126	40908	6	-1	7	0
1790958160387	938	1	766	521	0	5964	26127	40909	1	-1	0	0
1790958160387	938	1	766	521	0	5964	26127	40910	6	-1	15	0
1790958160387	938	1	766	521	0	5964	26127	40911	3	1	469762819	40905
1790958160387	938	1	766	521	0	5964	26127	40912	2	1	0	40909
1790958160387	938	1	766	521	0	5964	26128	40913	6	-1	-12	0
1790958160387	938	1	766	521	0	5964	26129	40914	6	-1	-12	0
1790958160387	938	1	766	521	0	5964	26130	40915	6	-1	-12	0
1790958160387	938	1	766	521	0	5964	26131	40916	1	-1	0	0
1790958160387	938	1	766	521	0	5964	26131	40917	6	-1	-3	0
1790958160387	938	1	766	521	0	5964	26131	40918	3	1	469762819	40912
1790958160387	938	1	766	521	0	5964	26131	40919	2	1	0	40916
1790958160387	938	1	766	521	0	5964	26132	40920	6	-1	7	0
1790958160387	938	1	766	521	0	5964	26132	40921	3	1	469762819	40919
1790958160455	939	1	766	521	0	5964	26133	40922	6	-1	-12	0
1790958160455	939	1	766	521	0	5964	26134	40923	6	-1	-12	0
1790958160455	939	1	766	521	0	5964	26135	40924	6	-1	15	0
1790958160455	939	1	766	521	0	5964	26136	40925	6	-1	-12	0
1790958160455	939	1	766	521	0	5964	26137	40926	6	-1	-1	0
1790958160455	939	1	766	521	0	5964	26137	40927	1	-1	0	0
1790958160455	939	1	766	521	0	5964	26137	40928	2	1	0	40927
1790958160455	939	1	766	521	0	5964	26138	40929	6	-1	-12	0
1790958160455	939	1	766	521	0	5964	26139	40930	6	-1	-12	0
1790958160455	939	1	766	521	0	5964	26140	40931	6	-1	-1	0
1790958160455	939	1	766	521	0	5964	26141	40932	1	-1	0	0
1790958160455	939	1	766	521	0	5964	26141	40933	6	-1	7	0
1790958160455	939	1	766	521	0	5964	26141	40934	3	1	469762819	40928
1790958160455	939	1	766	521	0	5964	26141	40935	2	1	0	40932
1790958160455	939	1	766	521	0	5964	26142	40936	6	-1	7	0
1790958160455	939	1	766	521	0	5964	26143	40937	6	-1	15	0
1790958160455	939	1	766	521	0	5964	26144	40938	6	-1	-12	0
1790958160455	939	1	766	521	0	5964	26145	40939	6	-1	-3	0
1790958160455	939	1	766	521	0	5964	26145	40940	1	-1	0	0
1790958160455	939	1	766	521	0	5964	26145	40941	3	1	469762819	40935
1790958160455	939	1	766	521	0	5964	26145	40942	2	1	0	40940
1790958160455	939	1	766	521	0	5964	26146	40943	6	-1	7	0
1790958160455	939	1	766	521	0	5964	26147	40944	6	-1	7	0
1790958160455	939	1	766	521	0	5964	26148	40945	6	-1	7	0
1790958160455	939	1	766	521	0	5964	26149	40946	6	-1	-20	0
1790958160455	939	1	766	521	0	5964	26149	40947	1	-1	0	0
1790958160455	939	1	766	521	0	5964	26149	40948	3	1	469762819	40942
1790958160455	939	1	766	521	0	5964	26149	40949	2	1	0	40947
1790958160455	939	1	766	521	0	5964	26150	40950	6	-1	-12	0
1790958160455	939	1	766	521	0	5964	26151	40951	6	-1	-12	0
1790958160455	939	1	766	521	0	5964	26152	40952	6	-1	-31	0
1790958160455	939	1	766	521	0	5964	26152	40953	1	-1	0	0
1790958160455	939	1	766	521	0	5964	26153	40954	3	1	469762819	40949
1790958160455	939	1	766	521	0	5964	26153	40955	6	-1	-12	0
1790958160455	939	1	766	521	0	5964	26153	40956	2	1	0	40953
1790958160455	939	1	766	521	0	5964	26154	40957	6	-1	7	0
1790958160455	939	1	766	521	0	5964	26154	40958	3	1	469762819	40956
1790958160455	940	1	766	521	0	5964	26155	40959	6	-1	-12	0
1790958160455	940	1	766	521	0	5964	26156	40960	6	-1	7	0
1790958160455	940	1	766	521	0	5964	26157	40961	6	-1	7	0
1790958160455	940	1	766	521	0	5964	26158	40962	6	-1	-12	0
1790958160455	940	1	766	521	0	5964	26159	40963	1	-1	0	0
1790958160455	940	1	766	521	0	5964	26159	40964	6	-1	-1	0
1790958160455	940	1	766	521	0	5964	26159	40965	2	1	0	40963
1790958160455	940	1	766	521	0	5964	26160	40966	6	-1	-1	0
1790958160455	940	1	766	521	0	5964	26161	40967	6	-1	7	0
1790958160455	940	1	766	521	0	5964	26162	40968	6	-1	7	0
1790958160455	940	1	766	521	0	5964	26163	40969	1	-1	0	0
1790958160455	940	1	766	521	0	5964	26163	40970	6	-1	33	0
1790958160455	940	1	766	521	0	5964	26163	40971	3	1	469762819	40965
1790958160455	940	1	766	521	0	5964	26163	40972	2	1	0	40969
1790958160455	940	1	766	521	0	5964	26164	40973	6	-1	17	0
1790958160455	940	1	766	521	0	5964	26165	40974	6	-1	7	0
1790958160455	940	1	766	521	0	5964	26166	40975	6	-1	-12	0
1790958160455	940	1	766	521	0	5964	26167	40976	1	-1	0	0
1790958160455	940	1	766	521	0	5964	26167	40977	6	-1	-12	0
1790958160455	940	1	766	521	0	5964	26167	40978	3	1	469762819	40972
1790958160455	940	1	766	521	0	5964	26167	40979	2	1	0	40976
1790958160455	940	1	766	521	0	5964	26168	40980	6	-1	-3	0
1790958160455	940	1	766	521	0	5964	26169	40981	6	-1	7	0
1790958160455	940	1	766	521	0	5964	26170	40982	6	-1	7	0
1790958160455	940	1	766	521	0	5964	26171	40983	1	-1	0	0
1790958160455	940	1	766	521	0	5964	26171	40984	6	-1	-1	0
1790958160455	940	1	766	521	0	5964	26171	40985	3	1	469762819	40979
1790958160455	940	1	766	521	0	5964	26171	40986	2	1	0	40983
1790958160455	940	1	766	521	0	5964	26172	40987	6	-1	-12	0
1790958160455	940	1	766	521	0	5964	26173	40988	6	-1	-12	0
1790958160455	940	1	766	521	0	5964	26174	40989	6	-1	-3	0
1790958160455	940	1	766	521	0	5964	26175	40990	6	-1	-22	0
1790958160455	940	1	766	521	0	5964	26175	40991	1	-1	0	0
1790958160455	940	1	766	521	0	5964	26175	40992	3	1	469762819	40986
1790958160455	940	1	766	521	0	5964	26175	40993	2	1	0	40991
1790958160455	940	1	766	521	0	5964	26176	40994	6	-1	7	0
1790958160455	940	1	766	521	0	5964	26176	40995	3	1	469762819	40993
1790958160455	941	1	766	521	0	5964	26177	40996	6	-1	7	0
1790958160455	941	1	766	521	0	5964	26178	40997	6	-1	15	0
1790958160455	941	1	766	521	0	5964	26179	40998	6	-1	7	0
1790958160455	941	1	766	521	0	5964	26180	40999	6	-1	-12	0
1790958160455	941	1	766	521	0	5964	26181	41000	1	-1	0	0
1790958160455	941	1	766	521	0	5964	26181	41001	6	-1	-39	0
1790958160455	941	1	766	521	0	5964	26181	41002	2	1	0	41000
1790958160455	941	1	766	521	0	5964	26182	41003	6	-1	-12	0
1790958160455	941	1	766	521	0	5964	26183	41004	6	-1	-12	0
1790958160455	941	1	766	521	0	5964	26184	41005	6	-1	7	0
1790958160455	941	1	766	521	0	5964	26185	41006	1	-1	0	0
1790958160455	941	1	766	521	0	5964	26185	41007	6	-1	7	0
1790958160455	941	1	766	521	0	5964	26185	41008	3	1	469762819	41002
1790958160455	941	1	766	521	0	5964	26185	41009	2	1	0	41006
1790958160455	941	1	766	521	0	5964	26186	41010	6	-1	-12	0
1790958160455	941	1	766	521	0	5964	26187	41011	6	-1	-1	0
1790958160455	941	1	766	521	0	5964	26188	41012	6	-1	-1	0
1790958160455	941	1	766	521	0	5964	26189	41013	6	-1	7	0
1790958160455	941	1	766	521	0	5964	26189	41014	1	-1	0	0
1790958160455	941	1	766	521	0	5964	26189	41015	3	1	469762819	41009
1790958160455	941	1	766	521	0	5964	26189	41016	2	1	0	41014
1790958160455	941	1	766	521	0	5964	26190	41017	6	-1	25	0
1790958160455	941	1	766	521	0	5964	26191	41018	6	-1	-12	0
1790958160455	941	1	766	521	0	5964	26192	41019	6	-1	7	0
1790958160455	941	1	766	521	0	5964	26193	41020	1	-1	0	0
1790958160455	941	1	766	521	0	5964	26193	41021	6	-1	7	0
1790958160455	941	1	766	521	0	5964	26193	41022	3	1	469762819	41016
1790958160455	941	1	766	521	0	5964	26193	41023	2	1	0	41020
1790958160455	941	1	766	521	0	5964	26193	41024	6	-1	15	0
1790958160455	941	1	766	521	0	5964	26195	41025	6	-1	7	0
1790958160455	941	1	766	521	0	5964	26196	41026	6	-1	15	0
1790958160455	941	1	766	521	0	5964	26196	41027	6	-1	7	0
1790958160455	941	1	766	521	0	5964	26197	41028	1	-1	0	0
1790958160455	941	1	766	521	0	5964	26197	41029	3	1	469762819	41023
1790958160455	941	1	766	521	0	5964	26197	41030	2	1	0	41028
1790958160455	941	1	766	521	0	5964	26198	41031	6	-1	7	0
1790958160455	941	1	766	521	0	5964	26198	41032	3	1	469762819	41030
1790958160507	942	1	766	521	0	5964	26199	41033	6	-1	-12	0
1790958160507	942	1	766	521	0	5964	26200	41034	6	-1	-12	0
1790958160507	942	1	766	521	0	5964	26201	41035	6	-1	-1	0
1790958160507	942	1	766	521	0	5964	26202	41036	6	-1	7	0
1790958160507	942	1	766	521	0	5964	26202	41037	6	-1	-22	0
1790958160507	942	1	766	521	0	5964	26203	41038	1	-1	0	0
1790958160507	942	1	766	521	0	5964	26203	41039	2	1	0	41038
1790958160507	942	1	766	521	0	5964	26204	41040	6	-1	-12	0
1790958160507	942	1	766	521	0	5964	26205	41041	6	-1	-12	0
1790958160507	942	1	766	521	0	5964	26206	41042	6	-1	-12	0
1790958160507	942	1	766	521	0	5964	26207	41043	1	-1	0	0
1790958160507	942	1	766	521	0	5964	26207	41044	6	-1	7	0
1790958160507	942	1	766	521	0	5964	26207	41045	3	1	469762819	41039
1790958160507	942	1	766	521	0	5964	26207	41046	2	1	0	41043
1790958160507	942	1	766	521	0	5964	26208	41047	6	-1	7	0
1790958160507	942	1	766	521	0	5964	26209	41048	6	-1	7	0
1790958160507	942	1	766	521	0	5964	26210	41049	6	-1	-12	0
1790958160507	942	1	766	521	0	5964	26211	41050	1	-1	0	0
1790958160507	942	1	766	521	0	5964	26211	41051	6	-1	7	0
1790958160507	942	1	766	521	0	5964	26211	41052	3	1	469762819	41046
1790958160507	942	1	766	521	0	5964	26211	41053	2	1	0	41050
1790958160507	942	1	766	521	0	5964	26212	41054	6	-1	15	0
1790958160507	942	1	766	521	0	5964	26213	41055	6	-1	7	0
1790958160507	942	1	766	521	0	5964	26214	41056	6	-1	7	0
1790958160507	942	1	766	521	0	5964	26215	41057	6	-1	7	0
1790958160507	942	1	766	521	0	5964	26215	41058	1	-1	0	0
1790958160507	942	1	766	521	0	5964	26215	41059	3	1	469762819	41053
1790958160507	942	1	766	521	0	5964	26215	41060	2	1	0	41058
1790958160507	942	1	766	521	0	5964	26216	41061	6	-1	25	0
1790958160507	942	1	766	521	0	5964	26217	41062	6	-1	7	0
1790958160507	942	1	766	521	0	5964	26218	41063	6	-1	7	0
1790958160507	942	1	766	521	0	5964	26219	41064	6	-1	-20	0
1790958160507	942	1	766	521	0	5964	26219	41065	1	-1	0	0
1790958160507	942	1	766	521	0	5964	26219	41066	3	1	469762819	41060
1790958160507	942	1	766	521	0	5964	26219	41067	2	1	0	41065
1790958160507	942	1	766	521	0	5964	26220	41068	6	-1	-12	0
1790958160507	942	1	766	521	0	5964	26220	41069	3	1	469762819	41067
1790958160507	943	1	766	521	0	5964	26221	41070	6	-1	7	0
1790958160507	943	1	766	521	0	5964	26222	41071	6	-1	7	0
1790958160507	943	1	766	521	0	5964	26223	41072	6	-1	-3	0
1790958160507	943	1	766	521	0	5964	26224	41073	6	-1	7	0
1790958160507	943	1	766	521	0	5964	26225	41074	6	-1	7	0
1790958160507	943	1	766	521	0	5964	26225	41075	1	-1	0	0
1790958160507	943	1	766	521	0	5964	26225	41076	2	1	0	41075
1790958160507	943	1	766	521	0	5964	26226	41077	6	-1	-3	0
1790958160507	943	1	766	521	0	5964	26227	41078	6	-1	-3	0
1790958160507	943	1	766	521	0	5964	26228	41079	6	-1	33	0
1790958160507	943	1	766	521	0	5964	26229	41080	1	-1	0	0
1790958160507	943	1	766	521	0	5964	26229	41081	3	1	469762819	41076
1790958160507	943	1	766	521	0	5964	26229	41082	6	-1	7	0
1790958160507	943	1	766	521	0	5964	26229	41083	2	1	0	41080
1790958160507	943	1	766	521	0	5964	26230	41084	6	-1	7	0
1790958160507	943	1	766	521	0	5964	26231	41085	6	-1	7	0
1790958160507	943	1	766	521	0	5964	26232	41086	6	-1	-12	0
1790958160507	943	1	766	521	0	5964	26233	41087	1	-1	0	0
1790958160507	943	1	766	521	0	5964	26233	41088	6	-1	15	0
1790958160507	943	1	766	521	0	5964	26233	41089	3	1	469762819	41083
1790958160507	943	1	766	521	0	5964	26233	41090	2	1	0	41087
1790958160507	943	1	766	521	0	5964	26234	41091	6	-1	-3	0
1790958160507	943	1	766	521	0	5964	26235	41092	6	-1	7	0
1790958160507	943	1	766	521	0	5964	26236	41093	6	-1	-3	0
1790958160507	943	1	766	521	0	5964	26237	41094	1	-1	0	0
1790958160507	943	1	766	521	0	5964	26237	41095	6	-1	7	0
1790958160507	943	1	766	521	0	5964	26237	41096	3	1	469762819	41090
1790958160507	943	1	766	521	0	5964	26237	41097	2	1	0	41094
1790958160507	943	1	766	521	0	5964	26238	41098	6	-1	7	0
1790958160507	943	1	766	521	0	5964	26239	41099	6	-1	-3	0
1790958160507	943	1	766	521	0	5964	26240	41100	6	-1	25	0
1790958160507	943	1	766	521	0	5964	26241	41101	1	-1	0	0
1790958160507	943	1	766	521	0	5964	26241	41102	6	-1	7	0
1790958160507	943	1	766	521	0	5964	26241	41103	3	1	469762819	41097
1790958160507	943	1	766	521	0	5964	26241	41104	2	1	0	41101
1790958160507	943	1	766	521	0	5964	26242	41105	6	-1	15	0
1790958160507	943	1	766	521	0	5964	26242	41106	3	1	469762819	41104
1790958160570	945	1	766	521	0	5964	26265	41144	6	-1	-12	0
1790958160570	945	1	766	521	0	5964	26266	41145	6	-1	-12	0
1790958160570	945	1	766	521	0	5964	26267	41146	6	-1	7	0
1790958160570	945	1	766	521	0	5964	26268	41147	6	-1	15	0
1790958160570	945	1	766	521	0	5964	26269	41148	1	-1	0	0
1790958160570	945	1	766	521	0	5964	26269	41149	6	-1	-3	0
1790958160570	945	1	766	521	0	5964	26269	41150	2	1	0	41148
1790958160570	945	1	766	521	0	5964	26270	41151	6	-1	-12	0
1790958160570	945	1	766	521	0	5964	26271	41152	6	-1	7	0
1790958160570	945	1	766	521	0	5964	26272	41153	6	-1	-12	0
1790958160570	945	1	766	521	0	5964	26273	41154	6	-1	7	0
1790958160570	945	1	766	521	0	5964	26273	41155	1	-1	0	0
1790958160570	945	1	766	521	0	5964	26273	41156	3	1	469762819	41150
1790958160570	945	1	766	521	0	5964	26273	41157	2	1	0	41155
1790958160570	945	1	766	521	0	5964	26274	41158	6	-1	7	0
1790958160570	945	1	766	521	0	5964	26275	41159	6	-1	7	0
1790958160570	945	1	766	521	0	5964	26276	41160	6	-1	7	0
1790958160570	945	1	766	521	0	5964	26277	41161	1	-1	0	0
1790958160570	945	1	766	521	0	5964	26277	41162	6	-1	7	0
1790958160570	945	1	766	521	0	5964	26277	41163	3	1	469762819	41157
1790958160570	945	1	766	521	0	5964	26277	41164	2	1	0	41161
1790958160570	945	1	766	521	0	5964	26278	41165	6	-1	7	0
1790958160570	945	1	766	521	0	5964	26279	41166	6	-1	7	0
1790958160570	945	1	766	521	0	5964	26280	41167	6	-1	15	0
1790958160570	945	1	766	521	0	5964	26281	41168	1	-1	0	0
1790958160570	945	1	766	521	0	5964	26281	41169	6	-1	-12	0
1790958160570	945	1	766	521	0	5964	26281	41170	3	1	469762819	41164
1790958160570	945	1	766	521	0	5964	26281	41171	2	1	0	41168
1790958160570	945	1	766	521	0	5964	26282	41172	6	-1	-1	0
1790958160570	945	1	766	521	0	5964	26283	41173	6	-1	15	0
1790958160570	945	1	766	521	0	5964	26284	41174	6	-1	7	0
1790958160570	945	1	766	521	0	5964	26285	41175	1	-1	0	0
1790958160570	945	1	766	521	0	5964	26285	41176	6	-1	7	0
1790958160570	945	1	766	521	0	5964	26285	41177	3	1	469762819	41171
1790958160570	945	1	766	521	0	5964	26285	41178	2	1	0	41175
1790958160570	945	1	766	521	0	5964	26286	41179	6	-1	-31	0
1790958160570	945	1	766	521	0	5964	26286	41180	3	1	469762819	41178
1790958160570	946	1	766	521	0	5964	26287	41181	6	-1	7	0
1790958160570	946	1	766	521	0	5964	26288	41182	6	-1	7	0
1790958160570	946	1	766	521	0	5964	26289	41183	6	-1	15	0
1790958160570	946	1	766	521	0	5964	26290	41184	6	-1	7	0
1790958160570	946	1	766	521	0	5964	26291	41185	1	-1	0	0
1790958160570	946	1	766	521	0	5964	26291	41186	6	-1	7	0
1790958160570	946	1	766	521	0	5964	26291	41187	2	1	0	41185
1790958160570	946	1	766	521	0	5964	26292	41188	6	-1	7	0
1790958160570	946	1	766	521	0	5964	26293	41189	6	-1	-12	0
1790958160570	946	1	766	521	0	5964	26294	41190	6	-1	-1	0
1790958160570	946	1	766	521	0	5964	26295	41191	6	-1	15	0
1790958160570	946	1	766	521	0	5964	26295	41192	1	-1	0	0
1790958160570	946	1	766	521	0	5964	26295	41193	3	1	469762819	41187
1790958160570	946	1	766	521	0	5964	26295	41194	2	1	0	41192
1790958160570	946	1	766	521	0	5964	26296	41195	6	-1	-12	0
1790958160570	946	1	766	521	0	5964	26297	41196	6	-1	-1	0
1790958160570	946	1	766	521	0	5964	26298	41197	6	-1	7	0
1790958160570	946	1	766	521	0	5964	26299	41198	1	-1	0	0
1790958160570	946	1	766	521	0	5964	26299	41199	3	1	469762819	41194
1790958160570	946	1	766	521	0	5964	26299	41200	6	-1	15	0
1790958160570	946	1	766	521	0	5964	26299	41201	2	1	0	41198
1790958160570	946	1	766	521	0	5964	26300	41202	6	-1	7	0
1790958160570	946	1	766	521	0	5964	26301	41203	6	-1	-12	0
1790958160570	946	1	766	521	0	5964	26302	41204	6	-1	-12	0
1790958160570	946	1	766	521	0	5964	26303	41205	1	-1	0	0
1790958160570	946	1	766	521	0	5964	26303	41206	6	-1	-12	0
1790958160570	946	1	766	521	0	5964	26303	41207	3	1	469762819	41201
1790958160570	946	1	766	521	0	5964	26303	41208	2	1	0	41205
1790958160570	946	1	766	521	0	5964	26304	41209	6	-1	7	0
1790958160570	946	1	766	521	0	5964	26305	41210	6	-1	7	0
1790958160570	946	1	766	521	0	5964	26306	41211	6	-1	7	0
1790958160570	946	1	766	521	0	5964	26307	41212	1	-1	0	0
1790958160570	946	1	766	521	0	5964	26307	41213	6	-1	-12	0
1790958160570	946	1	766	521	0	5964	26307	41214	3	1	469762819	41208
1790958160570	946	1	766	521	0	5964	26307	41215	2	1	0	41212
1790958160570	946	1	766	521	0	5964	26308	41216	6	-1	-12	0
1790958160570	946	1	766	521	0	5964	26308	41217	3	1	469762819	41215
1790958160570	947	1	766	521	0	5964	26309	41218	6	-1	-12	0
1790958160570	947	1	766	521	0	5964	26310	41219	6	-1	15	0
1790958160570	947	1	766	521	0	5964	26311	41220	6	-1	7	0
1790958160570	947	1	766	521	0	5964	26312	41221	6	-1	-12	0
1790958160570	947	1	766	521	0	5964	26313	41222	1	-1	0	0
1790958160570	947	1	766	521	0	5964	26313	41223	6	-1	7	0
1790958160570	947	1	766	521	0	5964	26313	41224	2	1	0	41222
1790958160570	947	1	766	521	0	5964	26314	41225	6	-1	-12	0
1790958160570	947	1	766	521	0	5964	26315	41226	6	-1	15	0
1790958160570	947	1	766	521	0	5964	26316	41227	6	-1	7	0
1790958160570	947	1	766	521	0	5964	26317	41228	1	-1	0	0
1790958160570	947	1	766	521	0	5964	26317	41229	6	-1	-12	0
1790958160570	947	1	766	521	0	5964	26317	41230	3	1	469762819	41224
1790958160570	947	1	766	521	0	5964	26317	41231	2	1	0	41228
1790958160570	947	1	766	521	0	5964	26318	41232	6	-1	-12	0
1790958160570	947	1	766	521	0	5964	26319	41233	6	-1	-3	0
1790958160570	947	1	766	521	0	5964	26320	41234	6	-1	-12	0
1790958160570	947	1	766	521	0	5964	26321	41235	1	-1	0	0
1790958160570	947	1	766	521	0	5964	26321	41236	6	-1	7	0
1790958160570	947	1	766	521	0	5964	26321	41237	3	1	469762819	41231
1790958160570	947	1	766	521	0	5964	26321	41238	2	1	0	41235
1790958160570	947	1	766	521	0	5964	26322	41239	6	-1	25	0
1790958160570	947	1	766	521	0	5964	26323	41240	6	-1	-12	0
1790958160570	947	1	766	521	0	5964	26324	41241	6	-1	7	0
1790958160570	947	1	766	521	0	5964	26325	41242	6	-1	25	0
1790958160570	947	1	766	521	0	5964	26325	41243	1	-1	0	0
1790958160570	947	1	766	521	0	5964	26325	41244	3	1	469762819	41238
1790958160570	947	1	766	521	0	5964	26325	41245	2	1	0	41243
1790958160570	947	1	766	521	0	5964	26326	41246	6	-1	-12	0
1790958160570	947	1	766	521	0	5964	26327	41247	6	-1	15	0
1790958160570	947	1	766	521	0	5964	26328	41248	6	-1	-1	0
1790958160570	947	1	766	521	0	5964	26329	41249	6	-1	-12	0
1790958160570	947	1	766	521	0	5964	26329	41250	1	-1	0	0
1790958160570	947	1	766	521	0	5964	26329	41251	3	1	469762819	41245
1790958160570	947	1	766	521	0	5964	26329	41252	2	1	0	41250
1790958160570	947	1	766	521	0	5964	26330	41253	6	-1	15	0
1790958160570	947	1	766	521	0	5964	26330	41254	3	1	469762819	41252
1790958160638	948	1	766	521	0	5964	26331	41255	6	-1	15	0
1790958160638	948	1	766	521	0	5964	26332	41256	6	-1	7	0
1790958160638	948	1	766	521	0	5964	26333	41257	6	-1	-12	0
1790958160638	948	1	766	521	0	5964	26334	41258	6	-1	-20	0
1790958160638	948	1	766	521	0	5964	26335	41259	6	-1	-12	0
1790958160638	948	1	766	521	0	5964	26335	41260	1	-1	0	0
1790958160638	948	1	766	521	0	5964	26335	41261	2	1	0	41260
1790958160638	948	1	766	521	0	5964	26336	41262	6	-1	7	0
1790958160638	948	1	766	521	0	5964	26337	41263	6	-1	25	0
1790958160638	948	1	766	521	0	5964	26338	41264	6	-1	-12	0
1790958160638	948	1	766	521	0	5964	26339	41265	1	-1	0	0
1790958160638	948	1	766	521	0	5964	26339	41266	6	-1	7	0
1790958160638	948	1	766	521	0	5964	26339	41267	3	1	469762819	41261
1790958160638	948	1	766	521	0	5964	26339	41268	2	1	0	41265
1790958160638	948	1	766	521	0	5964	26339	41269	6	-1	25	0
1790958160638	948	1	766	521	0	5964	26341	41270	6	-1	-12	0
1790958160638	948	1	766	521	0	5964	26341	41271	6	-1	-12	0
1790958160638	948	1	766	521	0	5964	26343	41272	6	-1	15	0
1790958160638	948	1	766	521	0	5964	26343	41273	1	-1	0	0
1790958160638	948	1	766	521	0	5964	26343	41274	3	1	469762819	41268
1790958160638	948	1	766	521	0	5964	26343	41275	2	1	0	41273
1790958160638	948	1	766	521	0	5964	26344	41276	6	-1	7	0
1790958160638	948	1	766	521	0	5964	26345	41277	6	-1	25	0
1790958160638	948	1	766	521	0	5964	26346	41278	6	-1	-12	0
1790958160638	948	1	766	521	0	5964	26347	41279	1	-1	0	0
1790958160638	948	1	766	521	0	5964	26347	41280	6	-1	-12	0
1790958160638	948	1	766	521	0	5964	26347	41281	3	1	469762819	41275
1790958160638	948	1	766	521	0	5964	26347	41282	2	1	0	41279
1790958160638	948	1	766	521	0	5964	26348	41283	6	-1	7	0
1790958160638	948	1	766	521	0	5964	26349	41284	6	-1	15	0
1790958160638	948	1	766	521	0	5964	26350	41285	6	-1	7	0
1790958160638	948	1	766	521	0	5964	26351	41286	1	-1	0	0
1790958160638	948	1	766	521	0	5964	26351	41287	6	-1	-1	0
1790958160638	948	1	766	521	0	5964	26351	41288	3	1	469762819	41282
1790958160638	948	1	766	521	0	5964	26351	41289	2	1	0	41286
1790958160638	948	1	766	521	0	5964	26352	41290	6	-1	-12	0
1790958160638	948	1	766	521	0	5964	26352	41291	3	1	469762819	41289
1790958160638	949	1	766	521	0	5964	26353	41292	6	-1	-1	0
1790958160638	949	1	766	521	0	5964	26354	41293	6	-1	-3	0
1790958160638	949	1	766	521	0	5964	26355	41294	6	-1	15	0
1790958160638	949	1	766	521	0	5964	26356	41295	6	-1	7	0
1790958160638	949	1	766	521	0	5964	26357	41296	6	-1	15	0
1790958160638	949	1	766	521	0	5964	26357	41297	1	-1	0	0
1790958160638	949	1	766	521	0	5964	26357	41298	2	1	0	41297
1790958160638	949	1	766	521	0	5964	26358	41299	6	-1	7	0
1790958160638	949	1	766	521	0	5964	26359	41300	6	-1	7	0
1790958160638	949	1	766	521	0	5964	26360	41301	6	-1	25	0
1790958160638	949	1	766	521	0	5964	26361	41302	1	-1	0	0
1790958160638	949	1	766	521	0	5964	26361	41303	6	-1	7	0
1790958160638	949	1	766	521	0	5964	26361	41304	3	1	469762819	41298
1790958160638	949	1	766	521	0	5964	26361	41305	2	1	0	41302
1790958160638	949	1	766	521	0	5964	26362	41306	6	-1	-1	0
1790958160638	949	1	766	521	0	5964	26363	41307	6	-1	15	0
1790958160638	949	1	766	521	0	5964	26364	41308	6	-1	7	0
1790958160638	949	1	766	521	0	5964	26365	41309	1	-1	0	0
1790958160638	949	1	766	521	0	5964	26365	41310	3	1	469762819	41305
1790958160638	949	1	766	521	0	5964	26365	41311	2	1	0	41309
1790958160638	949	1	766	521	0	5964	26365	41312	6	-1	7	0
1790958160638	949	1	766	521	0	5964	26366	41313	6	-1	-1	0
1790958160638	949	1	766	521	0	5964	26367	41314	6	-1	-12	0
1790958160638	949	1	766	521	0	5964	26368	41315	6	-1	15	0
1790958160638	949	1	766	521	0	5964	26369	41316	1	-1	0	0
1790958160638	949	1	766	521	0	5964	26369	41317	3	1	469762819	41311
1790958160638	949	1	766	521	0	5964	26369	41318	6	-1	-12	0
1790958160638	949	1	766	521	0	5964	26369	41319	2	1	0	41316
1790958160638	949	1	766	521	0	5964	26370	41320	6	-1	7	0
1790958160638	949	1	766	521	0	5964	26371	41321	6	-1	-31	0
1790958160638	949	1	766	521	0	5964	26372	41322	6	-1	-12	0
1790958160638	949	1	766	521	0	5964	26373	41323	1	-1	0	0
1790958160638	949	1	766	521	0	5964	26373	41324	3	1	469762819	41319
1790958160638	949	1	766	521	0	5964	26373	41325	6	-1	-12	0
1790958160638	949	1	766	521	0	5964	26373	41326	2	1	0	41323
1790958160638	949	1	766	521	0	5964	26374	41327	6	-1	-12	0
1790958160638	949	1	766	521	0	5964	26374	41328	3	1	469762819	41326
1790958160638	950	1	766	521	0	5964	26375	41329	6	-1	15	0
1790958160638	950	1	766	521	0	5964	26376	41330	6	-1	7	0
1790958160638	950	1	766	521	0	5964	26377	41331	6	-1	15	0
1790958160638	950	1	766	521	0	5964	26378	41332	6	-1	-12	0
1790958160638	950	1	766	521	0	5964	26379	41333	1	-1	0	0
1790958160638	950	1	766	521	0	5964	26379	41334	6	-1	-31	0
1790958160638	950	1	766	521	0	5964	26379	41335	2	1	0	41333
1790958160638	950	1	766	521	0	5964	26380	41336	6	-1	-1	0
1790958160638	950	1	766	521	0	5964	26381	41337	6	-1	7	0
1790958160638	950	1	766	521	0	5964	26382	41338	6	-1	-12	0
1790958160638	950	1	766	521	0	5964	26383	41339	1	-1	0	0
1790958160638	950	1	766	521	0	5964	26383	41340	6	-1	-3	0
1790958160638	950	1	766	521	0	5964	26383	41341	3	1	469762819	41335
1790958160638	950	1	766	521	0	5964	26383	41342	2	1	0	41339
1790958160638	950	1	766	521	0	5964	26384	41343	6	-1	7	0
1790958160638	950	1	766	521	0	5964	26385	41344	6	-1	7	0
1790958160638	950	1	766	521	0	5964	26386	41345	6	-1	-12	0
1790958160638	950	1	766	521	0	5964	26387	41346	1	-1	0	0
1790958160638	950	1	766	521	0	5964	26387	41347	6	-1	15	0
1790958160638	950	1	766	521	0	5964	26387	41348	3	1	469762819	41342
1790958160638	950	1	766	521	0	5964	26387	41349	2	1	0	41346
1790958160638	950	1	766	521	0	5964	26388	41350	6	-1	7	0
1790958160638	950	1	766	521	0	5964	26389	41351	6	-1	-12	0
1790958160638	950	1	766	521	0	5964	26390	41352	6	-1	7	0
1790958160638	950	1	766	521	0	5964	26391	41353	1	-1	0	0
1790958160638	950	1	766	521	0	5964	26391	41354	6	-1	-3	0
1790958160638	950	1	766	521	0	5964	26391	41355	3	1	469762819	41349
1790958160638	950	1	766	521	0	5964	26391	41356	2	1	0	41353
1790958160638	950	1	766	521	0	5964	26392	41357	6	-1	-20	0
1790958160638	950	1	766	521	0	5964	26393	41358	6	-1	25	0
1790958160638	950	1	766	521	0	5964	26394	41359	6	-1	-20	0
1790958160638	950	1	766	521	0	5964	26395	41360	1	-1	0	0
1790958160638	950	1	766	521	0	5964	26395	41361	6	-1	-22	0
1790958160638	950	1	766	521	0	5964	26395	41362	3	1	469762819	41356
1790958160638	950	1	766	521	0	5964	26395	41363	2	1	0	41360
1790958160638	950	1	766	521	0	5964	26396	41364	6	-1	-12	0
1790958160638	950	1	766	521	0	5964	26396	41365	3	1	469762819	41363
1790958160706	951	1	766	521	0	5964	26397	41366	6	-1	25	0
1790958160706	951	1	766	521	0	5964	26398	41367	6	-1	7	0
1790958160706	951	1	766	521	0	5964	26399	41368	6	-1	-12	0
1790958160706	951	1	766	521	0	5964	26400	41369	6	-1	-20	0
1790958160706	951	1	766	521	0	5964	26401	41370	1	-1	0	0
1790958160706	951	1	766	521	0	5964	26401	41371	6	-1	7	0
1790958160706	951	1	766	521	0	5964	26401	41372	2	1	0	41370
1790958160706	951	1	766	521	0	5964	26402	41373	6	-1	-12	0
1790958160706	951	1	766	521	0	5964	26403	41374	6	-1	7	0
1790958160706	951	1	766	521	0	5964	26404	41375	6	-1	-1	0
1790958160706	951	1	766	521	0	5964	26405	41376	1	-1	0	0
1790958160706	951	1	766	521	0	5964	26405	41377	6	-1	7	0
1790958160706	951	1	766	521	0	5964	26405	41378	3	1	469762819	41372
1790958160706	951	1	766	521	0	5964	26405	41379	2	1	0	41376
1790958160706	951	1	766	521	0	5964	26406	41380	6	-1	-12	0
1790958160706	951	1	766	521	0	5964	26407	41381	6	-1	-12	0
1790958160706	951	1	766	521	0	5964	26408	41382	6	-1	-20	0
1790958160706	951	1	766	521	0	5964	26409	41383	1	-1	0	0
1790958160706	951	1	766	521	0	5964	26409	41384	6	-1	-12	0
1790958160706	951	1	766	521	0	5964	26409	41385	3	1	469762819	41379
1790958160706	951	1	766	521	0	5964	26409	41386	2	1	0	41383
1790958160706	951	1	766	521	0	5964	26410	41387	6	-1	7	0
1790958160706	951	1	766	521	0	5964	26411	41388	6	-1	7	0
1790958160706	951	1	766	521	0	5964	26412	41389	6	-1	-12	0
1790958160706	951	1	766	521	0	5964	26413	41390	6	-1	7	0
1790958160706	951	1	766	521	0	5964	26413	41391	1	-1	0	0
1790958160706	951	1	766	521	0	5964	26413	41392	3	1	469762819	41386
1790958160706	951	1	766	521	0	5964	26413	41393	2	1	0	41391
1790958160706	951	1	766	521	0	5964	26414	41394	6	-1	7	0
1790958160706	951	1	766	521	0	5964	26415	41395	6	-1	7	0
1790958160706	951	1	766	521	0	5964	26416	41396	6	-1	-12	0
1790958160706	951	1	766	521	0	5964	26417	41397	1	-1	0	0
1790958160706	951	1	766	521	0	5964	26417	41398	6	-1	-12	0
1790958160706	951	1	766	521	0	5964	26417	41399	3	1	469762819	41393
1790958160706	951	1	766	521	0	5964	26417	41400	2	1	0	41397
1790958160706	951	1	766	521	0	5964	26418	41401	6	-1	7	0
1790958160706	951	1	766	521	0	5964	26418	41402	3	1	469762819	41400
1790958160706	952	1	766	521	0	5964	26419	41403	6	-1	7	0
1790958160706	952	1	766	521	0	5964	26420	41404	6	-1	-3	0
1790958160706	952	1	766	521	0	5964	26421	41405	6	-1	-12	0
1790958160706	952	1	766	521	0	5964	26422	41406	6	-1	7	0
1790958160706	952	1	766	521	0	5964	26423	41407	1	-1	0	0
1790958160706	952	1	766	521	0	5964	26423	41408	6	-1	7	0
1790958160706	952	1	766	521	0	5964	26423	41409	2	1	0	41407
1790958160706	952	1	766	521	0	5964	26424	41410	6	-1	15	0
1790958160706	952	1	766	521	0	5964	26425	41411	6	-1	7	0
1790958160706	952	1	766	521	0	5964	26426	41412	6	-1	-12	0
1790958160706	952	1	766	521	0	5964	26427	41413	6	-1	7	0
1790958160706	952	1	766	521	0	5964	26427	41414	1	-1	0	0
1790958160706	952	1	766	521	0	5964	26427	41415	3	1	469762819	41409
1790958160706	952	1	766	521	0	5964	26427	41416	2	1	0	41414
1790958160706	952	1	766	521	0	5964	26428	41417	6	-1	7	0
1790958160706	952	1	766	521	0	5964	26429	41418	6	-1	-3	0
1790958160706	952	1	766	521	0	5964	26430	41419	6	-1	7	0
1790958160706	952	1	766	521	0	5964	26431	41420	1	-1	0	0
1790958160706	952	1	766	521	0	5964	26431	41421	6	-1	-1	0
1790958160706	952	1	766	521	0	5964	26431	41422	3	1	469762819	41416
1790958160706	952	1	766	521	0	5964	26431	41423	2	1	0	41420
1790958160706	952	1	766	521	0	5964	26432	41424	6	-1	7	0
1790958160706	952	1	766	521	0	5964	26433	41425	6	-1	-39	0
1790958160706	952	1	766	521	0	5964	26434	41426	6	-1	15	0
1790958160706	952	1	766	521	0	5964	26435	41427	1	-1	0	0
1790958160706	952	1	766	521	0	5964	26435	41428	6	-1	-3	0
1790958160706	952	1	766	521	0	5964	26435	41429	3	1	469762819	41423
1790958160706	952	1	766	521	0	5964	26435	41430	2	1	0	41427
1790958160706	952	1	766	521	0	5964	26436	41431	6	-1	15	0
1790958160706	952	1	766	521	0	5964	26437	41432	6	-1	-12	0
1790958160706	952	1	766	521	0	5964	26438	41433	6	-1	-3	0
1790958160706	952	1	766	521	0	5964	26439	41434	1	-1	0	0
1790958160706	952	1	766	521	0	5964	26439	41435	3	1	469762819	41430
1790958160706	952	1	766	521	0	5964	26439	41436	6	-1	-12	0
1790958160706	952	1	766	521	0	5964	26439	41437	2	1	0	41434
1790958160706	952	1	766	521	0	5964	26440	41438	6	-1	15	0
1790958160706	952	1	766	521	0	5964	26440	41439	3	1	469762819	41437
1790958160706	953	1	766	521	0	5964	26441	41440	6	-1	-12	0
1790958160706	953	1	766	521	0	5964	26442	41441	6	-1	24	0
1790958160706	953	1	766	521	0	5964	26443	41442	6	-1	-31	0
1790958160706	953	1	766	521	0	5964	26444	41443	6	-1	-12	0
1790958160706	953	1	766	521	0	5964	26445	41444	1	-1	0	0
1790958160706	953	1	766	521	0	5964	26445	41445	6	-1	7	0
1790958160706	953	1	766	521	0	5964	26445	41446	2	1	0	41444
1790958160706	953	1	766	521	0	5964	26446	41447	6	-1	7	0
1790958160706	953	1	766	521	0	5964	26447	41448	6	-1	24	0
1790958160706	953	1	766	521	0	5964	26448	41449	6	-1	7	0
1790958160706	953	1	766	521	0	5964	26449	41450	1	-1	0	0
1790958160706	953	1	766	521	0	5964	26449	41451	3	1	469762819	41446
1790958160706	953	1	766	521	0	5964	26449	41452	6	-1	15	0
1790958160706	953	1	766	521	0	5964	26449	41453	2	1	0	41450
1790958160706	953	1	766	521	0	5964	26450	41454	6	-1	7	0
1790958160706	953	1	766	521	0	5964	26451	41455	6	-1	15	0
1790958160706	953	1	766	521	0	5964	26452	41456	6	-1	7	0
1790958160706	953	1	766	521	0	5964	26453	41457	1	-1	0	0
1790958160706	953	1	766	521	0	5964	26453	41458	3	1	469762819	41453
1790958160706	953	1	766	521	0	5964	26453	41459	6	-1	25	0
1790958160706	953	1	766	521	0	5964	26453	41460	2	1	0	41457
1790958160706	953	1	766	521	0	5964	26454	41461	6	-1	33	0
1790958160706	953	1	766	521	0	5964	26455	41462	6	-1	-12	0
1790958160706	953	1	766	521	0	5964	26456	41463	6	-1	15	0
1790958160706	953	1	766	521	0	5964	26457	41464	1	-1	0	0
1790958160706	953	1	766	521	0	5964	26457	41465	6	-1	-20	0
1790958160706	953	1	766	521	0	5964	26457	41466	3	1	469762819	41460
1790958160706	953	1	766	521	0	5964	26457	41467	2	1	0	41464
1790958160706	953	1	766	521	0	5964	26458	41468	6	-1	7	0
1790958160706	953	1	766	521	0	5964	26459	41469	6	-1	15	0
1790958160706	953	1	766	521	0	5964	26460	41470	6	-1	-3	0
1790958160706	953	1	766	521	0	5964	26461	41471	1	-1	0	0
1790958160706	953	1	766	521	0	5964	26461	41472	6	-1	-12	0
1790958160706	953	1	766	521	0	5964	26461	41473	3	1	469762819	41467
1790958160706	953	1	766	521	0	5964	26461	41474	2	1	0	41471
1790958160706	953	1	766	521	0	5964	26462	41475	6	-1	-12	0
1790958160706	953	1	766	521	0	5964	26462	41476	3	1	469762819	41474
1790958160774	954	1	766	521	0	5964	26463	41477	6	-1	-12	0
1790958160774	954	1	766	521	0	5964	26464	41478	6	-1	-12	0
1790958160774	954	1	766	521	0	5964	26465	41479	6	-1	15	0
1790958160774	954	1	766	521	0	5964	26466	41480	6	-1	-12	0
1790958160774	954	1	766	521	0	5964	26467	41481	1	-1	0	0
1790958160774	954	1	766	521	0	5964	26467	41482	6	-1	-31	0
1790958160774	954	1	766	521	0	5964	26467	41483	2	1	0	41481
1790958160774	954	1	766	521	0	5964	26468	41484	6	-1	15	0
1790958160774	954	1	766	521	0	5964	26469	41485	6	-1	25	0
1790958160774	954	1	766	521	0	5964	26470	41486	6	-1	7	0
1790958160774	954	1	766	521	0	5964	26471	41487	1	-1	0	0
1790958160774	954	1	766	521	0	5964	26471	41488	6	-1	-12	0
1790958160774	954	1	766	521	0	5964	26471	41489	3	1	469762819	41483
1790958160774	954	1	766	521	0	5964	26471	41490	2	1	0	41487
1790958160774	954	1	766	521	0	5964	26472	41491	6	-1	-12	0
1790958160774	954	1	766	521	0	5964	26473	41492	6	-1	-3	0
1790958160774	954	1	766	521	0	5964	26474	41493	6	-1	7	0
1790958160774	954	1	766	521	0	5964	26475	41494	1	-1	0	0
1790958160774	954	1	766	521	0	5964	26475	41495	6	-1	15	0
1790958160774	954	1	766	521	0	5964	26475	41496	3	1	469762819	41490
1790958160774	954	1	766	521	0	5964	26475	41497	2	1	0	41494
1790958160774	954	1	766	521	0	5964	26476	41498	6	-1	-1	0
1790958160774	954	1	766	521	0	5964	26477	41499	6	-1	-12	0
1790958160774	954	1	766	521	0	5964	26478	41500	6	-1	7	0
1790958160774	954	1	766	521	0	5964	26479	41501	1	-1	0	0
1790958160774	954	1	766	521	0	5964	26479	41502	6	-1	7	0
1790958160774	954	1	766	521	0	5964	26479	41503	3	1	469762819	41497
1790958160774	954	1	766	521	0	5964	26479	41504	2	1	0	41501
1790958160774	954	1	766	521	0	5964	26480	41505	6	-1	-12	0
1790958160774	954	1	766	521	0	5964	26481	41506	6	-1	7	0
1790958160774	954	1	766	521	0	5964	26482	41507	6	-1	-12	0
1790958160774	954	1	766	521	0	5964	26483	41508	6	-1	7	0
1790958160774	954	1	766	521	0	5964	26483	41509	1	-1	0	0
1790958160774	954	1	766	521	0	5964	26483	41510	3	1	469762819	41504
1790958160774	954	1	766	521	0	5964	26483	41511	2	1	0	41509
1790958160774	954	1	766	521	0	5964	26484	41512	6	-1	-12	0
1790958160774	954	1	766	521	0	5964	26484	41513	3	1	469762819	41511
1790958160774	955	1	766	521	0	5964	26485	41514	6	-1	7	0
1790958160774	955	1	766	521	0	5964	26486	41515	6	-1	7	0
1790958160774	955	1	766	521	0	5964	26487	41516	6	-1	7	0
1790958160774	955	1	766	521	0	5964	26488	41517	6	-1	-3	0
1790958160774	955	1	766	521	0	5964	26489	41518	1	-1	0	0
1790958160774	955	1	766	521	0	5964	26489	41519	6	-1	15	0
1790958160774	955	1	766	521	0	5964	26489	41520	2	1	0	41518
1790958160774	955	1	766	521	0	5964	26490	41521	6	-1	7	0
1790958160774	955	1	766	521	0	5964	26491	41522	6	-1	7	0
1790958160774	955	1	766	521	0	5964	26492	41523	6	-1	-12	0
1790958160774	955	1	766	521	0	5964	26493	41524	1	-1	0	0
1790958160774	955	1	766	521	0	5964	26493	41525	6	-1	-3	0
1790958160774	955	1	766	521	0	5964	26493	41526	3	1	469762819	41520
1790958160774	955	1	766	521	0	5964	26493	41527	2	1	0	41524
1790958160774	955	1	766	521	0	5964	26494	41528	6	-1	7	0
1790958160774	955	1	766	521	0	5964	26495	41529	6	-1	-12	0
1790958160774	955	1	766	521	0	5964	26496	41530	6	-1	7	0
1790958160774	955	1	766	521	0	5964	26497	41531	6	-1	-12	0
1790958160774	955	1	766	521	0	5964	26497	41532	1	-1	0	0
1790958160774	955	1	766	521	0	5964	26497	41533	3	1	469762819	41527
1790958160774	955	1	766	521	0	5964	26497	41534	2	1	0	41532
1790958160774	955	1	766	521	0	5964	26498	41535	6	-1	15	0
1790958160774	955	1	766	521	0	5964	26499	41536	6	-1	7	0
1790958160774	955	1	766	521	0	5964	26500	41537	6	-1	7	0
1790958160774	955	1	766	521	0	5964	26501	41538	1	-1	0	0
1790958160774	955	1	766	521	0	5964	26501	41539	6	-1	7	0
1790958160774	955	1	766	521	0	5964	26501	41540	3	1	469762819	41534
1790958160774	955	1	766	521	0	5964	26501	41541	2	1	0	41538
1790958160774	955	1	766	521	0	5964	26502	41542	6	-1	7	0
1790958160774	955	1	766	521	0	5964	26503	41543	6	-1	25	0
1790958160774	955	1	766	521	0	5964	26504	41544	6	-1	25	0
1790958160774	955	1	766	521	0	5964	26505	41545	1	-1	0	0
1790958160774	955	1	766	521	0	5964	26505	41546	6	-1	33	0
1790958160774	955	1	766	521	0	5964	26505	41547	3	1	469762819	41541
1790958160774	955	1	766	521	0	5964	26505	41548	2	1	0	41545
1790958160774	955	1	766	521	0	5964	26506	41549	6	-1	7	0
1790958160774	955	1	766	521	0	5964	26506	41550	3	1	469762819	41548
1790958160774	956	1	766	521	0	5964	26507	41551	6	-1	-12	0
1790958160774	956	1	766	521	0	5964	26508	41552	6	-1	-12	0
1790958160774	956	1	766	521	0	5964	26509	41553	6	-1	-12	0
1790958160774	956	1	766	521	0	5964	26510	41554	6	-1	-12	0
1790958160774	956	1	766	521	0	5964	26511	41555	6	-1	7	0
1790958160774	956	1	766	521	0	5964	26511	41556	1	-1	0	0
1790958160774	956	1	766	521	0	5964	26511	41557	2	1	0	41556
1790958160774	956	1	766	521	0	5964	26512	41558	6	-1	-12	0
1790958160774	956	1	766	521	0	5964	26513	41559	6	-1	7	0
1790958160774	956	1	766	521	0	5964	26514	41560	6	-1	15	0
1790958160774	956	1	766	521	0	5964	26515	41561	6	-1	15	0
1790958160774	956	1	766	521	0	5964	26515	41562	1	-1	0	0
1790958160774	956	1	766	521	0	5964	26515	41563	3	1	469762819	41557
1790958160774	956	1	766	521	0	5964	26515	41564	2	1	0	41562
1790958160774	956	1	766	521	0	5964	26516	41565	6	-1	7	0
1790958160774	956	1	766	521	0	5964	26517	41566	6	-1	-12	0
1790958160774	956	1	766	521	0	5964	26518	41567	6	-1	-3	0
1790958160774	956	1	766	521	0	5964	26519	41568	1	-1	0	0
1790958160774	956	1	766	521	0	5964	26519	41569	6	-1	15	0
1790958160774	956	1	766	521	0	5964	26519	41570	3	1	469762819	41564
1790958160774	956	1	766	521	0	5964	26519	41571	2	1	0	41568
1790958160774	956	1	766	521	0	5964	26520	41572	6	-1	7	0
1790958160774	956	1	766	521	0	5964	26521	41573	6	-1	15	0
1790958160774	956	1	766	521	0	5964	26522	41574	6	-1	15	0
1790958160774	956	1	766	521	0	5964	26523	41575	1	-1	0	0
1790958160774	956	1	766	521	0	5964	26523	41576	6	-1	-12	0
1790958160774	956	1	766	521	0	5964	26523	41577	3	1	469762819	41571
1790958160774	956	1	766	521	0	5964	26523	41578	2	1	0	41575
1790958160774	956	1	766	521	0	5964	26524	41579	6	-1	-12	0
1790958160774	956	1	766	521	0	5964	26525	41580	6	-1	7	0
1790958160774	956	1	766	521	0	5964	26526	41581	6	-1	17	0
1790958160774	956	1	766	521	0	5964	26527	41582	1	-1	0	0
1790958160774	956	1	766	521	0	5964	26527	41583	6	-1	-12	0
1790958160774	956	1	766	521	0	5964	26527	41584	3	1	469762819	41578
1790958160774	956	1	766	521	0	5964	26527	41585	2	1	0	41582
1790958160774	956	1	766	521	0	5964	26528	41586	6	-1	15	0
1790958160774	956	1	766	521	0	5964	26528	41587	3	1	469762819	41585
