host_rx_ms	timestamp_ms	seq	version	payload_size	status_flags	remote_control_flags	gimbal_mode	gimbal_motor_online_bitmap	can_link_bitmap	gimbal_cmd_yaw_deg	gimbal_cmd_pitch_deg	gimbal_cmd_chassis_rotate_wz	gimbal_yaw_target_deg	gimbal_yaw_actual_deg	gimbal_yaw_error_deg	gimbal_yaw_target_deg_s	gimbal_yaw_actual_deg_s	gimbal_yaw_speed_error_deg_s	gimbal_pitch_target_deg	gimbal_pitch_actual_deg	gimbal_pitch_error_deg	gimbal_pitch_target_deg_s	gimbal_pitch_actual_deg_s	gimbal_pitch_speed_error_deg_s	imu_pitch_deg	imu_yaw_deg	imu_roll_deg	imu_gyro_x_deg_s	imu_gyro_y_deg_s	imu_gyro_z_deg_s	vision_meta_flags	vision_recv_sp_mode	vision_send_sp_mode	vision_recv_yaw_raw_rad	vision_recv_yaw_raw_deg	vision_recv_yaw_vel_raw_rad_s	vision_recv_yaw_vel_raw_deg_s	vision_recv_yaw_acc_raw_rad_s2	vision_recv_yaw_acc_raw_deg_s2	vision_recv_pitch_raw_rad	vision_recv_pitch_raw_deg	vision_recv_pitch_vel_raw_rad_s	vision_recv_pitch_vel_raw_deg_s	vision_recv_pitch_acc_raw_rad_s2	vision_recv_pitch_acc_raw_deg_s2	vision_send_q0	vision_send_q1	vision_send_q2	vision_send_q3	vision_send_yaw_raw_rad	vision_send_yaw_raw_deg	vision_send_yaw_vel_raw_rad_s	vision_send_yaw_vel_raw_deg_s	vision_send_pitch_raw_rad	vision_send_pitch_raw_deg	vision_send_pitch_vel_raw_rad_s	vision_send_pitch_vel_raw_deg_s	vision_send_bullet_speed_mps	vision_send_bullet_count	shoot_bullet_speed	shoot_rest_heat	shoot_rate	shoot_loader_speed_aps	shoot_friction_l_speed_aps	shoot_friction_r_speed_aps	chassis_cmd_vx	chassis_cmd_vy	chassis_cmd_wz
1789546901051	487	0	7	288	12	0	0	3	0	0	0	0	26.103515625	26.103515625	0	0	0	0	90.307617188	90.307617188	0	0	0	0	0	0	0	0	0	0	0	0	0	0	0	0	0	0	0	0	0	0	0	0	0	0	0	0	0	0	0	0	0	0	0	0	0	0	0	0	0	0	0	0	0	0	0	0
1789546901051	701	1	7	288	12	0	0	3	0	0	0	0	26.103515625	26.103515625	0	0	0	0	90.307617188	90.307617188	0	0	0	0	0	0	0	0	0	0	0	0	0	0	0	0	0	0	0	0	0	0	0	0	0	0	0	0	0	0	0	0	0	0	0	0	0	0	0	0	0	0	0	0	0	0	0	0
1789546901051	724	2	7	288	12	0	0	3	0	0	0	0	26.103515625	26.103515625	0	0	0	0	90.307617188	90.307617188	0	0	0	0	0	0	0	0	0	0	0	0	0	0	0	0	0	0	0	0	0	0	0	0	0	0	0	0	0	0	0	0	0	0	0	0	0	0	0	0	0	0	0	0	0	0	0	0
1789546901051	747	3	7	288	12	0	0	3	0	0	0	0	26.103515625	26.103515625	0	0	0	0	90.307617188	90.307617188	0	0	0	0	0	0	0	0	0	0	0	0	0	0	0	0	0	0	0	0	0	0	0	0	0	0	0	0	0	0	0	0	0	0	0	0	0	0	0	0	0	0	0	0	0	0	0	0
1789546901051	770	4	7	288	12	0	0	3	0	0	0	0	26.103515625	26.103515625	0	0	0	0	90.307617188	90.307617188	0	0	0	0	0	0	0	0	0	0	0	0	0	0	0	0	0	0	0	0	0	0	0	0	0	0	0	0	0	0	0	0	0	0	0	0	0	0	0	0	0	0	0	0	0	0	0	0
1789546901051	793	5	7	288	12	0	0	3	0	0	0	0	26.103515625	26.103515625	0	0	0	0	90.307617188	90.307617188	0	0	0	0	0	0	0	0	0	0	0	0	0	0	0	0	0	0	0	0	0	0	0	0	0	0	0	0	0	0	0	0	0	0	0	0	0	0	0	0	0	0	0	0	0	0	0	0
1789546901075	4381	161	7	288	12	0	0	3	0	0	0	0	26.103515625	26.103515625	0	0	0	0	86.616210938	90.307617188	-3.69140625	-504	0	-504	0	0	0	0	0	0	0	0	0	0	0	0	0	0	0	0	0	0	0	0	0	0	0	0	0	0	0	0	0	0	0	0	0	0	0	0	0	0	0	0	0	0	0	0
1789546901094	4404	162	7	288	12	0	0	3	0	0	0	0	26.103515625	26.103515625	0	0	0	0	86.616210938	90.307617188	-3.69140625	-504	0	-504	0	0	0	0	0	0	0	0	0	0	0	0	0	0	0	0	0	0	0	0	0	0	0	0	0	0	0	0	0	0	0	0	0	0	0	0	0	0	0	0	0	0	0	0
1789546901121	4427	163	7	288	12	0	0	3	0	0	0	0	26.103515625	26.103515625	0	0	0	0	86.616210938	90.307617188	-3.69140625	-504	0	-504	0	0	0	0	0	0	0	0	0	0	0	0	0	0	0	0	0	0	0	0	0	0	0	0	0	0	0	0	0	0	0	0	0	0	0	0	0	0	0	0	0	0	0	0
1789546901141	4450	164	7	288	12	0	0	3	0	0	0	0	26.103515625	26.103515625	0	0	0	0	86.616210938	90.307617188	-3.69140625	-504	0	-504	0	0	0	0	0	0	0	0	0	0	0	0	0	0	0	0	0	0	0	0	0	0	0	0	0	0	0	0	0	0	0	0	0	0	0	0	0	0	0	0	0	0	0	0
1789546901167	4473	165	7	288	12	0	0	3	0	0	0	0	26.103515625	26.103515625	0	0	0	0	86.616210938	90.307617188	-3.69140625	-504	0	-504	0	0	0	0	0	0	0	0	0	0	0	0	0	0	0	0	0	0	0	0	0	0	0	0	0	0	0	0	0	0	0	0	0	0	0	0	0	0	0	0	0	0	0	0
1789546901186	4496	166	7	288	12	0	0	3	0	0	0	0	26.103515625	26.103515625	0	0	0	0	86.616210938	90.307617188	-3.69140625	-504	0	-504	0	0	0	0	0	0	0	0	0	0	0	0	0	0	0	0	0	0	0	0	0	0	0	0	0	0	0	0	0	0	0	0	0	0	0	0	0	0	0	0	0	0	0	0
1789546901212	4519	167	7	288	12	0	0	3	0	0	0	0	26.103515625	26.103515625	0	0	0	0	86.616210938	90.307617188	-3.69140625	-504	0	-504	0	0	0	0	0	0	0	0	0	0	0	0	0	0	0	0	0	0	0	0	0	0	0	0	0	0	0	0	0	0	0	0	0	0	0	0	0	0	0	0	0	0	0	0
1789546901239	4542	168	7	288	12	0	0	3	0	0	0	0	26.103515625	26.103515625	0	0	0	0	86.616210938	90.307617188	-3.69140625	-504	0	-504	0	0	0	0	0	0	0	0	0	0	0	0	0	0	0	0	0	0	0	0	0	0	0	0	0	0	0	0	0	0	0	0	0	0	0	0	0	0	0	0	0	0	0	0
1789546901259	4565	169	7	288	12	0	0	3	0	0	0	0	26.103515625	26.103515625	0	0	0	0	86.616210938	90.307617188	-3.69140625	-504	0	-504	0	0	0	0	0	0	0	0	0	0	0	0	0	0	0	0	0	0	0	0	0	0	0	0	0	0	0	0	0	0	0	0	0	0	0	0	0	0	0	0	0	0	0	0
1789546901284	4588	170	7	288	12	0	0	3	0	0	0	0	26.103515625	26.103515625	0	0	0	0	86.616210938	90.307617188	-3.69140625	-504	0	-504	0	0	0	0	0	0	0	0	0	0	0	0	0	0	0	0	0	0	0	0	0	0	0	0	0	0	0	0	0	0	0	0	0	0	0	0	0	0	0	0	0	0	0	0
1789546901303	4611	171	7	288	12	0	0	3	0	0	0	0	26.103515625	26.103515625	0	0	0	0	86.616210938	90.307617188	-3.69140625	-504	0	-504	0	0	0	0	0	0	0	0	0	0	0	0	0	0	0	0	0	0	0	0	0	0	0	0	0	0	0	0	0	0	0	0	0	0	0	0	0	0	0	0	0	0	0	0
1789546901326	4634	172	7	288	12	0	0	3	0	0	0	0	26.103515625	26.103515625	0	0	0	0	86.616210938	90.307617188	-3.69140625	-504	0	-504	0	0	0	0	0	0	0	0	0	0	0	0	0	0	0	0	0	0	0	0	0	0	0	0	0	0	0	0	0	0	0	0	0	0	0	0	0	0	0	0	0	0	0	0
1789546901350	4657	173	7	288	12	0	0	3	0	0	0	0	26.103515625	26.103515625	0	0	0	0	86.616210938	90.307617188	-3.69140625	-504	0	-504	0	0	0	0	0	0	0	0	0	0	0	0	0	0	0	0	0	0	0	0	0	0	0	0	0	0	0	0	0	0	0	0	0	0	0	0	0	0	0	0	0	0	0	0
1789546901374	4680	174	7	288	12	0	0	3	0	0	0	0	26.103515625	26.103515625	0	0	0	0	86.616210938	90.307617188	-3.69140625	-504	0	-504	0	0	0	0	0	0	0	0	0	0	0	0	0	0	0	0	0	0	0	0	0	0	0	0	0	0	0	0	0	0	0	0	0	0	0	0	0	0	0	0	0	0	0	0
1789546901397	4703	175	7	288	12	0	0	3	0	0	0	0	26.103515625	26.103515625	0	0	0	0	86.616210938	90.307617188	-3.69140625	-504	0	-504	0	0	0	0	0	0	0	0	0	0	0	0	0	0	0	0	0	0	0	0	0	0	0	0	0	0	0	0	0	0	0	0	0	0	0	0	0	0	0	0	0	0	0	0
1789546901421	4726	176	7	288	12	0	0	3	0	0	0	0	26.103515625	26.103515625	0	0	0	0	86.616210938	90.307617188	-3.69140625	-504	0	-504	0	0	0	0	0	0	0	0	0	0	0	0	0	0	0	0	0	0	0	0	0	0	0	0	0	0	0	0	0	0	0	0	0	0	0	0	0	0	0	0	0	0	0	0
1789546901444	4749	177	7	288	12	0	0	3	0	0	0	0	26.103515625	26.103515625	0	0	0	0	86.616210938	90.307617188	-3.69140625	-504	0	-504	0	0	0	0	0	0	0	0	0	0	0	0	0	0	0	0	0	0	0	0	0	0	0	0	0	0	0	0	0	0	0	0	0	0	0	0	0	0	0	0	0	0	0	0
1789546901462	4772	178	7	288	12	0	0	3	0	0	0	0	26.103515625	26.103515625	0	0	0	0	86.616210938	90.307617188	-3.69140625	-504	0	-504	0	0	0	0	0	0	0	0	0	0	0	0	0	0	0	0	0	0	0	0	0	0	0	0	0	0	0	0	0	0	0	0	0	0	0	0	0	0	0	0	0	0	0	0
1789546901485	4795	179	7	288	12	0	0	3	0	0	0	0	26.103515625	26.103515625	0	0	0	0	86.616210938	90.307617188	-3.69140625	-504	0	-504	0	0	0	0	0	0	0	0	0	0	0	0	0	0	0	0	0	0	0	0	0	0	0	0	0	0	0	0	0	0	0	0	0	0	0	0	0	0	0	0	0	0	0	0
1789546901509	4818	180	7	288	12	0	0	3	0	0	0	0	26.103515625	26.103515625	0	0	0	0	86.616210938	90.307617188	-3.69140625	-504	0	-504	0	0	0	0	0	0	0	0	0	0	0	0	0	0	0	0	0	0	0	0	0	0	0	0	0	0	0	0	0	0	0	0	0	0	0	0	0	0	0	0	0	0	0	0
1789546901532	4841	181	7	288	12	0	0	3	0	0	0	0	26.103515625	26.103515625	0	0	0	0	86.616210938	90.307617188	-3.69140625	-504	0	-504	0	0	0	0	0	0	0	0	0	0	0	0	0	0	0	0	0	0	0	0	0	0	0	0	0	0	0	0	0	0	0	0	0	0	0	0	0	0	0	0	0	0	0	0
1789546901557	4864	182	7	288	12	0	0	3	0	0	0	0	26.103515625	26.103515625	0	0	0	0	86.616210938	90.307617188	-3.69140625	-504	0	-504	0	0	0	0	0	0	0	0	0	0	0	0	0	0	0	0	0	0	0	0	0	0	0	0	0	0	0	0	0	0	0	0	0	0	0	0	0	0	0	0	0	0	0	0
1789546901581	4887	183	7	288	12	0	0	3	0	0	0	0	26.103515625	26.103515625	0	0	0	0	86.616210938	90.307617188	-3.69140625	-504	0	-504	0	0	0	0	0	0	0	0	0	0	0	0	0	0	0	0	0	0	0	0	0	0	0	0	0	0	0	0	0	0	0	0	0	0	0	0	0	0	0	0	0	0	0	0
1789546901606	4910	184	7	288	12	0	0	3	0	0	0	0	26.103515625	26.103515625	0	0	0	0	86.616210938	90.307617188	-3.69140625	-504	0	-504	0	0	0	0	0	0	0	0	0	0	0	0	0	0	0	0	0	0	0	0	0	0	0	0	0	0	0	0	0	0	0	0	0	0	0	0	0	0	0	0	0	0	0	0
1789546901625	4933	185	7	288	12	0	0	3	0	0	0	0	26.103515625	26.103515625	0	0	0	0	86.616210938	90.307617188	-3.69140625	-504	0	-504	0	0	0	0	0	0	0	0	0	0	0	0	0	0	0	0	0	0	0	0	0	0	0	0	0	0	0	0	0	0	0	0	0	0	0	0	0	0	0	0	0	0	0	0
1789546901651	4956	186	7	288	12	0	0	3	0	0	0	0	26.103515625	26.103515625	0	0	0	0	86.616210938	90.307617188	-3.69140625	-504	0	-504	0	0	0	0	0	0	0	0	0	0	0	0	0	0	0	0	0	0	0	0	0	0	0	0	0	0	0	0	0	0	0	0	0	0	0	0	0	0	0	0	0	0	0	0
1789546901670	4979	187	7	288	12	0	0	3	0	0	0	0	26.103515625	26.103515625	0	0	0	0	86.616210938	90.307617188	-3.69140625	-504	0	-504	0	0	0	0	0	0	0	0	0	0	0	0	0	0	0	0	0	0	0	0	0	0	0	0	0	0	0	0	0	0	0	0	0	0	0	0	0	0	0	0	0	0	0	0
1789546901696	5002	188	7	288	12	0	0	3	0	0	0	0	26.103515625	26.103515625	0	0	0	0	86.616210938	90.307617188	-3.69140625	-504	0	-504	0	0	0	0	0	0	0	0	0	0	0	0	0	0	0	0	0	0	0	0	0	0	0	0	0	0	0	0	0	0	0	0	0	0	0	0	0	0	0	0	0	0	0	0
1789546901716	5025	189	7	288	12	0	0	3	0	0	0	0	26.103515625	26.103515625	0	0	0	0	86.616210938	90.307617188	-3.69140625	-509.799987793	0	-509.799987793	0	0	0	0	0	0	0	0	0	0	0	0	0	0	0	0	0	0	0	0	0	0	0	0	0	0	0	0	0	0	0	0	0	0	0	0	0	0	0	0	0	0	0	0
1789546901739	5048	190	7	288	12	0	0	3	0	0	0	0	26.103515625	26.103515625	0	0	0	0	86.616210938	90.307617188	-3.69140625	-509.799987793	0	-509.799987793	0	0	0	0	0	0	0	0	0	0	0	0	0	0	0	0	0	0	0	0	0	0	0	0	0	0	0	0	0	0	0	0	0	0	0	0	0	0	0	0	0	0	0	0
1789546901763	5071	191	7	288	12	0	0	3	0	0	0	0	26.103515625	26.103515625	0	0	0	0	86.616210938	90.307617188	-3.69140625	-504.196594238	0	-504.196594238	0	0	0	0	0	0	0	0	0	0	0	0	0	0	0	0	0	0	0	0	0	0	0	0	0	0	0	0	0	0	0	0	0	0	0	0	0	0	0	0	0	0	0	0
1789546901786	5094	192	7	288	12	0	0	3	0	0	0	0	26.103515625	26.103515625	0	0	0	0	86.616210938	90.307617188	-3.69140625	-504.196594238	0	-504.196594238	0	0	0	0	0	0	0	0	0	0	0	0	0	0	0	0	0	0	0	0	0	0	0	0	0	0	0	0	0	0	0	0	0	0	0	0	0	0	0	0	0	0	0	0
1789546901810	5117	193	7	288	12	0	0	3	0	0	0	0	26.103515625	26.103515625	0	0	0	0	86.616210938	90.307617188	-3.69140625	-504.196594238	0	-504.196594238	0	0	0	0	0	0	0	0	0	0	0	0	0	0	0	0	0	0	0	0	0	0	0	0	0	0	0	0	0	0	0	0	0	0	0	0	0	0	0	0	0	0	0	0
1789546901833	5140	194	7	288	12	0	0	3	0	0	0	0	26.103515625	26.103515625	0	0	0	0	86.616210938	90.307617188	-3.69140625	-504.006530762	0	-504.006530762	0	0	0	0	0	0	0	0	0	0	0	0	0	0	0	0	0	0	0	0	0	0	0	0	0	0	0	0	0	0	0	0	0	0	0	0	0	0	0	0	0	0	0	0
1789546901857	5163	195	7	288	12	0	0	3	0	0	0	0	26.103515625	26.103515625	0	0	0	0	86.616210938	90.3515625	-3.735351562	-504.006530762	0	-504.006530762	0	0	0	0	0	0	0	0	0	0	0	0	0	0	0	0	0	0	0	0	0	0	0	0	0	0	0	0	0	0	0	0	0	0	0	0	0	0	0	0	0	0	0	0
1789546901881	5186	196	7	288	12	0	0	3	0	0	0	0	26.103515625	26.103515625	0	0	0	0	86.616210938	90.307617188	-3.69140625	-504.000244141	0	-504.000244141	0	0	0	0	0	0	0	0	0	0	0	0	0	0	0	0	0	0	0	0	0	0	0	0	0	0	0	0	0	0	0	0	0	0	0	0	0	0	0	0	0	0	0	0
1789546901905	5209	197	7	288	12	0	0	3	0	0	0	0	26.103515625	26.103515625	0	0	0	0	86.616210938	90.307617188	-3.69140625	-504.000244141	0	-504.000244141	0	0	0	0	0	0	0	0	0	0	0	0	0	0	0	0	0	0	0	0	0	0	0	0	0	0	0	0	0	0	0	0	0	0	0	0	0	0	0	0	0	0	0	0
1789546901922	5232	198	7	288	12	0	0	3	0	0	0	0	26.103515625	26.103515625	0	0	0	0	86.616210938	90.307617188	-3.69140625	-504.000244141	0	-504.000244141	0	0	0	0	0	0	0	0	0	0	0	0	0	0	0	0	0	0	0	0	0	0	0	0	0	0	0	0	0	0	0	0	0	0	0	0	0	0	0	0	0	0	0	0
1789546901946	5255	199	7	288	12	0	0	3	0	0	0	0	26.103515625	26.103515625	0	0	0	0	86.616210938	90.307617188	-3.69140625	-504	0	-504	0	0	0	0	0	0	0	0	0	0	0	0	0	0	0	0	0	0	0	0	0	0	0	0	0	0	0	0	0	0	0	0	0	0	0	0	0	0	0	0	0	0	0	0
1789546901969	5278	200	7	288	12	0	0	3	0	0	0	0	26.103515625	26.103515625	0	0	0	0	86.616210938	90.307617188	-3.69140625	-504	0	-504	0	0	0	0	0	0	0	0	0	0	0	0	0	0	0	0	0	0	0	0	0	0	0	0	0	0	0	0	0	0	0	0	0	0	0	0	0	0	0	0	0	0	0	0
1789546902394	5697	201	7	288	12	0	0	3	0	0	0	0	26.103515625	26.103515625	0	0	0	0	90.307617188	90.307617188	0	0	0	0	0	0	0	0	0	0	0	0	0	0	0	0	0	0	0	0	0	0	0	0	0	0	0	0	0	0	0	0	0	0	0	0	0	0	0	0	0	0	0	0	0	0	0	0
1789546902414	5717	202	7	288	12	0	0	3	0	0	0	0	26.103515625	26.103515625	0	0	0	0	90.307617188	90.307617188	0	0	0	0	0	0	0	0	0	0	0	0	0	0	0	0	0	0	0	0	0	0	0	0	0	0	0	0	0	0	0	0	0	0	0	0	0	0	0	0	0	0	0	0	0	0	0	0
1789546902434	5739	203	7	288	12	0	0	3	0	0	0	0	26.103515625	26.103515625	0	0	0	0	90.307617188	90.307617188	0	0	0	0	0	0	0	0	0	0	0	0	0	0	0	0	0	0	0	0	0	0	0	0	0	0	0	0	0	0	0	0	0	0	0	0	0	0	0	0	0	0	0	0	0	0	0	0
1789546902453	5761	204	7	288	12	0	0	3	0	0	0	0	26.103515625	26.103515625	0	0	0	0	90.307617188	90.307617188	0	0	0	0	0	0	0	0	0	0	0	0	0	0	0	0	0	0	0	0	0	0	0	0	0	0	0	0	0	0	0	0	0	0	0	0	0	0	0	0	0	0	0	0	0	0	0	0
1789546902479	5783	205	7	288	12	0	0	3	0	0	0	0	26.103515625	26.103515625	0	0	0	0	90.307617188	90.307617188	0	0	0	0	0	0	0	0	0	0	0	0	0	0	0	0	0	0	0	0	0	0	0	0	0	0	0	0	0	0	0	0	0	0	0	0	0	0	0	0	0	0	0	0	0	0	0	0
1789546902499	5805	206	7	288	12	0	0	3	0	0	0	0	26.103515625	26.103515625	0	0	0	0	90.307617188	90.307617188	0	0	0	0	0	0	0	0	0	0	0	0	0	0	0	0	0	0	0	0	0	0	0	0	0	0	0	0	0	0	0	0	0	0	0	0	0	0	0	0	0	0	0	0	0	0	0	0
1789546902518	5827	207	7	288	12	0	0	3	0	0	0	0	26.103515625	26.103515625	0	0	0	0	90.307617188	90.307617188	0	0	0	0	0	0	0	0	0	0	0	0	0	0	0	0	0	0	0	0	0	0	0	0	0	0	0	0	0	0	0	0	0	0	0	0	0	0	0	0	0	0	0	0	0	0	0	0
1789546902544	5849	208	7	288	12	0	0	3	0	0	0	0	26.103515625	26.103515625	0	0	0	0	90.307617188	90.307617188	0	0	0	0	0	0	0	0	0	0	0	0	0	0	0	0	0	0	0	0	0	0	0	0	0	0	0	0	0	0	0	0	0	0	0	0	0	0	0	0	0	0	0	0	0	0	0	0
1789546902564	5871	209	7	288	12	0	0	3	0	0	0	0	26.103515625	26.103515625	0	0	0	0	90.307617188	90.307617188	0	0	0	0	0	0	0	0	0	0	0	0	0	0	0	0	0	0	0	0	0	0	0	0	0	0	0	0	0	0	0	0	0	0	0	0	0	0	0	0	0	0	0	0	0	0	0	0
1789546902583	5893	210	7	288	12	0	0	3	0	0	0	0	26.103515625	26.103515625	0	0	0	0	90.307617188	90.307617188	0	0	0	0	0	0	0	0	0	0	0	0	0	0	0	0	0	0	0	0	0	0	0	0	0	0	0	0	0	0	0	0	0	0	0	0	0	0	0	0	0	0	0	0	0	0	0	0
1789546902609	5915	211	7	288	12	0	0	3	0	0	0	0	26.103515625	26.103515625	0	0	0	0	90.307617188	90.307617188	0	0	0	0	0	0	0	0	0	0	0	0	0	0	0	0	0	0	0	0	0	0	0	0	0	0	0	0	0	0	0	0	0	0	0	0	0	0	0	0	0	0	0	0	0	0	0	0
1789546902629	5937	212	7	288	12	0	0	3	0	0	0	0	26.103515625	26.103515625	0	0	0	0	90.307617188	90.307617188	0	0	0	0	0	0	0	0	0	0	0	0	0	0	0	0	0	0	0	0	0	0	0	0	0	0	0	0	0	0	0	0	0	0	0	0	0	0	0	0	0	0	0	0	0	0	0	0
1789546902655	5959	213	7	288	12	0	0	3	0	0	0	0	26.103515625	26.103515625	0	0	0	0	90.307617188	90.307617188	0	0	0	0	0	0	0	0	0	0	0	0	0	0	0	0	0	0	0	0	0	0	0	0	0	0	0	0	0	0	0	0	0	0	0	0	0	0	0	0	0	0	0	0	0	0	0	0
1789546902675	5981	214	7	288	12	0	0	3	0	0	0	0	26.103515625	26.103515625	0	0	0	0	90.307617188	90.307617188	0	0	0	0	0	0	0	0	0	0	0	0	0	0	0	0	0	0	0	0	0	0	0	0	0	0	0	0	0	0	0	0	0	0	0	0	0	0	0	0	0	0	0	0	0	0	0	0
1789546902695	6003	215	7	288	12	0	0	3	0	0	0	0	26.103515625	26.103515625	0	0	0	0	90.307617188	90.307617188	0	0	0	0	0	0	0	0	0	0	0	0	0	0	0	0	0	0	0	0	0	0	0	0	0	0	0	0	0	0	0	0	0	0	0	0	0	0	0	0	0	0	0	0	0	0	0	0
1789546902721	6025	216	7	288	12	0	0	3	0	0	0	0	26.147460938	26.147460938	0	0	0	0	90.307617188	90.307617188	0	0	0	0	0	0	0	0	0	0	0	0	0	0	0	0	0	0	0	0	0	0	0	0	0	0	0	0	0	0	0	0	0	0	0	0	0	0	0	0	0	0	0	0	0	0	0	0
1789546902740	6047	217	7	288	12	0	0	3	0	0	0	0	26.103515625	26.103515625	0	0	0	0	90.307617188	90.307617188	0	0	0	0	0	0	0	0	0	0	0	0	0	0	0	0	0	0	0	0	0	0	0	0	0	0	0	0	0	0	0	0	0	0	0	0	0	0	0	0	0	0	0	0	0	0	0	0
1789546902760	6069	218	7	288	12	0	0	3	0	0	0	0	26.103515625	26.103515625	0	0	0	0	90.307617188	90.307617188	0	0	0	0	0	0	0	0	0	0	0	0	0	0	0	0	0	0	0	0	0	0	0	0	0	0	0	0	0	0	0	0	0	0	0	0	0	0	0	0	0	0	0	0	0	0	0	0
1789546902784	6091	219	7	288	12	0	0	3	0	0	0	0	26.103515625	26.103515625	0	0	0	0	90.307617188	90.307617188	0	0	0	0	0	0	0	0	0	0	0	0	0	0	0	0	0	0	0	0	0	0	0	0	0	0	0	0	0	0	0	0	0	0	0	0	0	0	0	0	0	0	0	0	0	0	0	0
1789546902809	6113	220	7	288	12	0	0	3	0	0	0	0	26.103515625	26.103515625	0	0	0	0	90.307617188	90.307617188	0	0	0	0	0	0	0	0	0	0	0	0	0	0	0	0	0	0	0	0	0	0	0	0	0	0	0	0	0	0	0	0	0	0	0	0	0	0	0	0	0	0	0	0	0	0	0	0
1789546902827	6135	221	7	288	12	0	0	3	0	0	0	0	26.103515625	26.103515625	0	0	0	0	90.307617188	90.307617188	0	0	0	0	0	0	0	0	0	0	0	0	0	0	0	0	0	0	0	0	0	0	0	0	0	0	0	0	0	0	0	0	0	0	0	0	0	0	0	0	0	0	0	0	0	0	0	0
1789546902853	6157	222	7	288	12	0	0	3	0	0	0	0	26.103515625	26.103515625	0	0	0	0	90.307617188	90.307617188	0	0	0	0	0	0	0	0	0	0	0	0	0	0	0	0	0	0	0	0	0	0	0	0	0	0	0	0	0	0	0	0	0	0	0	0	0	0	0	0	0	0	0	0	0	0	0	0
1789546902873	6179	223	7	288	12	0	0	3	0	0	0	0	26.147460938	26.147460938	0	0	0	0	90.307617188	90.307617188	0	0	0	0	0	0	0	0	0	0	0	0	0	0	0	0	0	0	0	0	0	0	0	0	0	0	0	0	0	0	0	0	0	0	0	0	0	0	0	0	0	0	0	0	0	0	0	0
1789546902892	6201	224	7	288	12	0	0	3	0	0	0	0	26.103515625	26.103515625	0	0	0	0	90.307617188	90.307617188	0	0	0	0	0	0	0	0	0	0	0	0	0	0	0	0	0	0	0	0	0	0	0	0	0	0	0	0	0	0	0	0	0	0	0	0	0	0	0	0	0	0	0	0	0	0	0	0
1789546902918	6223	225	7	288	12	0	0	3	0	0	0	0	26.103515625	26.103515625	0	0	0	0	90.307617188	90.307617188	0	0	0	0	0	0	0	0	0	0	0	0	0	0	0	0	0	0	0	0	0	0	0	0	0	0	0	0	0	0	0	0	0	0	0	0	0	0	0	0	0	0	0	0	0	0	0	0
1789546902938	6245	226	7	288	12	0	0	3	0	0	0	0	26.103515625	26.103515625	0	0	0	0	90.307617188	90.307617188	0	0	0	0	0	0	0	0	0	0	0	0	0	0	0	0	0	0	0	0	0	0	0	0	0	0	0	0	0	0	0	0	0	0	0	0	0	0	0	0	0	0	0	0	0	0	0	0
1789546902964	6267	227	7	288	12	0	0	3	0	0	0	0	26.103515625	26.103515625	0	0	0	0	90.307617188	90.307617188	0	0	0	0	0	0	0	0	0	0	0	0	0	0	0	0	0	0	0	0	0	0	0	0	0	0	0	0	0	0	0	0	0	0	0	0	0	0	0	0	0	0	0	0	0	0	0	0
1789546902984	6289	228	7	288	12	0	0	3	0	0	0	0	26.103515625	26.103515625	0	0	0	0	90.307617188	90.307617188	0	0	0	0	0	0	0	0	0	0	0	0	0	0	0	0	0	0	0	0	0	0	0	0	0	0	0	0	0	0	0	0	0	0	0	0	0	0	0	0	0	0	0	0	0	0	0	0
1789546903004	6311	229	7	288	12	0	0	3	0	0	0	0	26.103515625	26.103515625	0	0	0	0	90.307617188	90.307617188	0	0	0	0	0	0	0	0	0	0	0	0	0	0	0	0	0	0	0	0	0	0	0	0	0	0	0	0	0	0	0	0	0	0	0	0	0	0	0	0	0	0	0	0	0	0	0	0
1789546903024	6333	230	7	288	12	0	0	3	0	0	0	0	26.103515625	26.103515625	0	0	0	0	90.307617188	90.307617188	0	0	0	0	0	0	0	0	0	0	0	0	0	0	0	0	0	0	0	0	0	0	0	0	0	0	0	0	0	0	0	0	0	0	0	0	0	0	0	0	0	0	0	0	0	0	0	0
1789546903050	6355	231	7	288	12	0	0	3	0	0	0	0	26.103515625	26.103515625	0	0	0	0	90.307617188	90.307617188	0	0	0	0	0	0	0	0	0	0	0	0	0	0	0	0	0	0	0	0	0	0	0	0	0	0	0	0	0	0	0	0	0	0	0	0	0	0	0	0	0	0	0	0	0	0	0	0
1789546903071	6377	232	7	288	12	0	0	3	0	0	0	0	26.103515625	26.103515625	0	0	0	0	90.307617188	90.307617188	0	0	0	0	0	0	0	0	0	0	0	0	0	0	0	0	0	0	0	0	0	0	0	0	0	0	0	0	0	0	0	0	0	0	0	0	0	0	0	0	0	0	0	0	0	0	0	0
1789546903091	6399	233	7	288	12	0	0	3	0	0	0	0	26.103515625	26.103515625	0	0	0	0	90.307617188	90.307617188	0	0	0	0	0	0	0	0	0	0	0	0	0	0	0	0	0	0	0	0	0	0	0	0	0	0	0	0	0	0	0	0	0	0	0	0	0	0	0	0	0	0	0	0	0	0	0	0
1789546903117	6421	234	7	288	12	0	0	3	0	0	0	0	26.103515625	26.103515625	0	0	0	0	90.307617188	90.307617188	0	0	0	0	0	0	0	0	0	0	0	0	0	0	0	0	0	0	0	0	0	0	0	0	0	0	0	0	0	0	0	0	0	0	0	0	0	0	0	0	0	0	0	0	0	0	0	0
1789546903136	6443	235	7	288	12	0	0	3	0	0	0	0	26.103515625	26.103515625	0	0	0	0	90.307617188	90.307617188	0	0	0	0	0	0	0	0	0	0	0	0	0	0	0	0	0	0	0	0	0	0	0	0	0	0	0	0	0	0	0	0	0	0	0	0	0	0	0	0	0	0	0	0	0	0	0	0
1789546903157	6465	236	7	288	12	0	0	3	0	0	0	0	26.103515625	26.103515625	0	0	0	0	90.307617188	90.307617188	0	0	0	0	0	0	0	0	0	0	0	0	0	0	0	0	0	0	0	0	0	0	0	0	0	0	0	0	0	0	0	0	0	0	0	0	0	0	0	0	0	0	0	0	0	0	0	0
1789546903184	6487	237	7	288	12	0	0	3	0	0	0	0	26.103515625	26.103515625	0	0	0	0	90.307617188	90.307617188	0	0	0	0	0	0	0	0	0	0	0	0	0	0	0	0	0	0	0	0	0	0	0	0	0	0	0	0	0	0	0	0	0	0	0	0	0	0	0	0	0	0	0	0	0	0	0	0
1789546903203	6509	238	7	288	12	0	0	3	0	0	0	0	26.103515625	26.103515625	0	0	0	0	90.307617188	90.307617188	0	0	0	0	0	0	0	0	0	0	0	0	0	0	0	0	0	0	0	0	0	0	0	0	0	0	0	0	0	0	0	0	0	0	0	0	0	0	0	0	0	0	0	0	0	0	0	0
1789546903224	6531	239	7	288	12	0	0	3	0	0	0	0	26.103515625	26.103515625	0	0	0	0	90.307617188	90.307617188	0	0	0	0	0	0	0	0	0	0	0	0	0	0	0	0	0	0	0	0	0	0	0	0	0	0	0	0	0	0	0	0	0	0	0	0	0	0	0	0	0	0	0	0	0	0	0	0
1789546903244	6553	240	7	288	12	0	0	3	0	0	0	0	26.103515625	26.103515625	0	0	0	0	90.307617188	90.307617188	0	0	0	0	0	0	0	0	0	0	0	0	0	0	0	0	0	0	0	0	0	0	0	0	0	0	0	0	0	0	0	0	0	0	0	0	0	0	0	0	0	0	0	0	0	0	0	0
1789546903271	6575	241	7	288	12	0	0	3	0	0	0	0	26.103515625	26.103515625	0	0	0	0	90.307617188	90.307617188	0	0	0	0	0	0	0	0	0	0	0	0	0	0	0	0	0	0	0	0	0	0	0	0	0	0	0	0	0	0	0	0	0	0	0	0	0	0	0	0	0	0	0	0	0	0	0	0
1789546903290	6597	242	7	288	12	0	0	3	0	0	0	0	26.103515625	26.103515625	0	0	0	0	90.307617188	90.307617188	0	0	0	0	0	0	0	0	0	0	0	0	0	0	0	0	0	0	0	0	0	0	0	0	0	0	0	0	0	0	0	0	0	0	0	0	0	0	0	0	0	0	0	0	0	0	0	0
1789546903310	6619	243	7	288	12	0	0	3	0	0	0	0	26.103515625	26.103515625	0	0	0	0	90.307617188	90.307617188	0	0	0	0	0	0	0	0	0	0	0	0	0	0	0	0	0	0	0	0	0	0	0	0	0	0	0	0	0	0	0	0	0	0	0	0	0	0	0	0	0	0	0	0	0	0	0	0
1789546903337	6641	244	7	288	12	0	0	3	0	0	0	0	26.103515625	26.103515625	0	0	0	0	90.307617188	90.307617188	0	0	0	0	0	0	0	0	0	0	0	0	0	0	0	0	0	0	0	0	0	0	0	0	0	0	0	0	0	0	0	0	0	0	0	0	0	0	0	0	0	0	0	0	0	0	0	0
1789546903356	6663	245	7	288	12	0	0	3	0	0	0	0	26.103515625	26.103515625	0	0	0	0	90.307617188	90.307617188	0	0	0	0	0	0	0	0	0	0	0	0	0	0	0	0	0	0	0	0	0	0	0	0	0	0	0	0	0	0	0	0	0	0	0	0	0	0	0	0	0	0	0	0	0	0	0	0
1789546903382	6685	246	7	288	12	0	0	3	0	0	0	0	26.103515625	26.103515625	0	0	0	0	90.307617188	90.307617188	0	0	0	0	0	0	0	0	0	0	0	0	0	0	0	0	0	0	0	0	0	0	0	0	0	0	0	0	0	0	0	0	0	0	0	0	0	0	0	0	0	0	0	0	0	0	0	0
1789546903401	6707	247	7	288	12	0	0	3	0	0	0	0	26.103515625	26.103515625	0	0	0	0	90.307617188	90.307617188	0	0	0	0	0	0	0	0	0	0	0	0	0	0	0	0	0	0	0	0	0	0	0	0	0	0	0	0	0	0	0	0	0	0	0	0	0	0	0	0	0	0	0	0	0	0	0	0
1789546903421	6729	248	7	288	12	0	0	3	0	0	0	0	26.103515625	26.103515625	0	0	0	0	90.307617188	90.307617188	0	0	0	0	0	0	0	0	0	0	0	0	0	0	0	0	0	0	0	0	0	0	0	0	0	0	0	0	0	0	0	0	0	0	0	0	0	0	0	0	0	0	0	0	0	0	0	0
1789546903447	6751	249	7	288	12	0	0	3	0	0	0	0	26.103515625	26.103515625	0	0	0	0	90.307617188	90.307617188	0	0	0	0	0	0	0	0	0	0	0	0	0	0	0	0	0	0	0	0	0	0	0	0	0	0	0	0	0	0	0	0	0	0	0	0	0	0	0	0	0	0	0	0	0	0	0	0
1789546903466	6773	250	7	288	12	0	0	3	0	0	0	0	26.103515625	26.103515625	0	0	0	0	90.307617188	90.307617188	0	0	0	0	0	0	0	0	0	0	0	0	0	0	0	0	0	0	0	0	0	0	0	0	0	0	0	0	0	0	0	0	0	0	0	0	0	0	0	0	0	0	0	0	0	0	0	0
1789546903486	6795	251	7	288	12	0	0	3	0	0	0	0	26.103515625	26.103515625	0	0	0	0	90.307617188	90.307617188	0	0	0	0	0	0	0	0	0	0	0	0	0	0	0	0	0	0	0	0	0	0	0	0	0	0	0	0	0	0	0	0	0	0	0	0	0	0	0	0	0	0	0	0	0	0	0	0
1789546903513	6817	252	7	288	12	0	0	3	0	0	0	0	26.147460938	26.147460938	0	0	0	0	90.307617188	90.307617188	0	0	0	0	0	0	0	0	0	0	0	0	0	0	0	0	0	0	0	0	0	0	0	0	0	0	0	0	0	0	0	0	0	0	0	0	0	0	0	0	0	0	0	0	0	0	0	0
1789546903532	6839	253	7	288	12	0	0	3	0	0	0	0	26.103515625	26.103515625	0	0	0	0	90.307617188	90.307617188	0	0	0	0	0	0	0	0	0	0	0	0	0	0	0	0	0	0	0	0	0	0	0	0	0	0	0	0	0	0	0	0	0	0	0	0	0	0	0	0	0	0	0	0	0	0	0	0
1789546903551	6861	254	7	288	12	0	0	3	0	0	0	0	26.103515625	26.103515625	0	0	0	0	90.307617188	90.307617188	0	0	0	0	0	0	0	0	0	0	0	0	0	0	0	0	0	0	0	0	0	0	0	0	0	0	0	0	0	0	0	0	0	0	0	0	0	0	0	0	0	0	0	0	0	0	0	0
1789546903578	6883	255	7	288	12	0	0	3	0	0	0	0	26.103515625	26.103515625	0	0	0	0	90.307617188	90.307617188	0	0	0	0	0	0	0	0	0	0	0	0	0	0	0	0	0	0	0	0	0	0	0	0	0	0	0	0	0	0	0	0	0	0	0	0	0	0	0	0	0	0	0	0	0	0	0	0
1789546903597	6905	256	7	288	12	0	0	3	0	0	0	0	26.103515625	26.103515625	0	0	0	0	90.307617188	90.307617188	0	0	0	0	0	0	0	0	0	0	0	0	0	0	0	0	0	0	0	0	0	0	0	0	0	0	0	0	0	0	0	0	0	0	0	0	0	0	0	0	0	0	0	0	0	0	0	0
1789546903623	6927	257	7	288	12	0	0	3	0	0	0	0	26.103515625	26.103515625	0	0	0	0	90.307617188	90.307617188	0	0	0	0	0	0	0	0	0	0	0	0	0	0	0	0	0	0	0	0	0	0	0	0	0	0	0	0	0	0	0	0	0	0	0	0	0	0	0	0	0	0	0	0	0	0	0	0
1789546903642	6949	258	7	288	12	0	0	3	0	0	0	0	26.103515625	26.103515625	0	0	0	0	90.307617188	90.307617188	0	0	0	0	0	0	0	0	0	0	0	0	0	0	0	0	0	0	0	0	0	0	0	0	0	0	0	0	0	0	0	0	0	0	0	0	0	0	0	0	0	0	0	0	0	0	0	0
1789546903666	6971	259	7	288	12	0	0	3	0	0	0	0	26.103515625	26.103515625	0	0	0	0	90.307617188	90.307617188	0	0	0	0	0	0	0	0	0	0	0	0	0	0	0	0	0	0	0	0	0	0	0	0	0	0	0	0	0	0	0	0	0	0	0	0	0	0	0	0	0	0	0	0	0	0	0	0
1789546903685	6993	260	7	288	12	0	0	3	0	0	0	0	26.103515625	26.103515625	0	0	0	0	90.307617188	90.307617188	0	0	0	0	0	0	0	0	0	0	0	0	0	0	0	0	0	0	0	0	0	0	0	0	0	0	0	0	0	0	0	0	0	0	0	0	0	0	0	0	0	0	0	0	0	0	0	0
1789546903711	7015	261	7	288	12	0	0	3	0	0	0	0	26.103515625	26.103515625	0	0	0	0	90.307617188	90.307617188	0	0	0	0	0	0	0	0	0	0	0	0	0	0	0	0	0	0	0	0	0	0	0	0	0	0	0	0	0	0	0	0	0	0	0	0	0	0	0	0	0	0	0	0	0	0	0	0
1789546903730	7037	262	7	288	12	0	0	3	0	0	0	0	26.103515625	26.103515625	0	0	0	0	90.307617188	90.307617188	0	0	0	0	0	0	0	0	0	0	0	0	0	0	0	0	0	0	0	0	0	0	0	0	0	0	0	0	0	0	0	0	0	0	0	0	0	0	0	0	0	0	0	0	0	0	0	0
1789546903755	7059	263	7	288	12	0	0	3	0	0	0	0	26.103515625	26.103515625	0	0	0	0	90.307617188	90.307617188	0	0	0	0	0	0	0	0	0	0	0	0	0	0	0	0	0	0	0	0	0	0	0	0	0	0	0	0	0	0	0	0	0	0	0	0	0	0	0	0	0	0	0	0	0	0	0	0
1789546903774	7081	264	7	288	12	0	0	3	0	0	0	0	26.103515625	26.103515625	0	0	0	0	90.307617188	90.307617188	0	0	0	0	0	0	0	0	0	0	0	0	0	0	0	0	0	0	0	0	0	0	0	0	0	0	0	0	0	0	0	0	0	0	0	0	0	0	0	0	0	0	0	0	0	0	0	0
1789546903794	7103	265	7	288	12	0	0	3	0	0	0	0	26.103515625	26.103515625	0	0	0	0	90.307617188	90.307617188	0	0	0	0	0	0	0	0	0	0	0	0	0	0	0	0	0	0	0	0	0	0	0	0	0	0	0	0	0	0	0	0	0	0	0	0	0	0	0	0	0	0	0	0	0	0	0	0
1789546903819	7125	266	7	288	12	0	0	3	0	0	0	0	26.103515625	26.103515625	0	0	0	0	90.307617188	90.307617188	0	0	0	0	0	0	0	0	0	0	0	0	0	0	0	0	0	0	0	0	0	0	0	0	0	0	0	0	0	0	0	0	0	0	0	0	0	0	0	0	0	0	0	0	0	0	0	0
1789546903839	7147	267	7	288	12	0	0	3	0	0	0	0	26.103515625	26.103515625	0	0	0	0	90.307617188	90.307617188	0	0	0	0	0	0	0	0	0	0	0	0	0	0	0	0	0	0	0	0	0	0	0	0	0	0	0	0	0	0	0	0	0	0	0	0	0	0	0	0	0	0	0	0	0	0	0	0
1789546903865	7169	268	7	288	12	0	0	3	0	0	0	0	26.103515625	26.103515625	0	0	0	0	90.307617188	90.307617188	0	0	0	0	0	0	0	0	0	0	0	0	0	0	0	0	0	0	0	0	0	0	0	0	0	0	0	0	0	0	0	0	0	0	0	0	0	0	0	0	0	0	0	0	0	0	0	0
1789546903885	7191	269	7	288	12	0	0	3	0	0	0	0	26.103515625	26.103515625	0	0	0	0	90.307617188	90.307617188	0	0	0	0	0	0	0	0	0	0	0	0	0	0	0	0	0	0	0	0	0	0	0	0	0	0	0	0	0	0	0	0	0	0	0	0	0	0	0	0	0	0	0	0	0	0	0	0
1789546903905	7213	270	7	288	12	0	0	3	0	0	0	0	26.103515625	26.103515625	0	0	0	0	90.307617188	90.307617188	0	0	0	0	0	0	0	0	0	0	0	0	0	0	0	0	0	0	0	0	0	0	0	0	0	0	0	0	0	0	0	0	0	0	0	0	0	0	0	0	0	0	0	0	0	0	0	0
1789546903931	7235	271	7	288	12	0	0	3	0	0	0	0	26.103515625	26.103515625	0	0	0	0	90.307617188	90.307617188	0	0	0	0	0	0	0	0	0	0	0	0	0	0	0	0	0	0	0	0	0	0	0	0	0	0	0	0	0	0	0	0	0	0	0	0	0	0	0	0	0	0	0	0	0	0	0	0
1789546903951	7257	272	7	288	12	0	0	3	0	0	0	0	26.103515625	26.103515625	0	0	0	0	90.307617188	90.307617188	0	0	0	0	0	0	0	0	0	0	0	0	0	0	0	0	0	0	0	0	0	0	0	0	0	0	0	0	0	0	0	0	0	0	0	0	0	0	0	0	0	0	0	0	0	0	0	0
1789546903970	7279	273	7	288	12	0	0	3	0	0	0	0	26.103515625	26.103515625	0	0	0	0	90.307617188	90.307617188	0	0	0	0	0	0	0	0	0	0	0	0	0	0	0	0	0	0	0	0	0	0	0	0	0	0	0	0	0	0	0	0	0	0	0	0	0	0	0	0	0	0	0	0	0	0	0	0
1789546903996	7301	274	7	288	12	0	0	3	0	0	0	0	26.103515625	26.103515625	0	0	0	0	90.307617188	90.307617188	0	0	0	0	0	0	0	0	0	0	0	0	0	0	0	0	0	0	0	0	0	0	0	0	0	0	0	0	0	0	0	0	0	0	0	0	0	0	0	0	0	0	0	0	0	0	0	0
1789546904015	7323	275	7	288	12	0	0	3	0	0	0	0	26.103515625	26.103515625	0	0	0	0	90.307617188	90.307617188	0	0	0	0	0	0	0	0	0	0	0	0	0	0	0	0	0	0	0	0	0	0	0	0	0	0	0	0	0	0	0	0	0	0	0	0	0	0	0	0	0	0	0	0	0	0	0	0
1789546904041	7345	276	7	288	12	0	0	3	0	0	0	0	26.103515625	26.103515625	0	0	0	0	90.307617188	90.307617188	0	0	0	0	0	0	0	0	0	0	0	0	0	0	0	0	0	0	0	0	0	0	0	0	0	0	0	0	0	0	0	0	0	0	0	0	0	0	0	0	0	0	0	0	0	0	0	0
1789546904060	7367	277	7	288	12	0	0	3	0	0	0	0	26.103515625	26.103515625	0	0	0	0	90.307617188	90.307617188	0	0	0	0	0	0	0	0	0	0	0	0	0	0	0	0	0	0	0	0	0	0	0	0	0	0	0	0	0	0	0	0	0	0	0	0	0	0	0	0	0	0	0	0	0	0	0	0
1789546904080	7389	278	7	288	12	0	0	3	0	0	0	0	26.103515625	26.103515625	0	0	0	0	90.3515625	90.3515625	0	0	0	0	0	0	0	0	0	0	0	0	0	0	0	0	0	0	0	0	0	0	0	0	0	0	0	0	0	0	0	0	0	0	0	0	0	0	0	0	0	0	0	0	0	0	0	0
1789546904106	7411	279	7	288	12	0	0	3	0	0	0	0	26.103515625	26.103515625	0	0	0	0	90.307617188	90.307617188	0	0	0	0	0	0	0	0	0	0	0	0	0	0	0	0	0	0	0	0	0	0	0	0	0	0	0	0	0	0	0	0	0	0	0	0	0	0	0	0	0	0	0	0	0	0	0	0
1789546904125	7433	280	7	288	12	0	0	3	0	0	0	0	26.103515625	26.103515625	0	0	0	0	90.307617188	90.307617188	0	0	0	0	0	0	0	0	0	0	0	0	0	0	0	0	0	0	0	0	0	0	0	0	0	0	0	0	0	0	0	0	0	0	0	0	0	0	0	0	0	0	0	0	0	0	0	0
1789546904151	7455	281	7	288	12	0	0	3	0	0	0	0	26.103515625	26.103515625	0	0	0	0	90.307617188	90.307617188	0	0	0	0	0	0	0	0	0	0	0	0	0	0	0	0	0	0	0	0	0	0	0	0	0	0	0	0	0	0	0	0	0	0	0	0	0	0	0	0	0	0	0	0	0	0	0	0
1789546904170	7477	282	7	288	12	0	0	3	0	0	0	0	26.103515625	26.103515625	0	0	0	0	90.307617188	90.307617188	0	0	0	0	0	0	0	0	0	0	0	0	0	0	0	0	0	0	0	0	0	0	0	0	0	0	0	0	0	0	0	0	0	0	0	0	0	0	0	0	0	0	0	0	0	0	0	0
1789546904190	7499	283	7	288	12	0	0	3	0	0	0	0	26.103515625	26.103515625	0	0	0	0	90.3515625	90.3515625	0	0	0	0	0	0	0	0	0	0	0	0	0	0	0	0	0	0	0	0	0	0	0	0	0	0	0	0	0	0	0	0	0	0	0	0	0	0	0	0	0	0	0	0	0	0	0	0
1789546904217	7521	284	7	288	12	0	0	3	0	0	0	0	26.103515625	26.103515625	0	0	0	0	90.307617188	90.307617188	0	0	0	0	0	0	0	0	0	0	0	0	0	0	0	0	0	0	0	0	0	0	0	0	0	0	0	0	0	0	0	0	0	0	0	0	0	0	0	0	0	0	0	0	0	0	0	0
1789546904237	7543	285	7	288	12	0	0	3	0	0	0	0	26.103515625	26.103515625	0	0	0	0	90.307617188	90.307617188	0	0	0	0	0	0	0	0	0	0	0	0	0	0	0	0	0	0	0	0	0	0	0	0	0	0	0	0	0	0	0	0	0	0	0	0	0	0	0	0	0	0	0	0	0	0	0	0
1789546904256	7565	286	7	288	12	0	0	3	0	0	0	0	26.103515625	26.103515625	0	0	0	0	90.307617188	90.307617188	0	0	0	0	0	0	0	0	0	0	0	0	0	0	0	0	0	0	0	0	0	0	0	0	0	0	0	0	0	0	0	0	0	0	0	0	0	0	0	0	0	0	0	0	0	0	0	0
1789546904282	7587	287	7	288	12	0	0	3	0	0	0	0	26.103515625	26.103515625	0	0	0	0	90.307617188	90.307617188	0	0	0	0	0	0	0	0	0	0	0	0	0	0	0	0	0	0	0	0	0	0	0	0	0	0	0	0	0	0	0	0	0	0	0	0	0	0	0	0	0	0	0	0	0	0	0	0
1789546904302	7609	288	7	288	12	0	0	3	0	0	0	0	26.103515625	26.103515625	0	0	0	0	90.307617188	90.307617188	0	0	0	0	0	0	0	0	0	0	0	0	0	0	0	0	0	0	0	0	0	0	0	0	0	0	0	0	0	0	0	0	0	0	0	0	0	0	0	0	0	0	0	0	0	0	0	0
1789546904327	7631	289	7	288	12	0	0	3	0	0	0	0	26.103515625	26.103515625	0	0	0	0	90.307617188	90.307617188	0	0	0	0	0	0	0	0	0	0	0	0	0	0	0	0	0	0	0	0	0	0	0	0	0	0	0	0	0	0	0	0	0	0	0	0	0	0	0	0	0	0	0	0	0	0	0	0
1789546904347	7653	290	7	288	12	0	0	3	0	0	0	0	26.103515625	26.103515625	0	0	0	0	90.307617188	90.307617188	0	0	0	0	0	0	0	0	0	0	0	0	0	0	0	0	0	0	0	0	0	0	0	0	0	0	0	0	0	0	0	0	0	0	0	0	0	0	0	0	0	0	0	0	0	0	0	0
1789546904367	7675	291	7	288	12	0	0	3	0	0	0	0	26.103515625	26.103515625	0	0	0	0	90.307617188	90.307617188	0	0	0	0	0	0	0	0	0	0	0	0	0	0	0	0	0	0	0	0	0	0	0	0	0	0	0	0	0	0	0	0	0	0	0	0	0	0	0	0	0	0	0	0	0	0	0	0
1789546904394	7697	292	7	288	12	0	0	3	0	0	0	0	26.103515625	26.103515625	0	0	0	0	90.307617188	90.307617188	0	0	0	0	0	0	0	0	0	0	0	0	0	0	0	0	0	0	0	0	0	0	0	0	0	0	0	0	0	0	0	0	0	0	0	0	0	0	0	0	0	0	0	0	0	0	0	0
1789546904413	7719	293	7	288	12	0	0	3	0	0	0	0	26.103515625	26.103515625	0	0	0	0	90.307617188	90.307617188	0	0	0	0	0	0	0	0	0	0	0	0	0	0	0	0	0	0	0	0	0	0	0	0	0	0	0	0	0	0	0	0	0	0	0	0	0	0	0	0	0	0	0	0	0	0	0	0
1789546904432	7741	294	7	288	12	0	0	3	0	0	0	0	26.103515625	26.103515625	0	0	0	0	90.307617188	90.307617188	0	0	0	0	0	0	0	0	0	0	0	0	0	0	0	0	0	0	0	0	0	0	0	0	0	0	0	0	0	0	0	0	0	0	0	0	0	0	0	0	0	0	0	0	0	0	0	0
1789546904458	7763	295	7	288	12	0	0	3	0	0	0	0	26.103515625	26.103515625	0	0	0	0	90.307617188	90.307617188	0	0	0	0	0	0	0	0	0	0	0	0	0	0	0	0	0	0	0	0	0	0	0	0	0	0	0	0	0	0	0	0	0	0	0	0	0	0	0	0	0	0	0	0	0	0	0	0
1789546904478	7785	296	7	288	12	0	0	3	0	0	0	0	26.103515625	26.103515625	0	0	0	0	90.307617188	90.307617188	0	0	0	0	0	0	0	0	0	0	0	0	0	0	0	0	0	0	0	0	0	0	0	0	0	0	0	0	0	0	0	0	0	0	0	0	0	0	0	0	0	0	0	0	0	0	0	0
1789546904503	7807	297	7	288	12	0	0	3	0	0	0	0	26.103515625	26.103515625	0	0	0	0	90.307617188	90.307617188	0	0	0	0	0	0	0	0	0	0	0	0	0	0	0	0	0	0	0	0	0	0	0	0	0	0	0	0	0	0	0	0	0	0	0	0	0	0	0	0	0	0	0	0	0	0	0	0
1789546904522	7829	298	7	288	12	0	0	3	0	0	0	0	26.103515625	26.103515625	0	0	0	0	90.307617188	90.307617188	0	0	0	0	0	0	0	0	0	0	0	0	0	0	0	0	0	0	0	0	0	0	0	0	0	0	0	0	0	0	0	0	0	0	0	0	0	0	0	0	0	0	0	0	0	0	0	0
1789546904542	7851	299	7	288	12	0	0	3	0	0	0	0	26.103515625	26.103515625	0	0	0	0	90.307617188	90.307617188	0	0	0	0	0	0	0	0	0	0	0	0	0	0	0	0	0	0	0	0	0	0	0	0	0	0	0	0	0	0	0	0	0	0	0	0	0	0	0	0	0	0	0	0	0	0	0	0
1789546904568	7873	300	7	288	12	0	0	3	0	0	0	0	26.103515625	26.103515625	0	0	0	0	90.307617188	90.307617188	0	0	0	0	0	0	0	0	0	0	0	0	0	0	0	0	0	0	0	0	0	0	0	0	0	0	0	0	0	0	0	0	0	0	0	0	0	0	0	0	0	0	0	0	0	0	0	0
1789546904588	7895	301	7	288	12	0	0	3	0	0	0	0	26.103515625	26.103515625	0	0	0	0	90.307617188	90.307617188	0	0	0	0	0	0	0	0	0	0	0	0	0	0	0	0	0	0	0	0	0	0	0	0	0	0	0	0	0	0	0	0	0	0	0	0	0	0	0	0	0	0	0	0	0	0	0	0
1789546904614	7917	302	7	288	12	0	0	3	0	0	0	0	26.103515625	26.103515625	0	0	0	0	90.307617188	90.307617188	0	0	0	0	0	0	0	0	0	0	0	0	0	0	0	0	0	0	0	0	0	0	0	0	0	0	0	0	0	0	0	0	0	0	0	0	0	0	0	0	0	0	0	0	0	0	0	0
1789546904633	7939	303	7	288	12	0	0	3	0	0	0	0	26.103515625	26.103515625	0	0	0	0	90.307617188	90.307617188	0	0	0	0	0	0	0	0	0	0	0	0	0	0	0	0	0	0	0	0	0	0	0	0	0	0	0	0	0	0	0	0	0	0	0	0	0	0	0	0	0	0	0	0	0	0	0	0
1789546904653	7961	304	7	288	12	0	0	3	0	0	0	0	26.103515625	26.103515625	0	0	0	0	90.307617188	90.307617188	0	0	0	0	0	0	0	0	0	0	0	0	0	0	0	0	0	0	0	0	0	0	0	0	0	0	0	0	0	0	0	0	0	0	0	0	0	0	0	0	0	0	0	0	0	0	0	0
1789546904680	7983	305	7	288	12	0	0	3	0	0	0	0	26.103515625	26.103515625	0	0	0	0	90.307617188	90.307617188	0	0	0	0	0	0	0	0	0	0	0	0	0	0	0	0	0	0	0	0	0	0	0	0	0	0	0	0	0	0	0	0	0	0	0	0	0	0	0	0	0	0	0	0	0	0	0	0
1789546904700	8005	306	7	288	12	0	0	3	0	0	0	0	26.103515625	26.103515625	0	0	0	0	90.307617188	90.307617188	0	0	0	0	0	0	0	0	0	0	0	0	0	0	0	0	0	0	0	0	0	0	0	0	0	0	0	0	0	0	0	0	0	0	0	0	0	0	0	0	0	0	0	0	0	0	0	0
1789546904719	8027	307	7	288	12	0	0	3	0	0	0	0	26.103515625	26.103515625	0	0	0	0	90.307617188	90.307617188	0	0	0	0	0	0	0	0	0	0	0	0	0	0	0	0	0	0	0	0	0	0	0	0	0	0	0	0	0	0	0	0	0	0	0	0	0	0	0	0	0	0	0	0	0	0	0	0
1789546904746	8049	308	7	288	12	0	0	3	0	0	0	0	26.147460938	26.147460938	0	0	0	0	90.307617188	90.307617188	0	0	0	0	0	0	0	0	0	0	0	0	0	0	0	0	0	0	0	0	0	0	0	0	0	0	0	0	0	0	0	0	0	0	0	0	0	0	0	0	0	0	0	0	0	0	0	0
1789546904765	8071	309	7	288	12	0	0	3	0	0	0	0	26.103515625	26.103515625	0	0	0	0	90.307617188	90.307617188	0	0	0	0	0	0	0	0	0	0	0	0	0	0	0	0	0	0	0	0	0	0	0	0	0	0	0	0	0	0	0	0	0	0	0	0	0	0	0	0	0	0	0	0	0	0	0	0
1789546904785	8093	310	7	288	12	0	0	3	0	0	0	0	26.103515625	26.103515625	0	0	0	0	90.307617188	90.307617188	0	0	0	0	0	0	0	0	0	0	0	0	0	0	0	0	0	0	0	0	0	0	0	0	0	0	0	0	0	0	0	0	0	0	0	0	0	0	0	0	0	0	0	0	0	0	0	0
1789546904811	8115	311	7	288	12	0	0	3	0	0	0	0	26.103515625	26.103515625	0	0	0	0	90.307617188	90.307617188	0	0	0	0	0	0	0	0	0	0	0	0	0	0	0	0	0	0	0	0	0	0	0	0	0	0	0	0	0	0	0	0	0	0	0	0	0	0	0	0	0	0	0	0	0	0	0	0
1789546904831	8137	312	7	288	12	0	0	3	0	0	0	0	26.103515625	26.103515625	0	0	0	0	90.307617188	90.307617188	0	0	0	0	0	0	0	0	0	0	0	0	0	0	0	0	0	0	0	0	0	0	0	0	0	0	0	0	0	0	0	0	0	0	0	0	0	0	0	0	0	0	0	0	0	0	0	0
1789546904851	8159	313	7	288	12	0	0	3	0	0	0	0	26.103515625	26.103515625	0	0	0	0	90.307617188	90.307617188	0	0	0	0	0	0	0	0	0	0	0	0	0	0	0	0	0	0	0	0	0	0	0	0	0	0	0	0	0	0	0	0	0	0	0	0	0	0	0	0	0	0	0	0	0	0	0	0
1789546904877	8181	314	7	288	12	0	0	3	0	0	0	0	26.103515625	26.103515625	0	0	0	0	90.307617188	90.307617188	0	0	0	0	0	0	0	0	0	0	0	0	0	0	0	0	0	0	0	0	0	0	0	0	0	0	0	0	0	0	0	0	0	0	0	0	0	0	0	0	0	0	0	0	0	0	0	0
1789546904897	8203	315	7	288	12	0	0	3	0	0	0	0	26.103515625	26.103515625	0	0	0	0	90.307617188	90.307617188	0	0	0	0	0	0	0	0	0	0	0	0	0	0	0	0	0	0	0	0	0	0	0	0	0	0	0	0	0	0	0	0	0	0	0	0	0	0	0	0	0	0	0	0	0	0	0	0
1789546904916	8225	316	7	288	12	0	0	3	0	0	0	0	26.103515625	26.103515625	0	0	0	0	90.307617188	90.307617188	0	0	0	0	0	0	0	0	0	0	0	0	0	0	0	0	0	0	0	0	0	0	0	0	0	0	0	0	0	0	0	0	0	0	0	0	0	0	0	0	0	0	0	0	0	0	0	0
1789546904942	8247	317	7	288	12	0	0	3	0	0	0	0	26.103515625	26.103515625	0	0	0	0	90.307617188	90.307617188	0	0	0	0	0	0	0	0	0	0	0	0	0	0	0	0	0	0	0	0	0	0	0	0	0	0	0	0	0	0	0	0	0	0	0	0	0	0	0	0	0	0	0	0	0	0	0	0
1789546904961	8269	318	7	288	12	0	0	3	0	0	0	0	26.103515625	26.103515625	0	0	0	0	90.307617188	90.307617188	0	0	0	0	0	0	0	0	0	0	0	0	0	0	0	0	0	0	0	0	0	0	0	0	0	0	0	0	0	0	0	0	0	0	0	0	0	0	0	0	0	0	0	0	0	0	0	0
1789546904988	8291	319	7	288	12	0	0	3	0	0	0	0	26.103515625	26.103515625	0	0	0	0	90.307617188	90.307617188	0	0	0	0	0	0	0	0	0	0	0	0	0	0	0	0	0	0	0	0	0	0	0	0	0	0	0	0	0	0	0	0	0	0	0	0	0	0	0	0	0	0	0	0	0	0	0	0
1789546905007	8313	320	7	288	12	0	0	3	0	0	0	0	26.103515625	26.103515625	0	0	0	0	90.307617188	90.307617188	0	0	0	0	0	0	0	0	0	0	0	0	0	0	0	0	0	0	0	0	0	0	0	0	0	0	0	0	0	0	0	0	0	0	0	0	0	0	0	0	0	0	0	0	0	0	0	0
1789546905027	8335	321	7	288	12	0	0	3	0	0	0	0	26.103515625	26.103515625	0	0	0	0	90.307617188	90.307617188	0	0	0	0	0	0	0	0	0	0	0	0	0	0	0	0	0	0	0	0	0	0	0	0	0	0	0	0	0	0	0	0	0	0	0	0	0	0	0	0	0	0	0	0	0	0	0	0
1789546905053	8357	322	7	288	12	0	0	3	0	0	0	0	26.103515625	26.103515625	0	0	0	0	90.307617188	90.307617188	0	0	0	0	0	0	0	0	0	0	0	0	0	0	0	0	0	0	0	0	0	0	0	0	0	0	0	0	0	0	0	0	0	0	0	0	0	0	0	0	0	0	0	0	0	0	0	0
1789546905073	8379	323	7	288	12	0	0	3	0	0	0	0	26.103515625	26.103515625	0	0	-6	6	90.307617188	90.307617188	0	0	0	0	0	0	0	0	0	0	0	0	0	0	0	0	0	0	0	0	0	0	0	0	0	0	0	0	0	0	0	0	0	0	0	0	0	0	0	0	0	0	0	0	0	0	0	0
1789546905092	8401	324	7	288	12	0	0	3	0	0	0	0	26.103515625	26.103515625	0	0	0	0	90.307617188	90.307617188	0	0	0	0	0	0	0	0	0	0	0	0	0	0	0	0	0	0	0	0	0	0	0	0	0	0	0	0	0	0	0	0	0	0	0	0	0	0	0	0	0	0	0	0	0	0	0	0
1789546905119	8423	325	7	288	12	0	0	3	0	0	0	0	26.103515625	26.103515625	0	0	0	0	90.307617188	90.307617188	0	0	0	0	0	0	0	0	0	0	0	0	0	0	0	0	0	0	0	0	0	0	0	0	0	0	0	0	0	0	0	0	0	0	0	0	0	0	0	0	0	0	0	0	0	0	0	0
1789546905139	8445	326	7	288	12	0	0	3	0	0	0	0	26.103515625	26.103515625	0	0	0	0	90.307617188	90.307617188	0	0	0	0	0	0	0	0	0	0	0	0	0	0	0	0	0	0	0	0	0	0	0	0	0	0	0	0	0	0	0	0	0	0	0	0	0	0	0	0	0	0	0	0	0	0	0	0
1789546905159	8467	327	7	288	12	0	0	3	0	0	0	0	26.103515625	26.103515625	0	0	0	0	90.307617188	90.307617188	0	0	0	0	0	0	0	0	0	0	0	0	0	0	0	0	0	0	0	0	0	0	0	0	0	0	0	0	0	0	0	0	0	0	0	0	0	0	0	0	0	0	0	0	0	0	0	0
1789546905184	8489	328	7	288	12	0	0	3	0	0	0	0	26.103515625	26.103515625	0	0	0	0	90.307617188	90.307617188	0	0	0	0	0	0	0	0	0	0	0	0	0	0	0	0	0	0	0	0	0	0	0	0	0	0	0	0	0	0	0	0	0	0	0	0	0	0	0	0	0	0	0	0	0	0	0	0
1789546905204	8511	329	7	288	12	0	0	3	0	0	0	0	26.103515625	26.103515625	0	0	0	0	90.307617188	90.307617188	0	0	0	0	0	0	0	0	0	0	0	0	0	0	0	0	0	0	0	0	0	0	0	0	0	0	0	0	0	0	0	0	0	0	0	0	0	0	0	0	0	0	0	0	0	0	0	0
1789546905224	8533	330	7	288	12	0	0	3	0	0	0	0	26.103515625	26.103515625	0	0	0	0	90.307617188	90.307617188	0	0	0	0	0	0	0	0	0	0	0	0	0	0	0	0	0	0	0	0	0	0	0	0	0	0	0	0	0	0	0	0	0	0	0	0	0	0	0	0	0	0	0	0	0	0	0	0
1789546905249	8555	331	7	288	12	0	0	3	0	0	0	0	26.103515625	26.103515625	0	0	0	0	90.307617188	90.307617188	0	0	0	0	0	0	0	0	0	0	0	0	0	0	0	0	0	0	0	0	0	0	0	0	0	0	0	0	0	0	0	0	0	0	0	0	0	0	0	0	0	0	0	0	0	0	0	0
1789546905269	8577	332	7	288	12	0	0	3	0	0	0	0	26.103515625	26.103515625	0	0	0	0	90.307617188	90.307617188	0	0	0	0	0	0	0	0	0	0	0	0	0	0	0	0	0	0	0	0	0	0	0	0	0	0	0	0	0	0	0	0	0	0	0	0	0	0	0	0	0	0	0	0	0	0	0	0
1789546905295	8599	333	7	288	12	0	0	3	0	0	0	0	26.103515625	26.103515625	0	0	0	0	90.307617188	90.307617188	0	0	0	0	0	0	0	0	0	0	0	0	0	0	0	0	0	0	0	0	0	0	0	0	0	0	0	0	0	0	0	0	0	0	0	0	0	0	0	0	0	0	0	0	0	0	0	0
1789546905313	8621	334	7	288	12	0	0	3	0	0	0	0	26.103515625	26.103515625	0	0	0	0	90.307617188	90.307617188	0	0	0	0	0	0	0	0	0	0	0	0	0	0	0	0	0	0	0	0	0	0	0	0	0	0	0	0	0	0	0	0	0	0	0	0	0	0	0	0	0	0	0	0	0	0	0	0
1789546905339	8643	335	7	288	12	0	0	3	0	0	0	0	26.103515625	26.103515625	0	0	0	0	90.307617188	90.307617188	0	0	0	0	0	0	0	0	0	0	0	0	0	0	0	0	0	0	0	0	0	0	0	0	0	0	0	0	0	0	0	0	0	0	0	0	0	0	0	0	0	0	0	0	0	0	0	0
1789546905359	8665	336	7	288	12	0	0	3	0	0	0	0	26.103515625	26.103515625	0	0	0	0	90.307617188	90.307617188	0	0	0	0	0	0	0	0	0	0	0	0	0	0	0	0	0	0	0	0	0	0	0	0	0	0	0	0	0	0	0	0	0	0	0	0	0	0	0	0	0	0	0	0	0	0	0	0
1789546905378	8687	337	7	288	12	0	0	3	0	0	0	0	26.103515625	26.103515625	0	0	0	0	90.307617188	90.307617188	0	0	0	0	0	0	0	0	0	0	0	0	0	0	0	0	0	0	0	0	0	0	0	0	0	0	0	0	0	0	0	0	0	0	0	0	0	0	0	0	0	0	0	0	0	0	0	0
1789546905404	8709	338	7	288	12	0	0	3	0	0	0	0	26.103515625	26.103515625	0	0	0	0	90.307617188	90.307617188	0	0	0	0	0	0	0	0	0	0	0	0	0	0	0	0	0	0	0	0	0	0	0	0	0	0	0	0	0	0	0	0	0	0	0	0	0	0	0	0	0	0	0	0	0	0	0	0
1789546905423	8731	339	7	288	12	0	0	3	0	0	0	0	26.103515625	26.103515625	0	0	0	0	90.307617188	90.307617188	0	0	0	0	0	0	0	0	0	0	0	0	0	0	0	0	0	0	0	0	0	0	0	0	0	0	0	0	0	0	0	0	0	0	0	0	0	0	0	0	0	0	0	0	0	0	0	0
1789546905449	8753	340	7	288	12	0	0	3	0	0	0	0	26.103515625	26.103515625	0	0	0	0	90.307617188	90.307617188	0	0	0	0	0	0	0	0	0	0	0	0	0	0	0	0	0	0	0	0	0	0	0	0	0	0	0	0	0	0	0	0	0	0	0	0	0	0	0	0	0	0	0	0	0	0	0	0
1789546905469	8775	341	7	288	12	0	0	3	0	0	0	0	26.103515625	26.103515625	0	0	0	0	90.307617188	90.307617188	0	0	0	0	0	0	0	0	0	0	0	0	0	0	0	0	0	0	0	0	0	0	0	0	0	0	0	0	0	0	0	0	0	0	0	0	0	0	0	0	0	0	0	0	0	0	0	0
1789546905488	8797	342	7	288	12	0	0	3	0	0	0	0	26.103515625	26.103515625	0	0	0	0	90.307617188	90.307617188	0	0	0	0	0	0	0	0	0	0	0	0	0	0	0	0	0	0	0	0	0	0	0	0	0	0	0	0	0	0	0	0	0	0	0	0	0	0	0	0	0	0	0	0	0	0	0	0
1789546905513	8819	343	7	288	12	0	0	3	0	0	0	0	26.103515625	26.103515625	0	0	0	0	90.307617188	90.307617188	0	0	0	0	0	0	0	0	0	0	0	0	0	0	0	0	0	0	0	0	0	0	0	0	0	0	0	0	0	0	0	0	0	0	0	0	0	0	0	0	0	0	0	0	0	0	0	0
1789546905533	8841	344	7	288	12	0	0	3	0	0	0	0	26.103515625	26.103515625	0	0	0	0	90.307617188	90.307617188	0	0	0	0	0	0	0	0	0	0	0	0	0	0	0	0	0	0	0	0	0	0	0	0	0	0	0	0	0	0	0	0	0	0	0	0	0	0	0	0	0	0	0	0	0	0	0	0
1789546905558	8863	345	7	288	12	0	0	3	0	0	0	0	26.103515625	26.103515625	0	0	0	0	90.307617188	90.307617188	0	0	0	0	0	0	0	0	0	0	0	0	0	0	0	0	0	0	0	0	0	0	0	0	0	0	0	0	0	0	0	0	0	0	0	0	0	0	0	0	0	0	0	0	0	0	0	0
1789546905578	8885	346	7	288	12	0	0	3	0	0	0	0	26.103515625	26.103515625	0	0	0	0	90.307617188	90.307617188	0	0	0	0	0	0	0	0	0	0	0	0	0	0	0	0	0	0	0	0	0	0	0	0	0	0	0	0	0	0	0	0	0	0	0	0	0	0	0	0	0	0	0	0	0	0	0	0
1789546905604	8907	347	7	288	12	0	0	3	0	0	0	0	26.103515625	26.103515625	0	0	0	0	90.307617188	90.307617188	0	0	0	0	0	0	0	0	0	0	0	0	0	0	0	0	0	0	0	0	0	0	0	0	0	0	0	0	0	0	0	0	0	0	0	0	0	0	0	0	0	0	0	0	0	0	0	0
1789546905624	8929	348	7	288	12	0	0	3	0	0	0	0	26.103515625	26.103515625	0	0	0	0	90.307617188	90.307617188	0	0	0	0	0	0	0	0	0	0	0	0	0	0	0	0	0	0	0	0	0	0	0	0	0	0	0	0	0	0	0	0	0	0	0	0	0	0	0	0	0	0	0	0	0	0	0	0
1789546905644	8951	349	7	288	12	0	0	3	0	0	0	0	26.103515625	26.103515625	0	0	0	0	90.307617188	90.307617188	0	0	0	0	0	0	0	0	0	0	0	0	0	0	0	0	0	0	0	0	0	0	0	0	0	0	0	0	0	0	0	0	0	0	0	0	0	0	0	0	0	0	0	0	0	0	0	0
1789546905663	8973	350	7	288	12	0	0	3	0	0	0	0	26.103515625	26.103515625	0	0	0	0	90.307617188	90.307617188	0	0	0	0	0	0	0	0	0	0	0	0	0	0	0	0	0	0	0	0	0	0	0	0	0	0	0	0	0	0	0	0	0	0	0	0	0	0	0	0	0	0	0	0	0	0	0	0
1789546905690	8995	351	7	288	12	0	0	3	0	0	0	0	26.103515625	26.103515625	0	0	0	0	90.307617188	90.307617188	0	0	0	0	0	0	0	0	0	0	0	0	0	0	0	0	0	0	0	0	0	0	0	0	0	0	0	0	0	0	0	0	0	0	0	0	0	0	0	0	0	0	0	0	0	0	0	0
1789546905709	9017	352	7	288	12	0	0	3	0	0	0	0	26.103515625	26.103515625	0	0	0	0	90.307617188	90.307617188	0	0	0	0	0	0	0	0	0	0	0	0	0	0	0	0	0	0	0	0	0	0	0	0	0	0	0	0	0	0	0	0	0	0	0	0	0	0	0	0	0	0	0	0	0	0	0	0
1789546905735	9039	353	7	288	12	0	0	3	0	0	0	0	26.103515625	26.103515625	0	0	0	0	90.307617188	90.307617188	0	0	0	0	0	0	0	0	0	0	0	0	0	0	0	0	0	0	0	0	0	0	0	0	0	0	0	0	0	0	0	0	0	0	0	0	0	0	0	0	0	0	0	0	0	0	0	0
1789546905755	9061	354	7	288	12	0	0	3	0	0	0	0	26.103515625	26.103515625	0	0	0	0	90.307617188	90.307617188	0	0	0	0	0	0	0	0	0	0	0	0	0	0	0	0	0	0	0	0	0	0	0	0	0	0	0	0	0	0	0	0	0	0	0	0	0	0	0	0	0	0	0	0	0	0	0	0
1789546905774	9083	355	7	288	12	0	0	3	0	0	0	0	26.103515625	26.103515625	0	0	0	0	90.307617188	90.307617188	0	0	0	0	0	0	0	0	0	0	0	0	0	0	0	0	0	0	0	0	0	0	0	0	0	0	0	0	0	0	0	0	0	0	0	0	0	0	0	0	0	0	0	0	0	0	0	0
1789546905800	9105	356	7	288	12	0	0	3	0	0	0	0	26.103515625	26.103515625	0	0	0	0	90.307617188	90.307617188	0	0	0	0	0	0	0	0	0	0	0	0	0	0	0	0	0	0	0	0	0	0	0	0	0	0	0	0	0	0	0	0	0	0	0	0	0	0	0	0	0	0	0	0	0	0	0	0
1789546905819	9127	357	7	288	12	0	0	3	0	0	0	0	26.103515625	26.103515625	0	0	0	0	90.307617188	90.307617188	0	0	0	0	0	0	0	0	0	0	0	0	0	0	0	0	0	0	0	0	0	0	0	0	0	0	0	0	0	0	0	0	0	0	0	0	0	0	0	0	0	0	0	0	0	0	0	0
1789546905845	9149	358	7	288	12	0	0	3	0	0	0	0	26.103515625	26.103515625	0	0	0	0	90.307617188	90.307617188	0	0	0	0	0	0	0	0	0	0	0	0	0	0	0	0	0	0	0	0	0	0	0	0	0	0	0	0	0	0	0	0	0	0	0	0	0	0	0	0	0	0	0	0	0	0	0	0
1789546905864	9171	359	7	288	12	0	0	3	0	0	0	0	26.103515625	26.103515625	0	0	0	0	90.307617188	90.307617188	0	0	0	0	0	0	0	0	0	0	0	0	0	0	0	0	0	0	0	0	0	0	0	0	0	0	0	0	0	0	0	0	0	0	0	0	0	0	0	0	0	0	0	0	0	0	0	0
1789546905883	9193	360	7	288	12	0	0	3	0	0	0	0	26.103515625	26.103515625	0	0	0	0	90.307617188	90.307617188	0	0	0	0	0	0	0	0	0	0	0	0	0	0	0	0	0	0	0	0	0	0	0	0	0	0	0	0	0	0	0	0	0	0	0	0	0	0	0	0	0	0	0	0	0	0	0	0
1789546905910	9215	361	7	288	12	0	0	3	0	0	0	0	26.103515625	26.103515625	0	0	0	0	90.307617188	90.307617188	0	0	0	0	0	0	0	0	0	0	0	0	0	0	0	0	0	0	0	0	0	0	0	0	0	0	0	0	0	0	0	0	0	0	0	0	0	0	0	0	0	0	0	0	0	0	0	0
1789546905930	9237	362	7	288	12	0	0	3	0	0	0	0	26.103515625	26.103515625	0	0	0	0	90.307617188	90.307617188	0	0	0	0	0	0	0	0	0	0	0	0	0	0	0	0	0	0	0	0	0	0	0	0	0	0	0	0	0	0	0	0	0	0	0	0	0	0	0	0	0	0	0	0	0	0	0	0
1789546905950	9259	363	7	288	12	0	0	3	0	0	0	0	26.103515625	26.103515625	0	0	0	0	90.307617188	90.307617188	0	0	0	0	0	0	0	0	0	0	0	0	0	0	0	0	0	0	0	0	0	0	0	0	0	0	0	0	0	0	0	0	0	0	0	0	0	0	0	0	0	0	0	0	0	0	0	0
1789546905976	9281	364	7	288	12	0	0	3	0	0	0	0	26.103515625	26.103515625	0	0	0	0	90.307617188	90.307617188	0	0	0	0	0	0	0	0	0	0	0	0	0	0	0	0	0	0	0	0	0	0	0	0	0	0	0	0	0	0	0	0	0	0	0	0	0	0	0	0	0	0	0	0	0	0	0	0
1789546905995	9303	365	7	288	12	0	0	3	0	0	0	0	26.103515625	26.103515625	0	0	0	0	90.307617188	90.307617188	0	0	0	0	0	0	0	0	0	0	0	0	0	0	0	0	0	0	0	0	0	0	0	0	0	0	0	0	0	0	0	0	0	0	0	0	0	0	0	0	0	0	0	0	0	0	0	0
1789546906022	9325	366	7	288	12	0	0	3	0	0	0	0	26.103515625	26.103515625	0	0	0	0	90.307617188	90.307617188	0	0	0	0	0	0	0	0	0	0	0	0	0	0	0	0	0	0	0	0	0	0	0	0	0	0	0	0	0	0	0	0	0	0	0	0	0	0	0	0	0	0	0	0	0	0	0	0
1789546906042	9347	367	7	288	12	0	0	3	0	0	0	0	26.103515625	26.103515625	0	0	0	0	90.307617188	90.307617188	0	0	0	0	0	0	0	0	0	0	0	0	0	0	0	0	0	0	0	0	0	0	0	0	0	0	0	0	0	0	0	0	0	0	0	0	0	0	0	0	0	0	0	0	0	0	0	0
1789546906062	9369	368	7	288	12	0	0	3	0	0	0	0	26.103515625	26.103515625	0	0	0	0	90.307617188	90.307617188	0	0	0	0	0	0	0	0	0	0	0	0	0	0	0	0	0	0	0	0	0	0	0	0	0	0	0	0	0	0	0	0	0	0	0	0	0	0	0	0	0	0	0	0	0	0	0	0
1789546906082	9391	369	7	288	12	0	0	3	0	0	0	0	26.103515625	26.103515625	0	0	0	0	90.307617188	90.307617188	0	0	0	0	0	0	0	0	0	0	0	0	0	0	0	0	0	0	0	0	0	0	0	0	0	0	0	0	0	0	0	0	0	0	0	0	0	0	0	0	0	0	0	0	0	0	0	0
1789546906108	9413	370	7	288	12	0	0	3	0	0	0	0	26.103515625	26.103515625	0	0	0	0	90.307617188	90.307617188	0	0	0	0	0	0	0	0	0	0	0	0	0	0	0	0	0	0	0	0	0	0	0	0	0	0	0	0	0	0	0	0	0	0	0	0	0	0	0	0	0	0	0	0	0	0	0	0
1789546906127	9435	371	7	288	12	0	0	3	0	0	0	0	26.103515625	26.103515625	0	0	0	0	90.307617188	90.307617188	0	0	0	0	0	0	0	0	0	0	0	0	0	0	0	0	0	0	0	0	0	0	0	0	0	0	0	0	0	0	0	0	0	0	0	0	0	0	0	0	0	0	0	0	0	0	0	0
1789546906153	9457	372	7	288	12	0	0	3	0	0	0	0	26.103515625	26.103515625	0	0	0	0	90.307617188	90.307617188	0	0	0	0	0	0	0	0	0	0	0	0	0	0	0	0	0	0	0	0	0	0	0	0	0	0	0	0	0	0	0	0	0	0	0	0	0	0	0	0	0	0	0	0	0	0	0	0
1789546906173	9479	373	7	288	12	0	0	3	0	0	0	0	26.103515625	26.103515625	0	0	0	0	90.307617188	90.307617188	0	0	0	0	0	0	0	0	0	0	0	0	0	0	0	0	0	0	0	0	0	0	0	0	0	0	0	0	0	0	0	0	0	0	0	0	0	0	0	0	0	0	0	0	0	0	0	0
1789546906193	9501	374	7	288	12	0	0	3	0	0	0	0	26.103515625	26.103515625	0	0	0	0	90.307617188	90.307617188	0	0	0	0	0	0	0	0	0	0	0	0	0	0	0	0	0	0	0	0	0	0	0	0	0	0	0	0	0	0	0	0	0	0	0	0	0	0	0	0	0	0	0	0	0	0	0	0
1789546906219	9523	375	7	288	12	0	0	3	0	0	0	0	26.103515625	26.103515625	0	0	0	0	90.307617188	90.307617188	0	0	0	0	0	0	0	0	0	0	0	0	0	0	0	0	0	0	0	0	0	0	0	0	0	0	0	0	0	0	0	0	0	0	0	0	0	0	0	0	0	0	0	0	0	0	0	0
1789546906239	9545	376	7	288	12	0	0	3	0	0	0	0	26.103515625	26.103515625	0	0	0	0	90.307617188	90.307617188	0	0	0	0	0	0	0	0	0	0	0	0	0	0	0	0	0	0	0	0	0	0	0	0	0	0	0	0	0	0	0	0	0	0	0	0	0	0	0	0	0	0	0	0	0	0	0	0
1789546906258	9567	377	7	288	12	0	0	3	0	0	0	0	26.103515625	26.103515625	0	0	0	0	90.307617188	90.307617188	0	0	0	0	0	0	0	0	0	0	0	0	0	0	0	0	0	0	0	0	0	0	0	0	0	0	0	0	0	0	0	0	0	0	0	0	0	0	0	0	0	0	0	0	0	0	0	0
1789546906284	9589	378	7	288	12	0	0	3	0	0	0	0	26.103515625	26.103515625	0	0	0	0	90.307617188	90.307617188	0	0	0	0	0	0	0	0	0	0	0	0	0	0	0	0	0	0	0	0	0	0	0	0	0	0	0	0	0	0	0	0	0	0	0	0	0	0	0	0	0	0	0	0	0	0	0	0
1789546906304	9611	379	7	288	12	0	0	3	0	0	0	0	26.103515625	26.103515625	0	0	0	0	90.307617188	90.307617188	0	0	0	0	0	0	0	0	0	0	0	0	0	0	0	0	0	0	0	0	0	0	0	0	0	0	0	0	0	0	0	0	0	0	0	0	0	0	0	0	0	0	0	0	0	0	0	0
1789546906324	9633	380	7	288	12	0	0	3	0	0	0	0	26.103515625	26.103515625	0	0	0	0	90.307617188	90.307617188	0	0	0	0	0	0	0	0	0	0	0	0	0	0	0	0	0	0	0	0	0	0	0	0	0	0	0	0	0	0	0	0	0	0	0	0	0	0	0	0	0	0	0	0	0	0	0	0
1789546906351	9655	381	7	288	12	0	0	3	0	0	0	0	26.103515625	26.103515625	0	0	0	0	90.307617188	90.307617188	0	0	0	0	0	0	0	0	0	0	0	0	0	0	0	0	0	0	0	0	0	0	0	0	0	0	0	0	0	0	0	0	0	0	0	0	0	0	0	0	0	0	0	0	0	0	0	0
1789546906370	9677	382	7	288	12	0	0	3	0	0	0	0	26.103515625	26.103515625	0	0	0	0	90.307617188	90.307617188	0	0	0	0	0	0	0	0	0	0	0	0	0	0	0	0	0	0	0	0	0	0	0	0	0	0	0	0	0	0	0	0	0	0	0	0	0	0	0	0	0	0	0	0	0	0	0	0
1789546906389	9699	383	7	288	12	0	0	3	0	0	0	0	26.103515625	26.103515625	0	0	0	0	90.307617188	90.307617188	0	0	0	0	0	0	0	0	0	0	0	0	0	0	0	0	0	0	0	0	0	0	0	0	0	0	0	0	0	0	0	0	0	0	0	0	0	0	0	0	0	0	0	0	0	0	0	0
1789546906416	9721	384	7	288	12	0	0	3	0	0	0	0	26.103515625	26.103515625	0	0	0	0	90.307617188	90.307617188	0	0	0	0	0	0	0	0	0	0	0	0	0	0	0	0	0	0	0	0	0	0	0	0	0	0	0	0	0	0	0	0	0	0	0	0	0	0	0	0	0	0	0	0	0	0	0	0
1789546906435	9743	385	7	288	12	0	0	3	0	0	0	0	26.103515625	26.103515625	0	0	0	0	90.307617188	90.307617188	0	0	0	0	0	0	0	0	0	0	0	0	0	0	0	0	0	0	0	0	0	0	0	0	0	0	0	0	0	0	0	0	0	0	0	0	0	0	0	0	0	0	0	0	0	0	0	0
1789546906461	9765	386	7	288	12	0	0	3	0	0	0	0	26.103515625	26.103515625	0	0	0	0	90.307617188	90.307617188	0	0	0	0	0	0	0	0	0	0	0	0	0	0	0	0	0	0	0	0	0	0	0	0	0	0	0	0	0	0	0	0	0	0	0	0	0	0	0	0	0	0	0	0	0	0	0	0
1789546906481	9787	387	7	288	12	0	0	3	0	0	0	0	26.103515625	26.103515625	0	0	0	0	90.307617188	90.307617188	0	0	0	0	0	0	0	0	0	0	0	0	0	0	0	0	0	0	0	0	0	0	0	0	0	0	0	0	0	0	0	0	0	0	0	0	0	0	0	0	0	0	0	0	0	0	0	0
1789546906501	9809	388	7	288	12	0	0	3	0	0	0	0	26.103515625	26.103515625	0	0	0	0	90.307617188	90.307617188	0	0	0	0	0	0	0	0	0	0	0	0	0	0	0	0	0	0	0	0	0	0	0	0	0	0	0	0	0	0	0	0	0	0	0	0	0	0	0	0	0	0	0	0	0	0	0	0
1789546906527	9831	389	7	288	12	0	0	3	0	0	0	0	26.103515625	26.103515625	0	0	0	0	90.307617188	90.307617188	0	0	0	0	0	0	0	0	0	0	0	0	0	0	0	0	0	0	0	0	0	0	0	0	0	0	0	0	0	0	0	0	0	0	0	0	0	0	0	0	0	0	0	0	0	0	0	0
1789546906546	9853	390	7	288	12	0	0	3	0	0	0	0	26.103515625	26.103515625	0	0	0	0	90.307617188	90.307617188	0	0	0	0	0	0	0	0	0	0	0	0	0	0	0	0	0	0	0	0	0	0	0	0	0	0	0	0	0	0	0	0	0	0	0	0	0	0	0	0	0	0	0	0	0	0	0	0
1789546906565	9875	391	7	288	12	0	0	3	0	0	0	0	26.103515625	26.103515625	0	0	0	0	90.3515625	90.3515625	0	0	0	0	0	0	0	0	0	0	0	0	0	0	0	0	0	0	0	0	0	0	0	0	0	0	0	0	0	0	0	0	0	0	0	0	0	0	0	0	0	0	0	0	0	0	0	0
1789546906591	9897	392	7	288	12	0	0	3	0	0	0	0	26.103515625	26.103515625	0	0	0	0	90.307617188	90.307617188	0	0	0	0	0	0	0	0	0	0	0	0	0	0	0	0	0	0	0	0	0	0	0	0	0	0	0	0	0	0	0	0	0	0	0	0	0	0	0	0	0	0	0	0	0	0	0	0
1789546906610	9919	393	7	288	12	0	0	3	0	0	0	0	26.103515625	26.103515625	0	0	0	0	90.307617188	90.307617188	0	0	0	0	0	0	0	0	0	0	0	0	0	0	0	0	0	0	0	0	0	0	0	0	0	0	0	0	0	0	0	0	0	0	0	0	0	0	0	0	0	0	0	0	0	0	0	0
1789546906636	9941	394	7	288	12	0	0	3	0	0	0	0	26.103515625	26.103515625	0	0	0	0	90.307617188	90.307617188	0	0	0	0	0	0	0	0	0	0	0	0	0	0	0	0	0	0	0	0	0	0	0	0	0	0	0	0	0	0	0	0	0	0	0	0	0	0	0	0	0	0	0	0	0	0	0	0
1789546906656	9963	395	7	288	12	0	0	3	0	0	0	0	26.103515625	26.103515625	0	0	0	0	90.307617188	90.307617188	0	0	0	0	0	0	0	0	0	0	0	0	0	0	0	0	0	0	0	0	0	0	0	0	0	0	0	0	0	0	0	0	0	0	0	0	0	0	0	0	0	0	0	0	0	0	0	0
1789546906676	9985	396	7	288	12	0	0	3	0	0	0	0	26.103515625	26.103515625	0	0	0	0	90.307617188	90.307617188	0	0	0	0	0	0	0	0	0	0	0	0	0	0	0	0	0	0	0	0	0	0	0	0	0	0	0	0	0	0	0	0	0	0	0	0	0	0	0	0	0	0	0	0	0	0	0	0
1789546906703	10007	397	7	288	12	0	0	3	0	0	0	0	26.103515625	26.103515625	0	0	0	0	90.307617188	90.307617188	0	0	0	0	0	0	0	0	0	0	0	0	0	0	0	0	0	0	0	0	0	0	0	0	0	0	0	0	0	0	0	0	0	0	0	0	0	0	0	0	0	0	0	0	0	0	0	0
1789546906722	10029	398	7	288	12	0	0	3	0	0	0	0	26.103515625	26.103515625	0	0	0	0	90.307617188	90.307617188	0	0	0	0	0	0	0	0	0	0	0	0	0	0	0	0	0	0	0	0	0	0	0	0	0	0	0	0	0	0	0	0	0	0	0	0	0	0	0	0	0	0	0	0	0	0	0	0
1789546906742	10051	399	7	288	12	0	0	3	0	0	0	0	26.103515625	26.103515625	0	0	-6	6	90.307617188	90.307617188	0	0	0	0	0	0	0	0	0	0	0	0	0	0	0	0	0	0	0	0	0	0	0	0	0	0	0	0	0	0	0	0	0	0	0	0	0	0	0	0	0	0	0	0	0	0	0	0
1789546906769	10073	400	7	288	12	0	0	3	0	0	0	0	26.103515625	26.103515625	0	0	0	0	90.307617188	90.307617188	0	0	0	0	0	0	0	0	0	0	0	0	0	0	0	0	0	0	0	0	0	0	0	0	0	0	0	0	0	0	0	0	0	0	0	0	0	0	0	0	0	0	0	0	0	0	0	0
1789546906789	10095	401	7	288	12	0	0	3	0	0	0	0	26.103515625	26.103515625	0	0	0	0	90.307617188	90.307617188	0	0	0	0	0	0	0	0	0	0	0	0	0	0	0	0	0	0	0	0	0	0	0	0	0	0	0	0	0	0	0	0	0	0	0	0	0	0	0	0	0	0	0	0	0	0	0	0
1789546906809	10117	402	7	288	12	0	0	3	0	0	0	0	26.103515625	26.103515625	0	0	0	0	90.307617188	90.307617188	0	0	0	0	0	0	0	0	0	0	0	0	0	0	0	0	0	0	0	0	0	0	0	0	0	0	0	0	0	0	0	0	0	0	0	0	0	0	0	0	0	0	0	0	0	0	0	0
1789546906835	10139	403	7	288	12	0	0	3	0	0	0	0	26.103515625	26.103515625	0	0	0	0	90.307617188	90.307617188	0	0	0	0	0	0	0	0	0	0	0	0	0	0	0	0	0	0	0	0	0	0	0	0	0	0	0	0	0	0	0	0	0	0	0	0	0	0	0	0	0	0	0	0	0	0	0	0
1789546906854	10161	404	7	288	12	0	0	3	0	0	0	0	26.103515625	26.103515625	0	0	0	0	90.307617188	90.307617188	0	0	0	0	0	0	0	0	0	0	0	0	0	0	0	0	0	0	0	0	0	0	0	0	0	0	0	0	0	0	0	0	0	0	0	0	0	0	0	0	0	0	0	0	0	0	0	0
1789546906873	10183	405	7	288	12	0	0	3	0	0	0	0	26.103515625	26.103515625	0	0	0	0	90.307617188	90.307617188	0	0	0	0	0	0	0	0	0	0	0	0	0	0	0	0	0	0	0	0	0	0	0	0	0	0	0	0	0	0	0	0	0	0	0	0	0	0	0	0	0	0	0	0	0	0	0	0
1789546906899	10205	406	7	288	12	0	0	3	0	0	0	0	26.103515625	26.103515625	0	0	0	0	90.3515625	90.3515625	0	0	0	0	0	0	0	0	0	0	0	0	0	0	0	0	0	0	0	0	0	0	0	0	0	0	0	0	0	0	0	0	0	0	0	0	0	0	0	0	0	0	0	0	0	0	0	0
1789546906918	10227	407	7	288	12	0	0	3	0	0	0	0	26.103515625	26.103515625	0	0	0	0	90.307617188	90.307617188	0	0	0	0	0	0	0	0	0	0	0	0	0	0	0	0	0	0	0	0	0	0	0	0	0	0	0	0	0	0	0	0	0	0	0	0	0	0	0	0	0	0	0	0	0	0	0	0
1789546906944	10249	408	7	288	12	0	0	3	0	0	0	0	26.103515625	26.103515625	0	0	0	0	90.307617188	90.307617188	0	0	0	0	0	0	0	0	0	0	0	0	0	0	0	0	0	0	0	0	0	0	0	0	0	0	0	0	0	0	0	0	0	0	0	0	0	0	0	0	0	0	0	0	0	0	0	0
1789546906964	10271	409	7	288	12	0	0	3	0	0	0	0	26.147460938	26.147460938	0	0	0	0	90.307617188	90.307617188	0	0	0	0	0	0	0	0	0	0	0	0	0	0	0	0	0	0	0	0	0	0	0	0	0	0	0	0	0	0	0	0	0	0	0	0	0	0	0	0	0	0	0	0	0	0	0	0
1789546906983	10293	410	7	288	12	0	0	3	0	0	0	0	26.103515625	26.103515625	0	0	0	0	90.307617188	90.307617188	0	0	0	0	0	0	0	0	0	0	0	0	0	0	0	0	0	0	0	0	0	0	0	0	0	0	0	0	0	0	0	0	0	0	0	0	0	0	0	0	0	0	0	0	0	0	0	0
1789546907009	10315	411	7	288	12	0	0	3	0	0	0	0	26.103515625	26.103515625	0	0	0	0	90.307617188	90.307617188	0	0	0	0	0	0	0	0	0	0	0	0	0	0	0	0	0	0	0	0	0	0	0	0	0	0	0	0	0	0	0	0	0	0	0	0	0	0	0	0	0	0	0	0	0	0	0	0
1789546907028	10337	412	7	288	12	0	0	3	0	0	0	0	26.103515625	26.103515625	0	0	0	0	90.307617188	90.307617188	0	0	0	0	0	0	0	0	0	0	0	0	0	0	0	0	0	0	0	0	0	0	0	0	0	0	0	0	0	0	0	0	0	0	0	0	0	0	0	0	0	0	0	0	0	0	0	0
1789546907054	10359	413	7	288	12	0	0	3	0	0	0	0	26.103515625	26.103515625	0	0	0	0	90.307617188	90.307617188	0	0	0	0	0	0	0	0	0	0	0	0	0	0	0	0	0	0	0	0	0	0	0	0	0	0	0	0	0	0	0	0	0	0	0	0	0	0	0	0	0	0	0	0	0	0	0	0
1789546907074	10381	414	7	288	12	0	0	3	0	0	0	0	26.103515625	26.103515625	0	0	0	0	90.307617188	90.307617188	0	0	0	0	0	0	0	0	0	0	0	0	0	0	0	0	0	0	0	0	0	0	0	0	0	0	0	0	0	0	0	0	0	0	0	0	0	0	0	0	0	0	0	0	0	0	0	0
1789546907100	10403	415	7	288	12	0	0	3	0	0	0	0	26.103515625	26.103515625	0	0	0	0	90.307617188	90.307617188	0	0	0	0	0	0	0	0	0	0	0	0	0	0	0	0	0	0	0	0	0	0	0	0	0	0	0	0	0	0	0	0	0	0	0	0	0	0	0	0	0	0	0	0	0	0	0	0
1789546907119	10425	416	7	288	12	0	0	3	0	0	0	0	26.103515625	26.103515625	0	0	0	0	90.307617188	90.307617188	0	0	0	0	0	0	0	0	0	0	0	0	0	0	0	0	0	0	0	0	0	0	0	0	0	0	0	0	0	0	0	0	0	0	0	0	0	0	0	0	0	0	0	0	0	0	0	0
1789546907139	10447	417	7	288	12	0	0	3	0	0	0	0	26.103515625	26.103515625	0	0	0	0	90.307617188	90.307617188	0	0	0	0	0	0	0	0	0	0	0	0	0	0	0	0	0	0	0	0	0	0	0	0	0	0	0	0	0	0	0	0	0	0	0	0	0	0	0	0	0	0	0	0	0	0	0	0
1789546907165	10469	418	7	288	12	0	0	3	0	0	0	0	26.103515625	26.103515625	0	0	0	0	90.307617188	90.307617188	0	0	0	0	0	0	0	0	0	0	0	0	0	0	0	0	0	0	0	0	0	0	0	0	0	0	0	0	0	0	0	0	0	0	0	0	0	0	0	0	0	0	0	0	0	0	0	0
1789546907184	10491	419	7	288	12	0	0	3	0	0	0	0	26.103515625	26.103515625	0	0	0	0	90.307617188	90.307617188	0	0	0	0	0	0	0	0	0	0	0	0	0	0	0	0	0	0	0	0	0	0	0	0	0	0	0	0	0	0	0	0	0	0	0	0	0	0	0	0	0	0	0	0	0	0	0	0
1789546907204	10513	420	7	288	12	0	0	3	0	0	0	0	26.103515625	26.103515625	0	0	0	0	90.307617188	90.307617188	0	0	0	0	0	0	0	0	0	0	0	0	0	0	0	0	0	0	0	0	0	0	0	0	0	0	0	0	0	0	0	0	0	0	0	0	0	0	0	0	0	0	0	0	0	0	0	0
1789546907230	10535	421	7	288	12	0	0	3	0	0	0	0	26.103515625	26.103515625	0	0	0	0	90.307617188	90.307617188	0	0	0	0	0	0	0	0	0	0	0	0	0	0	0	0	0	0	0	0	0	0	0	0	0	0	0	0	0	0	0	0	0	0	0	0	0	0	0	0	0	0	0	0	0	0	0	0
1789546907249	10557	422	7	288	12	0	0	3	0	0	0	0	26.103515625	26.103515625	0	0	0	0	90.307617188	90.307617188	0	0	0	0	0	0	0	0	0	0	0	0	0	0	0	0	0	0	0	0	0	0	0	0	0	0	0	0	0	0	0	0	0	0	0	0	0	0	0	0	0	0	0	0	0	0	0	0
1789546907276	10579	423	7	288	12	0	0	3	0	0	0	0	26.103515625	26.103515625	0	0	0	0	90.307617188	90.307617188	0	0	0	0	0	0	0	0	0	0	0	0	0	0	0	0	0	0	0	0	0	0	0	0	0	0	0	0	0	0	0	0	0	0	0	0	0	0	0	0	0	0	0	0	0	0	0	0
1789546907295	10601	424	7	288	12	0	0	3	0	0	0	0	26.103515625	26.103515625	0	0	0	0	90.307617188	90.307617188	0	0	0	0	0	0	0	0	0	0	0	0	0	0	0	0	0	0	0	0	0	0	0	0	0	0	0	0	0	0	0	0	0	0	0	0	0	0	0	0	0	0	0	0	0	0	0	0
1789546907315	10623	425	7	288	12	0	0	3	0	0	0	0	26.103515625	26.103515625	0	0	0	0	90.307617188	90.307617188	0	0	0	0	0	0	0	0	0	0	0	0	0	0	0	0	0	0	0	0	0	0	0	0	0	0	0	0	0	0	0	0	0	0	0	0	0	0	0	0	0	0	0	0	0	0	0	0
1789546907340	10645	426	7	288	12	0	0	3	0	0	0	0	26.103515625	26.103515625	0	0	0	0	90.307617188	90.307617188	0	0	0	0	0	0	0	0	0	0	0	0	0	0	0	0	0	0	0	0	0	0	0	0	0	0	0	0	0	0	0	0	0	0	0	0	0	0	0	0	0	0	0	0	0	0	0	0
1789546907359	10667	427	7	288	12	0	0	3	0	0	0	0	26.103515625	26.103515625	0	0	0	0	90.307617188	90.307617188	0	0	0	0	0	0	0	0	0	0	0	0	0	0	0	0	0	0	0	0	0	0	0	0	0	0	0	0	0	0	0	0	0	0	0	0	0	0	0	0	0	0	0	0	0	0	0	0
1789546907385	10689	428	7	288	12	0	0	3	0	0	0	0	26.103515625	26.103515625	0	0	0	0	90.307617188	90.307617188	0	0	0	0	0	0	0	0	0	0	0	0	0	0	0	0	0	0	0	0	0	0	0	0	0	0	0	0	0	0	0	0	0	0	0	0	0	0	0	0	0	0	0	0	0	0	0	0
1789546907405	10711	429	7	288	12	0	0	3	0	0	0	0	26.103515625	26.103515625	0	0	0	0	90.307617188	90.307617188	0	0	0	0	0	0	0	0	0	0	0	0	0	0	0	0	0	0	0	0	0	0	0	0	0	0	0	0	0	0	0	0	0	0	0	0	0	0	0	0	0	0	0	0	0	0	0	0
1789546907424	10733	430	7	288	12	0	0	3	0	0	0	0	26.103515625	26.103515625	0	0	0	0	90.307617188	90.307617188	0	0	0	0	0	0	0	0	0	0	0	0	0	0	0	0	0	0	0	0	0	0	0	0	0	0	0	0	0	0	0	0	0	0	0	0	0	0	0	0	0	0	0	0	0	0	0	0
1789546907450	10755	431	7	288	12	0	0	3	0	0	0	0	26.103515625	26.103515625	0	0	0	0	90.307617188	90.307617188	0	0	0	0	0	0	0	0	0	0	0	0	0	0	0	0	0	0	0	0	0	0	0	0	0	0	0	0	0	0	0	0	0	0	0	0	0	0	0	0	0	0	0	0	0	0	0	0
1789546907469	10777	432	7	288	12	0	0	3	0	0	0	0	26.103515625	26.103515625	0	0	0	0	90.307617188	90.307617188	0	0	0	0	0	0	0	0	0	0	0	0	0	0	0	0	0	0	0	0	0	0	0	0	0	0	0	0	0	0	0	0	0	0	0	0	0	0	0	0	0	0	0	0	0	0	0	0
1789546907495	10799	433	7	288	12	0	0	3	0	0	0	0	26.103515625	26.103515625	0	0	0	0	90.307617188	90.307617188	0	0	0	0	0	0	0	0	0	0	0	0	0	0	0	0	0	0	0	0	0	0	0	0	0	0	0	0	0	0	0	0	0	0	0	0	0	0	0	0	0	0	0	0	0	0	0	0
1789546907514	10821	434	7	288	12	0	0	3	0	0	0	0	26.103515625	26.103515625	0	0	0	0	90.307617188	90.307617188	0	0	0	0	0	0	0	0	0	0	0	0	0	0	0	0	0	0	0	0	0	0	0	0	0	0	0	0	0	0	0	0	0	0	0	0	0	0	0	0	0	0	0	0	0	0	0	0
1789546907533	10843	435	7	288	12	0	0	3	0	0	0	0	26.147460938	26.147460938	0	0	0	0	90.307617188	90.307617188	0	0	0	0	0	0	0	0	0	0	0	0	0	0	0	0	0	0	0	0	0	0	0	0	0	0	0	0	0	0	0	0	0	0	0	0	0	0	0	0	0	0	0	0	0	0	0	0
1789546907560	10865	436	7	288	12	0	0	3	0	0	0	0	26.103515625	26.103515625	0	0	0	0	90.307617188	90.307617188	0	0	0	0	0	0	0	0	0	0	0	0	0	0	0	0	0	0	0	0	0	0	0	0	0	0	0	0	0	0	0	0	0	0	0	0	0	0	0	0	0	0	0	0	0	0	0	0
1789546907579	10887	437	7	288	12	0	0	3	0	0	0	0	26.103515625	26.103515625	0	0	0	0	90.307617188	90.307617188	0	0	0	0	0	0	0	0	0	0	0	0	0	0	0	0	0	0	0	0	0	0	0	0	0	0	0	0	0	0	0	0	0	0	0	0	0	0	0	0	0	0	0	0	0	0	0	0
1789546907605	10909	438	7	288	12	0	0	3	0	0	0	0	26.103515625	26.103515625	0	0	0	0	90.307617188	90.307617188	0	0	0	0	0	0	0	0	0	0	0	0	0	0	0	0	0	0	0	0	0	0	0	0	0	0	0	0	0	0	0	0	0	0	0	0	0	0	0	0	0	0	0	0	0	0	0	0
1789546907624	10931	439	7	288	12	0	0	3	0	0	0	0	26.103515625	26.103515625	0	0	0	0	90.307617188	90.307617188	0	0	0	0	0	0	0	0	0	0	0	0	0	0	0	0	0	0	0	0	0	0	0	0	0	0	0	0	0	0	0	0	0	0	0	0	0	0	0	0	0	0	0	0	0	0	0	0
1789546907643	10953	440	7	288	12	0	0	3	0	0	0	0	26.103515625	26.103515625	0	0	0	0	90.307617188	90.307617188	0	0	0	0	0	0	0	0	0	0	0	0	0	0	0	0	0	0	0	0	0	0	0	0	0	0	0	0	0	0	0	0	0	0	0	0	0	0	0	0	0	0	0	0	0	0	0	0
1789546907669	10975	441	7	288	12	0	0	3	0	0	0	0	26.103515625	26.103515625	0	0	0	0	90.307617188	90.307617188	0	0	0	0	0	0	0	0	0	0	0	0	0	0	0	0	0	0	0	0	0	0	0	0	0	0	0	0	0	0	0	0	0	0	0	0	0	0	0	0	0	0	0	0	0	0	0	0
1789546907689	10997	442	7	288	12	0	0	3	0	0	0	0	26.103515625	26.103515625	0	0	0	0	90.307617188	90.307617188	0	0	0	0	0	0	0	0	0	0	0	0	0	0	0	0	0	0	0	0	0	0	0	0	0	0	0	0	0	0	0	0	0	0	0	0	0	0	0	0	0	0	0	0	0	0	0	0
1789546907715	11019	443	7	288	12	0	0	3	0	0	0	0	26.103515625	26.103515625	0	0	0	0	90.307617188	90.307617188	0	0	0	0	0	0	0	0	0	0	0	0	0	0	0	0	0	0	0	0	0	0	0	0	0	0	0	0	0	0	0	0	0	0	0	0	0	0	0	0	0	0	0	0	0	0	0	0
1789546907734	11041	444	7	288	12	0	0	3	0	0	0	0	26.103515625	26.103515625	0	0	0	0	90.307617188	90.307617188	0	0	0	0	0	0	0	0	0	0	0	0	0	0	0	0	0	0	0	0	0	0	0	0	0	0	0	0	0	0	0	0	0	0	0	0	0	0	0	0	0	0	0	0	0	0	0	0
1789546907754	11063	445	7	288	12	0	0	3	0	0	0	0	26.103515625	26.103515625	0	0	0	0	90.307617188	90.307617188	0	0	0	0	0	0	0	0	0	0	0	0	0	0	0	0	0	0	0	0	0	0	0	0	0	0	0	0	0	0	0	0	0	0	0	0	0	0	0	0	0	0	0	0	0	0	0	0
1789546907779	11085	446	7	288	12	0	0	3	0	0	0	0	26.103515625	26.103515625	0	0	0	0	90.307617188	90.307617188	0	0	0	0	0	0	0	0	0	0	0	0	0	0	0	0	0	0	0	0	0	0	0	0	0	0	0	0	0	0	0	0	0	0	0	0	0	0	0	0	0	0	0	0	0	0	0	0
1789546907798	11107	447	7	288	12	0	0	3	0	0	0	0	26.103515625	26.103515625	0	0	0	0	90.307617188	90.307617188	0	0	0	0	0	0	0	0	0	0	0	0	0	0	0	0	0	0	0	0	0	0	0	0	0	0	0	0	0	0	0	0	0	0	0	0	0	0	0	0	0	0	0	0	0	0	0	0
1789546907823	11129	448	7	288	12	0	0	3	0	0	0	0	26.103515625	26.103515625	0	0	0	0	90.307617188	90.307617188	0	0	0	0	0	0	0	0	0	0	0	0	0	0	0	0	0	0	0	0	0	0	0	0	0	0	0	0	0	0	0	0	0	0	0	0	0	0	0	0	0	0	0	0	0	0	0	0
1789546907841	11151	449	7	288	12	0	0	3	0	0	0	0	26.103515625	26.103515625	0	0	0	0	90.307617188	90.307617188	0	0	0	0	0	0	0	0	0	0	0	0	0	0	0	0	0	0	0	0	0	0	0	0	0	0	0	0	0	0	0	0	0	0	0	0	0	0	0	0	0	0	0	0	0	0	0	0
1789546907868	11173	450	7	288	12	0	0	3	0	0	0	0	26.103515625	26.103515625	0	0	0	0	90.307617188	90.307617188	0	0	0	0	0	0	0	0	0	0	0	0	0	0	0	0	0	0	0	0	0	0	0	0	0	0	0	0	0	0	0	0	0	0	0	0	0	0	0	0	0	0	0	0	0	0	0	0
1789546907887	11195	451	7	288	12	0	0	3	0	0	0	0	26.103515625	26.103515625	0	0	0	0	90.307617188	90.307617188	0	0	0	0	0	0	0	0	0	0	0	0	0	0	0	0	0	0	0	0	0	0	0	0	0	0	0	0	0	0	0	0	0	0	0	0	0	0	0	0	0	0	0	0	0	0	0	0
1789546907913	11217	452	7	288	12	0	0	3	0	0	0	0	26.103515625	26.103515625	0	0	0	0	90.307617188	90.307617188	0	0	0	0	0	0	0	0	0	0	0	0	0	0	0	0	0	0	0	0	0	0	0	0	0	0	0	0	0	0	0	0	0	0	0	0	0	0	0	0	0	0	0	0	0	0	0	0
1789546907932	11239	453	7	288	12	0	0	3	0	0	0	0	26.103515625	26.103515625	0	0	0	0	90.307617188	90.307617188	0	0	0	0	0	0	0	0	0	0	0	0	0	0	0	0	0	0	0	0	0	0	0	0	0	0	0	0	0	0	0	0	0	0	0	0	0	0	0	0	0	0	0	0	0	0	0	0
1789546907952	11261	454	7	288	12	0	0	3	0	0	0	0	26.103515625	26.103515625	0	0	0	0	90.307617188	90.307617188	0	0	0	0	0	0	0	0	0	0	0	0	0	0	0	0	0	0	0	0	0	0	0	0	0	0	0	0	0	0	0	0	0	0	0	0	0	0	0	0	0	0	0	0	0	0	0	0
1789546907977	11283	455	7	288	12	0	0	3	0	0	0	0	26.103515625	26.103515625	0	0	0	0	90.307617188	90.307617188	0	0	0	0	0	0	0	0	0	0	0	0	0	0	0	0	0	0	0	0	0	0	0	0	0	0	0	0	0	0	0	0	0	0	0	0	0	0	0	0	0	0	0	0	0	0	0	0
1789546907997	11305	456	7	288	12	0	0	3	0	0	0	0	26.103515625	26.103515625	0	0	0	0	90.307617188	90.307617188	0	0	0	0	0	0	0	0	0	0	0	0	0	0	0	0	0	0	0	0	0	0	0	0	0	0	0	0	0	0	0	0	0	0	0	0	0	0	0	0	0	0	0	0	0	0	0	0
1789546908023	11327	457	7	288	12	0	0	3	0	0	0	0	26.103515625	26.103515625	0	0	0	0	90.307617188	90.307617188	0	0	0	0	0	0	0	0	0	0	0	0	0	0	0	0	0	0	0	0	0	0	0	0	0	0	0	0	0	0	0	0	0	0	0	0	0	0	0	0	0	0	0	0	0	0	0	0
1789546908043	11349	458	7	288	12	0	0	3	0	0	0	0	26.103515625	26.103515625	0	0	0	0	90.307617188	90.307617188	0	0	0	0	0	0	0	0	0	0	0	0	0	0	0	0	0	0	0	0	0	0	0	0	0	0	0	0	0	0	0	0	0	0	0	0	0	0	0	0	0	0	0	0	0	0	0	0
1789546908062	11371	459	7	288	12	0	0	3	0	0	0	0	26.103515625	26.103515625	0	0	0	0	90.307617188	90.307617188	0	0	0	0	0	0	0	0	0	0	0	0	0	0	0	0	0	0	0	0	0	0	0	0	0	0	0	0	0	0	0	0	0	0	0	0	0	0	0	0	0	0	0	0	0	0	0	0
1789546908088	11393	460	7	288	12	0	0	3	0	0	0	0	26.103515625	26.103515625	0	0	0	0	90.307617188	90.307617188	0	0	0	0	0	0	0	0	0	0	0	0	0	0	0	0	0	0	0	0	0	0	0	0	0	0	0	0	0	0	0	0	0	0	0	0	0	0	0	0	0	0	0	0	0	0	0	0
1789546908107	11415	461	7	288	12	0	0	3	0	0	0	0	26.103515625	26.103515625	0	0	0	0	90.307617188	90.307617188	0	0	0	0	0	0	0	0	0	0	0	0	0	0	0	0	0	0	0	0	0	0	0	0	0	0	0	0	0	0	0	0	0	0	0	0	0	0	0	0	0	0	0	0	0	0	0	0
1789546908133	11437	462	7	288	12	0	0	3	0	0	0	0	26.103515625	26.103515625	0	0	0	0	90.307617188	90.307617188	0	0	0	0	0	0	0	0	0	0	0	0	0	0	0	0	0	0	0	0	0	0	0	0	0	0	0	0	0	0	0	0	0	0	0	0	0	0	0	0	0	0	0	0	0	0	0	0
1789546908152	11459	463	7	288	12	0	0	3	0	0	0	0	26.103515625	26.103515625	0	0	0	0	90.307617188	90.307617188	0	0	0	0	0	0	0	0	0	0	0	0	0	0	0	0	0	0	0	0	0	0	0	0	0	0	0	0	0	0	0	0	0	0	0	0	0	0	0	0	0	0	0	0	0	0	0	0
1789546908172	11481	464	7	288	12	0	0	3	0	0	0	0	26.103515625	26.103515625	0	0	0	0	90.307617188	90.307617188	0	0	0	0	0	0	0	0	0	0	0	0	0	0	0	0	0	0	0	0	0	0	0	0	0	0	0	0	0	0	0	0	0	0	0	0	0	0	0	0	0	0	0	0	0	0	0	0
1789546908199	11503	465	7	288	12	0	0	3	0	0	0	0	26.103515625	26.103515625	0	0	0	0	90.307617188	90.307617188	0	0	0	0	0	0	0	0	0	0	0	0	0	0	0	0	0	0	0	0	0	0	0	0	0	0	0	0	0	0	0	0	0	0	0	0	0	0	0	0	0	0	0	0	0	0	0	0
1789546908218	11525	466	7	288	12	0	0	3	0	0	0	0	26.103515625	26.103515625	0	0	0	0	90.307617188	90.307617188	0	0	0	0	0	0	0	0	0	0	0	0	0	0	0	0	0	0	0	0	0	0	0	0	0	0	0	0	0	0	0	0	0	0	0	0	0	0	0	0	0	0	0	0	0	0	0	0
1789546908237	11547	467	7	288	12	0	0	3	0	0	0	0	26.103515625	26.103515625	0	0	0	0	90.307617188	90.307617188	0	0	0	0	0	0	0	0	0	0	0	0	0	0	0	0	0	0	0	0	0	0	0	0	0	0	0	0	0	0	0	0	0	0	0	0	0	0	0	0	0	0	0	0	0	0	0	0
1789546908263	11569	468	7	288	12	0	0	3	0	0	0	0	26.103515625	26.103515625	0	0	0	0	90.307617188	90.307617188	0	0	0	0	0	0	0	0	0	0	0	0	0	0	0	0	0	0	0	0	0	0	0	0	0	0	0	0	0	0	0	0	0	0	0	0	0	0	0	0	0	0	0	0	0	0	0	0
1789546908282	11591	469	7	288	12	0	0	3	0	0	0	0	26.103515625	26.103515625	0	0	0	0	90.307617188	90.307617188	0	0	0	0	0	0	0	0	0	0	0	0	0	0	0	0	0	0	0	0	0	0	0	0	0	0	0	0	0	0	0	0	0	0	0	0	0	0	0	0	0	0	0	0	0	0	0	0
1789546908310	11613	470	7	288	12	0	0	3	0	0	0	0	26.103515625	26.103515625	0	0	0	0	90.307617188	90.307617188	0	0	0	0	0	0	0	0	0	0	0	0	0	0	0	0	0	0	0	0	0	0	0	0	0	0	0	0	0	0	0	0	0	0	0	0	0	0	0	0	0	0	0	0	0	0	0	0
1789546908330	11635	471	7	288	12	0	0	3	0	0	0	0	26.103515625	26.103515625	0	0	0	0	90.307617188	90.307617188	0	0	0	0	0	0	0	0	0	0	0	0	0	0	0	0	0	0	0	0	0	0	0	0	0	0	0	0	0	0	0	0	0	0	0	0	0	0	0	0	0	0	0	0	0	0	0	0
1789546908350	11657	472	7	288	12	0	0	3	0	0	0	0	26.103515625	26.103515625	0	0	0	0	90.307617188	90.307617188	0	0	0	0	0	0	0	0	0	0	0	0	0	0	0	0	0	0	0	0	0	0	0	0	0	0	0	0	0	0	0	0	0	0	0	0	0	0	0	0	0	0	0	0	0	0	0	0
1789546908369	11679	473	7	288	12	0	0	3	0	0	0	0	26.103515625	26.103515625	0	0	0	0	90.307617188	90.307617188	0	0	0	0	0	0	0	0	0	0	0	0	0	0	0	0	0	0	0	0	0	0	0	0	0	0	0	0	0	0	0	0	0	0	0	0	0	0	0	0	0	0	0	0	0	0	0	0
1789546908395	11701	474	7	288	12	0	0	3	0	0	0	0	26.103515625	26.103515625	0	0	0	0	90.307617188	90.307617188	0	0	0	0	0	0	0	0	0	0	0	0	0	0	0	0	0	0	0	0	0	0	0	0	0	0	0	0	0	0	0	0	0	0	0	0	0	0	0	0	0	0	0	0	0	0	0	0
1789546908414	11723	475	7	288	12	0	0	3	0	0	0	0	26.103515625	26.103515625	0	0	0	0	90.307617188	90.307617188	0	0	0	0	0	0	0	0	0	0	0	0	0	0	0	0	0	0	0	0	0	0	0	0	0	0	0	0	0	0	0	0	0	0	0	0	0	0	0	0	0	0	0	0	0	0	0	0
1789546908440	11745	476	7	288	12	0	0	3	0	0	0	0	26.103515625	26.103515625	0	0	0	0	90.3515625	90.3515625	0	0	0	0	0	0	0	0	0	0	0	0	0	0	0	0	0	0	0	0	0	0	0	0	0	0	0	0	0	0	0	0	0	0	0	0	0	0	0	0	0	0	0	0	0	0	0	0
1789546908459	11767	477	7	288	12	0	0	3	0	0	0	0	26.147460938	26.147460938	0	0	0	0	90.307617188	90.307617188	0	0	0	0	0	0	0	0	0	0	0	0	0	0	0	0	0	0	0	0	0	0	0	0	0	0	0	0	0	0	0	0	0	0	0	0	0	0	0	0	0	0	0	0	0	0	0	0
1789546908485	11789	478	7	288	12	0	0	3	0	0	0	0	26.103515625	26.103515625	0	0	0	0	90.307617188	90.307617188	0	0	0	0	0	0	0	0	0	0	0	0	0	0	0	0	0	0	0	0	0	0	0	0	0	0	0	0	0	0	0	0	0	0	0	0	0	0	0	0	0	0	0	0	0	0	0	0
1789546908504	11811	479	7	288	12	0	0	3	0	0	0	0	26.103515625	26.103515625	0	0	0	0	90.307617188	90.307617188	0	0	0	0	0	0	0	0	0	0	0	0	0	0	0	0	0	0	0	0	0	0	0	0	0	0	0	0	0	0	0	0	0	0	0	0	0	0	0	0	0	0	0	0	0	0	0	0
1789546908524	11833	480	7	288	12	0	0	3	0	0	0	0	26.103515625	26.103515625	0	0	0	0	90.307617188	90.307617188	0	0	0	0	0	0	0	0	0	0	0	0	0	0	0	0	0	0	0	0	0	0	0	0	0	0	0	0	0	0	0	0	0	0	0	0	0	0	0	0	0	0	0	0	0	0	0	0
1789546908549	11855	481	7	288	12	0	0	3	0	0	0	0	26.103515625	26.103515625	0	0	0	0	90.307617188	90.307617188	0	0	0	0	0	0	0	0	0	0	0	0	0	0	0	0	0	0	0	0	0	0	0	0	0	0	0	0	0	0	0	0	0	0	0	0	0	0	0	0	0	0	0	0	0	0	0	0
1789546908568	11877	482	7	288	12	0	0	3	0	0	0	0	26.103515625	26.103515625	0	0	0	0	90.307617188	90.307617188	0	0	0	0	0	0	0	0	0	0	0	0	0	0	0	0	0	0	0	0	0	0	0	0	0	0	0	0	0	0	0	0	0	0	0	0	0	0	0	0	0	0	0	0	0	0	0	0
1789546908594	11899	483	7	288	12	0	0	3	0	0	0	0	26.103515625	26.103515625	0	0	0	0	90.307617188	90.307617188	0	0	0	0	0	0	0	0	0	0	0	0	0	0	0	0	0	0	0	0	0	0	0	0	0	0	0	0	0	0	0	0	0	0	0	0	0	0	0	0	0	0	0	0	0	0	0	0
1789546908614	11921	484	7	288	12	0	0	3	0	0	0	0	26.103515625	26.103515625	0	0	0	0	90.307617188	90.307617188	0	0	0	0	0	0	0	0	0	0	0	0	0	0	0	0	0	0	0	0	0	0	0	0	0	0	0	0	0	0	0	0	0	0	0	0	0	0	0	0	0	0	0	0	0	0	0	0
1789546908633	11943	485	7	288	12	0	0	3	0	0	0	0	26.103515625	26.103515625	0	0	0	0	90.307617188	90.307617188	0	0	0	0	0	0	0	0	0	0	0	0	0	0	0	0	0	0	0	0	0	0	0	0	0	0	0	0	0	0	0	0	0	0	0	0	0	0	0	0	0	0	0	0	0	0	0	0
1789546908659	11965	486	7	288	12	0	0	3	0	0	0	0	26.103515625	26.103515625	0	0	0	0	90.307617188	90.307617188	0	0	0	0	0	0	0	0	0	0	0	0	0	0	0	0	0	0	0	0	0	0	0	0	0	0	0	0	0	0	0	0	0	0	0	0	0	0	0	0	0	0	0	0	0	0	0	0
1789546908678	11987	487	7	288	12	0	0	3	0	0	0	0	26.103515625	26.103515625	0	0	0	0	90.307617188	90.307617188	0	0	0	0	0	0	0	0	0	0	0	0	0	0	0	0	0	0	0	0	0	0	0	0	0	0	0	0	0	0	0	0	0	0	0	0	0	0	0	0	0	0	0	0	0	0	0	0
1789546908705	12009	488	7	288	12	0	0	3	0	0	0	0	26.103515625	26.103515625	0	0	0	0	90.307617188	90.307617188	0	0	-6	6	0	0	0	0	0	0	0	0	0	0	0	0	0	0	0	0	0	0	0	0	0	0	0	0	0	0	0	0	0	0	0	0	0	0	0	0	0	0	0	0	0	0	0	0
1789546908724	12031	489	7	288	12	0	0	3	0	0	0	0	26.103515625	26.103515625	0	0	0	0	90.307617188	90.307617188	0	0	0	0	0	0	0	0	0	0	0	0	0	0	0	0	0	0	0	0	0	0	0	0	0	0	0	0	0	0	0	0	0	0	0	0	0	0	0	0	0	0	0	0	0	0	0	0
1789546908743	12053	490	7	288	12	0	0	3	0	0	0	0	26.103515625	26.103515625	0	0	0	0	90.307617188	90.307617188	0	0	0	0	0	0	0	0	0	0	0	0	0	0	0	0	0	0	0	0	0	0	0	0	0	0	0	0	0	0	0	0	0	0	0	0	0	0	0	0	0	0	0	0	0	0	0	0
1789546908770	12075	491	7	288	12	0	0	3	0	0	0	0	26.103515625	26.103515625	0	0	0	0	90.307617188	90.307617188	0	0	0	0	0	0	0	0	0	0	0	0	0	0	0	0	0	0	0	0	0	0	0	0	0	0	0	0	0	0	0	0	0	0	0	0	0	0	0	0	0	0	0	0	0	0	0	0
1789546908789	12097	492	7	288	12	0	0	3	0	0	0	0	26.103515625	26.103515625	0	0	0	0	90.307617188	90.307617188	0	0	0	0	0	0	0	0	0	0	0	0	0	0	0	0	0	0	0	0	0	0	0	0	0	0	0	0	0	0	0	0	0	0	0	0	0	0	0	0	0	0	0	0	0	0	0	0
1789546908815	12119	493	7	288	12	0	0	3	0	0	0	0	26.103515625	26.103515625	0	0	0	0	90.307617188	90.307617188	0	0	0	0	0	0	0	0	0	0	0	0	0	0	0	0	0	0	0	0	0	0	0	0	0	0	0	0	0	0	0	0	0	0	0	0	0	0	0	0	0	0	0	0	0	0	0	0
1789546908835	12141	494	7	288	12	0	0	3	0	0	0	0	26.103515625	26.103515625	0	0	0	0	90.307617188	90.307617188	0	0	0	0	0	0	0	0	0	0	0	0	0	0	0	0	0	0	0	0	0	0	0	0	0	0	0	0	0	0	0	0	0	0	0	0	0	0	0	0	0	0	0	0	0	0	0	0
1789546908855	12163	495	7	288	12	0	0	3	0	0	0	0	26.103515625	26.103515625	0	0	0	0	90.307617188	90.307617188	0	0	0	0	0	0	0	0	0	0	0	0	0	0	0	0	0	0	0	0	0	0	0	0	0	0	0	0	0	0	0	0	0	0	0	0	0	0	0	0	0	0	0	0	0	0	0	0
1789546908881	12185	496	7	288	12	0	0	3	0	0	0	0	26.103515625	26.103515625	0	0	0	0	90.307617188	90.307617188	0	0	0	0	0	0	0	0	0	0	0	0	0	0	0	0	0	0	0	0	0	0	0	0	0	0	0	0	0	0	0	0	0	0	0	0	0	0	0	0	0	0	0	0	0	0	0	0
1789546908900	12207	497	7	288	12	0	0	3	0	0	0	0	26.103515625	26.103515625	0	0	0	0	90.307617188	90.307617188	0	0	0	0	0	0	0	0	0	0	0	0	0	0	0	0	0	0	0	0	0	0	0	0	0	0	0	0	0	0	0	0	0	0	0	0	0	0	0	0	0	0	0	0	0	0	0	0
1789546908920	12229	498	7	288	12	0	0	3	0	0	0	0	26.103515625	26.103515625	0	0	0	0	90.307617188	90.307617188	0	0	0	0	0	0	0	0	0	0	0	0	0	0	0	0	0	0	0	0	0	0	0	0	0	0	0	0	0	0	0	0	0	0	0	0	0	0	0	0	0	0	0	0	0	0	0	0
1789546908946	12251	499	7	288	12	0	0	3	0	0	0	0	26.103515625	26.103515625	0	0	0	0	90.307617188	90.307617188	0	0	0	0	0	0	0	0	0	0	0	0	0	0	0	0	0	0	0	0	0	0	0	0	0	0	0	0	0	0	0	0	0	0	0	0	0	0	0	0	0	0	0	0	0	0	0	0
1789546908965	12273	500	7	288	12	0	0	3	0	0	0	0	26.103515625	26.103515625	0	0	0	0	90.307617188	90.307617188	0	0	0	0	0	0	0	0	0	0	0	0	0	0	0	0	0	0	0	0	0	0	0	0	0	0	0	0	0	0	0	0	0	0	0	0	0	0	0	0	0	0	0	0	0	0	0	0
1789546908991	12295	501	7	288	12	0	0	3	0	0	0	0	26.103515625	26.103515625	0	0	0	0	90.307617188	90.307617188	0	0	0	0	0	0	0	0	0	0	0	0	0	0	0	0	0	0	0	0	0	0	0	0	0	0	0	0	0	0	0	0	0	0	0	0	0	0	0	0	0	0	0	0	0	0	0	0
1789546909010	12317	502	7	288	12	0	0	3	0	0	0	0	26.103515625	26.103515625	0	0	0	0	90.307617188	90.307617188	0	0	0	0	0	0	0	0	0	0	0	0	0	0	0	0	0	0	0	0	0	0	0	0	0	0	0	0	0	0	0	0	0	0	0	0	0	0	0	0	0	0	0	0	0	0	0	0
1789546909029	12339	503	7	288	12	0	0	3	0	0	0	0	26.103515625	26.103515625	0	0	0	0	90.307617188	90.307617188	0	0	0	0	0	0	0	0	0	0	0	0	0	0	0	0	0	0	0	0	0	0	0	0	0	0	0	0	0	0	0	0	0	0	0	0	0	0	0	0	0	0	0	0	0	0	0	0
1789546909055	12361	504	7	288	12	0	0	3	0	0	0	0	26.103515625	26.103515625	0	0	0	0	90.307617188	90.307617188	0	0	0	0	0	0	0	0	0	0	0	0	0	0	0	0	0	0	0	0	0	0	0	0	0	0	0	0	0	0	0	0	0	0	0	0	0	0	0	0	0	0	0	0	0	0	0	0
1789546909075	12383	505	7	288	12	0	0	3	0	0	0	0	26.103515625	26.103515625	0	0	0	0	90.307617188	90.307617188	0	0	0	0	0	0	0	0	0	0	0	0	0	0	0	0	0	0	0	0	0	0	0	0	0	0	0	0	0	0	0	0	0	0	0	0	0	0	0	0	0	0	0	0	0	0	0	0
1789546909101	12405	506	7	288	12	0	0	3	0	0	0	0	26.103515625	26.103515625	0	0	0	0	90.307617188	90.307617188	0	0	0	0	0	0	0	0	0	0	0	0	0	0	0	0	0	0	0	0	0	0	0	0	0	0	0	0	0	0	0	0	0	0	0	0	0	0	0	0	0	0	0	0	0	0	0	0
1789546909120	12427	507	7	288	12	0	0	3	0	0	0	0	26.103515625	26.103515625	0	0	0	0	90.307617188	90.307617188	0	0	0	0	0	0	0	0	0	0	0	0	0	0	0	0	0	0	0	0	0	0	0	0	0	0	0	0	0	0	0	0	0	0	0	0	0	0	0	0	0	0	0	0	0	0	0	0
1789546909140	12449	508	7	288	12	0	0	3	0	0	0	0	26.103515625	26.103515625	0	0	0	0	90.307617188	90.307617188	0	0	0	0	0	0	0	0	0	0	0	0	0	0	0	0	0	0	0	0	0	0	0	0	0	0	0	0	0	0	0	0	0	0	0	0	0	0	0	0	0	0	0	0	0	0	0	0
1789546909166	12471	509	7	288	12	0	0	3	0	0	0	0	26.103515625	26.103515625	0	0	0	0	90.307617188	90.307617188	0	0	0	0	0	0	0	0	0	0	0	0	0	0	0	0	0	0	0	0	0	0	0	0	0	0	0	0	0	0	0	0	0	0	0	0	0	0	0	0	0	0	0	0	0	0	0	0
1789546909185	12493	510	7	288	12	0	0	3	0	0	0	0	26.103515625	26.103515625	0	0	0	0	90.307617188	90.307617188	0	0	0	0	0	0	0	0	0	0	0	0	0	0	0	0	0	0	0	0	0	0	0	0	0	0	0	0	0	0	0	0	0	0	0	0	0	0	0	0	0	0	0	0	0	0	0	0
1789546909211	12515	511	7	288	12	0	0	3	0	0	0	0	26.103515625	26.103515625	0	0	0	0	90.307617188	90.307617188	0	0	0	0	0	0	0	0	0	0	0	0	0	0	0	0	0	0	0	0	0	0	0	0	0	0	0	0	0	0	0	0	0	0	0	0	0	0	0	0	0	0	0	0	0	0	0	0
1789546909231	12537	512	7	288	12	0	0	3	0	0	0	0	26.103515625	26.103515625	0	0	0	0	90.307617188	90.307617188	0	0	0	0	0	0	0	0	0	0	0	0	0	0	0	0	0	0	0	0	0	0	0	0	0	0	0	0	0	0	0	0	0	0	0	0	0	0	0	0	0	0	0	0	0	0	0	0
1789546909250	12559	513	7	288	12	0	0	3	0	0	0	0	26.103515625	26.103515625	0	0	0	0	90.307617188	90.307617188	0	0	0	0	0	0	0	0	0	0	0	0	0	0	0	0	0	0	0	0	0	0	0	0	0	0	0	0	0	0	0	0	0	0	0	0	0	0	0	0	0	0	0	0	0	0	0	0
1789546909276	12581	514	7	288	12	0	0	3	0	0	0	0	26.103515625	26.103515625	0	0	0	0	90.307617188	90.307617188	0	0	0	0	0	0	0	0	0	0	0	0	0	0	0	0	0	0	0	0	0	0	0	0	0	0	0	0	0	0	0	0	0	0	0	0	0	0	0	0	0	0	0	0	0	0	0	0
1789546909296	12603	515	7	288	12	0	0	3	0	0	0	0	26.103515625	26.103515625	0	0	0	0	90.307617188	90.307617188	0	0	0	0	0	0	0	0	0	0	0	0	0	0	0	0	0	0	0	0	0	0	0	0	0	0	0	0	0	0	0	0	0	0	0	0	0	0	0	0	0	0	0	0	0	0	0	0
1789546909315	12625	516	7	288	12	0	0	3	0	0	0	0	26.103515625	26.103515625	0	0	0	0	90.307617188	90.307617188	0	0	0	0	0	0	0	0	0	0	0	0	0	0	0	0	0	0	0	0	0	0	0	0	0	0	0	0	0	0	0	0	0	0	0	0	0	0	0	0	0	0	0	0	0	0	0	0
1789546909341	12647	517	7	288	12	0	0	3	0	0	0	0	26.103515625	26.103515625	0	0	0	0	90.307617188	90.307617188	0	0	0	0	0	0	0	0	0	0	0	0	0	0	0	0	0	0	0	0	0	0	0	0	0	0	0	0	0	0	0	0	0	0	0	0	0	0	0	0	0	0	0	0	0	0	0	0
1789546909360	12669	518	7	288	12	0	0	3	0	0	0	0	26.103515625	26.103515625	0	0	0	0	90.307617188	90.307617188	0	0	0	0	0	0	0	0	0	0	0	0	0	0	0	0	0	0	0	0	0	0	0	0	0	0	0	0	0	0	0	0	0	0	0	0	0	0	0	0	0	0	0	0	0	0	0	0
1789546909387	12691	519	7	288	12	0	0	3	0	0	0	0	26.103515625	26.103515625	0	0	0	0	90.307617188	90.307617188	0	0	0	0	0	0	0	0	0	0	0	0	0	0	0	0	0	0	0	0	0	0	0	0	0	0	0	0	0	0	0	0	0	0	0	0	0	0	0	0	0	0	0	0	0	0	0	0
1789546909406	12713	520	7	288	12	0	0	3	0	0	0	0	26.103515625	26.103515625	0	0	0	0	90.307617188	90.307617188	0	0	0	0	0	0	0	0	0	0	0	0	0	0	0	0	0	0	0	0	0	0	0	0	0	0	0	0	0	0	0	0	0	0	0	0	0	0	0	0	0	0	0	0	0	0	0	0
1789546909426	12735	521	7	288	12	0	0	3	0	0	0	0	26.103515625	26.103515625	0	0	0	0	90.3515625	90.3515625	0	0	0	0	0	0	0	0	0	0	0	0	0	0	0	0	0	0	0	0	0	0	0	0	0	0	0	0	0	0	0	0	0	0	0	0	0	0	0	0	0	0	0	0	0	0	0	0
1789546909451	12757	522	7	288	12	0	0	3	0	0	0	0	26.103515625	26.103515625	0	0	0	0	90.307617188	90.307617188	0	0	0	0	0	0	0	0	0	0	0	0	0	0	0	0	0	0	0	0	0	0	0	0	0	0	0	0	0	0	0	0	0	0	0	0	0	0	0	0	0	0	0	0	0	0	0	0
1789546909470	12779	523	7	288	12	0	0	3	0	0	0	0	26.103515625	26.103515625	0	0	0	0	90.307617188	90.307617188	0	0	0	0	0	0	0	0	0	0	0	0	0	0	0	0	0	0	0	0	0	0	0	0	0	0	0	0	0	0	0	0	0	0	0	0	0	0	0	0	0	0	0	0	0	0	0	0
1789546909496	12801	524	7	288	12	0	0	3	0	0	0	0	26.103515625	26.103515625	0	0	0	0	90.307617188	90.307617188	0	0	0	0	0	0	0	0	0	0	0	0	0	0	0	0	0	0	0	0	0	0	0	0	0	0	0	0	0	0	0	0	0	0	0	0	0	0	0	0	0	0	0	0	0	0	0	0
1789546909516	12823	525	7	288	12	0	0	3	0	0	0	0	26.147460938	26.147460938	0	0	0	0	90.307617188	90.307617188	0	0	0	0	0	0	0	0	0	0	0	0	0	0	0	0	0	0	0	0	0	0	0	0	0	0	0	0	0	0	0	0	0	0	0	0	0	0	0	0	0	0	0	0	0	0	0	0
1789546909542	12845	526	7	288	12	0	0	3	0	0	0	0	26.103515625	26.103515625	0	0	0	0	90.307617188	90.307617188	0	0	0	0	0	0	0	0	0	0	0	0	0	0	0	0	0	0	0	0	0	0	0	0	0	0	0	0	0	0	0	0	0	0	0	0	0	0	0	0	0	0	0	0	0	0	0	0
1789546909561	12867	527	7	288	12	0	0	3	0	0	0	0	26.103515625	26.103515625	0	0	0	0	90.307617188	90.307617188	0	0	0	0	0	0	0	0	0	0	0	0	0	0	0	0	0	0	0	0	0	0	0	0	0	0	0	0	0	0	0	0	0	0	0	0	0	0	0	0	0	0	0	0	0	0	0	0
1789546909581	12889	528	7	288	12	0	0	3	0	0	0	0	26.103515625	26.103515625	0	0	0	0	90.307617188	90.307617188	0	0	0	0	0	0	0	0	0	0	0	0	0	0	0	0	0	0	0	0	0	0	0	0	0	0	0	0	0	0	0	0	0	0	0	0	0	0	0	0	0	0	0	0	0	0	0	0
1789546909606	12911	529	7	288	12	0	0	3	0	0	0	0	26.103515625	26.103515625	0	0	0	0	90.307617188	90.307617188	0	0	0	0	0	0	0	0	0	0	0	0	0	0	0	0	0	0	0	0	0	0	0	0	0	0	0	0	0	0	0	0	0	0	0	0	0	0	0	0	0	0	0	0	0	0	0	0
1789546909625	12933	530	7	288	12	0	0	3	0	0	0	0	26.103515625	26.103515625	0	0	0	0	90.307617188	90.307617188	0	0	0	0	0	0	0	0	0	0	0	0	0	0	0	0	0	0	0	0	0	0	0	0	0	0	0	0	0	0	0	0	0	0	0	0	0	0	0	0	0	0	0	0	0	0	0	0
1789546909651	12955	531	7	288	12	0	0	3	0	0	0	0	26.103515625	26.103515625	0	0	0	0	90.307617188	90.307617188	0	0	0	0	0	0	0	0	0	0	0	0	0	0	0	0	0	0	0	0	0	0	0	0	0	0	0	0	0	0	0	0	0	0	0	0	0	0	0	0	0	0	0	0	0	0	0	0
1789546909671	12977	532	7	288	12	0	0	3	0	0	0	0	26.103515625	26.103515625	0	0	0	0	90.307617188	90.307617188	0	0	0	0	0	0	0	0	0	0	0	0	0	0	0	0	0	0	0	0	0	0	0	0	0	0	0	0	0	0	0	0	0	0	0	0	0	0	0	0	0	0	0	0	0	0	0	0
1789546909690	12999	533	7	288	12	0	0	3	0	0	0	0	26.103515625	26.103515625	0	0	0	0	90.307617188	90.307617188	0	0	0	0	0	0	0	0	0	0	0	0	0	0	0	0	0	0	0	0	0	0	0	0	0	0	0	0	0	0	0	0	0	0	0	0	0	0	0	0	0	0	0	0	0	0	0	0
1789546909716	13021	534	7	288	12	0	0	3	0	0	0	0	26.103515625	26.103515625	0	0	0	0	90.307617188	90.307617188	0	0	0	0	0	0	0	0	0	0	0	0	0	0	0	0	0	0	0	0	0	0	0	0	0	0	0	0	0	0	0	0	0	0	0	0	0	0	0	0	0	0	0	0	0	0	0	0
1789546909736	13043	535	7	288	12	0	0	3	0	0	0	0	26.103515625	26.103515625	0	0	0	0	90.307617188	90.307617188	0	0	0	0	0	0	0	0	0	0	0	0	0	0	0	0	0	0	0	0	0	0	0	0	0	0	0	0	0	0	0	0	0	0	0	0	0	0	0	0	0	0	0	0	0	0	0	0
1789546909755	13065	536	7	288	12	0	0	3	0	0	0	0	26.103515625	26.103515625	0	0	0	0	90.307617188	90.307617188	0	0	0	0	0	0	0	0	0	0	0	0	0	0	0	0	0	0	0	0	0	0	0	0	0	0	0	0	0	0	0	0	0	0	0	0	0	0	0	0	0	0	0	0	0	0	0	0
1789546909781	13087	537	7	288	12	0	0	3	0	0	0	0	26.103515625	26.103515625	0	0	0	0	90.307617188	90.307617188	0	0	0	0	0	0	0	0	0	0	0	0	0	0	0	0	0	0	0	0	0	0	0	0	0	0	0	0	0	0	0	0	0	0	0	0	0	0	0	0	0	0	0	0	0	0	0	0
1789546909800	13109	538	7	288	12	0	0	3	0	0	0	0	26.103515625	26.103515625	0	0	0	0	90.307617188	90.307617188	0	0	0	0	0	0	0	0	0	0	0	0	0	0	0	0	0	0	0	0	0	0	0	0	0	0	0	0	0	0	0	0	0	0	0	0	0	0	0	0	0	0	0	0	0	0	0	0
1789546909827	13131	539	7	288	12	0	0	3	0	0	0	0	26.103515625	26.103515625	0	0	0	0	90.307617188	90.307617188	0	0	0	0	0	0	0	0	0	0	0	0	0	0	0	0	0	0	0	0	0	0	0	0	0	0	0	0	0	0	0	0	0	0	0	0	0	0	0	0	0	0	0	0	0	0	0	0
1789546909846	13153	540	7	288	12	0	0	3	0	0	0	0	26.103515625	26.103515625	0	0	0	0	90.307617188	90.307617188	0	0	0	0	0	0	0	0	0	0	0	0	0	0	0	0	0	0	0	0	0	0	0	0	0	0	0	0	0	0	0	0	0	0	0	0	0	0	0	0	0	0	0	0	0	0	0	0
1789546909865	13175	541	7	288	12	0	0	3	0	0	0	0	26.103515625	26.103515625	0	0	0	0	90.307617188	90.307617188	0	0	0	0	0	0	0	0	0	0	0	0	0	0	0	0	0	0	0	0	0	0	0	0	0	0	0	0	0	0	0	0	0	0	0	0	0	0	0	0	0	0	0	0	0	0	0	0
1789546909891	13197	542	7	288	12	0	0	3	0	0	0	0	26.103515625	26.103515625	0	0	0	0	90.307617188	90.307617188	0	0	0	0	0	0	0	0	0	0	0	0	0	0	0	0	0	0	0	0	0	0	0	0	0	0	0	0	0	0	0	0	0	0	0	0	0	0	0	0	0	0	0	0	0	0	0	0
1789546909910	13219	543	7	288	12	0	0	3	0	0	0	0	26.103515625	26.103515625	0	0	0	0	90.307617188	90.307617188	0	0	0	0	0	0	0	0	0	0	0	0	0	0	0	0	0	0	0	0	0	0	0	0	0	0	0	0	0	0	0	0	0	0	0	0	0	0	0	0	0	0	0	0	0	0	0	0
1789546909936	13241	544	7	288	12	0	0	3	0	0	0	0	26.103515625	26.103515625	0	0	0	0	90.307617188	90.307617188	0	0	0	0	0	0	0	0	0	0	0	0	0	0	0	0	0	0	0	0	0	0	0	0	0	0	0	0	0	0	0	0	0	0	0	0	0	0	0	0	0	0	0	0	0	0	0	0
1789546909955	13263	545	7	288	12	0	0	3	0	0	0	0	26.103515625	26.103515625	0	0	0	0	90.307617188	90.307617188	0	0	0	0	0	0	0	0	0	0	0	0	0	0	0	0	0	0	0	0	0	0	0	0	0	0	0	0	0	0	0	0	0	0	0	0	0	0	0	0	0	0	0	0	0	0	0	0
1789546909982	13285	546	7	288	12	0	0	3	0	0	0	0	26.103515625	26.103515625	0	0	0	0	90.307617188	90.307617188	0	0	0	0	0	0	0	0	0	0	0	0	0	0	0	0	0	0	0	0	0	0	0	0	0	0	0	0	0	0	0	0	0	0	0	0	0	0	0	0	0	0	0	0	0	0	0	0
1789546910001	13307	547	7	288	12	0	0	3	0	0	0	0	26.103515625	26.103515625	0	0	0	0	90.307617188	90.307617188	0	0	0	0	0	0	0	0	0	0	0	0	0	0	0	0	0	0	0	0	0	0	0	0	0	0	0	0	0	0	0	0	0	0	0	0	0	0	0	0	0	0	0	0	0	0	0	0
1789546910021	13329	548	7	288	12	0	0	3	0	0	0	0	26.103515625	26.103515625	0	0	0	0	90.307617188	90.307617188	0	0	0	0	0	0	0	0	0	0	0	0	0	0	0	0	0	0	0	0	0	0	0	0	0	0	0	0	0	0	0	0	0	0	0	0	0	0	0	0	0	0	0	0	0	0	0	0
1789546910047	13351	549	7	288	12	0	0	3	0	0	0	0	26.103515625	26.103515625	0	0	0	0	90.307617188	90.307617188	0	0	0	0	0	0	0	0	0	0	0	0	0	0	0	0	0	0	0	0	0	0	0	0	0	0	0	0	0	0	0	0	0	0	0	0	0	0	0	0	0	0	0	0	0	0	0	0
1789546910067	13373	550	7	288	12	0	0	3	0	0	0	0	26.103515625	26.103515625	0	0	0	0	90.307617188	90.307617188	0	0	0	0	0	0	0	0	0	0	0	0	0	0	0	0	0	0	0	0	0	0	0	0	0	0	0	0	0	0	0	0	0	0	0	0	0	0	0	0	0	0	0	0	0	0	0	0
1789546910086	13395	551	7	288	12	0	0	3	0	0	0	0	26.103515625	26.103515625	0	0	0	0	90.307617188	90.307617188	0	0	0	0	0	0	0	0	0	0	0	0	0	0	0	0	0	0	0	0	0	0	0	0	0	0	0	0	0	0	0	0	0	0	0	0	0	0	0	0	0	0	0	0	0	0	0	0
1789546910112	13417	552	7	288	12	0	0	3	0	0	0	0	26.103515625	26.103515625	0	0	0	0	90.307617188	90.307617188	0	0	0	0	0	0	0	0	0	0	0	0	0	0	0	0	0	0	0	0	0	0	0	0	0	0	0	0	0	0	0	0	0	0	0	0	0	0	0	0	0	0	0	0	0	0	0	0
1789546910132	13439	553	7	288	12	0	0	3	0	0	0	0	26.103515625	26.103515625	0	0	0	0	90.307617188	90.307617188	0	0	0	0	0	0	0	0	0	0	0	0	0	0	0	0	0	0	0	0	0	0	0	0	0	0	0	0	0	0	0	0	0	0	0	0	0	0	0	0	0	0	0	0	0	0	0	0
1789546910152	13461	554	7	288	12	0	0	3	0	0	0	0	26.103515625	26.103515625	0	0	0	0	90.307617188	90.307617188	0	0	0	0	0	0	0	0	0	0	0	0	0	0	0	0	0	0	0	0	0	0	0	0	0	0	0	0	0	0	0	0	0	0	0	0	0	0	0	0	0	0	0	0	0	0	0	0
1789546910178	13483	555	7	288	12	0	0	3	0	0	0	0	26.103515625	26.103515625	0	0	0	0	90.307617188	90.307617188	0	0	0	0	0	0	0	0	0	0	0	0	0	0	0	0	0	0	0	0	0	0	0	0	0	0	0	0	0	0	0	0	0	0	0	0	0	0	0	0	0	0	0	0	0	0	0	0
1789546910197	13505	556	7	288	12	0	0	3	0	0	0	0	26.103515625	26.103515625	0	0	0	0	90.307617188	90.307617188	0	0	0	0	0	0	0	0	0	0	0	0	0	0	0	0	0	0	0	0	0	0	0	0	0	0	0	0	0	0	0	0	0	0	0	0	0	0	0	0	0	0	0	0	0	0	0	0
1789546910223	13527	557	7	288	12	0	0	3	0	0	0	0	26.103515625	26.103515625	0	0	0	0	90.307617188	90.307617188	0	0	0	0	0	0	0	0	0	0	0	0	0	0	0	0	0	0	0	0	0	0	0	0	0	0	0	0	0	0	0	0	0	0	0	0	0	0	0	0	0	0	0	0	0	0	0	0
1789546910242	13549	558	7	288	12	0	0	3	0	0	0	0	26.103515625	26.103515625	0	0	0	0	90.307617188	90.307617188	0	0	0	0	0	0	0	0	0	0	0	0	0	0	0	0	0	0	0	0	0	0	0	0	0	0	0	0	0	0	0	0	0	0	0	0	0	0	0	0	0	0	0	0	0	0	0	0
1789546910262	13571	559	7	288	12	0	0	3	0	0	0	0	26.103515625	26.103515625	0	0	0	0	90.307617188	90.307617188	0	0	0	0	0	0	0	0	0	0	0	0	0	0	0	0	0	0	0	0	0	0	0	0	0	0	0	0	0	0	0	0	0	0	0	0	0	0	0	0	0	0	0	0	0	0	0	0
1789546910288	13593	560	7	288	12	0	0	3	0	0	0	0	26.103515625	26.103515625	0	0	0	0	90.307617188	90.307617188	0	0	0	0	0	0	0	0	0	0	0	0	0	0	0	0	0	0	0	0	0	0	0	0	0	0	0	0	0	0	0	0	0	0	0	0	0	0	0	0	0	0	0	0	0	0	0	0
1789546910307	13615	561	7	288	12	0	0	3	0	0	0	0	26.103515625	26.103515625	0	0	0	0	90.307617188	90.307617188	0	0	0	0	0	0	0	0	0	0	0	0	0	0	0	0	0	0	0	0	0	0	0	0	0	0	0	0	0	0	0	0	0	0	0	0	0	0	0	0	0	0	0	0	0	0	0	0
1789546910333	13637	562	7	288	12	0	0	3	0	0	0	0	26.103515625	26.103515625	0	0	0	0	90.307617188	90.307617188	0	0	0	0	0	0	0	0	0	0	0	0	0	0	0	0	0	0	0	0	0	0	0	0	0	0	0	0	0	0	0	0	0	0	0	0	0	0	0	0	0	0	0	0	0	0	0	0
1789546910353	13659	563	7	288	12	0	0	3	0	0	0	0	26.103515625	26.103515625	0	0	0	0	90.307617188	90.307617188	0	0	0	0	0	0	0	0	0	0	0	0	0	0	0	0	0	0	0	0	0	0	0	0	0	0	0	0	0	0	0	0	0	0	0	0	0	0	0	0	0	0	0	0	0	0	0	0
1789546910372	13681	564	7	288	12	0	0	3	0	0	0	0	26.103515625	26.103515625	0	0	0	0	90.307617188	90.307617188	0	0	0	0	0	0	0	0	0	0	0	0	0	0	0	0	0	0	0	0	0	0	0	0	0	0	0	0	0	0	0	0	0	0	0	0	0	0	0	0	0	0	0	0	0	0	0	0
1789546910398	13703	565	7	288	12	0	0	3	0	0	0	0	26.103515625	26.103515625	0	0	0	0	90.307617188	90.307617188	0	0	0	0	0	0	0	0	0	0	0	0	0	0	0	0	0	0	0	0	0	0	0	0	0	0	0	0	0	0	0	0	0	0	0	0	0	0	0	0	0	0	0	0	0	0	0	0
1789546910417	13725	566	7	288	12	0	0	3	0	0	0	0	26.103515625	26.103515625	0	0	0	0	90.307617188	90.307617188	0	0	0	0	0	0	0	0	0	0	0	0	0	0	0	0	0	0	0	0	0	0	0	0	0	0	0	0	0	0	0	0	0	0	0	0	0	0	0	0	0	0	0	0	0	0	0	0
1789546910444	13747	567	7	288	12	0	0	3	0	0	0	0	26.103515625	26.103515625	0	0	0	0	90.307617188	90.307617188	0	0	0	0	0	0	0	0	0	0	0	0	0	0	0	0	0	0	0	0	0	0	0	0	0	0	0	0	0	0	0	0	0	0	0	0	0	0	0	0	0	0	0	0	0	0	0	0
1789546910463	13769	568	7	288	12	0	0	3	0	0	0	0	26.103515625	26.103515625	0	0	0	0	90.307617188	90.307617188	0	0	0	0	0	0	0	0	0	0	0	0	0	0	0	0	0	0	0	0	0	0	0	0	0	0	0	0	0	0	0	0	0	0	0	0	0	0	0	0	0	0	0	0	0	0	0	0
1789546910483	13791	569	7	288	12	0	0	3	0	0	0	0	26.103515625	26.103515625	0	0	0	0	90.307617188	90.307617188	0	0	0	0	0	0	0	0	0	0	0	0	0	0	0	0	0	0	0	0	0	0	0	0	0	0	0	0	0	0	0	0	0	0	0	0	0	0	0	0	0	0	0	0	0	0	0	0
1789546910508	13813	570	7	288	12	0	0	3	0	0	0	0	26.103515625	26.103515625	0	0	0	0	90.307617188	90.307617188	0	0	0	0	0	0	0	0	0	0	0	0	0	0	0	0	0	0	0	0	0	0	0	0	0	0	0	0	0	0	0	0	0	0	0	0	0	0	0	0	0	0	0	0	0	0	0	0
1789546910528	13835	571	7	288	12	0	0	3	0	0	0	0	26.103515625	26.103515625	0	0	0	0	90.307617188	90.307617188	0	0	0	0	0	0	0	0	0	0	0	0	0	0	0	0	0	0	0	0	0	0	0	0	0	0	0	0	0	0	0	0	0	0	0	0	0	0	0	0	0	0	0	0	0	0	0	0
1789546910553	13857	572	7	288	12	0	0	3	0	0	0	0	26.103515625	26.103515625	0	0	0	0	90.307617188	90.307617188	0	0	0	0	0	0	0	0	0	0	0	0	0	0	0	0	0	0	0	0	0	0	0	0	0	0	0	0	0	0	0	0	0	0	0	0	0	0	0	0	0	0	0	0	0	0	0	0
1789546910573	13879	573	7	288	12	0	0	3	0	0	0	0	26.103515625	26.103515625	0	0	0	0	90.307617188	90.307617188	0	0	0	0	0	0	0	0	0	0	0	0	0	0	0	0	0	0	0	0	0	0	0	0	0	0	0	0	0	0	0	0	0	0	0	0	0	0	0	0	0	0	0	0	0	0	0	0
1789546910593	13901	574	7	288	12	0	0	3	0	0	0	0	26.103515625	26.103515625	0	0	0	0	90.307617188	90.307617188	0	0	0	0	0	0	0	0	0	0	0	0	0	0	0	0	0	0	0	0	0	0	0	0	0	0	0	0	0	0	0	0	0	0	0	0	0	0	0	0	0	0	0	0	0	0	0	0
1789546910619	13923	575	7	288	12	0	0	3	0	0	0	0	26.103515625	26.103515625	0	0	0	0	90.307617188	90.307617188	0	0	0	0	0	0	0	0	0	0	0	0	0	0	0	0	0	0	0	0	0	0	0	0	0	0	0	0	0	0	0	0	0	0	0	0	0	0	0	0	0	0	0	0	0	0	0	0
1789546910638	13945	576	7	288	12	0	0	3	0	0	0	0	26.103515625	26.103515625	0	0	0	0	90.307617188	90.307617188	0	0	0	0	0	0	0	0	0	0	0	0	0	0	0	0	0	0	0	0	0	0	0	0	0	0	0	0	0	0	0	0	0	0	0	0	0	0	0	0	0	0	0	0	0	0	0	0
1789546910658	13967	577	7	288	12	0	0	3	0	0	0	0	26.103515625	26.103515625	0	0	0	0	90.307617188	90.307617188	0	0	0	0	0	0	0	0	0	0	0	0	0	0	0	0	0	0	0	0	0	0	0	0	0	0	0	0	0	0	0	0	0	0	0	0	0	0	0	0	0	0	0	0	0	0	0	0
1789546910684	13989	578	7	288	12	0	0	3	0	0	0	0	26.103515625	26.103515625	0	0	0	0	90.307617188	90.307617188	0	0	0	0	0	0	0	0	0	0	0	0	0	0	0	0	0	0	0	0	0	0	0	0	0	0	0	0	0	0	0	0	0	0	0	0	0	0	0	0	0	0	0	0	0	0	0	0
1789546910703	14011	579	7	288	12	0	0	3	0	0	0	0	26.103515625	26.103515625	0	0	0	0	90.307617188	90.307617188	0	0	0	0	0	0	0	0	0	0	0	0	0	0	0	0	0	0	0	0	0	0	0	0	0	0	0	0	0	0	0	0	0	0	0	0	0	0	0	0	0	0	0	0	0	0	0	0
1789546910729	14033	580	7	288	12	0	0	3	0	0	0	0	26.103515625	26.103515625	0	0	0	0	90.307617188	90.307617188	0	0	0	0	0	0	0	0	0	0	0	0	0	0	0	0	0	0	0	0	0	0	0	0	0	0	0	0	0	0	0	0	0	0	0	0	0	0	0	0	0	0	0	0	0	0	0	0
1789546910749	14055	581	7	288	12	0	0	3	0	0	0	0	26.103515625	26.103515625	0	0	0	0	90.307617188	90.307617188	0	0	0	0	0	0	0	0	0	0	0	0	0	0	0	0	0	0	0	0	0	0	0	0	0	0	0	0	0	0	0	0	0	0	0	0	0	0	0	0	0	0	0	0	0	0	0	0
1789546910768	14077	582	7	288	12	0	0	3	0	0	0	0	26.103515625	26.103515625	0	0	0	0	90.307617188	90.307617188	0	0	0	0	0	0	0	0	0	0	0	0	0	0	0	0	0	0	0	0	0	0	0	0	0	0	0	0	0	0	0	0	0	0	0	0	0	0	0	0	0	0	0	0	0	0	0	0
1789546910794	14099	583	7	288	12	0	0	3	0	0	0	0	26.103515625	26.103515625	0	0	0	0	90.307617188	90.307617188	0	0	0	0	0	0	0	0	0	0	0	0	0	0	0	0	0	0	0	0	0	0	0	0	0	0	0	0	0	0	0	0	0	0	0	0	0	0	0	0	0	0	0	0	0	0	0	0
1789546910813	14121	584	7	288	12	0	0	3	0	0	0	0	26.103515625	26.103515625	0	0	0	0	90.307617188	90.307617188	0	0	0	0	0	0	0	0	0	0	0	0	0	0	0	0	0	0	0	0	0	0	0	0	0	0	0	0	0	0	0	0	0	0	0	0	0	0	0	0	0	0	0	0	0	0	0	0
1789546910839	14143	585	7	288	12	0	0	3	0	0	0	0	26.103515625	26.103515625	0	0	0	0	90.307617188	90.307617188	0	0	0	0	0	0	0	0	0	0	0	0	0	0	0	0	0	0	0	0	0	0	0	0	0	0	0	0	0	0	0	0	0	0	0	0	0	0	0	0	0	0	0	0	0	0	0	0
1789546910858	14165	586	7	288	12	0	0	3	0	0	0	0	26.103515625	26.103515625	0	0	0	0	90.307617188	90.307617188	0	0	0	0	0	0	0	0	0	0	0	0	0	0	0	0	0	0	0	0	0	0	0	0	0	0	0	0	0	0	0	0	0	0	0	0	0	0	0	0	0	0	0	0	0	0	0	0
1789546910879	14187	587	7	288	12	0	0	3	0	0	0	0	26.103515625	26.103515625	0	0	0	0	90.307617188	90.307617188	0	0	0	0	0	0	0	0	0	0	0	0	0	0	0	0	0	0	0	0	0	0	0	0	0	0	0	0	0	0	0	0	0	0	0	0	0	0	0	0	0	0	0	0	0	0	0	0
1789546910903	14209	588	7	288	12	0	0	3	0	0	0	0	26.103515625	26.103515625	0	0	0	0	90.307617188	90.307617188	0	0	0	0	0	0	0	0	0	0	0	0	0	0	0	0	0	0	0	0	0	0	0	0	0	0	0	0	0	0	0	0	0	0	0	0	0	0	0	0	0	0	0	0	0	0	0	0
1789546910921	14231	589	7	288	12	0	0	3	0	0	0	0	26.103515625	26.103515625	0	0	0	0	90.307617188	90.307617188	0	0	0	0	0	0	0	0	0	0	0	0	0	0	0	0	0	0	0	0	0	0	0	0	0	0	0	0	0	0	0	0	0	0	0	0	0	0	0	0	0	0	0	0	0	0	0	0
1789546910945	14253	590	7	288	12	0	0	3	0	0	0	0	26.103515625	26.103515625	0	0	0	0	90.307617188	90.307617188	0	0	0	0	0	0	0	0	0	0	0	0	0	0	0	0	0	0	0	0	0	0	0	0	0	0	0	0	0	0	0	0	0	0	0	0	0	0	0	0	0	0	0	0	0	0	0	0
1789546910969	14275	591	7	288	12	0	0	3	0	0	0	0	26.103515625	26.103515625	0	0	0	0	90.307617188	90.307617188	0	0	0	0	0	0	0	0	0	0	0	0	0	0	0	0	0	0	0	0	0	0	0	0	0	0	0	0	0	0	0	0	0	0	0	0	0	0	0	0	0	0	0	0	0	0	0	0
1789546910993	14297	592	7	288	12	0	0	3	0	0	0	0	26.103515625	26.103515625	0	0	0	0	90.307617188	90.307617188	0	0	0	0	0	0	0	0	0	0	0	0	0	0	0	0	0	0	0	0	0	0	0	0	0	0	0	0	0	0	0	0	0	0	0	0	0	0	0	0	0	0	0	0	0	0	0	0
1789546911011	14319	593	7	288	12	0	0	3	0	0	0	0	26.103515625	26.103515625	0	0	0	0	90.307617188	90.307617188	0	0	0	0	0	0	0	0	0	0	0	0	0	0	0	0	0	0	0	0	0	0	0	0	0	0	0	0	0	0	0	0	0	0	0	0	0	0	0	0	0	0	0	0	0	0	0	0
1789546911039	14341	594	7	288	12	0	0	3	0	0	0	0	26.103515625	26.103515625	0	0	0	0	90.307617188	90.307617188	0	0	0	0	0	0	0	0	0	0	0	0	0	0	0	0	0	0	0	0	0	0	0	0	0	0	0	0	0	0	0	0	0	0	0	0	0	0	0	0	0	0	0	0	0	0	0	0
1789546911058	14363	595	7	288	12	0	0	3	0	0	0	0	26.103515625	26.103515625	0	0	0	0	90.307617188	90.307617188	0	0	0	0	0	0	0	0	0	0	0	0	0	0	0	0	0	0	0	0	0	0	0	0	0	0	0	0	0	0	0	0	0	0	0	0	0	0	0	0	0	0	0	0	0	0	0	0
1789546911077	14385	596	7	288	12	0	0	3	0	0	0	0	26.103515625	26.103515625	0	0	0	0	90.307617188	90.307617188	0	0	0	0	0	0	0	0	0	0	0	0	0	0	0	0	0	0	0	0	0	0	0	0	0	0	0	0	0	0	0	0	0	0	0	0	0	0	0	0	0	0	0	0	0	0	0	0
1789546911103	14407	597	7	288	12	0	0	3	0	0	0	0	26.103515625	26.103515625	0	0	0	0	90.307617188	90.307617188	0	0	0	0	0	0	0	0	0	0	0	0	0	0	0	0	0	0	0	0	0	0	0	0	0	0	0	0	0	0	0	0	0	0	0	0	0	0	0	0	0	0	0	0	0	0	0	0
1789546911122	14429	598	7	288	12	0	0	3	0	0	0	0	26.103515625	26.103515625	0	0	0	0	90.307617188	90.307617188	0	0	0	0	0	0	0	0	0	0	0	0	0	0	0	0	0	0	0	0	0	0	0	0	0	0	0	0	0	0	0	0	0	0	0	0	0	0	0	0	0	0	0	0	0	0	0	0
1789546911142	14451	599	7	288	12	0	0	3	0	0	0	0	26.103515625	26.103515625	0	0	0	0	90.307617188	90.307617188	0	0	0	0	0	0	0	0	0	0	0	0	0	0	0	0	0	0	0	0	0	0	0	0	0	0	0	0	0	0	0	0	0	0	0	0	0	0	0	0	0	0	0	0	0	0	0	0
1789546911168	14473	600	7	288	12	0	0	3	0	0	0	0	26.103515625	26.103515625	0	0	0	0	90.307617188	90.307617188	0	0	0	0	0	0	0	0	0	0	0	0	0	0	0	0	0	0	0	0	0	0	0	0	0	0	0	0	0	0	0	0	0	0	0	0	0	0	0	0	0	0	0	0	0	0	0	0
1789546911188	14495	601	7	288	12	0	0	3	0	0	0	0	26.103515625	26.103515625	0	0	0	0	90.307617188	90.307617188	0	0	0	0	0	0	0	0	0	0	0	0	0	0	0	0	0	0	0	0	0	0	0	0	0	0	0	0	0	0	0	0	0	0	0	0	0	0	0	0	0	0	0	0	0	0	0	0
1789546911207	14517	602	7	288	12	0	0	3	0	0	0	0	26.103515625	26.103515625	0	0	0	0	90.307617188	90.307617188	0	0	0	0	0	0	0	0	0	0	0	0	0	0	0	0	0	0	0	0	0	0	0	0	0	0	0	0	0	0	0	0	0	0	0	0	0	0	0	0	0	0	0	0	0	0	0	0
1789546911233	14539	603	7	288	12	0	0	3	0	0	0	0	26.103515625	26.103515625	0	0	0	0	90.307617188	90.307617188	0	0	0	0	0	0	0	0	0	0	0	0	0	0	0	0	0	0	0	0	0	0	0	0	0	0	0	0	0	0	0	0	0	0	0	0	0	0	0	0	0	0	0	0	0	0	0	0
1789546911253	14561	604	7	288	12	0	0	3	0	0	0	0	26.103515625	26.103515625	0	0	0	0	90.307617188	90.307617188	0	0	0	0	0	0	0	0	0	0	0	0	0	0	0	0	0	0	0	0	0	0	0	0	0	0	0	0	0	0	0	0	0	0	0	0	0	0	0	0	0	0	0	0	0	0	0	0
1789546911279	14583	605	7	288	12	0	0	3	0	0	0	0	26.103515625	26.103515625	0	0	0	0	90.307617188	90.307617188	0	0	0	0	0	0	0	0	0	0	0	0	0	0	0	0	0	0	0	0	0	0	0	0	0	0	0	0	0	0	0	0	0	0	0	0	0	0	0	0	0	0	0	0	0	0	0	0
1789546911299	14605	606	7	288	12	0	0	3	0	0	0	0	26.103515625	26.103515625	0	0	0	0	90.307617188	90.307617188	0	0	0	0	0	0	0	0	0	0	0	0	0	0	0	0	0	0	0	0	0	0	0	0	0	0	0	0	0	0	0	0	0	0	0	0	0	0	0	0	0	0	0	0	0	0	0	0
1789546911318	14627	607	7	288	12	0	0	3	0	0	0	0	26.103515625	26.103515625	0	0	0	0	90.307617188	90.307617188	0	0	0	0	0	0	0	0	0	0	0	0	0	0	0	0	0	0	0	0	0	0	0	0	0	0	0	0	0	0	0	0	0	0	0	0	0	0	0	0	0	0	0	0	0	0	0	0
1789546911344	14649	608	7	288	12	0	0	3	0	0	0	0	26.103515625	26.103515625	0	0	0	0	90.3515625	90.3515625	0	0	0	0	0	0	0	0	0	0	0	0	0	0	0	0	0	0	0	0	0	0	0	0	0	0	0	0	0	0	0	0	0	0	0	0	0	0	0	0	0	0	0	0	0	0	0	0
1789546911364	14671	609	7	288	12	0	0	3	0	0	0	0	26.103515625	26.103515625	0	0	0	0	90.307617188	90.307617188	0	0	0	0	0	0	0	0	0	0	0	0	0	0	0	0	0	0	0	0	0	0	0	0	0	0	0	0	0	0	0	0	0	0	0	0	0	0	0	0	0	0	0	0	0	0	0	0
1789546911389	14693	610	7	288	12	0	0	3	0	0	0	0	26.103515625	26.103515625	0	0	0	0	90.307617188	90.307617188	0	0	0	0	0	0	0	0	0	0	0	0	0	0	0	0	0	0	0	0	0	0	0	0	0	0	0	0	0	0	0	0	0	0	0	0	0	0	0	0	0	0	0	0	0	0	0	0
1789546911409	14715	611	7	288	12	0	0	3	0	0	0	0	26.103515625	26.103515625	0	0	0	0	90.307617188	90.307617188	0	0	0	0	0	0	0	0	0	0	0	0	0	0	0	0	0	0	0	0	0	0	0	0	0	0	0	0	0	0	0	0	0	0	0	0	0	0	0	0	0	0	0	0	0	0	0	0
1789546911428	14737	612	7	288	12	0	0	3	0	0	0	0	26.103515625	26.103515625	0	0	0	0	90.307617188	90.307617188	0	0	0	0	0	0	0	0	0	0	0	0	0	0	0	0	0	0	0	0	0	0	0	0	0	0	0	0	0	0	0	0	0	0	0	0	0	0	0	0	0	0	0	0	0	0	0	0
1789546911454	14759	613	7	288	12	0	0	3	0	0	0	0	26.103515625	26.103515625	0	0	0	0	90.307617188	90.307617188	0	0	0	0	0	0	0	0	0	0	0	0	0	0	0	0	0	0	0	0	0	0	0	0	0	0	0	0	0	0	0	0	0	0	0	0	0	0	0	0	0	0	0	0	0	0	0	0
1789546911473	14781	614	7	288	12	0	0	3	0	0	0	0	26.103515625	26.103515625	0	0	0	0	90.307617188	90.307617188	0	0	0	0	0	0	0	0	0	0	0	0	0	0	0	0	0	0	0	0	0	0	0	0	0	0	0	0	0	0	0	0	0	0	0	0	0	0	0	0	0	0	0	0	0	0	0	0
1789546911499	14803	615	7	288	12	0	0	3	0	0	0	0	26.103515625	26.103515625	0	0	0	0	90.307617188	90.307617188	0	0	0	0	0	0	0	0	0	0	0	0	0	0	0	0	0	0	0	0	0	0	0	0	0	0	0	0	0	0	0	0	0	0	0	0	0	0	0	0	0	0	0	0	0	0	0	0
1789546911518	14825	616	7	288	12	0	0	3	0	0	0	0	26.103515625	26.103515625	0	0	0	0	90.307617188	90.307617188	0	0	0	0	0	0	0	0	0	0	0	0	0	0	0	0	0	0	0	0	0	0	0	0	0	0	0	0	0	0	0	0	0	0	0	0	0	0	0	0	0	0	0	0	0	0	0	0
1789546911538	14847	617	7	288	12	0	0	3	0	0	0	0	26.103515625	26.103515625	0	0	0	0	90.307617188	90.307617188	0	0	0	0	0	0	0	0	0	0	0	0	0	0	0	0	0	0	0	0	0	0	0	0	0	0	0	0	0	0	0	0	0	0	0	0	0	0	0	0	0	0	0	0	0	0	0	0
1789546911563	14869	618	7	288	12	0	0	3	0	0	0	0	26.103515625	26.103515625	0	0	0	0	90.307617188	90.307617188	0	0	0	0	0	0	0	0	0	0	0	0	0	0	0	0	0	0	0	0	0	0	0	0	0	0	0	0	0	0	0	0	0	0	0	0	0	0	0	0	0	0	0	0	0	0	0	0
1789546911583	14891	619	7	288	12	0	0	3	0	0	0	0	26.103515625	26.103515625	0	0	0	0	90.307617188	90.307617188	0	0	0	0	0	0	0	0	0	0	0	0	0	0	0	0	0	0	0	0	0	0	0	0	0	0	0	0	0	0	0	0	0	0	0	0	0	0	0	0	0	0	0	0	0	0	0	0
1789546911609	14913	620	7	288	12	0	0	3	0	0	0	0	26.103515625	26.103515625	0	0	0	0	90.307617188	90.307617188	0	0	0	0	0	0	0	0	0	0	0	0	0	0	0	0	0	0	0	0	0	0	0	0	0	0	0	0	0	0	0	0	0	0	0	0	0	0	0	0	0	0	0	0	0	0	0	0
1789546911628	14935	621	7	288	12	0	0	3	0	0	0	0	26.103515625	26.103515625	0	0	0	0	90.307617188	90.307617188	0	0	0	0	0	0	0	0	0	0	0	0	0	0	0	0	0	0	0	0	0	0	0	0	0	0	0	0	0	0	0	0	0	0	0	0	0	0	0	0	0	0	0	0	0	0	0	0
1789546911648	14957	622	7	288	12	0	0	3	0	0	0	0	26.103515625	26.103515625	0	0	0	0	90.307617188	90.307617188	0	0	0	0	0	0	0	0	0	0	0	0	0	0	0	0	0	0	0	0	0	0	0	0	0	0	0	0	0	0	0	0	0	0	0	0	0	0	0	0	0	0	0	0	0	0	0	0
1789546911674	14979	623	7	288	12	0	0	3	0	0	0	0	26.103515625	26.103515625	0	0	0	0	90.307617188	90.307617188	0	0	0	0	0	0	0	0	0	0	0	0	0	0	0	0	0	0	0	0	0	0	0	0	0	0	0	0	0	0	0	0	0	0	0	0	0	0	0	0	0	0	0	0	0	0	0	0
1789546911694	15001	624	7	288	12	0	0	3	0	0	0	0	26.103515625	26.103515625	0	0	0	0	90.307617188	90.307617188	0	0	0	0	0	0	0	0	0	0	0	0	0	0	0	0	0	0	0	0	0	0	0	0	0	0	0	0	0	0	0	0	0	0	0	0	0	0	0	0	0	0	0	0	0	0	0	0
1789546911713	15023	625	7	288	12	0	0	3	0	0	0	0	26.103515625	26.103515625	0	0	0	0	90.307617188	90.307617188	0	0	0	0	0	0	0	0	0	0	0	0	0	0	0	0	0	0	0	0	0	0	0	0	0	0	0	0	0	0	0	0	0	0	0	0	0	0	0	0	0	0	0	0	0	0	0	0
1789546911739	15045	626	7	288	12	0	0	3	0	0	0	0	26.103515625	26.103515625	0	0	0	0	90.307617188	90.307617188	0	0	0	0	0	0	0	0	0	0	0	0	0	0	0	0	0	0	0	0	0	0	0	0	0	0	0	0	0	0	0	0	0	0	0	0	0	0	0	0	0	0	0	0	0	0	0	0
1789546911759	15067	627	7	288	12	0	0	3	0	0	0	0	26.103515625	26.103515625	0	0	0	0	90.307617188	90.307617188	0	0	0	0	0	0	0	0	0	0	0	0	0	0	0	0	0	0	0	0	0	0	0	0	0	0	0	0	0	0	0	0	0	0	0	0	0	0	0	0	0	0	0	0	0	0	0	0
1789546911786	15089	628	7	288	12	0	0	3	0	0	0	0	26.103515625	26.103515625	0	0	0	0	90.307617188	90.307617188	0	0	0	0	0	0	0	0	0	0	0	0	0	0	0	0	0	0	0	0	0	0	0	0	0	0	0	0	0	0	0	0	0	0	0	0	0	0	0	0	0	0	0	0	0	0	0	0
1789546911807	15111	629	7	288	12	0	0	3	0	0	0	0	26.103515625	26.103515625	0	0	0	0	90.307617188	90.307617188	0	0	0	0	0	0	0	0	0	0	0	0	0	0	0	0	0	0	0	0	0	0	0	0	0	0	0	0	0	0	0	0	0	0	0	0	0	0	0	0	0	0	0	0	0	0	0	0
1789546911827	15133	630	7	288	12	0	0	3	0	0	0	0	26.103515625	26.103515625	0	0	0	0	90.307617188	90.307617188	0	0	0	0	0	0	0	0	0	0	0	0	0	0	0	0	0	0	0	0	0	0	0	0	0	0	0	0	0	0	0	0	0	0	0	0	0	0	0	0	0	0	0	0	0	0	0	0
1789546911846	15155	631	7	288	12	0	0	3	0	0	0	0	26.103515625	26.103515625	0	0	0	0	90.307617188	90.307617188	0	0	0	0	0	0	0	0	0	0	0	0	0	0	0	0	0	0	0	0	0	0	0	0	0	0	0	0	0	0	0	0	0	0	0	0	0	0	0	0	0	0	0	0	0	0	0	0
1789546911872	15177	632	7	288	12	0	0	3	0	0	0	0	26.103515625	26.103515625	0	0	0	0	90.307617188	90.307617188	0	0	0	0	0	0	0	0	0	0	0	0	0	0	0	0	0	0	0	0	0	0	0	0	0	0	0	0	0	0	0	0	0	0	0	0	0	0	0	0	0	0	0	0	0	0	0	0
1789546911891	15199	633	7	288	12	0	0	3	0	0	0	0	26.103515625	26.103515625	0	0	0	0	90.307617188	90.307617188	0	0	0	0	0	0	0	0	0	0	0	0	0	0	0	0	0	0	0	0	0	0	0	0	0	0	0	0	0	0	0	0	0	0	0	0	0	0	0	0	0	0	0	0	0	0	0	0
1789546911917	15221	634	7	288	12	0	0	3	0	0	0	0	26.103515625	26.103515625	0	0	0	0	90.307617188	90.307617188	0	0	0	0	0	0	0	0	0	0	0	0	0	0	0	0	0	0	0	0	0	0	0	0	0	0	0	0	0	0	0	0	0	0	0	0	0	0	0	0	0	0	0	0	0	0	0	0
1789546911936	15243	635	7	288	12	0	0	3	0	0	0	0	26.103515625	26.103515625	0	0	0	0	90.307617188	90.307617188	0	0	0	0	0	0	0	0	0	0	0	0	0	0	0	0	0	0	0	0	0	0	0	0	0	0	0	0	0	0	0	0	0	0	0	0	0	0	0	0	0	0	0	0	0	0	0	0
1789546911957	15265	636	7	288	12	0	0	3	0	0	0	0	26.103515625	26.103515625	0	0	0	0	90.307617188	90.307617188	0	0	0	0	0	0	0	0	0	0	0	0	0	0	0	0	0	0	0	0	0	0	0	0	0	0	0	0	0	0	0	0	0	0	0	0	0	0	0	0	0	0	0	0	0	0	0	0
1789546911977	15287	637	7	288	12	0	0	3	0	0	0	0	26.103515625	26.103515625	0	0	0	0	90.307617188	90.307617188	0	0	0	0	0	0	0	0	0	0	0	0	0	0	0	0	0	0	0	0	0	0	0	0	0	0	0	0	0	0	0	0	0	0	0	0	0	0	0	0	0	0	0	0	0	0	0	0
1789546912006	15309	638	7	288	12	0	0	3	0	0	0	0	26.103515625	26.103515625	0	0	0	0	90.307617188	90.307617188	0	0	0	0	0	0	0	0	0	0	0	0	0	0	0	0	0	0	0	0	0	0	0	0	0	0	0	0	0	0	0	0	0	0	0	0	0	0	0	0	0	0	0	0	0	0	0	0
1789546912026	15331	639	7	288	12	0	0	3	0	0	0	0	26.103515625	26.103515625	0	0	0	0	90.307617188	90.307617188	0	0	0	0	0	0	0	0	0	0	0	0	0	0	0	0	0	0	0	0	0	0	0	0	0	0	0	0	0	0	0	0	0	0	0	0	0	0	0	0	0	0	0	0	0	0	0	0
1789546912046	15353	640	7	288	12	0	0	3	0	0	0	0	26.103515625	26.103515625	0	0	0	0	90.307617188	90.307617188	0	0	0	0	0	0	0	0	0	0	0	0	0	0	0	0	0	0	0	0	0	0	0	0	0	0	0	0	0	0	0	0	0	0	0	0	0	0	0	0	0	0	0	0	0	0	0	0
1789546912071	15375	641	7	288	12	0	0	3	0	0	0	0	26.103515625	26.103515625	0	0	0	0	90.307617188	90.307617188	0	0	0	0	0	0	0	0	0	0	0	0	0	0	0	0	0	0	0	0	0	0	0	0	0	0	0	0	0	0	0	0	0	0	0	0	0	0	0	0	0	0	0	0	0	0	0	0
1789546912091	15397	642	7	288	12	0	0	3	0	0	0	0	26.103515625	26.103515625	0	0	0	0	90.307617188	90.307617188	0	0	0	0	0	0	0	0	0	0	0	0	0	0	0	0	0	0	0	0	0	0	0	0	0	0	0	0	0	0	0	0	0	0	0	0	0	0	0	0	0	0	0	0	0	0	0	0
1789546912110	15419	643	7	288	12	0	0	3	0	0	0	0	26.103515625	26.103515625	0	0	0	0	90.307617188	90.307617188	0	0	0	0	0	0	0	0	0	0	0	0	0	0	0	0	0	0	0	0	0	0	0	0	0	0	0	0	0	0	0	0	0	0	0	0	0	0	0	0	0	0	0	0	0	0	0	0
1789546912136	15441	644	7	288	12	0	0	3	0	0	0	0	26.103515625	26.103515625	0	0	0	0	90.307617188	90.307617188	0	0	0	0	0	0	0	0	0	0	0	0	0	0	0	0	0	0	0	0	0	0	0	0	0	0	0	0	0	0	0	0	0	0	0	0	0	0	0	0	0	0	0	0	0	0	0	0
1789546912155	15463	645	7	288	12	0	0	3	0	0	0	0	26.103515625	26.103515625	0	0	0	0	90.307617188	90.307617188	0	0	0	0	0	0	0	0	0	0	0	0	0	0	0	0	0	0	0	0	0	0	0	0	0	0	0	0	0	0	0	0	0	0	0	0	0	0	0	0	0	0	0	0	0	0	0	0
1789546912181	15485	646	7	288	12	0	0	3	0	0	0	0	26.103515625	26.103515625	0	0	0	0	90.307617188	90.307617188	0	0	0	0	0	0	0	0	0	0	0	0	0	0	0	0	0	0	0	0	0	0	0	0	0	0	0	0	0	0	0	0	0	0	0	0	0	0	0	0	0	0	0	0	0	0	0	0
1789546912201	15507	647	7	288	12	0	0	3	0	0	0	0	26.103515625	26.103515625	0	0	0	0	90.307617188	90.307617188	0	0	0	0	0	0	0	0	0	0	0	0	0	0	0	0	0	0	0	0	0	0	0	0	0	0	0	0	0	0	0	0	0	0	0	0	0	0	0	0	0	0	0	0	0	0	0	0
1789546912220	15529	648	7	288	12	0	0	3	0	0	0	0	26.103515625	26.103515625	0	0	0	0	90.307617188	90.307617188	0	0	0	0	0	0	0	0	0	0	0	0	0	0	0	0	0	0	0	0	0	0	0	0	0	0	0	0	0	0	0	0	0	0	0	0	0	0	0	0	0	0	0	0	0	0	0	0
1789546912246	15551	649	7	288	12	0	0	3	0	0	0	0	26.103515625	26.103515625	0	0	0	0	90.307617188	90.307617188	0	0	0	0	0	0	0	0	0	0	0	0	0	0	0	0	0	0	0	0	0	0	0	0	0	0	0	0	0	0	0	0	0	0	0	0	0	0	0	0	0	0	0	0	0	0	0	0
1789546912266	15573	650	7	288	12	0	0	3	0	0	0	0	26.103515625	26.103515625	0	0	0	0	90.307617188	90.307617188	0	0	0	0	0	0	0	0	0	0	0	0	0	0	0	0	0	0	0	0	0	0	0	0	0	0	0	0	0	0	0	0	0	0	0	0	0	0	0	0	0	0	0	0	0	0	0	0
1789546912291	15595	651	7	288	12	0	0	3	0	0	0	0	26.103515625	26.103515625	0	0	0	0	90.307617188	90.307617188	0	0	0	0	0	0	0	0	0	0	0	0	0	0	0	0	0	0	0	0	0	0	0	0	0	0	0	0	0	0	0	0	0	0	0	0	0	0	0	0	0	0	0	0	0	0	0	0
1789546912311	15617	652	7	288	12	0	0	3	0	0	0	0	26.103515625	26.103515625	0	0	0	0	90.307617188	90.307617188	0	0	0	0	0	0	0	0	0	0	0	0	0	0	0	0	0	0	0	0	0	0	0	0	0	0	0	0	0	0	0	0	0	0	0	0	0	0	0	0	0	0	0	0	0	0	0	0
1789546912330	15639	653	7	288	12	0	0	3	0	0	0	0	26.103515625	26.103515625	0	0	0	0	90.307617188	90.307617188	0	0	0	0	0	0	0	0	0	0	0	0	0	0	0	0	0	0	0	0	0	0	0	0	0	0	0	0	0	0	0	0	0	0	0	0	0	0	0	0	0	0	0	0	0	0	0	0
1789546912356	15661	654	7	288	12	0	0	3	0	0	0	0	26.103515625	26.103515625	0	0	0	0	90.307617188	90.307617188	0	0	0	0	0	0	0	0	0	0	0	0	0	0	0	0	0	0	0	0	0	0	0	0	0	0	0	0	0	0	0	0	0	0	0	0	0	0	0	0	0	0	0	0	0	0	0	0
1789546912375	15683	655	7	288	12	0	0	3	0	0	0	0	26.103515625	26.103515625	0	0	0	0	90.307617188	90.307617188	0	0	0	0	0	0	0	0	0	0	0	0	0	0	0	0	0	0	0	0	0	0	0	0	0	0	0	0	0	0	0	0	0	0	0	0	0	0	0	0	0	0	0	0	0	0	0	0
1789546912401	15705	656	7	288	12	0	0	3	0	0	0	0	26.103515625	26.103515625	0	0	0	0	90.307617188	90.307617188	0	0	0	0	0	0	0	0	0	0	0	0	0	0	0	0	0	0	0	0	0	0	0	0	0	0	0	0	0	0	0	0	0	0	0	0	0	0	0	0	0	0	0	0	0	0	0	0
1789546912420	15727	657	7	288	12	0	0	3	0	0	0	0	26.103515625	26.103515625	0	0	0	0	90.307617188	90.307617188	0	0	0	0	0	0	0	0	0	0	0	0	0	0	0	0	0	0	0	0	0	0	0	0	0	0	0	0	0	0	0	0	0	0	0	0	0	0	0	0	0	0	0	0	0	0	0	0
1789546912440	15749	658	7	288	12	0	0	3	0	0	0	0	26.103515625	26.103515625	0	0	0	0	90.307617188	90.307617188	0	0	0	0	0	0	0	0	0	0	0	0	0	0	0	0	0	0	0	0	0	0	0	0	0	0	0	0	0	0	0	0	0	0	0	0	0	0	0	0	0	0	0	0	0	0	0	0
1789546912465	15771	659	7	288	12	0	0	3	0	0	0	0	26.103515625	26.103515625	0	0	0	0	90.307617188	90.307617188	0	0	0	0	0	0	0	0	0	0	0	0	0	0	0	0	0	0	0	0	0	0	0	0	0	0	0	0	0	0	0	0	0	0	0	0	0	0	0	0	0	0	0	0	0	0	0	0
1789546912485	15793	660	7	288	12	0	0	3	0	0	0	0	26.103515625	26.103515625	0	0	0	0	90.307617188	90.307617188	0	0	0	0	0	0	0	0	0	0	0	0	0	0	0	0	0	0	0	0	0	0	0	0	0	0	0	0	0	0	0	0	0	0	0	0	0	0	0	0	0	0	0	0	0	0	0	0
1789546912510	15815	661	7	288	12	0	0	3	0	0	0	0	26.103515625	26.103515625	0	0	0	0	90.307617188	90.307617188	0	0	0	0	0	0	0	0	0	0	0	0	0	0	0	0	0	0	0	0	0	0	0	0	0	0	0	0	0	0	0	0	0	0	0	0	0	0	0	0	0	0	0	0	0	0	0	0
1789546912530	15837	662	7	288	12	0	0	3	0	0	0	0	26.103515625	26.103515625	0	0	0	0	90.307617188	90.307617188	0	0	0	0	0	0	0	0	0	0	0	0	0	0	0	0	0	0	0	0	0	0	0	0	0	0	0	0	0	0	0	0	0	0	0	0	0	0	0	0	0	0	0	0	0	0	0	0
1789546912556	15859	663	7	288	12	0	0	3	0	0	0	0	26.103515625	26.103515625	0	0	0	0	90.307617188	90.307617188	0	0	0	0	0	0	0	0	0	0	0	0	0	0	0	0	0	0	0	0	0	0	0	0	0	0	0	0	0	0	0	0	0	0	0	0	0	0	0	0	0	0	0	0	0	0	0	0
1789546912575	15881	664	7	288	12	0	0	3	0	0	0	0	26.103515625	26.103515625	0	0	0	0	90.307617188	90.307617188	0	0	0	0	0	0	0	0	0	0	0	0	0	0	0	0	0	0	0	0	0	0	0	0	0	0	0	0	0	0	0	0	0	0	0	0	0	0	0	0	0	0	0	0	0	0	0	0
1789546912594	15903	665	7	288	12	0	0	3	0	0	0	0	26.103515625	26.103515625	0	0	0	0	90.307617188	90.307617188	0	0	0	0	0	0	0	0	0	0	0	0	0	0	0	0	0	0	0	0	0	0	0	0	0	0	0	0	0	0	0	0	0	0	0	0	0	0	0	0	0	0	0	0	0	0	0	0
1789546912620	15925	666	7	288	12	0	0	3	0	0	0	0	26.103515625	26.103515625	0	0	0	0	90.307617188	90.307617188	0	0	0	0	0	0	0	0	0	0	0	0	0	0	0	0	0	0	0	0	0	0	0	0	0	0	0	0	0	0	0	0	0	0	0	0	0	0	0	0	0	0	0	0	0	0	0	0
1789546912639	15947	667	7	288	12	0	0	3	0	0	0	0	26.103515625	26.103515625	0	0	0	0	90.307617188	90.307617188	0	0	0	0	0	0	0	0	0	0	0	0	0	0	0	0	0	0	0	0	0	0	0	0	0	0	0	0	0	0	0	0	0	0	0	0	0	0	0	0	0	0	0	0	0	0	0	0
1789546912665	15969	668	7	288	12	0	0	3	0	0	0	0	26.103515625	26.103515625	0	0	0	0	90.307617188	90.307617188	0	0	0	0	0	0	0	0	0	0	0	0	0	0	0	0	0	0	0	0	0	0	0	0	0	0	0	0	0	0	0	0	0	0	0	0	0	0	0	0	0	0	0	0	0	0	0	0
1789546912685	15991	669	7	288	12	0	0	3	0	0	0	0	26.103515625	26.103515625	0	0	0	0	90.307617188	90.307617188	0	0	0	0	0	0	0	0	0	0	0	0	0	0	0	0	0	0	0	0	0	0	0	0	0	0	0	0	0	0	0	0	0	0	0	0	0	0	0	0	0	0	0	0	0	0	0	0
1789546912704	16013	670	7	288	12	0	0	3	0	0	0	0	26.103515625	26.103515625	0	0	0	0	90.307617188	90.307617188	0	0	0	0	0	0	0	0	0	0	0	0	0	0	0	0	0	0	0	0	0	0	0	0	0	0	0	0	0	0	0	0	0	0	0	0	0	0	0	0	0	0	0	0	0	0	0	0
1789546912730	16035	671	7	288	12	0	0	3	0	0	0	0	26.103515625	26.103515625	0	0	0	0	90.307617188	90.307617188	0	0	0	0	0	0	0	0	0	0	0	0	0	0	0	0	0	0	0	0	0	0	0	0	0	0	0	0	0	0	0	0	0	0	0	0	0	0	0	0	0	0	0	0	0	0	0	0
1789546912750	16057	672	7	288	12	0	0	3	0	0	0	0	26.103515625	26.103515625	0	0	0	0	90.307617188	90.307617188	0	0	0	0	0	0	0	0	0	0	0	0	0	0	0	0	0	0	0	0	0	0	0	0	0	0	0	0	0	0	0	0	0	0	0	0	0	0	0	0	0	0	0	0	0	0	0	0
1789546912769	16079	673	7	288	12	0	0	3	0	0	0	0	26.103515625	26.103515625	0	0	0	0	90.307617188	90.307617188	0	0	0	0	0	0	0	0	0	0	0	0	0	0	0	0	0	0	0	0	0	0	0	0	0	0	0	0	0	0	0	0	0	0	0	0	0	0	0	0	0	0	0	0	0	0	0	0
1789546912793	16101	674	7	288	12	0	0	3	0	0	0	0	26.103515625	26.103515625	0	0	0	0	90.307617188	90.307617188	0	0	0	0	0	0	0	0	0	0	0	0	0	0	0	0	0	0	0	0	0	0	0	0	0	0	0	0	0	0	0	0	0	0	0	0	0	0	0	0	0	0	0	0	0	0	0	0
1789546912818	16123	675	7	288	12	0	0	3	0	0	0	0	26.103515625	26.103515625	0	0	0	0	90.307617188	90.307617188	0	0	0	0	0	0	0	0	0	0	0	0	0	0	0	0	0	0	0	0	0	0	0	0	0	0	0	0	0	0	0	0	0	0	0	0	0	0	0	0	0	0	0	0	0	0	0	0
1789546912838	16145	676	7	288	12	0	0	3	0	0	0	0	26.103515625	26.103515625	0	0	0	0	90.307617188	90.307617188	0	0	0	0	0	0	0	0	0	0	0	0	0	0	0	0	0	0	0	0	0	0	0	0	0	0	0	0	0	0	0	0	0	0	0	0	0	0	0	0	0	0	0	0	0	0	0	0
1789546912858	16167	677	7	288	12	0	0	3	0	0	0	0	26.103515625	26.103515625	0	0	0	0	90.307617188	90.307617188	0	0	0	0	0	0	0	0	0	0	0	0	0	0	0	0	0	0	0	0	0	0	0	0	0	0	0	0	0	0	0	0	0	0	0	0	0	0	0	0	0	0	0	0	0	0	0	0
1789546912883	16189	678	7	288	12	0	0	3	0	0	0	0	26.103515625	26.103515625	0	0	0	0	90.307617188	90.307617188	0	0	0	0	0	0	0	0	0	0	0	0	0	0	0	0	0	0	0	0	0	0	0	0	0	0	0	0	0	0	0	0	0	0	0	0	0	0	0	0	0	0	0	0	0	0	0	0
1789546912903	16211	679	7	288	12	0	0	3	0	0	0	0	26.103515625	26.103515625	0	0	0	0	90.307617188	90.307617188	0	0	0	0	0	0	0	0	0	0	0	0	0	0	0	0	0	0	0	0	0	0	0	0	0	0	0	0	0	0	0	0	0	0	0	0	0	0	0	0	0	0	0	0	0	0	0	0
1789546912929	16233	680	7	288	12	0	0	3	0	0	0	0	26.147460938	26.147460938	0	0	0	0	90.307617188	90.307617188	0	0	0	0	0	0	0	0	0	0	0	0	0	0	0	0	0	0	0	0	0	0	0	0	0	0	0	0	0	0	0	0	0	0	0	0	0	0	0	0	0	0	0	0	0	0	0	0
1789546912948	16255	681	7	288	12	0	0	3	0	0	0	0	26.103515625	26.103515625	0	0	0	0	90.307617188	90.307617188	0	0	0	0	0	0	0	0	0	0	0	0	0	0	0	0	0	0	0	0	0	0	0	0	0	0	0	0	0	0	0	0	0	0	0	0	0	0	0	0	0	0	0	0	0	0	0	0
1789546912967	16277	682	7	288	12	0	0	3	0	0	0	0	26.103515625	26.103515625	0	0	0	0	90.307617188	90.307617188	0	0	0	0	0	0	0	0	0	0	0	0	0	0	0	0	0	0	0	0	0	0	0	0	0	0	0	0	0	0	0	0	0	0	0	0	0	0	0	0	0	0	0	0	0	0	0	0
1789546912993	16299	683	7	288	12	0	0	3	0	0	0	0	26.103515625	26.103515625	0	0	0	0	90.307617188	90.307617188	0	0	0	0	0	0	0	0	0	0	0	0	0	0	0	0	0	0	0	0	0	0	0	0	0	0	0	0	0	0	0	0	0	0	0	0	0	0	0	0	0	0	0	0	0	0	0	0
1789546913013	16321	684	7	288	12	0	0	3	0	0	0	0	26.103515625	26.103515625	0	0	0	0	90.307617188	90.307617188	0	0	0	0	0	0	0	0	0	0	0	0	0	0	0	0	0	0	0	0	0	0	0	0	0	0	0	0	0	0	0	0	0	0	0	0	0	0	0	0	0	0	0	0	0	0	0	0
1789546913039	16343	685	7	288	12	0	0	3	0	0	0	0	26.103515625	26.103515625	0	0	0	0	90.307617188	90.307617188	0	0	0	0	0	0	0	0	0	0	0	0	0	0	0	0	0	0	0	0	0	0	0	0	0	0	0	0	0	0	0	0	0	0	0	0	0	0	0	0	0	0	0	0	0	0	0	0
1789546913058	16365	686	7	288	12	0	0	3	0	0	0	0	26.103515625	26.103515625	0	0	0	0	90.307617188	90.307617188	0	0	0	0	0	0	0	0	0	0	0	0	0	0	0	0	0	0	0	0	0	0	0	0	0	0	0	0	0	0	0	0	0	0	0	0	0	0	0	0	0	0	0	0	0	0	0	0
1789546913078	16387	687	7	288	12	0	0	3	0	0	0	0	26.103515625	26.103515625	0	0	0	0	90.307617188	90.307617188	0	0	0	0	0	0	0	0	0	0	0	0	0	0	0	0	0	0	0	0	0	0	0	0	0	0	0	0	0	0	0	0	0	0	0	0	0	0	0	0	0	0	0	0	0	0	0	0
1789546913104	16409	688	7	288	12	0	0	3	0	0	0	0	26.103515625	26.103515625	0	0	0	0	90.307617188	90.307617188	0	0	0	0	0	0	0	0	0	0	0	0	0	0	0	0	0	0	0	0	0	0	0	0	0	0	0	0	0	0	0	0	0	0	0	0	0	0	0	0	0	0	0	0	0	0	0	0
1789546913123	16431	689	7	288	12	0	0	3	0	0	0	0	26.103515625	26.103515625	0	0	0	0	90.307617188	90.307617188	0	0	0	0	0	0	0	0	0	0	0	0	0	0	0	0	0	0	0	0	0	0	0	0	0	0	0	0	0	0	0	0	0	0	0	0	0	0	0	0	0	0	0	0	0	0	0	0
1789546913149	16453	690	7	288	12	0	0	3	0	0	0	0	26.103515625	26.103515625	0	0	0	0	90.307617188	90.307617188	0	0	0	0	0	0	0	0	0	0	0	0	0	0	0	0	0	0	0	0	0	0	0	0	0	0	0	0	0	0	0	0	0	0	0	0	0	0	0	0	0	0	0	0	0	0	0	0
1789546913169	16475	691	7	288	12	0	0	3	0	0	0	0	26.103515625	26.103515625	0	0	0	0	90.307617188	90.307617188	0	0	0	0	0	0	0	0	0	0	0	0	0	0	0	0	0	0	0	0	0	0	0	0	0	0	0	0	0	0	0	0	0	0	0	0	0	0	0	0	0	0	0	0	0	0	0	0
1789546913189	16497	692	7	288	12	0	0	3	0	0	0	0	26.103515625	26.103515625	0	0	0	0	90.307617188	90.307617188	0	0	0	0	0	0	0	0	0	0	0	0	0	0	0	0	0	0	0	0	0	0	0	0	0	0	0	0	0	0	0	0	0	0	0	0	0	0	0	0	0	0	0	0	0	0	0	0
1789546913215	16519	693	7	288	12	0	0	3	0	0	0	0	26.103515625	26.103515625	0	0	0	0	90.307617188	90.307617188	0	0	0	0	0	0	0	0	0	0	0	0	0	0	0	0	0	0	0	0	0	0	0	0	0	0	0	0	0	0	0	0	0	0	0	0	0	0	0	0	0	0	0	0	0	0	0	0
1789546913234	16541	694	7	288	12	0	0	3	0	0	0	0	26.103515625	26.103515625	0	0	0	0	90.307617188	90.307617188	0	0	0	0	0	0	0	0	0	0	0	0	0	0	0	0	0	0	0	0	0	0	0	0	0	0	0	0	0	0	0	0	0	0	0	0	0	0	0	0	0	0	0	0	0	0	0	0
1789546913254	16563	695	7	288	12	0	0	3	0	0	0	0	26.103515625	26.103515625	0	0	0	0	90.307617188	90.307617188	0	0	0	0	0	0	0	0	0	0	0	0	0	0	0	0	0	0	0	0	0	0	0	0	0	0	0	0	0	0	0	0	0	0	0	0	0	0	0	0	0	0	0	0	0	0	0	0
1789546913280	16585	696	7	288	12	0	0	3	0	0	0	0	26.103515625	26.103515625	0	0	0	0	90.307617188	90.307617188	0	0	0	0	0	0	0	0	0	0	0	0	0	0	0	0	0	0	0	0	0	0	0	0	0	0	0	0	0	0	0	0	0	0	0	0	0	0	0	0	0	0	0	0	0	0	0	0
1789546913300	16607	697	7	288	12	0	0	3	0	0	0	0	26.103515625	26.103515625	0	0	0	0	90.307617188	90.307617188	0	0	0	0	0	0	0	0	0	0	0	0	0	0	0	0	0	0	0	0	0	0	0	0	0	0	0	0	0	0	0	0	0	0	0	0	0	0	0	0	0	0	0	0	0	0	0	0
1789546913320	16629	698	7	288	12	0	0	3	0	0	0	0	26.103515625	26.103515625	0	0	0	0	90.307617188	90.307617188	0	0	0	0	0	0	0	0	0	0	0	0	0	0	0	0	0	0	0	0	0	0	0	0	0	0	0	0	0	0	0	0	0	0	0	0	0	0	0	0	0	0	0	0	0	0	0	0
1789546913346	16651	699	7	288	12	0	0	3	0	0	0	0	26.103515625	26.103515625	0	0	0	0	90.307617188	90.307617188	0	0	0	0	0	0	0	0	0	0	0	0	0	0	0	0	0	0	0	0	0	0	0	0	0	0	0	0	0	0	0	0	0	0	0	0	0	0	0	0	0	0	0	0	0	0	0	0
1789546913365	16673	700	7	288	12	0	0	3	0	0	0	0	26.103515625	26.103515625	0	0	0	0	90.307617188	90.307617188	0	0	0	0	0	0	0	0	0	0	0	0	0	0	0	0	0	0	0	0	0	0	0	0	0	0	0	0	0	0	0	0	0	0	0	0	0	0	0	0	0	0	0	0	0	0	0	0
1789546913391	16695	701	7	288	12	0	0	3	0	0	0	0	26.103515625	26.103515625	0	0	0	0	90.307617188	90.307617188	0	0	0	0	0	0	0	0	0	0	0	0	0	0	0	0	0	0	0	0	0	0	0	0	0	0	0	0	0	0	0	0	0	0	0	0	0	0	0	0	0	0	0	0	0	0	0	0
1789546913410	16717	702	7	288	12	0	0	3	0	0	0	0	26.103515625	26.103515625	0	0	0	0	90.307617188	90.307617188	0	0	0	0	0	0	0	0	0	0	0	0	0	0	0	0	0	0	0	0	0	0	0	0	0	0	0	0	0	0	0	0	0	0	0	0	0	0	0	0	0	0	0	0	0	0	0	0
1789546913430	16739	703	7	288	12	0	0	3	0	0	0	0	26.103515625	26.103515625	0	0	0	0	90.307617188	90.307617188	0	0	0	0	0	0	0	0	0	0	0	0	0	0	0	0	0	0	0	0	0	0	0	0	0	0	0	0	0	0	0	0	0	0	0	0	0	0	0	0	0	0	0	0	0	0	0	0
1789546913456	16761	704	7	288	12	0	0	3	0	0	0	0	26.103515625	26.103515625	0	0	0	0	90.307617188	90.307617188	0	0	0	0	0	0	0	0	0	0	0	0	0	0	0	0	0	0	0	0	0	0	0	0	0	0	0	0	0	0	0	0	0	0	0	0	0	0	0	0	0	0	0	0	0	0	0	0
1789546913475	16783	705	7	288	12	0	0	3	0	0	0	0	26.103515625	26.103515625	0	0	-6	6	90.307617188	90.307617188	0	0	0	0	0	0	0	0	0	0	0	0	0	0	0	0	0	0	0	0	0	0	0	0	0	0	0	0	0	0	0	0	0	0	0	0	0	0	0	0	0	0	0	0	0	0	0	0
1789546913501	16805	706	7	288	12	0	0	3	0	0	0	0	26.103515625	26.103515625	0	0	0	0	90.307617188	90.307617188	0	0	0	0	0	0	0	0	0	0	0	0	0	0	0	0	0	0	0	0	0	0	0	0	0	0	0	0	0	0	0	0	0	0	0	0	0	0	0	0	0	0	0	0	0	0	0	0
1789546913521	16827	707	7	288	12	0	0	3	0	0	0	0	26.103515625	26.103515625	0	0	0	0	90.307617188	90.307617188	0	0	0	0	0	0	0	0	0	0	0	0	0	0	0	0	0	0	0	0	0	0	0	0	0	0	0	0	0	0	0	0	0	0	0	0	0	0	0	0	0	0	0	0	0	0	0	0
1789546913540	16849	708	7	288	12	0	0	3	0	0	0	0	26.103515625	26.103515625	0	0	0	0	90.307617188	90.307617188	0	0	-6	6	0	0	0	0	0	0	0	0	0	0	0	0	0	0	0	0	0	0	0	0	0	0	0	0	0	0	0	0	0	0	0	0	0	0	0	0	0	0	0	0	0	0	0	0
1789546913566	16871	709	7	288	12	0	0	3	0	0	0	0	26.103515625	26.103515625	0	0	0	0	90.307617188	90.307617188	0	0	0	0	0	0	0	0	0	0	0	0	0	0	0	0	0	0	0	0	0	0	0	0	0	0	0	0	0	0	0	0	0	0	0	0	0	0	0	0	0	0	0	0	0	0	0	0
1789546913586	16893	710	7	288	12	0	0	3	0	0	0	0	26.103515625	26.103515625	0	0	0	0	90.307617188	90.307617188	0	0	0	0	0	0	0	0	0	0	0	0	0	0	0	0	0	0	0	0	0	0	0	0	0	0	0	0	0	0	0	0	0	0	0	0	0	0	0	0	0	0	0	0	0	0	0	0
1789546913606	16915	711	7	288	12	0	0	3	0	0	0	0	26.103515625	26.103515625	0	0	0	0	90.307617188	90.307617188	0	0	0	0	0	0	0	0	0	0	0	0	0	0	0	0	0	0	0	0	0	0	0	0	0	0	0	0	0	0	0	0	0	0	0	0	0	0	0	0	0	0	0	0	0	0	0	0
1789546913632	16937	712	7	288	12	0	0	3	0	0	0	0	26.103515625	26.103515625	0	0	0	0	90.307617188	90.307617188	0	0	0	0	0	0	0	0	0	0	0	0	0	0	0	0	0	0	0	0	0	0	0	0	0	0	0	0	0	0	0	0	0	0	0	0	0	0	0	0	0	0	0	0	0	0	0	0
1789546913651	16959	713	7	288	12	0	0	3	0	0	0	0	26.103515625	26.103515625	0	0	0	0	90.307617188	90.307617188	0	0	0	0	0	0	0	0	0	0	0	0	0	0	0	0	0	0	0	0	0	0	0	0	0	0	0	0	0	0	0	0	0	0	0	0	0	0	0	0	0	0	0	0	0	0	0	0
1789546913677	16981	714	7	288	12	0	0	3	0	0	0	0	26.103515625	26.103515625	0	0	0	0	90.307617188	90.307617188	0	0	0	0	0	0	0	0	0	0	0	0	0	0	0	0	0	0	0	0	0	0	0	0	0	0	0	0	0	0	0	0	0	0	0	0	0	0	0	0	0	0	0	0	0	0	0	0
1789546913696	17003	715	7	288	12	0	0	3	0	0	0	0	26.103515625	26.103515625	0	0	0	0	90.307617188	90.307617188	0	0	0	0	0	0	0	0	0	0	0	0	0	0	0	0	0	0	0	0	0	0	0	0	0	0	0	0	0	0	0	0	0	0	0	0	0	0	0	0	0	0	0	0	0	0	0	0
1789546913716	17025	716	7	288	12	0	0	3	0	0	0	0	26.103515625	26.103515625	0	0	0	0	90.307617188	90.307617188	0	0	0	0	0	0	0	0	0	0	0	0	0	0	0	0	0	0	0	0	0	0	0	0	0	0	0	0	0	0	0	0	0	0	0	0	0	0	0	0	0	0	0	0	0	0	0	0
1789546913741	17047	717	7	288	12	0	0	3	0	0	0	0	26.103515625	26.103515625	0	0	0	0	90.307617188	90.307617188	0	0	0	0	0	0	0	0	0	0	0	0	0	0	0	0	0	0	0	0	0	0	0	0	0	0	0	0	0	0	0	0	0	0	0	0	0	0	0	0	0	0	0	0	0	0	0	0
1789546913762	17069	718	7	288	12	0	0	3	0	0	0	0	26.103515625	26.103515625	0	0	0	0	90.307617188	90.307617188	0	0	0	0	0	0	0	0	0	0	0	0	0	0	0	0	0	0	0	0	0	0	0	0	0	0	0	0	0	0	0	0	0	0	0	0	0	0	0	0	0	0	0	0	0	0	0	0
1789546913781	17091	719	7	288	12	0	0	3	0	0	0	0	26.103515625	26.103515625	0	0	0	0	90.307617188	90.307617188	0	0	0	0	0	0	0	0	0	0	0	0	0	0	0	0	0	0	0	0	0	0	0	0	0	0	0	0	0	0	0	0	0	0	0	0	0	0	0	0	0	0	0	0	0	0	0	0
1789546913807	17113	720	7	288	12	0	0	3	0	0	0	0	26.103515625	26.103515625	0	0	0	0	90.307617188	90.307617188	0	0	0	0	0	0	0	0	0	0	0	0	0	0	0	0	0	0	0	0	0	0	0	0	0	0	0	0	0	0	0	0	0	0	0	0	0	0	0	0	0	0	0	0	0	0	0	0
1789546913827	17135	721	7	288	12	0	0	3	0	0	0	0	26.103515625	26.103515625	0	0	0	0	90.307617188	90.307617188	0	0	0	0	0	0	0	0	0	0	0	0	0	0	0	0	0	0	0	0	0	0	0	0	0	0	0	0	0	0	0	0	0	0	0	0	0	0	0	0	0	0	0	0	0	0	0	0
1789546913853	17157	722	7	288	12	0	0	3	0	0	0	0	26.103515625	26.103515625	0	0	0	0	90.307617188	90.307617188	0	0	0	0	0	0	0	0	0	0	0	0	0	0	0	0	0	0	0	0	0	0	0	0	0	0	0	0	0	0	0	0	0	0	0	0	0	0	0	0	0	0	0	0	0	0	0	0
1789546913873	17179	723	7	288	12	0	0	3	0	0	0	0	26.103515625	26.103515625	0	0	0	0	90.307617188	90.307617188	0	0	0	0	0	0	0	0	0	0	0	0	0	0	0	0	0	0	0	0	0	0	0	0	0	0	0	0	0	0	0	0	0	0	0	0	0	0	0	0	0	0	0	0	0	0	0	0
1789546913893	17201	724	7	288	12	0	0	3	0	0	0	0	26.103515625	26.103515625	0	0	0	0	90.307617188	90.307617188	0	0	0	0	0	0	0	0	0	0	0	0	0	0	0	0	0	0	0	0	0	0	0	0	0	0	0	0	0	0	0	0	0	0	0	0	0	0	0	0	0	0	0	0	0	0	0	0
1789546913919	17223	725	7	288	12	0	0	3	0	0	0	0	26.103515625	26.103515625	0	0	0	0	90.307617188	90.307617188	0	0	0	0	0	0	0	0	0	0	0	0	0	0	0	0	0	0	0	0	0	0	0	0	0	0	0	0	0	0	0	0	0	0	0	0	0	0	0	0	0	0	0	0	0	0	0	0
1789546913938	17245	726	7	288	12	0	0	3	0	0	0	0	26.103515625	26.103515625	0	0	0	0	90.307617188	90.307617188	0	0	0	0	0	0	0	0	0	0	0	0	0	0	0	0	0	0	0	0	0	0	0	0	0	0	0	0	0	0	0	0	0	0	0	0	0	0	0	0	0	0	0	0	0	0	0	0
1789546913958	17267	727	7	288	12	0	0	3	0	0	0	0	26.103515625	26.103515625	0	0	0	0	90.307617188	90.307617188	0	0	0	0	0	0	0	0	0	0	0	0	0	0	0	0	0	0	0	0	0	0	0	0	0	0	0	0	0	0	0	0	0	0	0	0	0	0	0	0	0	0	0	0	0	0	0	0
1789546913983	17289	728	7	288	12	0	0	3	0	0	0	0	26.103515625	26.103515625	0	0	0	0	90.307617188	90.307617188	0	0	0	0	0	0	0	0	0	0	0	0	0	0	0	0	0	0	0	0	0	0	0	0	0	0	0	0	0	0	0	0	0	0	0	0	0	0	0	0	0	0	0	0	0	0	0	0
1789546914003	17311	729	7	288	12	0	0	3	0	0	0	0	26.103515625	26.103515625	0	0	0	0	90.307617188	90.307617188	0	0	0	0	0	0	0	0	0	0	0	0	0	0	0	0	0	0	0	0	0	0	0	0	0	0	0	0	0	0	0	0	0	0	0	0	0	0	0	0	0	0	0	0	0	0	0	0
1789546914028	17333	730	7	288	12	0	0	3	0	0	0	0	26.103515625	26.103515625	0	0	0	0	90.307617188	90.307617188	0	0	0	0	0	0	0	0	0	0	0	0	0	0	0	0	0	0	0	0	0	0	0	0	0	0	0	0	0	0	0	0	0	0	0	0	0	0	0	0	0	0	0	0	0	0	0	0
1789546914048	17355	731	7	288	12	0	0	3	0	0	0	0	26.103515625	26.103515625	0	0	0	0	90.307617188	90.307617188	0	0	0	0	0	0	0	0	0	0	0	0	0	0	0	0	0	0	0	0	0	0	0	0	0	0	0	0	0	0	0	0	0	0	0	0	0	0	0	0	0	0	0	0	0	0	0	0
1789546914067	17377	732	7	288	12	0	0	3	0	0	0	0	26.103515625	26.103515625	0	0	0	0	90.307617188	90.307617188	0	0	0	0	0	0	0	0	0	0	0	0	0	0	0	0	0	0	0	0	0	0	0	0	0	0	0	0	0	0	0	0	0	0	0	0	0	0	0	0	0	0	0	0	0	0	0	0
1789546914093	17399	733	7	288	12	0	0	3	0	0	0	0	26.103515625	26.103515625	0	0	0	0	90.307617188	90.307617188	0	0	0	0	0	0	0	0	0	0	0	0	0	0	0	0	0	0	0	0	0	0	0	0	0	0	0	0	0	0	0	0	0	0	0	0	0	0	0	0	0	0	0	0	0	0	0	0
1789546914112	17421	734	7	288	12	0	0	3	0	0	0	0	26.103515625	26.103515625	0	0	0	0	90.307617188	90.307617188	0	0	0	0	0	0	0	0	0	0	0	0	0	0	0	0	0	0	0	0	0	0	0	0	0	0	0	0	0	0	0	0	0	0	0	0	0	0	0	0	0	0	0	0	0	0	0	0
1789546914138	17443	735	7	288	12	0	0	3	0	0	0	0	26.147460938	26.147460938	0	0	0	0	90.307617188	90.307617188	0	0	0	0	0	0	0	0	0	0	0	0	0	0	0	0	0	0	0	0	0	0	0	0	0	0	0	0	0	0	0	0	0	0	0	0	0	0	0	0	0	0	0	0	0	0	0	0
1789546914157	17465	736	7	288	12	0	0	3	0	0	0	0	26.103515625	26.103515625	0	0	0	0	90.307617188	90.307617188	0	0	0	0	0	0	0	0	0	0	0	0	0	0	0	0	0	0	0	0	0	0	0	0	0	0	0	0	0	0	0	0	0	0	0	0	0	0	0	0	0	0	0	0	0	0	0	0
1789546914183	17487	737	7	288	12	0	0	3	0	0	0	0	26.103515625	26.103515625	0	0	0	0	90.307617188	90.307617188	0	0	0	0	0	0	0	0	0	0	0	0	0	0	0	0	0	0	0	0	0	0	0	0	0	0	0	0	0	0	0	0	0	0	0	0	0	0	0	0	0	0	0	0	0	0	0	0
1789546914202	17509	738	7	288	12	0	0	3	0	0	0	0	26.103515625	26.103515625	0	0	0	0	90.307617188	90.307617188	0	0	0	0	0	0	0	0	0	0	0	0	0	0	0	0	0	0	0	0	0	0	0	0	0	0	0	0	0	0	0	0	0	0	0	0	0	0	0	0	0	0	0	0	0	0	0	0
1789546914222	17531	739	7	288	12	0	0	3	0	0	0	0	26.103515625	26.103515625	0	0	0	0	90.307617188	90.307617188	0	0	0	0	0	0	0	0	0	0	0	0	0	0	0	0	0	0	0	0	0	0	0	0	0	0	0	0	0	0	0	0	0	0	0	0	0	0	0	0	0	0	0	0	0	0	0	0
1789546914248	17553	740	7	288	12	0	0	3	0	0	0	0	26.103515625	26.103515625	0	0	0	0	90.307617188	90.307617188	0	0	0	0	0	0	0	0	0	0	0	0	0	0	0	0	0	0	0	0	0	0	0	0	0	0	0	0	0	0	0	0	0	0	0	0	0	0	0	0	0	0	0	0	0	0	0	0
1789546914267	17575	741	7	288	12	0	0	3	0	0	0	0	26.103515625	26.103515625	0	0	0	0	90.307617188	90.307617188	0	0	0	0	0	0	0	0	0	0	0	0	0	0	0	0	0	0	0	0	0	0	0	0	0	0	0	0	0	0	0	0	0	0	0	0	0	0	0	0	0	0	0	0	0	0	0	0
1789546914293	17597	742	7	288	12	0	0	3	0	0	0	0	26.103515625	26.103515625	0	0	0	0	90.307617188	90.307617188	0	0	0	0	0	0	0	0	0	0	0	0	0	0	0	0	0	0	0	0	0	0	0	0	0	0	0	0	0	0	0	0	0	0	0	0	0	0	0	0	0	0	0	0	0	0	0	0
1789546914312	17619	743	7	288	12	0	0	3	0	0	0	0	26.103515625	26.103515625	0	0	0	0	90.307617188	90.307617188	0	0	0	0	0	0	0	0	0	0	0	0	0	0	0	0	0	0	0	0	0	0	0	0	0	0	0	0	0	0	0	0	0	0	0	0	0	0	0	0	0	0	0	0	0	0	0	0
1789546914332	17641	744	7	288	12	0	0	3	0	0	0	0	26.103515625	26.103515625	0	0	0	0	90.307617188	90.307617188	0	0	0	0	0	0	0	0	0	0	0	0	0	0	0	0	0	0	0	0	0	0	0	0	0	0	0	0	0	0	0	0	0	0	0	0	0	0	0	0	0	0	0	0	0	0	0	0
1789546914359	17663	745	7	288	12	0	0	3	0	0	0	0	26.103515625	26.103515625	0	0	0	0	90.307617188	90.307617188	0	0	0	0	0	0	0	0	0	0	0	0	0	0	0	0	0	0	0	0	0	0	0	0	0	0	0	0	0	0	0	0	0	0	0	0	0	0	0	0	0	0	0	0	0	0	0	0
1789546914379	17685	746	7	288	12	0	0	3	0	0	0	0	26.103515625	26.103515625	0	0	0	0	90.307617188	90.307617188	0	0	0	0	0	0	0	0	0	0	0	0	0	0	0	0	0	0	0	0	0	0	0	0	0	0	0	0	0	0	0	0	0	0	0	0	0	0	0	0	0	0	0	0	0	0	0	0
1789546914398	17707	747	7	288	12	0	0	3	0	0	0	0	26.103515625	26.103515625	0	0	0	0	90.307617188	90.307617188	0	0	0	0	0	0	0	0	0	0	0	0	0	0	0	0	0	0	0	0	0	0	0	0	0	0	0	0	0	0	0	0	0	0	0	0	0	0	0	0	0	0	0	0	0	0	0	0
1789546914424	17729	748	7	288	12	0	0	3	0	0	0	0	26.103515625	26.103515625	0	0	0	0	90.307617188	90.307617188	0	0	0	0	0	0	0	0	0	0	0	0	0	0	0	0	0	0	0	0	0	0	0	0	0	0	0	0	0	0	0	0	0	0	0	0	0	0	0	0	0	0	0	0	0	0	0	0
1789546914443	17751	749	7	288	12	0	0	3	0	0	0	0	26.103515625	26.103515625	0	0	0	0	90.307617188	90.307617188	0	0	0	0	0	0	0	0	0	0	0	0	0	0	0	0	0	0	0	0	0	0	0	0	0	0	0	0	0	0	0	0	0	0	0	0	0	0	0	0	0	0	0	0	0	0	0	0
1789546914469	17773	750	7	288	12	0	0	3	0	0	0	0	26.103515625	26.103515625	0	0	0	0	90.307617188	90.307617188	0	0	0	0	0	0	0	0	0	0	0	0	0	0	0	0	0	0	0	0	0	0	0	0	0	0	0	0	0	0	0	0	0	0	0	0	0	0	0	0	0	0	0	0	0	0	0	0
1789546914488	17795	751	7	288	12	0	0	3	0	0	0	0	26.103515625	26.103515625	0	0	0	0	90.307617188	90.307617188	0	0	0	0	0	0	0	0	0	0	0	0	0	0	0	0	0	0	0	0	0	0	0	0	0	0	0	0	0	0	0	0	0	0	0	0	0	0	0	0	0	0	0	0	0	0	0	0
1789546914508	17817	752	7	288	12	0	0	3	0	0	0	0	26.103515625	26.103515625	0	0	0	0	90.307617188	90.307617188	0	0	0	0	0	0	0	0	0	0	0	0	0	0	0	0	0	0	0	0	0	0	0	0	0	0	0	0	0	0	0	0	0	0	0	0	0	0	0	0	0	0	0	0	0	0	0	0
1789546914534	17839	753	7	288	12	0	0	3	0	0	0	0	26.103515625	26.103515625	0	0	0	0	90.307617188	90.307617188	0	0	0	0	0	0	0	0	0	0	0	0	0	0	0	0	0	0	0	0	0	0	0	0	0	0	0	0	0	0	0	0	0	0	0	0	0	0	0	0	0	0	0	0	0	0	0	0
1789546914553	17861	754	7	288	12	0	0	3	0	0	0	0	26.103515625	26.103515625	0	0	0	0	90.307617188	90.307617188	0	0	0	0	0	0	0	0	0	0	0	0	0	0	0	0	0	0	0	0	0	0	0	0	0	0	0	0	0	0	0	0	0	0	0	0	0	0	0	0	0	0	0	0	0	0	0	0
1789546914579	17883	755	7	288	12	0	0	3	0	0	0	0	26.103515625	26.103515625	0	0	0	0	90.307617188	90.307617188	0	0	0	0	0	0	0	0	0	0	0	0	0	0	0	0	0	0	0	0	0	0	0	0	0	0	0	0	0	0	0	0	0	0	0	0	0	0	0	0	0	0	0	0	0	0	0	0
1789546914598	17905	756	7	288	12	0	0	3	0	0	0	0	26.103515625	26.103515625	0	0	0	0	90.307617188	90.307617188	0	0	0	0	0	0	0	0	0	0	0	0	0	0	0	0	0	0	0	0	0	0	0	0	0	0	0	0	0	0	0	0	0	0	0	0	0	0	0	0	0	0	0	0	0	0	0	0
1789546914617	17927	757	7	288	12	0	0	3	0	0	0	0	26.103515625	26.103515625	0	0	0	0	90.307617188	90.307617188	0	0	0	0	0	0	0	0	0	0	0	0	0	0	0	0	0	0	0	0	0	0	0	0	0	0	0	0	0	0	0	0	0	0	0	0	0	0	0	0	0	0	0	0	0	0	0	0
1789546914643	17949	758	7	288	12	0	0	3	0	0	0	0	26.103515625	26.103515625	0	0	0	0	90.307617188	90.307617188	0	0	0	0	0	0	0	0	0	0	0	0	0	0	0	0	0	0	0	0	0	0	0	0	0	0	0	0	0	0	0	0	0	0	0	0	0	0	0	0	0	0	0	0	0	0	0	0
1789546914662	17971	759	7	288	12	0	0	3	0	0	0	0	26.103515625	26.103515625	0	0	0	0	90.307617188	90.307617188	0	0	0	0	0	0	0	0	0	0	0	0	0	0	0	0	0	0	0	0	0	0	0	0	0	0	0	0	0	0	0	0	0	0	0	0	0	0	0	0	0	0	0	0	0	0	0	0
1789546914688	17993	760	7	288	12	0	0	3	0	0	0	0	26.103515625	26.103515625	0	0	0	0	90.307617188	90.307617188	0	0	0	0	0	0	0	0	0	0	0	0	0	0	0	0	0	0	0	0	0	0	0	0	0	0	0	0	0	0	0	0	0	0	0	0	0	0	0	0	0	0	0	0	0	0	0	0
1789546914707	18015	761	7	288	12	0	0	3	0	0	0	0	26.103515625	26.103515625	0	0	0	0	90.307617188	90.307617188	0	0	0	0	0	0	0	0	0	0	0	0	0	0	0	0	0	0	0	0	0	0	0	0	0	0	0	0	0	0	0	0	0	0	0	0	0	0	0	0	0	0	0	0	0	0	0	0
1789546914733	18037	762	7	288	12	0	0	3	0	0	0	0	26.103515625	26.103515625	0	0	0	0	90.307617188	90.307617188	0	0	0	0	0	0	0	0	0	0	0	0	0	0	0	0	0	0	0	0	0	0	0	0	0	0	0	0	0	0	0	0	0	0	0	0	0	0	0	0	0	0	0	0	0	0	0	0
1789546914752	18059	763	7	288	12	0	0	3	0	0	0	0	26.103515625	26.103515625	0	0	0	0	90.307617188	90.307617188	0	0	0	0	0	0	0	0	0	0	0	0	0	0	0	0	0	0	0	0	0	0	0	0	0	0	0	0	0	0	0	0	0	0	0	0	0	0	0	0	0	0	0	0	0	0	0	0
1789546914772	18081	764	7	288	12	0	0	3	0	0	0	0	26.103515625	26.103515625	0	0	0	0	90.307617188	90.307617188	0	0	0	0	0	0	0	0	0	0	0	0	0	0	0	0	0	0	0	0	0	0	0	0	0	0	0	0	0	0	0	0	0	0	0	0	0	0	0	0	0	0	0	0	0	0	0	0
1789546914798	18103	765	7	288	12	0	0	3	0	0	0	0	26.103515625	26.103515625	0	0	0	0	90.307617188	90.307617188	0	0	0	0	0	0	0	0	0	0	0	0	0	0	0	0	0	0	0	0	0	0	0	0	0	0	0	0	0	0	0	0	0	0	0	0	0	0	0	0	0	0	0	0	0	0	0	0
1789546914818	18125	766	7	288	12	0	0	3	0	0	0	0	26.103515625	26.103515625	0	0	0	0	90.307617188	90.307617188	0	0	0	0	0	0	0	0	0	0	0	0	0	0	0	0	0	0	0	0	0	0	0	0	0	0	0	0	0	0	0	0	0	0	0	0	0	0	0	0	0	0	0	0	0	0	0	0
1789546914838	18147	767	7	288	12	0	0	3	0	0	0	0	26.103515625	26.103515625	0	0	0	0	90.307617188	90.307617188	0	0	0	0	0	0	0	0	0	0	0	0	0	0	0	0	0	0	0	0	0	0	0	0	0	0	0	0	0	0	0	0	0	0	0	0	0	0	0	0	0	0	0	0	0	0	0	0
1789546914865	18169	768	7	288	12	0	0	3	0	0	0	0	26.103515625	26.103515625	0	0	0	0	90.307617188	90.307617188	0	0	0	0	0	0	0	0	0	0	0	0	0	0	0	0	0	0	0	0	0	0	0	0	0	0	0	0	0	0	0	0	0	0	0	0	0	0	0	0	0	0	0	0	0	0	0	0
1789546914885	18191	769	7	288	12	0	0	3	0	0	0	0	26.103515625	26.103515625	0	0	-6	6	90.307617188	90.307617188	0	0	0	0	0	0	0	0	0	0	0	0	0	0	0	0	0	0	0	0	0	0	0	0	0	0	0	0	0	0	0	0	0	0	0	0	0	0	0	0	0	0	0	0	0	0	0	0
1789546914905	18213	770	7	288	12	0	0	3	0	0	0	0	26.103515625	26.103515625	0	0	0	0	90.307617188	90.307617188	0	0	0	0	0	0	0	0	0	0	0	0	0	0	0	0	0	0	0	0	0	0	0	0	0	0	0	0	0	0	0	0	0	0	0	0	0	0	0	0	0	0	0	0	0	0	0	0
1789546914931	18235	771	7	288	12	0	0	3	0	0	0	0	26.103515625	26.103515625	0	0	0	0	90.307617188	90.307617188	0	0	0	0	0	0	0	0	0	0	0	0	0	0	0	0	0	0	0	0	0	0	0	0	0	0	0	0	0	0	0	0	0	0	0	0	0	0	0	0	0	0	0	0	0	0	0	0
1789546914950	18257	772	7	288	12	0	0	3	0	0	0	0	26.103515625	26.103515625	0	0	0	0	90.307617188	90.307617188	0	0	0	0	0	0	0	0	0	0	0	0	0	0	0	0	0	0	0	0	0	0	0	0	0	0	0	0	0	0	0	0	0	0	0	0	0	0	0	0	0	0	0	0	0	0	0	0
1789546914970	18279	773	7	288	12	0	0	3	0	0	0	0	26.103515625	26.103515625	0	0	0	0	90.307617188	90.307617188	0	0	0	0	0	0	0	0	0	0	0	0	0	0	0	0	0	0	0	0	0	0	0	0	0	0	0	0	0	0	0	0	0	0	0	0	0	0	0	0	0	0	0	0	0	0	0	0
1789546914996	18301	774	7	288	12	0	0	3	0	0	0	0	26.103515625	26.103515625	0	0	0	0	90.307617188	90.307617188	0	0	0	0	0	0	0	0	0	0	0	0	0	0	0	0	0	0	0	0	0	0	0	0	0	0	0	0	0	0	0	0	0	0	0	0	0	0	0	0	0	0	0	0	0	0	0	0
1789546915015	18323	775	7	288	12	0	0	3	0	0	0	0	26.103515625	26.103515625	0	0	0	0	90.307617188	90.307617188	0	0	0	0	0	0	0	0	0	0	0	0	0	0	0	0	0	0	0	0	0	0	0	0	0	0	0	0	0	0	0	0	0	0	0	0	0	0	0	0	0	0	0	0	0	0	0	0
1789546915041	18345	776	7	288	12	0	0	3	0	0	0	0	26.103515625	26.103515625	0	0	0	0	90.307617188	90.307617188	0	0	0	0	0	0	0	0	0	0	0	0	0	0	0	0	0	0	0	0	0	0	0	0	0	0	0	0	0	0	0	0	0	0	0	0	0	0	0	0	0	0	0	0	0	0	0	0
1789546915060	18367	777	7	288	12	0	0	3	0	0	0	0	26.103515625	26.103515625	0	0	0	0	90.307617188	90.307617188	0	0	0	0	0	0	0	0	0	0	0	0	0	0	0	0	0	0	0	0	0	0	0	0	0	0	0	0	0	0	0	0	0	0	0	0	0	0	0	0	0	0	0	0	0	0	0	0
1789546915079	18389	778	7	288	12	0	0	3	0	0	0	0	26.103515625	26.103515625	0	0	0	0	90.307617188	90.307617188	0	0	0	0	0	0	0	0	0	0	0	0	0	0	0	0	0	0	0	0	0	0	0	0	0	0	0	0	0	0	0	0	0	0	0	0	0	0	0	0	0	0	0	0	0	0	0	0
1789546915105	18411	779	7	288	12	0	0	3	0	0	0	0	26.103515625	26.103515625	0	0	0	0	90.307617188	90.307617188	0	0	0	0	0	0	0	0	0	0	0	0	0	0	0	0	0	0	0	0	0	0	0	0	0	0	0	0	0	0	0	0	0	0	0	0	0	0	0	0	0	0	0	0	0	0	0	0
1789546915126	18433	780	7	288	12	0	0	3	0	0	0	0	26.103515625	26.103515625	0	0	0	0	90.307617188	90.307617188	0	0	0	0	0	0	0	0	0	0	0	0	0	0	0	0	0	0	0	0	0	0	0	0	0	0	0	0	0	0	0	0	0	0	0	0	0	0	0	0	0	0	0	0	0	0	0	0
1789546915145	18455	781	7	288	12	0	0	3	0	0	0	0	26.103515625	26.103515625	0	0	0	0	90.307617188	90.307617188	0	0	0	0	0	0	0	0	0	0	0	0	0	0	0	0	0	0	0	0	0	0	0	0	0	0	0	0	0	0	0	0	0	0	0	0	0	0	0	0	0	0	0	0	0	0	0	0
1789546915171	18477	782	7	288	12	0	0	3	0	0	0	0	26.103515625	26.103515625	0	0	0	0	90.3515625	90.3515625	0	0	0	0	0	0	0	0	0	0	0	0	0	0	0	0	0	0	0	0	0	0	0	0	0	0	0	0	0	0	0	0	0	0	0	0	0	0	0	0	0	0	0	0	0	0	0	0
1789546915191	18499	783	7	288	12	0	0	3	0	0	0	0	26.103515625	26.103515625	0	0	0	0	90.307617188	90.307617188	0	0	0	0	0	0	0	0	0	0	0	0	0	0	0	0	0	0	0	0	0	0	0	0	0	0	0	0	0	0	0	0	0	0	0	0	0	0	0	0	0	0	0	0	0	0	0	0
1789546915217	18521	784	7	288	12	0	0	3	0	0	0	0	26.103515625	26.103515625	0	0	0	0	90.307617188	90.307617188	0	0	0	0	0	0	0	0	0	0	0	0	0	0	0	0	0	0	0	0	0	0	0	0	0	0	0	0	0	0	0	0	0	0	0	0	0	0	0	0	0	0	0	0	0	0	0	0
1789546915236	18543	785	7	288	12	0	0	3	0	0	0	0	26.103515625	26.103515625	0	0	0	0	90.307617188	90.307617188	0	0	0	0	0	0	0	0	0	0	0	0	0	0	0	0	0	0	0	0	0	0	0	0	0	0	0	0	0	0	0	0	0	0	0	0	0	0	0	0	0	0	0	0	0	0	0	0
1789546915261	18565	786	7	288	12	0	0	3	0	0	0	0	26.103515625	26.103515625	0	0	0	0	90.307617188	90.307617188	0	0	0	0	0	0	0	0	0	0	0	0	0	0	0	0	0	0	0	0	0	0	0	0	0	0	0	0	0	0	0	0	0	0	0	0	0	0	0	0	0	0	0	0	0	0	0	0
1789546915282	18587	787	7	288	12	0	0	3	0	0	0	0	26.103515625	26.103515625	0	0	0	0	90.307617188	90.307617188	0	0	0	0	0	0	0	0	0	0	0	0	0	0	0	0	0	0	0	0	0	0	0	0	0	0	0	0	0	0	0	0	0	0	0	0	0	0	0	0	0	0	0	0	0	0	0	0
1789546915301	18609	788	7	288	12	0	0	3	0	0	0	0	26.103515625	26.103515625	0	0	0	0	90.307617188	90.307617188	0	0	0	0	0	0	0	0	0	0	0	0	0	0	0	0	0	0	0	0	0	0	0	0	0	0	0	0	0	0	0	0	0	0	0	0	0	0	0	0	0	0	0	0	0	0	0	0
1789546915327	18631	789	7	288	12	0	0	3	0	0	0	0	26.103515625	26.103515625	0	0	0	0	90.307617188	90.307617188	0	0	0	0	0	0	0	0	0	0	0	0	0	0	0	0	0	0	0	0	0	0	0	0	0	0	0	0	0	0	0	0	0	0	0	0	0	0	0	0	0	0	0	0	0	0	0	0
1789546915346	18653	790	7	288	12	0	0	3	0	0	0	0	26.103515625	26.103515625	0	0	0	0	90.307617188	90.307617188	0	0	0	0	0	0	0	0	0	0	0	0	0	0	0	0	0	0	0	0	0	0	0	0	0	0	0	0	0	0	0	0	0	0	0	0	0	0	0	0	0	0	0	0	0	0	0	0
1789546915371	18675	791	7	288	12	0	0	3	0	0	0	0	26.103515625	26.103515625	0	0	0	0	90.3515625	90.3515625	0	0	0	0	0	0	0	0	0	0	0	0	0	0	0	0	0	0	0	0	0	0	0	0	0	0	0	0	0	0	0	0	0	0	0	0	0	0	0	0	0	0	0	0	0	0	0	0
1789546915391	18697	792	7	288	12	0	0	3	0	0	0	0	26.103515625	26.103515625	0	0	0	0	90.307617188	90.307617188	0	0	0	0	0	0	0	0	0	0	0	0	0	0	0	0	0	0	0	0	0	0	0	0	0	0	0	0	0	0	0	0	0	0	0	0	0	0	0	0	0	0	0	0	0	0	0	0
1789546915410	18719	793	7	288	12	0	0	3	0	0	0	0	26.103515625	26.103515625	0	0	0	0	90.307617188	90.307617188	0	0	0	0	0	0	0	0	0	0	0	0	0	0	0	0	0	0	0	0	0	0	0	0	0	0	0	0	0	0	0	0	0	0	0	0	0	0	0	0	0	0	0	0	0	0	0	0
1789546915437	18741	794	7	288	12	0	0	3	0	0	0	0	26.103515625	26.103515625	0	0	0	0	90.3515625	90.3515625	0	0	0	0	0	0	0	0	0	0	0	0	0	0	0	0	0	0	0	0	0	0	0	0	0	0	0	0	0	0	0	0	0	0	0	0	0	0	0	0	0	0	0	0	0	0	0	0
1789546915456	18763	795	7	288	12	0	0	3	0	0	0	0	26.103515625	26.103515625	0	0	0	0	90.307617188	90.307617188	0	0	0	0	0	0	0	0	0	0	0	0	0	0	0	0	0	0	0	0	0	0	0	0	0	0	0	0	0	0	0	0	0	0	0	0	0	0	0	0	0	0	0	0	0	0	0	0
1789546915475	18785	796	7	288	12	0	0	3	0	0	0	0	26.103515625	26.103515625	0	0	0	0	90.307617188	90.307617188	0	0	0	0	0	0	0	0	0	0	0	0	0	0	0	0	0	0	0	0	0	0	0	0	0	0	0	0	0	0	0	0	0	0	0	0	0	0	0	0	0	0	0	0	0	0	0	0
1789546915501	18807	797	7	288	12	0	0	3	0	0	0	0	26.103515625	26.103515625	0	0	0	0	90.307617188	90.307617188	0	0	0	0	0	0	0	0	0	0	0	0	0	0	0	0	0	0	0	0	0	0	0	0	0	0	0	0	0	0	0	0	0	0	0	0	0	0	0	0	0	0	0	0	0	0	0	0
1789546915520	18829	798	7	288	12	0	0	3	0	0	0	0	26.103515625	26.103515625	0	0	0	0	90.307617188	90.307617188	0	0	0	0	0	0	0	0	0	0	0	0	0	0	0	0	0	0	0	0	0	0	0	0	0	0	0	0	0	0	0	0	0	0	0	0	0	0	0	0	0	0	0	0	0	0	0	0
1789546915546	18851	799	7	288	12	0	0	3	0	0	0	0	26.103515625	26.103515625	0	0	0	0	90.307617188	90.307617188	0	0	0	0	0	0	0	0	0	0	0	0	0	0	0	0	0	0	0	0	0	0	0	0	0	0	0	0	0	0	0	0	0	0	0	0	0	0	0	0	0	0	0	0	0	0	0	0
1789546915565	18873	800	7	288	12	0	0	3	0	0	0	0	26.103515625	26.103515625	0	0	0	0	90.307617188	90.307617188	0	0	0	0	0	0	0	0	0	0	0	0	0	0	0	0	0	0	0	0	0	0	0	0	0	0	0	0	0	0	0	0	0	0	0	0	0	0	0	0	0	0	0	0	0	0	0	0
1789546915592	18895	801	7	288	12	0	0	3	0	0	0	0	26.103515625	26.103515625	0	0	0	0	90.307617188	90.307617188	0	0	0	0	0	0	0	0	0	0	0	0	0	0	0	0	0	0	0	0	0	0	0	0	0	0	0	0	0	0	0	0	0	0	0	0	0	0	0	0	0	0	0	0	0	0	0	0
1789546915611	18917	802	7	288	12	0	0	3	0	0	0	0	26.103515625	26.103515625	0	0	0	0	90.307617188	90.307617188	0	0	0	0	0	0	0	0	0	0	0	0	0	0	0	0	0	0	0	0	0	0	0	0	0	0	0	0	0	0	0	0	0	0	0	0	0	0	0	0	0	0	0	0	0	0	0	0
1789546915630	18939	803	7	288	12	0	0	3	0	0	0	0	26.103515625	26.103515625	0	0	0	0	90.307617188	90.307617188	0	0	0	0	0	0	0	0	0	0	0	0	0	0	0	0	0	0	0	0	0	0	0	0	0	0	0	0	0	0	0	0	0	0	0	0	0	0	0	0	0	0	0	0	0	0	0	0
1789546915656	18961	804	7	288	12	0	0	3	0	0	0	0	26.103515625	26.103515625	0	0	0	0	90.307617188	90.307617188	0	0	0	0	0	0	0	0	0	0	0	0	0	0	0	0	0	0	0	0	0	0	0	0	0	0	0	0	0	0	0	0	0	0	0	0	0	0	0	0	0	0	0	0	0	0	0	0
1789546915675	18983	805	7	288	12	0	0	3	0	0	0	0	26.103515625	26.103515625	0	0	0	0	90.307617188	90.307617188	0	0	0	0	0	0	0	0	0	0	0	0	0	0	0	0	0	0	0	0	0	0	0	0	0	0	0	0	0	0	0	0	0	0	0	0	0	0	0	0	0	0	0	0	0	0	0	0
1789546915701	19005	806	7	288	12	0	0	3	0	0	0	0	26.103515625	26.103515625	0	0	0	0	90.307617188	90.307617188	0	0	0	0	0	0	0	0	0	0	0	0	0	0	0	0	0	0	0	0	0	0	0	0	0	0	0	0	0	0	0	0	0	0	0	0	0	0	0	0	0	0	0	0	0	0	0	0
1789546915721	19027	807	7	288	12	0	0	3	0	0	0	0	26.103515625	26.103515625	0	0	0	0	90.307617188	90.307617188	0	0	0	0	0	0	0	0	0	0	0	0	0	0	0	0	0	0	0	0	0	0	0	0	0	0	0	0	0	0	0	0	0	0	0	0	0	0	0	0	0	0	0	0	0	0	0	0
1789546915740	19049	808	7	288	12	0	0	3	0	0	0	0	26.103515625	26.103515625	0	0	0	0	90.307617188	90.307617188	0	0	0	0	0	0	0	0	0	0	0	0	0	0	0	0	0	0	0	0	0	0	0	0	0	0	0	0	0	0	0	0	0	0	0	0	0	0	0	0	0	0	0	0	0	0	0	0
1789546915766	19071	809	7	288	12	0	0	3	0	0	0	0	26.103515625	26.103515625	0	0	0	0	90.307617188	90.307617188	0	0	0	0	0	0	0	0	0	0	0	0	0	0	0	0	0	0	0	0	0	0	0	0	0	0	0	0	0	0	0	0	0	0	0	0	0	0	0	0	0	0	0	0	0	0	0	0
1789546915785	19093	810	7	288	12	0	0	3	0	0	0	0	26.103515625	26.103515625	0	0	0	0	90.307617188	90.307617188	0	0	0	0	0	0	0	0	0	0	0	0	0	0	0	0	0	0	0	0	0	0	0	0	0	0	0	0	0	0	0	0	0	0	0	0	0	0	0	0	0	0	0	0	0	0	0	0
1789546915811	19115	811	7	288	12	0	0	3	0	0	0	0	26.103515625	26.103515625	0	0	0	0	90.307617188	90.307617188	0	0	-6	6	0	0	0	0	0	0	0	0	0	0	0	0	0	0	0	0	0	0	0	0	0	0	0	0	0	0	0	0	0	0	0	0	0	0	0	0	0	0	0	0	0	0	0	0
1789546915830	19137	812	7	288	12	0	0	3	0	0	0	0	26.103515625	26.103515625	0	0	0	0	90.307617188	90.307617188	0	0	0	0	0	0	0	0	0	0	0	0	0	0	0	0	0	0	0	0	0	0	0	0	0	0	0	0	0	0	0	0	0	0	0	0	0	0	0	0	0	0	0	0	0	0	0	0
1789546915849	19159	813	7	288	12	0	0	3	0	0	0	0	26.103515625	26.103515625	0	0	0	0	90.307617188	90.307617188	0	0	0	0	0	0	0	0	0	0	0	0	0	0	0	0	0	0	0	0	0	0	0	0	0	0	0	0	0	0	0	0	0	0	0	0	0	0	0	0	0	0	0	0	0	0	0	0
1789546915876	19181	814	7	288	12	0	0	3	0	0	0	0	26.103515625	26.103515625	0	0	0	0	90.307617188	90.307617188	0	0	0	0	0	0	0	0	0	0	0	0	0	0	0	0	0	0	0	0	0	0	0	0	0	0	0	0	0	0	0	0	0	0	0	0	0	0	0	0	0	0	0	0	0	0	0	0
1789546915895	19203	815	7	288	12	0	0	3	0	0	0	0	26.103515625	26.103515625	0	0	0	0	90.307617188	90.307617188	0	0	0	0	0	0	0	0	0	0	0	0	0	0	0	0	0	0	0	0	0	0	0	0	0	0	0	0	0	0	0	0	0	0	0	0	0	0	0	0	0	0	0	0	0	0	0	0
1789546915921	19225	816	7	288	12	0	0	3	0	0	0	0	26.103515625	26.103515625	0	0	0	0	90.307617188	90.307617188	0	0	0	0	0	0	0	0	0	0	0	0	0	0	0	0	0	0	0	0	0	0	0	0	0	0	0	0	0	0	0	0	0	0	0	0	0	0	0	0	0	0	0	0	0	0	0	0
1789546915940	19247	817	7	288	12	0	0	3	0	0	0	0	26.103515625	26.103515625	0	0	0	0	90.307617188	90.307617188	0	0	0	0	0	0	0	0	0	0	0	0	0	0	0	0	0	0	0	0	0	0	0	0	0	0	0	0	0	0	0	0	0	0	0	0	0	0	0	0	0	0	0	0	0	0	0	0
1789546915959	19269	818	7	288	12	0	0	3	0	0	0	0	26.103515625	26.103515625	0	0	0	0	90.307617188	90.307617188	0	0	0	0	0	0	0	0	0	0	0	0	0	0	0	0	0	0	0	0	0	0	0	0	0	0	0	0	0	0	0	0	0	0	0	0	0	0	0	0	0	0	0	0	0	0	0	0
1789546915985	19291	819	7	288	12	0	0	3	0	0	0	0	26.103515625	26.103515625	0	0	0	0	90.307617188	90.307617188	0	0	0	0	0	0	0	0	0	0	0	0	0	0	0	0	0	0	0	0	0	0	0	0	0	0	0	0	0	0	0	0	0	0	0	0	0	0	0	0	0	0	0	0	0	0	0	0
1789546916004	19313	820	7	288	12	0	0	3	0	0	0	0	26.103515625	26.103515625	0	0	0	0	90.307617188	90.307617188	0	0	0	0	0	0	0	0	0	0	0	0	0	0	0	0	0	0	0	0	0	0	0	0	0	0	0	0	0	0	0	0	0	0	0	0	0	0	0	0	0	0	0	0	0	0	0	0
1789546916031	19335	821	7	288	12	0	0	3	0	0	0	0	26.103515625	26.103515625	0	0	0	0	90.307617188	90.307617188	0	0	0	0	0	0	0	0	0	0	0	0	0	0	0	0	0	0	0	0	0	0	0	0	0	0	0	0	0	0	0	0	0	0	0	0	0	0	0	0	0	0	0	0	0	0	0	0
1789546916050	19357	822	7	288	12	0	0	3	0	0	0	0	26.103515625	26.103515625	0	0	0	0	90.307617188	90.307617188	0	0	0	0	0	0	0	0	0	0	0	0	0	0	0	0	0	0	0	0	0	0	0	0	0	0	0	0	0	0	0	0	0	0	0	0	0	0	0	0	0	0	0	0	0	0	0	0
1789546916069	19379	823	7	288	12	0	0	3	0	0	0	0	26.103515625	26.103515625	0	0	0	0	90.307617188	90.307617188	0	0	0	0	0	0	0	0	0	0	0	0	0	0	0	0	0	0	0	0	0	0	0	0	0	0	0	0	0	0	0	0	0	0	0	0	0	0	0	0	0	0	0	0	0	0	0	0
1789546916095	19401	824	7	288	12	0	0	3	0	0	0	0	26.103515625	26.103515625	0	0	0	0	90.307617188	90.307617188	0	0	0	0	0	0	0	0	0	0	0	0	0	0	0	0	0	0	0	0	0	0	0	0	0	0	0	0	0	0	0	0	0	0	0	0	0	0	0	0	0	0	0	0	0	0	0	0
1789546916114	19423	825	7	288	12	0	0	3	0	0	0	0	26.103515625	26.103515625	0	0	0	0	90.307617188	90.307617188	0	0	0	0	0	0	0	0	0	0	0	0	0	0	0	0	0	0	0	0	0	0	0	0	0	0	0	0	0	0	0	0	0	0	0	0	0	0	0	0	0	0	0	0	0	0	0	0
1789546916140	19445	826	7	288	12	0	0	3	0	0	0	0	26.103515625	26.103515625	0	0	0	0	90.307617188	90.307617188	0	0	0	0	0	0	0	0	0	0	0	0	0	0	0	0	0	0	0	0	0	0	0	0	0	0	0	0	0	0	0	0	0	0	0	0	0	0	0	0	0	0	0	0	0	0	0	0
1789546916159	19467	827	7	288	12	0	0	3	0	0	0	0	26.103515625	26.103515625	0	0	0	0	90.307617188	90.307617188	0	0	0	0	0	0	0	0	0	0	0	0	0	0	0	0	0	0	0	0	0	0	0	0	0	0	0	0	0	0	0	0	0	0	0	0	0	0	0	0	0	0	0	0	0	0	0	0
1789546916186	19489	828	7	288	12	0	0	3	0	0	0	0	26.103515625	26.103515625	0	0	0	0	90.307617188	90.307617188	0	0	0	0	0	0	0	0	0	0	0	0	0	0	0	0	0	0	0	0	0	0	0	0	0	0	0	0	0	0	0	0	0	0	0	0	0	0	0	0	0	0	0	0	0	0	0	0
1789546916205	19511	829	7	288	12	0	0	3	0	0	0	0	26.103515625	26.103515625	0	0	0	0	90.307617188	90.307617188	0	0	0	0	0	0	0	0	0	0	0	0	0	0	0	0	0	0	0	0	0	0	0	0	0	0	0	0	0	0	0	0	0	0	0	0	0	0	0	0	0	0	0	0	0	0	0	0
1789546916225	19533	830	7	288	12	0	0	3	0	0	0	0	26.103515625	26.103515625	0	0	0	0	90.307617188	90.307617188	0	0	0	0	0	0	0	0	0	0	0	0	0	0	0	0	0	0	0	0	0	0	0	0	0	0	0	0	0	0	0	0	0	0	0	0	0	0	0	0	0	0	0	0	0	0	0	0
1789546916251	19555	831	7	288	12	0	0	3	0	0	0	0	26.103515625	26.103515625	0	0	0	0	90.307617188	90.307617188	0	0	0	0	0	0	0	0	0	0	0	0	0	0	0	0	0	0	0	0	0	0	0	0	0	0	0	0	0	0	0	0	0	0	0	0	0	0	0	0	0	0	0	0	0	0	0	0
1789546916270	19577	832	7	288	12	0	0	3	0	0	0	0	26.103515625	26.103515625	0	0	0	0	90.307617188	90.307617188	0	0	0	0	0	0	0	0	0	0	0	0	0	0	0	0	0	0	0	0	0	0	0	0	0	0	0	0	0	0	0	0	0	0	0	0	0	0	0	0	0	0	0	0	0	0	0	0
1789546916289	19599	833	7	288	12	0	0	3	0	0	0	0	26.103515625	26.103515625	0	0	0	0	90.307617188	90.307617188	0	0	0	0	0	0	0	0	0	0	0	0	0	0	0	0	0	0	0	0	0	0	0	0	0	0	0	0	0	0	0	0	0	0	0	0	0	0	0	0	0	0	0	0	0	0	0	0
1789546916316	19621	834	7	288	12	0	0	3	0	0	0	0	26.103515625	26.103515625	0	0	0	0	90.307617188	90.307617188	0	0	0	0	0	0	0	0	0	0	0	0	0	0	0	0	0	0	0	0	0	0	0	0	0	0	0	0	0	0	0	0	0	0	0	0	0	0	0	0	0	0	0	0	0	0	0	0
1789546916336	19643	835	7	288	12	0	0	3	0	0	0	0	26.103515625	26.103515625	0	0	0	0	90.307617188	90.307617188	0	0	0	0	0	0	0	0	0	0	0	0	0	0	0	0	0	0	0	0	0	0	0	0	0	0	0	0	0	0	0	0	0	0	0	0	0	0	0	0	0	0	0	0	0	0	0	0
1789546916355	19665	836	7	288	12	0	0	3	0	0	0	0	26.103515625	26.103515625	0	0	0	0	90.307617188	90.307617188	0	0	0	0	0	0	0	0	0	0	0	0	0	0	0	0	0	0	0	0	0	0	0	0	0	0	0	0	0	0	0	0	0	0	0	0	0	0	0	0	0	0	0	0	0	0	0	0
1789546916381	19687	837	7	288	12	0	0	3	0	0	0	0	26.103515625	26.103515625	0	0	0	0	90.307617188	90.307617188	0	0	0	0	0	0	0	0	0	0	0	0	0	0	0	0	0	0	0	0	0	0	0	0	0	0	0	0	0	0	0	0	0	0	0	0	0	0	0	0	0	0	0	0	0	0	0	0
1789546916401	19709	838	7	288	12	0	0	3	0	0	0	0	26.103515625	26.103515625	0	0	0	0	90.3515625	90.3515625	0	0	0	0	0	0	0	0	0	0	0	0	0	0	0	0	0	0	0	0	0	0	0	0	0	0	0	0	0	0	0	0	0	0	0	0	0	0	0	0	0	0	0	0	0	0	0	0
1789546916427	19731	839	7	288	12	0	0	3	0	0	0	0	26.103515625	26.103515625	0	0	0	0	90.307617188	90.307617188	0	0	0	0	0	0	0	0	0	0	0	0	0	0	0	0	0	0	0	0	0	0	0	0	0	0	0	0	0	0	0	0	0	0	0	0	0	0	0	0	0	0	0	0	0	0	0	0
1789546916446	19753	840	7	288	12	0	0	3	0	0	0	0	26.103515625	26.103515625	0	0	0	0	90.307617188	90.307617188	0	0	0	0	0	0	0	0	0	0	0	0	0	0	0	0	0	0	0	0	0	0	0	0	0	0	0	0	0	0	0	0	0	0	0	0	0	0	0	0	0	0	0	0	0	0	0	0
1789546916465	19775	841	7	288	12	0	0	3	0	0	0	0	26.103515625	26.103515625	0	0	0	0	90.307617188	90.307617188	0	0	0	0	0	0	0	0	0	0	0	0	0	0	0	0	0	0	0	0	0	0	0	0	0	0	0	0	0	0	0	0	0	0	0	0	0	0	0	0	0	0	0	0	0	0	0	0
1789546916492	19797	842	7	288	12	0	0	3	0	0	0	0	26.103515625	26.103515625	0	0	0	0	90.307617188	90.307617188	0	0	0	0	0	0	0	0	0	0	0	0	0	0	0	0	0	0	0	0	0	0	0	0	0	0	0	0	0	0	0	0	0	0	0	0	0	0	0	0	0	0	0	0	0	0	0	0
1789546916511	19819	843	7	288	12	0	0	3	0	0	0	0	26.103515625	26.103515625	0	0	0	0	90.307617188	90.307617188	0	0	0	0	0	0	0	0	0	0	0	0	0	0	0	0	0	0	0	0	0	0	0	0	0	0	0	0	0	0	0	0	0	0	0	0	0	0	0	0	0	0	0	0	0	0	0	0
1789546916537	19841	844	7	288	12	0	0	3	0	0	0	0	26.147460938	26.147460938	0	0	0	0	90.307617188	90.307617188	0	0	0	0	0	0	0	0	0	0	0	0	0	0	0	0	0	0	0	0	0	0	0	0	0	0	0	0	0	0	0	0	0	0	0	0	0	0	0	0	0	0	0	0	0	0	0	0
1789546916556	19863	845	7	288	12	0	0	3	0	0	0	0	26.103515625	26.103515625	0	0	0	0	90.307617188	90.307617188	0	0	0	0	0	0	0	0	0	0	0	0	0	0	0	0	0	0	0	0	0	0	0	0	0	0	0	0	0	0	0	0	0	0	0	0	0	0	0	0	0	0	0	0	0	0	0	0
1789546916576	19885	846	7	288	12	0	0	3	0	0	0	0	26.103515625	26.103515625	0	0	0	0	90.307617188	90.307617188	0	0	0	0	0	0	0	0	0	0	0	0	0	0	0	0	0	0	0	0	0	0	0	0	0	0	0	0	0	0	0	0	0	0	0	0	0	0	0	0	0	0	0	0	0	0	0	0
1789546916601	19907	847	7	288	12	0	0	3	0	0	0	0	26.103515625	26.103515625	0	0	0	0	90.307617188	90.307617188	0	0	0	0	0	0	0	0	0	0	0	0	0	0	0	0	0	0	0	0	0	0	0	0	0	0	0	0	0	0	0	0	0	0	0	0	0	0	0	0	0	0	0	0	0	0	0	0
1789546916621	19929	848	7	288	12	0	0	3	0	0	0	0	26.103515625	26.103515625	0	0	0	0	90.307617188	90.307617188	0	0	0	0	0	0	0	0	0	0	0	0	0	0	0	0	0	0	0	0	0	0	0	0	0	0	0	0	0	0	0	0	0	0	0	0	0	0	0	0	0	0	0	0	0	0	0	0
1789546916647	19951	849	7	288	12	0	0	3	0	0	0	0	26.103515625	26.103515625	0	0	0	0	90.307617188	90.307617188	0	0	0	0	0	0	0	0	0	0	0	0	0	0	0	0	0	0	0	0	0	0	0	0	0	0	0	0	0	0	0	0	0	0	0	0	0	0	0	0	0	0	0	0	0	0	0	0
1789546916666	19973	850	7	288	12	0	0	3	0	0	0	0	26.103515625	26.103515625	0	0	0	0	90.307617188	90.307617188	0	0	0	0	0	0	0	0	0	0	0	0	0	0	0	0	0	0	0	0	0	0	0	0	0	0	0	0	0	0	0	0	0	0	0	0	0	0	0	0	0	0	0	0	0	0	0	0
1789546916687	19995	851	7	288	12	0	0	3	0	0	0	0	26.103515625	26.103515625	0	0	0	0	90.307617188	90.307617188	0	0	0	0	0	0	0	0	0	0	0	0	0	0	0	0	0	0	0	0	0	0	0	0	0	0	0	0	0	0	0	0	0	0	0	0	0	0	0	0	0	0	0	0	0	0	0	0
1789546916707	20017	852	7	288	12	0	0	3	0	0	0	0	26.103515625	26.103515625	0	0	0	0	90.307617188	90.307617188	0	0	0	0	0	0	0	0	0	0	0	0	0	0	0	0	0	0	0	0	0	0	0	0	0	0	0	0	0	0	0	0	0	0	0	0	0	0	0	0	0	0	0	0	0	0	0	0
1789546916734	20039	853	7	288	12	0	0	3	0	0	0	0	26.103515625	26.103515625	0	0	0	0	90.307617188	90.307617188	0	0	0	0	0	0	0	0	0	0	0	0	0	0	0	0	0	0	0	0	0	0	0	0	0	0	0	0	0	0	0	0	0	0	0	0	0	0	0	0	0	0	0	0	0	0	0	0
1789546916753	20061	854	7	288	12	0	0	3	0	0	0	0	26.103515625	26.103515625	0	0	0	0	90.307617188	90.307617188	0	0	0	0	0	0	0	0	0	0	0	0	0	0	0	0	0	0	0	0	0	0	0	0	0	0	0	0	0	0	0	0	0	0	0	0	0	0	0	0	0	0	0	0	0	0	0	0
1789546916773	20083	855	7	288	12	0	0	3	0	0	0	0	26.103515625	26.103515625	0	0	0	0	90.307617188	90.307617188	0	0	0	0	0	0	0	0	0	0	0	0	0	0	0	0	0	0	0	0	0	0	0	0	0	0	0	0	0	0	0	0	0	0	0	0	0	0	0	0	0	0	0	0	0	0	0	0
1789546916800	20105	856	7	288	12	0	0	3	0	0	0	0	26.103515625	26.103515625	0	0	0	0	90.307617188	90.307617188	0	0	0	0	0	0	0	0	0	0	0	0	0	0	0	0	0	0	0	0	0	0	0	0	0	0	0	0	0	0	0	0	0	0	0	0	0	0	0	0	0	0	0	0	0	0	0	0
1789546916820	20127	857	7	288	12	0	0	3	0	0	0	0	26.103515625	26.103515625	0	0	0	0	90.307617188	90.307617188	0	0	0	0	0	0	0	0	0	0	0	0	0	0	0	0	0	0	0	0	0	0	0	0	0	0	0	0	0	0	0	0	0	0	0	0	0	0	0	0	0	0	0	0	0	0	0	0
1789546916840	20149	858	7	288	12	0	0	3	0	0	0	0	26.103515625	26.103515625	0	0	0	0	90.307617188	90.307617188	0	0	0	0	0	0	0	0	0	0	0	0	0	0	0	0	0	0	0	0	0	0	0	0	0	0	0	0	0	0	0	0	0	0	0	0	0	0	0	0	0	0	0	0	0	0	0	0
1789546916866	20171	859	7	288	12	0	0	3	0	0	0	0	26.103515625	26.103515625	0	0	0	0	90.307617188	90.307617188	0	0	0	0	0	0	0	0	0	0	0	0	0	0	0	0	0	0	0	0	0	0	0	0	0	0	0	0	0	0	0	0	0	0	0	0	0	0	0	0	0	0	0	0	0	0	0	0
1789546916886	20193	860	7	288	12	0	0	3	0	0	0	0	26.103515625	26.103515625	0	0	0	0	90.307617188	90.307617188	0	0	0	0	0	0	0	0	0	0	0	0	0	0	0	0	0	0	0	0	0	0	0	0	0	0	0	0	0	0	0	0	0	0	0	0	0	0	0	0	0	0	0	0	0	0	0	0
1789546916906	20215	861	7	288	12	0	0	3	0	0	0	0	26.103515625	26.103515625	0	0	0	0	90.307617188	90.307617188	0	0	0	0	0	0	0	0	0	0	0	0	0	0	0	0	0	0	0	0	0	0	0	0	0	0	0	0	0	0	0	0	0	0	0	0	0	0	0	0	0	0	0	0	0	0	0	0
1789546916933	20237	862	7	288	12	0	0	3	0	0	0	0	26.103515625	26.103515625	0	0	0	0	90.307617188	90.307617188	0	0	0	0	0	0	0	0	0	0	0	0	0	0	0	0	0	0	0	0	0	0	0	0	0	0	0	0	0	0	0	0	0	0	0	0	0	0	0	0	0	0	0	0	0	0	0	0
1789546916953	20259	863	7	288	12	0	0	3	0	0	0	0	26.103515625	26.103515625	0	0	0	0	90.307617188	90.307617188	0	0	0	0	0	0	0	0	0	0	0	0	0	0	0	0	0	0	0	0	0	0	0	0	0	0	0	0	0	0	0	0	0	0	0	0	0	0	0	0	0	0	0	0	0	0	0	0
1789546916973	20281	864	7	288	12	0	0	3	0	0	0	0	26.103515625	26.103515625	0	0	0	0	90.307617188	90.307617188	0	0	0	0	0	0	0	0	0	0	0	0	0	0	0	0	0	0	0	0	0	0	0	0	0	0	0	0	0	0	0	0	0	0	0	0	0	0	0	0	0	0	0	0	0	0	0	0
1789546916999	20303	865	7	288	12	0	0	3	0	0	0	0	26.103515625	26.103515625	0	0	0	0	90.307617188	90.307617188	0	0	0	0	0	0	0	0	0	0	0	0	0	0	0	0	0	0	0	0	0	0	0	0	0	0	0	0	0	0	0	0	0	0	0	0	0	0	0	0	0	0	0	0	0	0	0	0
1789546917018	20325	866	7	288	12	0	0	3	0	0	0	0	26.103515625	26.103515625	0	0	0	0	90.307617188	90.307617188	0	0	0	0	0	0	0	0	0	0	0	0	0	0	0	0	0	0	0	0	0	0	0	0	0	0	0	0	0	0	0	0	0	0	0	0	0	0	0	0	0	0	0	0	0	0	0	0
1789546917038	20347	867	7	288	12	0	0	3	0	0	0	0	26.103515625	26.103515625	0	0	0	0	90.307617188	90.307617188	0	0	0	0	0	0	0	0	0	0	0	0	0	0	0	0	0	0	0	0	0	0	0	0	0	0	0	0	0	0	0	0	0	0	0	0	0	0	0	0	0	0	0	0	0	0	0	0
1789546917064	20369	868	7	288	12	0	0	3	0	0	0	0	26.103515625	26.103515625	0	0	0	0	90.307617188	90.307617188	0	0	0	0	0	0	0	0	0	0	0	0	0	0	0	0	0	0	0	0	0	0	0	0	0	0	0	0	0	0	0	0	0	0	0	0	0	0	0	0	0	0	0	0	0	0	0	0
1789546917084	20391	869	7	288	12	0	0	3	0	0	0	0	26.103515625	26.103515625	0	0	0	0	90.307617188	90.307617188	0	0	0	0	0	0	0	0	0	0	0	0	0	0	0	0	0	0	0	0	0	0	0	0	0	0	0	0	0	0	0	0	0	0	0	0	0	0	0	0	0	0	0	0	0	0	0	0
1789546917108	20413	870	7	288	12	0	0	3	0	0	0	0	26.103515625	26.103515625	0	0	0	0	90.307617188	90.307617188	0	0	0	0	0	0	0	0	0	0	0	0	0	0	0	0	0	0	0	0	0	0	0	0	0	0	0	0	0	0	0	0	0	0	0	0	0	0	0	0	0	0	0	0	0	0	0	0
1789546917127	20435	871	7	288	12	0	0	3	0	0	0	0	26.103515625	26.103515625	0	0	0	0	90.307617188	90.307617188	0	0	0	0	0	0	0	0	0	0	0	0	0	0	0	0	0	0	0	0	0	0	0	0	0	0	0	0	0	0	0	0	0	0	0	0	0	0	0	0	0	0	0	0	0	0	0	0
1789546917154	20457	872	7	288	12	0	0	3	0	0	0	0	26.103515625	26.103515625	0	0	0	0	90.307617188	90.307617188	0	0	0	0	0	0	0	0	0	0	0	0	0	0	0	0	0	0	0	0	0	0	0	0	0	0	0	0	0	0	0	0	0	0	0	0	0	0	0	0	0	0	0	0	0	0	0	0
1789546917174	20479	873	7	288	12	0	0	3	0	0	0	0	26.103515625	26.103515625	0	0	0	0	90.307617188	90.307617188	0	0	0	0	0	0	0	0	0	0	0	0	0	0	0	0	0	0	0	0	0	0	0	0	0	0	0	0	0	0	0	0	0	0	0	0	0	0	0	0	0	0	0	0	0	0	0	0
1789546917194	20501	874	7	288	12	0	0	3	0	0	0	0	26.103515625	26.103515625	0	0	0	0	90.307617188	90.307617188	0	0	0	0	0	0	0	0	0	0	0	0	0	0	0	0	0	0	0	0	0	0	0	0	0	0	0	0	0	0	0	0	0	0	0	0	0	0	0	0	0	0	0	0	0	0	0	0
1789546917215	20523	875	7	288	12	0	0	3	0	0	0	0	26.103515625	26.103515625	0	0	0	0	90.307617188	90.307617188	0	0	0	0	0	0	0	0	0	0	0	0	0	0	0	0	0	0	0	0	0	0	0	0	0	0	0	0	0	0	0	0	0	0	0	0	0	0	0	0	0	0	0	0	0	0	0	0
1789546917242	20545	876	7	288	12	0	0	3	0	0	0	0	26.103515625	26.103515625	0	0	0	0	90.307617188	90.307617188	0	0	0	0	0	0	0	0	0	0	0	0	0	0	0	0	0	0	0	0	0	0	0	0	0	0	0	0	0	0	0	0	0	0	0	0	0	0	0	0	0	0	0	0	0	0	0	0
1789546917263	20567	877	7	288	12	0	0	3	0	0	0	0	26.103515625	26.103515625	0	0	0	0	90.307617188	90.307617188	0	0	0	0	0	0	0	0	0	0	0	0	0	0	0	0	0	0	0	0	0	0	0	0	0	0	0	0	0	0	0	0	0	0	0	0	0	0	0	0	0	0	0	0	0	0	0	0
1789546917283	20589	878	7	288	12	0	0	3	0	0	0	0	26.103515625	26.103515625	0	0	0	0	90.307617188	90.307617188	0	0	0	0	0	0	0	0	0	0	0	0	0	0	0	0	0	0	0	0	0	0	0	0	0	0	0	0	0	0	0	0	0	0	0	0	0	0	0	0	0	0	0	0	0	0	0	0
1789546917302	20611	879	7	288	12	0	0	3	0	0	0	0	26.103515625	26.103515625	0	0	0	0	90.307617188	90.307617188	0	0	0	0	0	0	0	0	0	0	0	0	0	0	0	0	0	0	0	0	0	0	0	0	0	0	0	0	0	0	0	0	0	0	0	0	0	0	0	0	0	0	0	0	0	0	0	0
1789546917330	20633	880	7	288	12	0	0	3	0	0	0	0	26.103515625	26.103515625	0	0	0	0	90.307617188	90.307617188	0	0	0	0	0	0	0	0	0	0	0	0	0	0	0	0	0	0	0	0	0	0	0	0	0	0	0	0	0	0	0	0	0	0	0	0	0	0	0	0	0	0	0	0	0	0	0	0
1789546917350	20655	881	7	288	12	0	0	3	0	0	0	0	26.103515625	26.103515625	0	0	0	0	90.307617188	90.307617188	0	0	0	0	0	0	0	0	0	0	0	0	0	0	0	0	0	0	0	0	0	0	0	0	0	0	0	0	0	0	0	0	0	0	0	0	0	0	0	0	0	0	0	0	0	0	0	0
1789546917370	20677	882	7	288	12	0	0	3	0	0	0	0	26.103515625	26.103515625	0	0	0	0	90.307617188	90.307617188	0	0	0	0	0	0	0	0	0	0	0	0	0	0	0	0	0	0	0	0	0	0	0	0	0	0	0	0	0	0	0	0	0	0	0	0	0	0	0	0	0	0	0	0	0	0	0	0
1789546917390	20699	883	7	288	12	0	0	3	0	0	0	0	26.103515625	26.103515625	0	0	0	0	90.307617188	90.307617188	0	0	0	0	0	0	0	0	0	0	0	0	0	0	0	0	0	0	0	0	0	0	0	0	0	0	0	0	0	0	0	0	0	0	0	0	0	0	0	0	0	0	0	0	0	0	0	0
1789546917417	20721	884	7	288	12	0	0	3	0	0	0	0	26.103515625	26.103515625	0	0	0	0	90.307617188	90.307617188	0	0	0	0	0	0	0	0	0	0	0	0	0	0	0	0	0	0	0	0	0	0	0	0	0	0	0	0	0	0	0	0	0	0	0	0	0	0	0	0	0	0	0	0	0	0	0	0
1789546917436	20743	885	7	288	12	0	0	3	0	0	0	0	26.103515625	26.103515625	0	0	0	0	90.307617188	90.307617188	0	0	0	0	0	0	0	0	0	0	0	0	0	0	0	0	0	0	0	0	0	0	0	0	0	0	0	0	0	0	0	0	0	0	0	0	0	0	0	0	0	0	0	0	0	0	0	0
1789546917456	20765	886	7	288	12	0	0	3	0	0	0	0	26.103515625	26.103515625	0	0	0	0	90.307617188	90.307617188	0	0	0	0	0	0	0	0	0	0	0	0	0	0	0	0	0	0	0	0	0	0	0	0	0	0	0	0	0	0	0	0	0	0	0	0	0	0	0	0	0	0	0	0	0	0	0	0
1789546917482	20787	887	7	288	12	0	0	3	0	0	0	0	26.103515625	26.103515625	0	0	0	0	90.307617188	90.307617188	0	0	0	0	0	0	0	0	0	0	0	0	0	0	0	0	0	0	0	0	0	0	0	0	0	0	0	0	0	0	0	0	0	0	0	0	0	0	0	0	0	0	0	0	0	0	0	0
1789546917502	20809	888	7	288	12	0	0	3	0	0	0	0	26.103515625	26.103515625	0	0	0	0	90.307617188	90.307617188	0	0	0	0	0	0	0	0	0	0	0	0	0	0	0	0	0	0	0	0	0	0	0	0	0	0	0	0	0	0	0	0	0	0	0	0	0	0	0	0	0	0	0	0	0	0	0	0
1789546917522	20831	889	7	288	12	0	0	3	0	0	0	0	26.103515625	26.103515625	0	0	0	0	90.307617188	90.307617188	0	0	0	0	0	0	0	0	0	0	0	0	0	0	0	0	0	0	0	0	0	0	0	0	0	0	0	0	0	0	0	0	0	0	0	0	0	0	0	0	0	0	0	0	0	0	0	0
1789546917549	20853	890	7	288	12	0	0	3	0	0	0	0	26.103515625	26.103515625	0	0	0	0	90.307617188	90.307617188	0	0	0	0	0	0	0	0	0	0	0	0	0	0	0	0	0	0	0	0	0	0	0	0	0	0	0	0	0	0	0	0	0	0	0	0	0	0	0	0	0	0	0	0	0	0	0	0
1789546917569	20875	891	7	288	12	0	0	3	0	0	0	0	26.103515625	26.103515625	0	0	0	0	90.307617188	90.307617188	0	0	0	0	0	0	0	0	0	0	0	0	0	0	0	0	0	0	0	0	0	0	0	0	0	0	0	0	0	0	0	0	0	0	0	0	0	0	0	0	0	0	0	0	0	0	0	0
1789546917589	20897	892	7	288	12	0	0	3	0	0	0	0	26.103515625	26.103515625	0	0	0	0	90.307617188	90.307617188	0	0	0	0	0	0	0	0	0	0	0	0	0	0	0	0	0	0	0	0	0	0	0	0	0	0	0	0	0	0	0	0	0	0	0	0	0	0	0	0	0	0	0	0	0	0	0	0
1789546917609	20919	893	7	288	12	0	0	3	0	0	0	0	26.103515625	26.103515625	0	0	0	0	90.307617188	90.307617188	0	0	0	0	0	0	0	0	0	0	0	0	0	0	0	0	0	0	0	0	0	0	0	0	0	0	0	0	0	0	0	0	0	0	0	0	0	0	0	0	0	0	0	0	0	0	0	0
1789546917635	20941	894	7	288	12	0	0	3	0	0	0	0	26.103515625	26.103515625	0	0	0	0	90.307617188	90.307617188	0	0	0	0	0	0	0	0	0	0	0	0	0	0	0	0	0	0	0	0	0	0	0	0	0	0	0	0	0	0	0	0	0	0	0	0	0	0	0	0	0	0	0	0	0	0	0	0
1789546917655	20963	895	7	288	12	0	0	3	0	0	0	0	26.103515625	26.103515625	0	0	0	0	90.307617188	90.307617188	0	0	0	0	0	0	0	0	0	0	0	0	0	0	0	0	0	0	0	0	0	0	0	0	0	0	0	0	0	0	0	0	0	0	0	0	0	0	0	0	0	0	0	0	0	0	0	0
1789546917675	20985	896	7	288	12	0	0	3	0	0	0	0	26.103515625	26.103515625	0	0	0	0	90.307617188	90.307617188	0	0	0	0	0	0	0	0	0	0	0	0	0	0	0	0	0	0	0	0	0	0	0	0	0	0	0	0	0	0	0	0	0	0	0	0	0	0	0	0	0	0	0	0	0	0	0	0
1789546917702	21007	897	7	288	12	0	0	3	0	0	0	0	26.103515625	26.103515625	0	0	0	0	90.307617188	90.307617188	0	0	0	0	0	0	0	0	0	0	0	0	0	0	0	0	0	0	0	0	0	0	0	0	0	0	0	0	0	0	0	0	0	0	0	0	0	0	0	0	0	0	0	0	0	0	0	0
1789546917722	21029	898	7	288	12	0	0	3	0	0	0	0	26.103515625	26.103515625	0	0	0	0	90.307617188	90.307617188	0	0	0	0	0	0	0	0	0	0	0	0	0	0	0	0	0	0	0	0	0	0	0	0	0	0	0	0	0	0	0	0	0	0	0	0	0	0	0	0	0	0	0	0	0	0	0	0
1789546917742	21051	899	7	288	12	0	0	3	0	0	0	0	26.103515625	26.103515625	0	0	0	0	90.307617188	90.307617188	0	0	0	0	0	0	0	0	0	0	0	0	0	0	0	0	0	0	0	0	0	0	0	0	0	0	0	0	0	0	0	0	0	0	0	0	0	0	0	0	0	0	0	0	0	0	0	0
1789546917769	21073	900	7	288	12	0	0	3	0	0	0	0	26.103515625	26.103515625	0	0	0	0	90.307617188	90.307617188	0	0	0	0	0	0	0	0	0	0	0	0	0	0	0	0	0	0	0	0	0	0	0	0	0	0	0	0	0	0	0	0	0	0	0	0	0	0	0	0	0	0	0	0	0	0	0	0
1789546917788	21095	901	7	288	12	0	0	3	0	0	0	0	26.103515625	26.103515625	0	0	0	0	90.307617188	90.307617188	0	0	0	0	0	0	0	0	0	0	0	0	0	0	0	0	0	0	0	0	0	0	0	0	0	0	0	0	0	0	0	0	0	0	0	0	0	0	0	0	0	0	0	0	0	0	0	0
1789546917813	21117	902	7	288	12	0	0	3	0	0	0	0	26.103515625	26.103515625	0	0	0	0	90.307617188	90.307617188	0	0	0	0	0	0	0	0	0	0	0	0	0	0	0	0	0	0	0	0	0	0	0	0	0	0	0	0	0	0	0	0	0	0	0	0	0	0	0	0	0	0	0	0	0	0	0	0
1789546917832	21139	903	7	288	12	0	0	3	0	0	0	0	26.103515625	26.103515625	0	0	0	0	90.307617188	90.307617188	0	0	0	0	0	0	0	0	0	0	0	0	0	0	0	0	0	0	0	0	0	0	0	0	0	0	0	0	0	0	0	0	0	0	0	0	0	0	0	0	0	0	0	0	0	0	0	0
1789546917852	21161	904	7	288	12	0	0	3	0	0	0	0	26.103515625	26.103515625	0	0	0	0	90.307617188	90.307617188	0	0	0	0	0	0	0	0	0	0	0	0	0	0	0	0	0	0	0	0	0	0	0	0	0	0	0	0	0	0	0	0	0	0	0	0	0	0	0	0	0	0	0	0	0	0	0	0
1789546917878	21183	905	7	288	12	0	0	3	0	0	0	0	26.103515625	26.103515625	0	0	0	0	90.307617188	90.307617188	0	0	0	0	0	0	0	0	0	0	0	0	0	0	0	0	0	0	0	0	0	0	0	0	0	0	0	0	0	0	0	0	0	0	0	0	0	0	0	0	0	0	0	0	0	0	0	0
1789546917898	21205	906	7	288	12	0	0	3	0	0	0	0	26.103515625	26.103515625	0	0	0	0	90.307617188	90.307617188	0	0	0	0	0	0	0	0	0	0	0	0	0	0	0	0	0	0	0	0	0	0	0	0	0	0	0	0	0	0	0	0	0	0	0	0	0	0	0	0	0	0	0	0	0	0	0	0
1789546917918	21227	907	7	288	12	0	0	3	0	0	0	0	26.103515625	26.103515625	0	0	0	0	90.307617188	90.307617188	0	0	0	0	0	0	0	0	0	0	0	0	0	0	0	0	0	0	0	0	0	0	0	0	0	0	0	0	0	0	0	0	0	0	0	0	0	0	0	0	0	0	0	0	0	0	0	0
1789546917945	21249	908	7	288	12	0	0	3	0	0	0	0	26.103515625	26.103515625	0	0	0	0	90.307617188	90.307617188	0	0	0	0	0	0	0	0	0	0	0	0	0	0	0	0	0	0	0	0	0	0	0	0	0	0	0	0	0	0	0	0	0	0	0	0	0	0	0	0	0	0	0	0	0	0	0	0
1789546917964	21271	909	7	288	12	0	0	3	0	0	0	0	26.103515625	26.103515625	0	0	0	0	90.307617188	90.307617188	0	0	0	0	0	0	0	0	0	0	0	0	0	0	0	0	0	0	0	0	0	0	0	0	0	0	0	0	0	0	0	0	0	0	0	0	0	0	0	0	0	0	0	0	0	0	0	0
1789546917985	21293	910	7	288	12	0	0	3	0	0	0	0	26.103515625	26.103515625	0	0	0	0	90.307617188	90.307617188	0	0	0	0	0	0	0	0	0	0	0	0	0	0	0	0	0	0	0	0	0	0	0	0	0	0	0	0	0	0	0	0	0	0	0	0	0	0	0	0	0	0	0	0	0	0	0	0
1789546918011	21315	911	7	288	12	0	0	3	0	0	0	0	26.103515625	26.103515625	0	0	0	0	90.307617188	90.307617188	0	0	0	0	0	0	0	0	0	0	0	0	0	0	0	0	0	0	0	0	0	0	0	0	0	0	0	0	0	0	0	0	0	0	0	0	0	0	0	0	0	0	0	0	0	0	0	0
1789546918030	21337	912	7	288	12	0	0	3	0	0	0	0	26.103515625	26.103515625	0	0	0	0	90.307617188	90.307617188	0	0	0	0	0	0	0	0	0	0	0	0	0	0	0	0	0	0	0	0	0	0	0	0	0	0	0	0	0	0	0	0	0	0	0	0	0	0	0	0	0	0	0	0	0	0	0	0
1789546918050	21359	913	7	288	12	0	0	3	0	0	0	0	26.103515625	26.103515625	0	0	0	0	90.307617188	90.307617188	0	0	0	0	0	0	0	0	0	0	0	0	0	0	0	0	0	0	0	0	0	0	0	0	0	0	0	0	0	0	0	0	0	0	0	0	0	0	0	0	0	0	0	0	0	0	0	0
1789546918077	21381	914	7	288	12	0	0	3	0	0	0	0	26.103515625	26.103515625	0	0	0	0	90.307617188	90.307617188	0	0	0	0	0	0	0	0	0	0	0	0	0	0	0	0	0	0	0	0	0	0	0	0	0	0	0	0	0	0	0	0	0	0	0	0	0	0	0	0	0	0	0	0	0	0	0	0
1789546918096	21403	915	7	288	12	0	0	3	0	0	0	0	26.103515625	26.103515625	0	0	0	0	90.307617188	90.307617188	0	0	0	0	0	0	0	0	0	0	0	0	0	0	0	0	0	0	0	0	0	0	0	0	0	0	0	0	0	0	0	0	0	0	0	0	0	0	0	0	0	0	0	0	0	0	0	0
1789546918116	21425	916	7	288	12	0	0	3	0	0	0	0	26.103515625	26.103515625	0	0	0	0	90.307617188	90.307617188	0	0	0	0	0	0	0	0	0	0	0	0	0	0	0	0	0	0	0	0	0	0	0	0	0	0	0	0	0	0	0	0	0	0	0	0	0	0	0	0	0	0	0	0	0	0	0	0
1789546918143	21447	917	7	288	12	0	0	3	0	0	0	0	26.103515625	26.103515625	0	0	0	0	90.307617188	90.307617188	0	0	0	0	0	0	0	0	0	0	0	0	0	0	0	0	0	0	0	0	0	0	0	0	0	0	0	0	0	0	0	0	0	0	0	0	0	0	0	0	0	0	0	0	0	0	0	0
1789546918162	21469	918	7	288	12	0	0	3	0	0	0	0	26.103515625	26.103515625	0	0	0	0	90.307617188	90.307617188	0	0	0	0	0	0	0	0	0	0	0	0	0	0	0	0	0	0	0	0	0	0	0	0	0	0	0	0	0	0	0	0	0	0	0	0	0	0	0	0	0	0	0	0	0	0	0	0
1789546918182	21491	919	7	288	12	0	0	3	0	0	0	0	26.103515625	26.103515625	0	0	0	0	90.307617188	90.307617188	0	0	0	0	0	0	0	0	0	0	0	0	0	0	0	0	0	0	0	0	0	0	0	0	0	0	0	0	0	0	0	0	0	0	0	0	0	0	0	0	0	0	0	0	0	0	0	0
1789546918209	21513	920	7	288	12	0	0	3	0	0	0	0	26.103515625	26.103515625	0	0	0	0	90.307617188	90.307617188	0	0	0	0	0	0	0	0	0	0	0	0	0	0	0	0	0	0	0	0	0	0	0	0	0	0	0	0	0	0	0	0	0	0	0	0	0	0	0	0	0	0	0	0	0	0	0	0
1789546918229	21535	921	7	288	12	0	0	3	0	0	0	0	26.103515625	26.103515625	0	0	0	0	90.307617188	90.307617188	0	0	0	0	0	0	0	0	0	0	0	0	0	0	0	0	0	0	0	0	0	0	0	0	0	0	0	0	0	0	0	0	0	0	0	0	0	0	0	0	0	0	0	0	0	0	0	0
1789546918249	21557	922	7	288	12	0	0	3	0	0	0	0	26.103515625	26.103515625	0	0	0	0	90.307617188	90.307617188	0	0	0	0	0	0	0	0	0	0	0	0	0	0	0	0	0	0	0	0	0	0	0	0	0	0	0	0	0	0	0	0	0	0	0	0	0	0	0	0	0	0	0	0	0	0	0	0
1789546918275	21579	923	7	288	12	0	0	3	0	0	0	0	26.103515625	26.103515625	0	0	0	0	90.307617188	90.307617188	0	0	0	0	0	0	0	0	0	0	0	0	0	0	0	0	0	0	0	0	0	0	0	0	0	0	0	0	0	0	0	0	0	0	0	0	0	0	0	0	0	0	0	0	0	0	0	0
1789546918296	21601	924	7	288	12	0	0	3	0	0	0	0	26.103515625	26.103515625	0	0	0	0	90.307617188	90.307617188	0	0	0	0	0	0	0	0	0	0	0	0	0	0	0	0	0	0	0	0	0	0	0	0	0	0	0	0	0	0	0	0	0	0	0	0	0	0	0	0	0	0	0	0	0	0	0	0
1789546918315	21623	925	7	288	12	0	0	3	0	0	0	0	26.103515625	26.103515625	0	0	0	0	90.307617188	90.307617188	0	0	0	0	0	0	0	0	0	0	0	0	0	0	0	0	0	0	0	0	0	0	0	0	0	0	0	0	0	0	0	0	0	0	0	0	0	0	0	0	0	0	0	0	0	0	0	0
1789546918336	21645	926	7	288	12	0	0	3	0	0	0	0	26.103515625	26.103515625	0	0	0	0	90.307617188	90.307617188	0	0	0	0	0	0	0	0	0	0	0	0	0	0	0	0	0	0	0	0	0	0	0	0	0	0	0	0	0	0	0	0	0	0	0	0	0	0	0	0	0	0	0	0	0	0	0	0
1789546918362	21667	927	7	288	12	0	0	3	0	0	0	0	26.103515625	26.103515625	0	0	0	0	90.307617188	90.307617188	0	0	0	0	0	0	0	0	0	0	0	0	0	0	0	0	0	0	0	0	0	0	0	0	0	0	0	0	0	0	0	0	0	0	0	0	0	0	0	0	0	0	0	0	0	0	0	0
1789546918382	21689	928	7	288	12	0	0	3	0	0	0	0	26.103515625	26.103515625	0	0	0	0	90.307617188	90.307617188	0	0	0	0	0	0	0	0	0	0	0	0	0	0	0	0	0	0	0	0	0	0	0	0	0	0	0	0	0	0	0	0	0	0	0	0	0	0	0	0	0	0	0	0	0	0	0	0
1789546918402	21711	929	7	288	12	0	0	3	0	0	0	0	26.103515625	26.103515625	0	0	0	0	90.307617188	90.307617188	0	0	0	0	0	0	0	0	0	0	0	0	0	0	0	0	0	0	0	0	0	0	0	0	0	0	0	0	0	0	0	0	0	0	0	0	0	0	0	0	0	0	0	0	0	0	0	0
1789546918429	21733	930	7	288	12	0	0	3	0	0	0	0	26.103515625	26.103515625	0	0	0	0	90.307617188	90.307617188	0	0	0	0	0	0	0	0	0	0	0	0	0	0	0	0	0	0	0	0	0	0	0	0	0	0	0	0	0	0	0	0	0	0	0	0	0	0	0	0	0	0	0	0	0	0	0	0
1789546918450	21755	931	7	288	12	0	0	3	0	0	0	0	26.103515625	26.103515625	0	0	0	0	90.307617188	90.307617188	0	0	0	0	0	0	0	0	0	0	0	0	0	0	0	0	0	0	0	0	0	0	0	0	0	0	0	0	0	0	0	0	0	0	0	0	0	0	0	0	0	0	0	0	0	0	0	0
1789546918469	21777	932	7	288	12	0	0	3	0	0	0	0	26.103515625	26.103515625	0	0	0	0	90.307617188	90.307617188	0	0	0	0	0	0	0	0	0	0	0	0	0	0	0	0	0	0	0	0	0	0	0	0	0	0	0	0	0	0	0	0	0	0	0	0	0	0	0	0	0	0	0	0	0	0	0	0
1789546918489	21799	933	7	288	12	0	0	3	0	0	0	0	26.103515625	26.103515625	0	0	0	0	90.307617188	90.307617188	0	0	0	0	0	0	0	0	0	0	0	0	0	0	0	0	0	0	0	0	0	0	0	0	0	0	0	0	0	0	0	0	0	0	0	0	0	0	0	0	0	0	0	0	0	0	0	0
1789546918516	21821	934	7	288	12	0	0	3	0	0	0	0	26.103515625	26.103515625	0	0	0	0	90.307617188	90.307617188	0	0	0	0	0	0	0	0	0	0	0	0	0	0	0	0	0	0	0	0	0	0	0	0	0	0	0	0	0	0	0	0	0	0	0	0	0	0	0	0	0	0	0	0	0	0	0	0
1789546918535	21843	935	7	288	12	0	0	3	0	0	0	0	26.147460938	26.147460938	0	0	0	0	90.307617188	90.307617188	0	0	0	0	0	0	0	0	0	0	0	0	0	0	0	0	0	0	0	0	0	0	0	0	0	0	0	0	0	0	0	0	0	0	0	0	0	0	0	0	0	0	0	0	0	0	0	0
1789546918555	21865	936	7	288	12	0	0	3	0	0	0	0	26.103515625	26.103515625	0	0	0	0	90.307617188	90.307617188	0	0	0	0	0	0	0	0	0	0	0	0	0	0	0	0	0	0	0	0	0	0	0	0	0	0	0	0	0	0	0	0	0	0	0	0	0	0	0	0	0	0	0	0	0	0	0	0
1789546918582	21887	937	7	288	12	0	0	3	0	0	0	0	26.103515625	26.103515625	0	0	0	0	90.307617188	90.307617188	0	0	0	0	0	0	0	0	0	0	0	0	0	0	0	0	0	0	0	0	0	0	0	0	0	0	0	0	0	0	0	0	0	0	0	0	0	0	0	0	0	0	0	0	0	0	0	0
1789546918602	21909	938	7	288	12	0	0	3	0	0	0	0	26.103515625	26.103515625	0	0	0	0	90.307617188	90.307617188	0	0	0	0	0	0	0	0	0	0	0	0	0	0	0	0	0	0	0	0	0	0	0	0	0	0	0	0	0	0	0	0	0	0	0	0	0	0	0	0	0	0	0	0	0	0	0	0
1789546918622	21931	939	7	288	12	0	0	3	0	0	0	0	26.103515625	26.103515625	0	0	0	0	90.307617188	90.307617188	0	0	0	0	0	0	0	0	0	0	0	0	0	0	0	0	0	0	0	0	0	0	0	0	0	0	0	0	0	0	0	0	0	0	0	0	0	0	0	0	0	0	0	0	0	0	0	0
1789546918649	21953	940	7	288	12	0	0	3	0	0	0	0	26.103515625	26.103515625	0	0	0	0	90.307617188	90.307617188	0	0	0	0	0	0	0	0	0	0	0	0	0	0	0	0	0	0	0	0	0	0	0	0	0	0	0	0	0	0	0	0	0	0	0	0	0	0	0	0	0	0	0	0	0	0	0	0
1789546918668	21975	941	7	288	12	0	0	3	0	0	0	0	26.103515625	26.103515625	0	0	0	0	90.307617188	90.307617188	0	0	0	0	0	0	0	0	0	0	0	0	0	0	0	0	0	0	0	0	0	0	0	0	0	0	0	0	0	0	0	0	0	0	0	0	0	0	0	0	0	0	0	0	0	0	0	0
1789546918688	21997	942	7	288	12	0	0	3	0	0	0	0	26.103515625	26.103515625	0	0	0	0	90.307617188	90.307617188	0	0	0	0	0	0	0	0	0	0	0	0	0	0	0	0	0	0	0	0	0	0	0	0	0	0	0	0	0	0	0	0	0	0	0	0	0	0	0	0	0	0	0	0	0	0	0	0
1789546918714	22019	943	7	288	12	0	0	3	0	0	0	0	26.103515625	26.103515625	0	0	0	0	90.307617188	90.307617188	0	0	0	0	0	0	0	0	0	0	0	0	0	0	0	0	0	0	0	0	0	0	0	0	0	0	0	0	0	0	0	0	0	0	0	0	0	0	0	0	0	0	0	0	0	0	0	0
1789546918734	22041	944	7	288	12	0	0	3	0	0	0	0	26.103515625	26.103515625	0	0	0	0	90.307617188	90.307617188	0	0	0	0	0	0	0	0	0	0	0	0	0	0	0	0	0	0	0	0	0	0	0	0	0	0	0	0	0	0	0	0	0	0	0	0	0	0	0	0	0	0	0	0	0	0	0	0
1789546918754	22063	945	7	288	12	0	0	3	0	0	0	0	26.103515625	26.103515625	0	0	0	0	90.307617188	90.307617188	0	0	0	0	0	0	0	0	0	0	0	0	0	0	0	0	0	0	0	0	0	0	0	0	0	0	0	0	0	0	0	0	0	0	0	0	0	0	0	0	0	0	0	0	0	0	0	0
1789546918781	22085	946	7	288	12	0	0	3	0	0	0	0	26.103515625	26.103515625	0	0	0	0	90.307617188	90.307617188	0	0	0	0	0	0	0	0	0	0	0	0	0	0	0	0	0	0	0	0	0	0	0	0	0	0	0	0	0	0	0	0	0	0	0	0	0	0	0	0	0	0	0	0	0	0	0	0
1789546918800	22107	947	7	288	12	0	0	3	0	0	0	0	26.103515625	26.103515625	0	0	0	0	90.307617188	90.307617188	0	0	0	0	0	0	0	0	0	0	0	0	0	0	0	0	0	0	0	0	0	0	0	0	0	0	0	0	0	0	0	0	0	0	0	0	0	0	0	0	0	0	0	0	0	0	0	0
1789546918820	22129	948	7	288	12	0	0	3	0	0	0	0	26.103515625	26.103515625	0	0	0	0	90.307617188	90.307617188	0	0	0	0	0	0	0	0	0	0	0	0	0	0	0	0	0	0	0	0	0	0	0	0	0	0	0	0	0	0	0	0	0	0	0	0	0	0	0	0	0	0	0	0	0	0	0	0
1789546918846	22151	949	7	288	12	0	0	3	0	0	0	0	26.103515625	26.103515625	0	0	0	0	90.307617188	90.307617188	0	0	0	0	0	0	0	0	0	0	0	0	0	0	0	0	0	0	0	0	0	0	0	0	0	0	0	0	0	0	0	0	0	0	0	0	0	0	0	0	0	0	0	0	0	0	0	0
1789546918866	22173	950	7	288	12	0	0	3	0	0	0	0	26.103515625	26.103515625	0	0	0	0	90.3515625	90.3515625	0	0	0	0	0	0	0	0	0	0	0	0	0	0	0	0	0	0	0	0	0	0	0	0	0	0	0	0	0	0	0	0	0	0	0	0	0	0	0	0	0	0	0	0	0	0	0	0
1789546918886	22195	951	7	288	12	0	0	3	0	0	0	0	26.103515625	26.103515625	0	0	0	0	90.307617188	90.307617188	0	0	0	0	0	0	0	0	0	0	0	0	0	0	0	0	0	0	0	0	0	0	0	0	0	0	0	0	0	0	0	0	0	0	0	0	0	0	0	0	0	0	0	0	0	0	0	0
1789546918913	22217	952	7	288	12	0	0	3	0	0	0	0	26.103515625	26.103515625	0	0	0	0	90.307617188	90.307617188	0	0	0	0	0	0	0	0	0	0	0	0	0	0	0	0	0	0	0	0	0	0	0	0	0	0	0	0	0	0	0	0	0	0	0	0	0	0	0	0	0	0	0	0	0	0	0	0
1789546918932	22239	953	7	288	12	0	0	3	0	0	0	0	26.103515625	26.103515625	0	0	0	0	90.307617188	90.307617188	0	0	0	0	0	0	0	0	0	0	0	0	0	0	0	0	0	0	0	0	0	0	0	0	0	0	0	0	0	0	0	0	0	0	0	0	0	0	0	0	0	0	0	0	0	0	0	0
1789546918952	22261	954	7	288	12	0	0	3	0	0	0	0	26.103515625	26.103515625	0	0	0	0	90.307617188	90.307617188	0	0	0	0	0	0	0	0	0	0	0	0	0	0	0	0	0	0	0	0	0	0	0	0	0	0	0	0	0	0	0	0	0	0	0	0	0	0	0	0	0	0	0	0	0	0	0	0
1789546918978	22283	955	7	288	12	0	0	3	0	0	0	0	26.103515625	26.103515625	0	0	0	0	90.307617188	90.307617188	0	0	0	0	0	0	0	0	0	0	0	0	0	0	0	0	0	0	0	0	0	0	0	0	0	0	0	0	0	0	0	0	0	0	0	0	0	0	0	0	0	0	0	0	0	0	0	0
1789546918998	22305	956	7	288	12	0	0	3	0	0	0	0	26.103515625	26.103515625	0	0	0	0	90.307617188	90.307617188	0	0	0	0	0	0	0	0	0	0	0	0	0	0	0	0	0	0	0	0	0	0	0	0	0	0	0	0	0	0	0	0	0	0	0	0	0	0	0	0	0	0	0	0	0	0	0	0
1789546919018	22327	957	7	288	12	0	0	3	0	0	0	0	26.103515625	26.103515625	0	0	0	0	90.307617188	90.307617188	0	0	0	0	0	0	0	0	0	0	0	0	0	0	0	0	0	0	0	0	0	0	0	0	0	0	0	0	0	0	0	0	0	0	0	0	0	0	0	0	0	0	0	0	0	0	0	0
1789546919044	22349	958	7	288	12	0	0	3	0	0	0	0	26.103515625	26.103515625	0	0	0	0	90.307617188	90.307617188	0	0	0	0	0	0	0	0	0	0	0	0	0	0	0	0	0	0	0	0	0	0	0	0	0	0	0	0	0	0	0	0	0	0	0	0	0	0	0	0	0	0	0	0	0	0	0	0
1789546919064	22371	959	7	288	12	0	0	3	0	0	0	0	26.103515625	26.103515625	0	0	0	0	90.307617188	90.307617188	0	0	0	0	0	0	0	0	0	0	0	0	0	0	0	0	0	0	0	0	0	0	0	0	0	0	0	0	0	0	0	0	0	0	0	0	0	0	0	0	0	0	0	0	0	0	0	0
1789546919085	22393	960	7	288	12	0	0	3	0	0	0	0	26.147460938	26.147460938	0	0	0	0	90.307617188	90.307617188	0	0	0	0	0	0	0	0	0	0	0	0	0	0	0	0	0	0	0	0	0	0	0	0	0	0	0	0	0	0	0	0	0	0	0	0	0	0	0	0	0	0	0	0	0	0	0	0
1789546919111	22415	961	7	288	12	0	0	3	0	0	0	0	26.103515625	26.103515625	0	0	0	0	90.307617188	90.307617188	0	0	0	0	0	0	0	0	0	0	0	0	0	0	0	0	0	0	0	0	0	0	0	0	0	0	0	0	0	0	0	0	0	0	0	0	0	0	0	0	0	0	0	0	0	0	0	0
1789546919131	22437	962	7	288	12	0	0	3	0	0	0	0	26.103515625	26.103515625	0	0	0	0	90.307617188	90.307617188	0	0	0	0	0	0	0	0	0	0	0	0	0	0	0	0	0	0	0	0	0	0	0	0	0	0	0	0	0	0	0	0	0	0	0	0	0	0	0	0	0	0	0	0	0	0	0	0
1789546919150	22459	963	7	288	12	0	0	3	0	0	0	0	26.103515625	26.103515625	0	0	0	0	90.307617188	90.307617188	0	0	0	0	0	0	0	0	0	0	0	0	0	0	0	0	0	0	0	0	0	0	0	0	0	0	0	0	0	0	0	0	0	0	0	0	0	0	0	0	0	0	0	0	0	0	0	0
1789546919177	22481	964	7	288	12	0	0	3	0	0	0	0	26.103515625	26.103515625	0	0	0	0	90.307617188	90.307617188	0	0	0	0	0	0	0	0	0	0	0	0	0	0	0	0	0	0	0	0	0	0	0	0	0	0	0	0	0	0	0	0	0	0	0	0	0	0	0	0	0	0	0	0	0	0	0	0
1789546919198	22503	965	7	288	12	0	0	3	0	0	0	0	26.103515625	26.103515625	0	0	0	0	90.307617188	90.307617188	0	0	0	0	0	0	0	0	0	0	0	0	0	0	0	0	0	0	0	0	0	0	0	0	0	0	0	0	0	0	0	0	0	0	0	0	0	0	0	0	0	0	0	0	0	0	0	0
1789546919218	22525	966	7	288	12	0	0	3	0	0	0	0	26.103515625	26.103515625	0	0	0	0	90.307617188	90.307617188	0	0	0	0	0	0	0	0	0	0	0	0	0	0	0	0	0	0	0	0	0	0	0	0	0	0	0	0	0	0	0	0	0	0	0	0	0	0	0	0	0	0	0	0	0	0	0	0
1789546919237	22547	967	7	288	12	0	0	3	0	0	0	0	26.147460938	26.147460938	0	0	0	0	90.307617188	90.307617188	0	0	0	0	0	0	0	0	0	0	0	0	0	0	0	0	0	0	0	0	0	0	0	0	0	0	0	0	0	0	0	0	0	0	0	0	0	0	0	0	0	0	0	0	0	0	0	0
1789546919264	22569	968	7	288	12	0	0	3	0	0	0	0	26.103515625	26.103515625	0	0	0	0	90.307617188	90.307617188	0	0	0	0	0	0	0	0	0	0	0	0	0	0	0	0	0	0	0	0	0	0	0	0	0	0	0	0	0	0	0	0	0	0	0	0	0	0	0	0	0	0	0	0	0	0	0	0
1789546919284	22591	969	7	288	12	0	0	3	0	0	0	0	26.103515625	26.103515625	0	0	0	0	90.3515625	90.3515625	0	0	0	0	0	0	0	0	0	0	0	0	0	0	0	0	0	0	0	0	0	0	0	0	0	0	0	0	0	0	0	0	0	0	0	0	0	0	0	0	0	0	0	0	0	0	0	0
1789546919304	22613	970	7	288	12	0	0	3	0	0	0	0	26.103515625	26.103515625	0	0	0	0	90.307617188	90.307617188	0	0	0	0	0	0	0	0	0	0	0	0	0	0	0	0	0	0	0	0	0	0	0	0	0	0	0	0	0	0	0	0	0	0	0	0	0	0	0	0	0	0	0	0	0	0	0	0
1789546919330	22635	971	7	288	12	0	0	3	0	0	0	0	26.103515625	26.103515625	0	0	0	0	90.307617188	90.307617188	0	0	0	0	0	0	0	0	0	0	0	0	0	0	0	0	0	0	0	0	0	0	0	0	0	0	0	0	0	0	0	0	0	0	0	0	0	0	0	0	0	0	0	0	0	0	0	0
1789546919351	22657	972	7	288	12	0	0	3	0	0	0	0	26.103515625	26.103515625	0	0	0	0	90.307617188	90.307617188	0	0	0	0	0	0	0	0	0	0	0	0	0	0	0	0	0	0	0	0	0	0	0	0	0	0	0	0	0	0	0	0	0	0	0	0	0	0	0	0	0	0	0	0	0	0	0	0
1789546919371	22679	973	7	288	12	0	0	3	0	0	0	0	26.103515625	26.103515625	0	0	0	0	90.307617188	90.307617188	0	0	0	0	0	0	0	0	0	0	0	0	0	0	0	0	0	0	0	0	0	0	0	0	0	0	0	0	0	0	0	0	0	0	0	0	0	0	0	0	0	0	0	0	0	0	0	0
1789546919397	22701	974	7	288	12	0	0	3	0	0	0	0	26.103515625	26.103515625	0	0	0	0	90.307617188	90.307617188	0	0	0	0	0	0	0	0	0	0	0	0	0	0	0	0	0	0	0	0	0	0	0	0	0	0	0	0	0	0	0	0	0	0	0	0	0	0	0	0	0	0	0	0	0	0	0	0
1789546919418	22723	975	7	288	12	0	0	3	0	0	0	0	26.103515625	26.103515625	0	0	0	0	90.307617188	90.307617188	0	0	0	0	0	0	0	0	0	0	0	0	0	0	0	0	0	0	0	0	0	0	0	0	0	0	0	0	0	0	0	0	0	0	0	0	0	0	0	0	0	0	0	0	0	0	0	0
1789546919437	22745	976	7	288	12	0	0	3	0	0	0	0	26.103515625	26.103515625	0	0	0	0	90.307617188	90.307617188	0	0	0	0	0	0	0	0	0	0	0	0	0	0	0	0	0	0	0	0	0	0	0	0	0	0	0	0	0	0	0	0	0	0	0	0	0	0	0	0	0	0	0	0	0	0	0	0
1789546919457	22767	977	7	288	12	0	0	3	0	0	0	0	26.103515625	26.103515625	0	0	0	0	90.307617188	90.307617188	0	0	0	0	0	0	0	0	0	0	0	0	0	0	0	0	0	0	0	0	0	0	0	0	0	0	0	0	0	0	0	0	0	0	0	0	0	0	0	0	0	0	0	0	0	0	0	0
1789546919484	22789	978	7	288	12	0	0	3	0	0	0	0	26.103515625	26.103515625	0	0	0	0	90.307617188	90.307617188	0	0	0	0	0	0	0	0	0	0	0	0	0	0	0	0	0	0	0	0	0	0	0	0	0	0	0	0	0	0	0	0	0	0	0	0	0	0	0	0	0	0	0	0	0	0	0	0
1789546919505	22811	979	7	288	12	0	0	3	0	0	0	0	26.103515625	26.103515625	0	0	0	0	90.307617188	90.307617188	0	0	0	0	0	0	0	0	0	0	0	0	0	0	0	0	0	0	0	0	0	0	0	0	0	0	0	0	0	0	0	0	0	0	0	0	0	0	0	0	0	0	0	0	0	0	0	0
1789546919524	22833	980	7	288	12	0	0	3	0	0	0	0	26.103515625	26.103515625	0	0	0	0	90.307617188	90.307617188	0	0	0	0	0	0	0	0	0	0	0	0	0	0	0	0	0	0	0	0	0	0	0	0	0	0	0	0	0	0	0	0	0	0	0	0	0	0	0	0	0	0	0	0	0	0	0	0
1789546919551	22855	981	7	288	12	0	0	3	0	0	0	0	26.103515625	26.103515625	0	0	0	0	90.307617188	90.307617188	0	0	0	0	0	0	0	0	0	0	0	0	0	0	0	0	0	0	0	0	0	0	0	0	0	0	0	0	0	0	0	0	0	0	0	0	0	0	0	0	0	0	0	0	0	0	0	0
1789546919571	22877	982	7	288	12	0	0	3	0	0	0	0	26.103515625	26.103515625	0	0	0	0	90.307617188	90.307617188	0	0	0	0	0	0	0	0	0	0	0	0	0	0	0	0	0	0	0	0	0	0	0	0	0	0	0	0	0	0	0	0	0	0	0	0	0	0	0	0	0	0	0	0	0	0	0	0
1789546919591	22899	983	7	288	12	0	0	3	0	0	0	0	26.103515625	26.103515625	0	0	0	0	90.307617188	90.307617188	0	0	0	0	0	0	0	0	0	0	0	0	0	0	0	0	0	0	0	0	0	0	0	0	0	0	0	0	0	0	0	0	0	0	0	0	0	0	0	0	0	0	0	0	0	0	0	0
1789546919617	22921	984	7	288	12	0	0	3	0	0	0	0	26.103515625	26.103515625	0	0	0	0	90.3515625	90.3515625	0	0	0	0	0	0	0	0	0	0	0	0	0	0	0	0	0	0	0	0	0	0	0	0	0	0	0	0	0	0	0	0	0	0	0	0	0	0	0	0	0	0	0	0	0	0	0	0
1789546919637	22943	985	7	288	12	0	0	3	0	0	0	0	26.103515625	26.103515625	0	0	0	0	90.307617188	90.307617188	0	0	0	0	0	0	0	0	0	0	0	0	0	0	0	0	0	0	0	0	0	0	0	0	0	0	0	0	0	0	0	0	0	0	0	0	0	0	0	0	0	0	0	0	0	0	0	0
1789546919657	22965	986	7	288	12	0	0	3	0	0	0	0	26.103515625	26.103515625	0	0	0	0	90.307617188	90.307617188	0	0	0	0	0	0	0	0	0	0	0	0	0	0	0	0	0	0	0	0	0	0	0	0	0	0	0	0	0	0	0	0	0	0	0	0	0	0	0	0	0	0	0	0	0	0	0	0
1789546919677	22987	987	7	288	12	0	0	3	0	0	0	0	26.103515625	26.103515625	0	0	0	0	90.307617188	90.307617188	0	0	0	0	0	0	0	0	0	0	0	0	0	0	0	0	0	0	0	0	0	0	0	0	0	0	0	0	0	0	0	0	0	0	0	0	0	0	0	0	0	0	0	0	0	0	0	0
1789546919704	23009	988	7	288	12	0	0	3	0	0	0	0	26.103515625	26.103515625	0	0	0	0	90.307617188	90.307617188	0	0	0	0	0	0	0	0	0	0	0	0	0	0	0	0	0	0	0	0	0	0	0	0	0	0	0	0	0	0	0	0	0	0	0	0	0	0	0	0	0	0	0	0	0	0	0	0
1789546919724	23031	989	7	288	12	0	0	3	0	0	0	0	26.103515625	26.103515625	0	0	0	0	90.307617188	90.307617188	0	0	0	0	0	0	0	0	0	0	0	0	0	0	0	0	0	0	0	0	0	0	0	0	0	0	0	0	0	0	0	0	0	0	0	0	0	0	0	0	0	0	0	0	0	0	0	0
1789546919743	23053	990	7	288	12	0	0	3	0	0	0	0	26.103515625	26.103515625	0	0	0	0	90.307617188	90.307617188	0	0	0	0	0	0	0	0	0	0	0	0	0	0	0	0	0	0	0	0	0	0	0	0	0	0	0	0	0	0	0	0	0	0	0	0	0	0	0	0	0	0	0	0	0	0	0	0
1789546919770	23075	991	7	288	12	0	0	3	0	0	0	0	26.103515625	26.103515625	0	0	0	0	90.307617188	90.307617188	0	0	0	0	0	0	0	0	0	0	0	0	0	0	0	0	0	0	0	0	0	0	0	0	0	0	0	0	0	0	0	0	0	0	0	0	0	0	0	0	0	0	0	0	0	0	0	0
1789546919790	23097	992	7	288	12	0	0	3	0	0	0	0	26.103515625	26.103515625	0	0	0	0	90.307617188	90.307617188	0	0	0	0	0	0	0	0	0	0	0	0	0	0	0	0	0	0	0	0	0	0	0	0	0	0	0	0	0	0	0	0	0	0	0	0	0	0	0	0	0	0	0	0	0	0	0	0
1789546919810	23119	993	7	288	12	0	0	3	0	0	0	0	26.103515625	26.103515625	0	0	0	0	90.307617188	90.307617188	0	0	0	0	0	0	0	0	0	0	0	0	0	0	0	0	0	0	0	0	0	0	0	0	0	0	0	0	0	0	0	0	0	0	0	0	0	0	0	0	0	0	0	0	0	0	0	0
1789546919837	23141	994	7	288	12	0	0	3	0	0	0	0	26.103515625	26.103515625	0	0	0	0	90.307617188	90.307617188	0	0	0	0	0	0	0	0	0	0	0	0	0	0	0	0	0	0	0	0	0	0	0	0	0	0	0	0	0	0	0	0	0	0	0	0	0	0	0	0	0	0	0	0	0	0	0	0
1789546919857	23163	995	7	288	12	0	0	3	0	0	0	0	26.103515625	26.103515625	0	0	0	0	90.307617188	90.307617188	0	0	0	0	0	0	0	0	0	0	0	0	0	0	0	0	0	0	0	0	0	0	0	0	0	0	0	0	0	0	0	0	0	0	0	0	0	0	0	0	0	0	0	0	0	0	0	0
1789546919877	23185	996	7	288	12	0	0	3	0	0	0	0	26.103515625	26.103515625	0	0	0	0	90.307617188	90.307617188	0	0	0	0	0	0	0	0	0	0	0	0	0	0	0	0	0	0	0	0	0	0	0	0	0	0	0	0	0	0	0	0	0	0	0	0	0	0	0	0	0	0	0	0	0	0	0	0
1789546919898	23207	997	7	288	12	0	0	3	0	0	0	0	26.103515625	26.103515625	0	0	0	0	90.307617188	90.307617188	0	0	0	0	0	0	0	0	0	0	0	0	0	0	0	0	0	0	0	0	0	0	0	0	0	0	0	0	0	0	0	0	0	0	0	0	0	0	0	0	0	0	0	0	0	0	0	0
1789546919924	23229	998	7	288	12	0	0	3	0	0	0	0	26.103515625	26.103515625	0	0	0	0	90.307617188	90.307617188	0	0	0	0	0	0	0	0	0	0	0	0	0	0	0	0	0	0	0	0	0	0	0	0	0	0	0	0	0	0	0	0	0	0	0	0	0	0	0	0	0	0	0	0	0	0	0	0
1789546919944	23251	999	7	288	12	0	0	3	0	0	0	0	26.103515625	26.103515625	0	0	0	0	90.307617188	90.307617188	0	0	0	0	0	0	0	0	0	0	0	0	0	0	0	0	0	0	0	0	0	0	0	0	0	0	0	0	0	0	0	0	0	0	0	0	0	0	0	0	0	0	0	0	0	0	0	0
1789546919965	23273	1000	7	288	12	0	0	3	0	0	0	0	26.103515625	26.103515625	0	0	0	0	90.307617188	90.307617188	0	0	0	0	0	0	0	0	0	0	0	0	0	0	0	0	0	0	0	0	0	0	0	0	0	0	0	0	0	0	0	0	0	0	0	0	0	0	0	0	0	0	0	0	0	0	0	0
1789546919991	23295	1001	7	288	12	0	0	3	0	0	0	0	26.103515625	26.103515625	0	0	0	0	90.307617188	90.307617188	0	0	0	0	0	0	0	0	0	0	0	0	0	0	0	0	0	0	0	0	0	0	0	0	0	0	0	0	0	0	0	0	0	0	0	0	0	0	0	0	0	0	0	0	0	0	0	0
1789546920011	23317	1002	7	288	12	0	0	3	0	0	0	0	26.103515625	26.103515625	0	0	0	0	90.307617188	90.307617188	0	0	0	0	0	0	0	0	0	0	0	0	0	0	0	0	0	0	0	0	0	0	0	0	0	0	0	0	0	0	0	0	0	0	0	0	0	0	0	0	0	0	0	0	0	0	0	0
1789546920030	23339	1003	7	288	12	0	0	3	0	0	0	0	26.103515625	26.103515625	0	0	0	0	90.307617188	90.307617188	0	0	0	0	0	0	0	0	0	0	0	0	0	0	0	0	0	0	0	0	0	0	0	0	0	0	0	0	0	0	0	0	0	0	0	0	0	0	0	0	0	0	0	0	0	0	0	0
1789546920057	23361	1004	7	288	12	0	0	3	0	0	0	0	26.103515625	26.103515625	0	0	0	0	90.307617188	90.307617188	0	0	0	0	0	0	0	0	0	0	0	0	0	0	0	0	0	0	0	0	0	0	0	0	0	0	0	0	0	0	0	0	0	0	0	0	0	0	0	0	0	0	0	0	0	0	0	0
1789546920077	23383	1005	7	288	12	0	0	3	0	0	0	0	26.103515625	26.103515625	0	0	0	0	90.307617188	90.307617188	0	0	0	0	0	0	0	0	0	0	0	0	0	0	0	0	0	0	0	0	0	0	0	0	0	0	0	0	0	0	0	0	0	0	0	0	0	0	0	0	0	0	0	0	0	0	0	0
1789546920096	23405	1006	7	288	12	0	0	3	0	0	0	0	26.103515625	26.103515625	0	0	0	0	90.307617188	90.307617188	0	0	0	0	0	0	0	0	0	0	0	0	0	0	0	0	0	0	0	0	0	0	0	0	0	0	0	0	0	0	0	0	0	0	0	0	0	0	0	0	0	0	0	0	0	0	0	0
1789546920123	23427	1007	7	288	12	0	0	3	0	0	0	0	26.103515625	26.103515625	0	0	0	0	90.307617188	90.307617188	0	0	0	0	0	0	0	0	0	0	0	0	0	0	0	0	0	0	0	0	0	0	0	0	0	0	0	0	0	0	0	0	0	0	0	0	0	0	0	0	0	0	0	0	0	0	0	0
1789546920143	23449	1008	7	288	12	0	0	3	0	0	0	0	26.103515625	26.103515625	0	0	0	0	90.307617188	90.307617188	0	0	0	0	0	0	0	0	0	0	0	0	0	0	0	0	0	0	0	0	0	0	0	0	0	0	0	0	0	0	0	0	0	0	0	0	0	0	0	0	0	0	0	0	0	0	0	0
1789546920163	23471	1009	7	288	12	0	0	3	0	0	0	0	26.103515625	26.103515625	0	0	0	0	90.307617188	90.307617188	0	0	0	0	0	0	0	0	0	0	0	0	0	0	0	0	0	0	0	0	0	0	0	0	0	0	0	0	0	0	0	0	0	0	0	0	0	0	0	0	0	0	0	0	0	0	0	0
1789546920189	23493	1010	7	288	12	0	0	3	0	0	0	0	26.103515625	26.103515625	0	0	0	0	90.307617188	90.307617188	0	0	0	0	0	0	0	0	0	0	0	0	0	0	0	0	0	0	0	0	0	0	0	0	0	0	0	0	0	0	0	0	0	0	0	0	0	0	0	0	0	0	0	0	0	0	0	0
1789546920209	23515	1011	7	288	12	0	0	3	0	0	0	0	26.103515625	26.103515625	0	0	0	0	90.307617188	90.307617188	0	0	0	0	0	0	0	0	0	0	0	0	0	0	0	0	0	0	0	0	0	0	0	0	0	0	0	0	0	0	0	0	0	0	0	0	0	0	0	0	0	0	0	0	0	0	0	0
1789546920228	23537	1012	7	288	12	0	0	3	0	0	0	0	26.103515625	26.103515625	0	0	0	0	90.307617188	90.307617188	0	0	0	0	0	0	0	0	0	0	0	0	0	0	0	0	0	0	0	0	0	0	0	0	0	0	0	0	0	0	0	0	0	0	0	0	0	0	0	0	0	0	0	0	0	0	0	0
1789546920254	23559	1013	7	288	12	0	0	3	0	0	0	0	26.103515625	26.103515625	0	0	0	0	90.307617188	90.307617188	0	0	0	0	0	0	0	0	0	0	0	0	0	0	0	0	0	0	0	0	0	0	0	0	0	0	0	0	0	0	0	0	0	0	0	0	0	0	0	0	0	0	0	0	0	0	0	0
1789546920275	23581	1014	7	288	12	0	0	3	0	0	0	0	26.103515625	26.103515625	0	0	0	0	90.307617188	90.307617188	0	0	0	0	0	0	0	0	0	0	0	0	0	0	0	0	0	0	0	0	0	0	0	0	0	0	0	0	0	0	0	0	0	0	0	0	0	0	0	0	0	0	0	0	0	0	0	0
1789546920295	23603	1015	7	288	12	0	0	3	0	0	0	0	26.103515625	26.103515625	0	0	0	0	90.307617188	90.307617188	0	0	0	0	0	0	0	0	0	0	0	0	0	0	0	0	0	0	0	0	0	0	0	0	0	0	0	0	0	0	0	0	0	0	0	0	0	0	0	0	0	0	0	0	0	0	0	0
1789546920321	23625	1016	7	288	12	0	0	3	0	0	0	0	26.103515625	26.103515625	0	0	0	0	90.307617188	90.307617188	0	0	0	0	0	0	0	0	0	0	0	0	0	0	0	0	0	0	0	0	0	0	0	0	0	0	0	0	0	0	0	0	0	0	0	0	0	0	0	0	0	0	0	0	0	0	0	0
1789546920340	23647	1017	7	288	12	0	0	3	0	0	0	0	26.103515625	26.103515625	0	0	0	0	90.307617188	90.307617188	0	0	0	0	0	0	0	0	0	0	0	0	0	0	0	0	0	0	0	0	0	0	0	0	0	0	0	0	0	0	0	0	0	0	0	0	0	0	0	0	0	0	0	0	0	0	0	0
1789546920360	23669	1018	7	288	12	0	0	3	0	0	0	0	26.103515625	26.103515625	0	0	0	0	90.307617188	90.307617188	0	0	0	0	0	0	0	0	0	0	0	0	0	0	0	0	0	0	0	0	0	0	0	0	0	0	0	0	0	0	0	0	0	0	0	0	0	0	0	0	0	0	0	0	0	0	0	0
1789546920387	23691	1019	7	288	12	0	0	3	0	0	0	0	26.103515625	26.103515625	0	0	0	0	90.307617188	90.307617188	0	0	0	0	0	0	0	0	0	0	0	0	0	0	0	0	0	0	0	0	0	0	0	0	0	0	0	0	0	0	0	0	0	0	0	0	0	0	0	0	0	0	0	0	0	0	0	0
1789546920408	23713	1020	7	288	12	0	0	3	0	0	0	0	26.103515625	26.103515625	0	0	0	0	90.307617188	90.307617188	0	0	0	0	0	0	0	0	0	0	0	0	0	0	0	0	0	0	0	0	0	0	0	0	0	0	0	0	0	0	0	0	0	0	0	0	0	0	0	0	0	0	0	0	0	0	0	0
1789546920428	23735	1021	7	288	12	0	0	3	0	0	0	0	26.147460938	26.147460938	0	0	0	0	90.307617188	90.307617188	0	0	0	0	0	0	0	0	0	0	0	0	0	0	0	0	0	0	0	0	0	0	0	0	0	0	0	0	0	0	0	0	0	0	0	0	0	0	0	0	0	0	0	0	0	0	0	0
1789546920448	23757	1022	7	288	12	0	0	3	0	0	0	0	26.103515625	26.103515625	0	0	0	0	90.307617188	90.307617188	0	0	0	0	0	0	0	0	0	0	0	0	0	0	0	0	0	0	0	0	0	0	0	0	0	0	0	0	0	0	0	0	0	0	0	0	0	0	0	0	0	0	0	0	0	0	0	0
1789546920474	23779	1023	7	288	12	0	0	3	0	0	0	0	26.103515625	26.103515625	0	0	0	0	90.307617188	90.307617188	0	0	0	0	0	0	0	0	0	0	0	0	0	0	0	0	0	0	0	0	0	0	0	0	0	0	0	0	0	0	0	0	0	0	0	0	0	0	0	0	0	0	0	0	0	0	0	0
1789546920494	23801	1024	7	288	12	0	0	3	0	0	0	0	26.103515625	26.103515625	0	0	0	0	90.307617188	90.307617188	0	0	0	0	0	0	0	0	0	0	0	0	0	0	0	0	0	0	0	0	0	0	0	0	0	0	0	0	0	0	0	0	0	0	0	0	0	0	0	0	0	0	0	0	0	0	0	0
1789546920513	23823	1025	7	288	12	0	0	3	0	0	0	0	26.103515625	26.103515625	0	0	0	0	90.307617188	90.307617188	0	0	0	0	0	0	0	0	0	0	0	0	0	0	0	0	0	0	0	0	0	0	0	0	0	0	0	0	0	0	0	0	0	0	0	0	0	0	0	0	0	0	0	0	0	0	0	0
1789546920540	23845	1026	7	288	12	0	0	3	0	0	0	0	26.103515625	26.103515625	0	0	0	0	90.307617188	90.307617188	0	0	0	0	0	0	0	0	0	0	0	0	0	0	0	0	0	0	0	0	0	0	0	0	0	0	0	0	0	0	0	0	0	0	0	0	0	0	0	0	0	0	0	0	0	0	0	0
1789546920560	23867	1027	7	288	12	0	0	3	0	0	0	0	26.103515625	26.103515625	0	0	0	0	90.307617188	90.307617188	0	0	0	0	0	0	0	0	0	0	0	0	0	0	0	0	0	0	0	0	0	0	0	0	0	0	0	0	0	0	0	0	0	0	0	0	0	0	0	0	0	0	0	0	0	0	0	0
1789546920580	23889	1028	7	288	12	0	0	3	0	0	0	0	26.103515625	26.103515625	0	0	0	0	90.307617188	90.307617188	0	0	0	0	0	0	0	0	0	0	0	0	0	0	0	0	0	0	0	0	0	0	0	0	0	0	0	0	0	0	0	0	0	0	0	0	0	0	0	0	0	0	0	0	0	0	0	0
1789546920606	23911	1029	7	288	12	0	0	3	0	0	0	0	26.103515625	26.103515625	0	0	0	0	90.307617188	90.307617188	0	0	0	0	0	0	0	0	0	0	0	0	0	0	0	0	0	0	0	0	0	0	0	0	0	0	0	0	0	0	0	0	0	0	0	0	0	0	0	0	0	0	0	0	0	0	0	0
1789546920626	23933	1030	7	288	12	0	0	3	0	0	0	0	26.103515625	26.103515625	0	0	0	0	90.307617188	90.307617188	0	0	0	0	0	0	0	0	0	0	0	0	0	0	0	0	0	0	0	0	0	0	0	0	0	0	0	0	0	0	0	0	0	0	0	0	0	0	0	0	0	0	0	0	0	0	0	0
1789546920645	23955	1031	7	288	12	0	0	3	0	0	0	0	26.103515625	26.103515625	0	0	0	0	90.307617188	90.307617188	0	0	0	0	0	0	0	0	0	0	0	0	0	0	0	0	0	0	0	0	0	0	0	0	0	0	0	0	0	0	0	0	0	0	0	0	0	0	0	0	0	0	0	0	0	0	0	0
1789546920672	23977	1032	7	288	12	0	0	3	0	0	0	0	26.103515625	26.103515625	0	0	0	0	90.307617188	90.307617188	0	0	0	0	0	0	0	0	0	0	0	0	0	0	0	0	0	0	0	0	0	0	0	0	0	0	0	0	0	0	0	0	0	0	0	0	0	0	0	0	0	0	0	0	0	0	0	0
1789546920691	23999	1033	7	288	12	0	0	3	0	0	0	0	26.103515625	26.103515625	0	0	0	0	90.307617188	90.307617188	0	0	0	0	0	0	0	0	0	0	0	0	0	0	0	0	0	0	0	0	0	0	0	0	0	0	0	0	0	0	0	0	0	0	0	0	0	0	0	0	0	0	0	0	0	0	0	0
1789546920712	24021	1034	7	288	12	0	0	3	0	0	0	0	26.103515625	26.103515625	0	0	0	0	90.307617188	90.307617188	0	0	0	0	0	0	0	0	0	0	0	0	0	0	0	0	0	0	0	0	0	0	0	0	0	0	0	0	0	0	0	0	0	0	0	0	0	0	0	0	0	0	0	0	0	0	0	0
1789546920739	24043	1035	7	288	12	0	0	3	0	0	0	0	26.103515625	26.103515625	0	0	0	0	90.307617188	90.307617188	0	0	0	0	0	0	0	0	0	0	0	0	0	0	0	0	0	0	0	0	0	0	0	0	0	0	0	0	0	0	0	0	0	0	0	0	0	0	0	0	0	0	0	0	0	0	0	0
1789546920758	24065	1036	7	288	12	0	0	3	0	0	0	0	26.103515625	26.103515625	0	0	0	0	90.307617188	90.307617188	0	0	0	0	0	0	0	0	0	0	0	0	0	0	0	0	0	0	0	0	0	0	0	0	0	0	0	0	0	0	0	0	0	0	0	0	0	0	0	0	0	0	0	0	0	0	0	0
1789546920779	24087	1037	7	288	12	0	0	3	0	0	0	0	26.103515625	26.103515625	0	0	0	0	90.307617188	90.307617188	0	0	0	0	0	0	0	0	0	0	0	0	0	0	0	0	0	0	0	0	0	0	0	0	0	0	0	0	0	0	0	0	0	0	0	0	0	0	0	0	0	0	0	0	0	0	0	0
1789546920805	24109	1038	7	288	12	0	0	3	0	0	0	0	26.103515625	26.103515625	0	0	0	0	90.307617188	90.307617188	0	0	0	0	0	0	0	0	0	0	0	0	0	0	0	0	0	0	0	0	0	0	0	0	0	0	0	0	0	0	0	0	0	0	0	0	0	0	0	0	0	0	0	0	0	0	0	0
1789546920825	24131	1039	7	288	12	0	0	3	0	0	0	0	26.103515625	26.103515625	0	0	0	0	90.307617188	90.307617188	0	0	0	0	0	0	0	0	0	0	0	0	0	0	0	0	0	0	0	0	0	0	0	0	0	0	0	0	0	0	0	0	0	0	0	0	0	0	0	0	0	0	0	0	0	0	0	0
1789546920845	24153	1040	7	288	12	0	0	3	0	0	0	0	26.103515625	26.103515625	0	0	0	0	90.307617188	90.307617188	0	0	0	0	0	0	0	0	0	0	0	0	0	0	0	0	0	0	0	0	0	0	0	0	0	0	0	0	0	0	0	0	0	0	0	0	0	0	0	0	0	0	0	0	0	0	0	0
1789546920866	24175	1041	7	288	12	0	0	3	0	0	0	0	26.103515625	26.103515625	0	0	0	0	90.307617188	90.307617188	0	0	0	0	0	0	0	0	0	0	0	0	0	0	0	0	0	0	0	0	0	0	0	0	0	0	0	0	0	0	0	0	0	0	0	0	0	0	0	0	0	0	0	0	0	0	0	0
1789546920891	24197	1042	7	288	12	0	0	3	0	0	0	0	26.103515625	26.103515625	0	0	0	0	90.307617188	90.307617188	0	0	0	0	0	0	0	0	0	0	0	0	0	0	0	0	0	0	0	0	0	0	0	0	0	0	0	0	0	0	0	0	0	0	0	0	0	0	0	0	0	0	0	0	0	0	0	0
1789546920912	24219	1043	7	288	12	0	0	3	0	0	0	0	26.103515625	26.103515625	0	0	0	0	90.307617188	90.307617188	0	0	0	0	0	0	0	0	0	0	0	0	0	0	0	0	0	0	0	0	0	0	0	0	0	0	0	0	0	0	0	0	0	0	0	0	0	0	0	0	0	0	0	0	0	0	0	0
1789546920932	24241	1044	7	288	12	0	0	3	0	0	0	0	26.103515625	26.103515625	0	0	0	0	90.307617188	90.307617188	0	0	0	0	0	0	0	0	0	0	0	0	0	0	0	0	0	0	0	0	0	0	0	0	0	0	0	0	0	0	0	0	0	0	0	0	0	0	0	0	0	0	0	0	0	0	0	0
1789546920959	24263	1045	7	288	12	0	0	3	0	0	0	0	26.103515625	26.103515625	0	0	0	0	90.307617188	90.307617188	0	0	0	0	0	0	0	0	0	0	0	0	0	0	0	0	0	0	0	0	0	0	0	0	0	0	0	0	0	0	0	0	0	0	0	0	0	0	0	0	0	0	0	0	0	0	0	0
1789546920978	24285	1046	7	288	12	0	0	3	0	0	0	0	26.103515625	26.103515625	0	0	0	0	90.307617188	90.307617188	0	0	0	0	0	0	0	0	0	0	0	0	0	0	0	0	0	0	0	0	0	0	0	0	0	0	0	0	0	0	0	0	0	0	0	0	0	0	0	0	0	0	0	0	0	0	0	0
1789546920999	24307	1047	7	288	12	0	0	3	0	0	0	0	26.103515625	26.103515625	0	0	0	0	90.307617188	90.307617188	0	0	0	0	0	0	0	0	0	0	0	0	0	0	0	0	0	0	0	0	0	0	0	0	0	0	0	0	0	0	0	0	0	0	0	0	0	0	0	0	0	0	0	0	0	0	0	0
1789546921026	24329	1048	7	288	12	0	0	3	0	0	0	0	26.103515625	26.103515625	0	0	0	0	90.307617188	90.307617188	0	0	0	0	0	0	0	0	0	0	0	0	0	0	0	0	0	0	0	0	0	0	0	0	0	0	0	0	0	0	0	0	0	0	0	0	0	0	0	0	0	0	0	0	0	0	0	0
1789546921045	24351	1049	7	288	12	0	0	3	0	0	0	0	26.103515625	26.103515625	0	0	0	0	90.307617188	90.307617188	0	0	0	0	0	0	0	0	0	0	0	0	0	0	0	0	0	0	0	0	0	0	0	0	0	0	0	0	0	0	0	0	0	0	0	0	0	0	0	0	0	0	0	0	0	0	0	0
1789546921065	24373	1050	7	288	12	0	0	3	0	0	0	0	26.103515625	26.103515625	0	0	0	0	90.307617188	90.307617188	0	0	0	0	0	0	0	0	0	0	0	0	0	0	0	0	0	0	0	0	0	0	0	0	0	0	0	0	0	0	0	0	0	0	0	0	0	0	0	0	0	0	0	0	0	0	0	0
1789546921085	24395	1051	7	288	12	0	0	3	0	0	0	0	26.103515625	26.103515625	0	0	-6	6	90.307617188	90.307617188	0	0	0	0	0	0	0	0	0	0	0	0	0	0	0	0	0	0	0	0	0	0	0	0	0	0	0	0	0	0	0	0	0	0	0	0	0	0	0	0	0	0	0	0	0	0	0	0
1789546921112	24417	1052	7	288	12	0	0	3	0	0	0	0	26.103515625	26.103515625	0	0	0	0	90.307617188	90.307617188	0	0	0	0	0	0	0	0	0	0	0	0	0	0	0	0	0	0	0	0	0	0	0	0	0	0	0	0	0	0	0	0	0	0	0	0	0	0	0	0	0	0	0	0	0	0	0	0
1789546921132	24439	1053	7	288	12	0	0	3	0	0	0	0	26.103515625	26.103515625	0	0	0	0	90.307617188	90.307617188	0	0	0	0	0	0	0	0	0	0	0	0	0	0	0	0	0	0	0	0	0	0	0	0	0	0	0	0	0	0	0	0	0	0	0	0	0	0	0	0	0	0	0	0	0	0	0	0
1789546921152	24461	1054	7	288	12	0	0	3	0	0	0	0	26.103515625	26.103515625	0	0	0	0	90.307617188	90.307617188	0	0	0	0	0	0	0	0	0	0	0	0	0	0	0	0	0	0	0	0	0	0	0	0	0	0	0	0	0	0	0	0	0	0	0	0	0	0	0	0	0	0	0	0	0	0	0	0
1789546921179	24483	1055	7	288	12	0	0	3	0	0	0	0	26.103515625	26.103515625	0	0	0	0	90.307617188	90.307617188	0	0	0	0	0	0	0	0	0	0	0	0	0	0	0	0	0	0	0	0	0	0	0	0	0	0	0	0	0	0	0	0	0	0	0	0	0	0	0	0	0	0	0	0	0	0	0	0
1789546921199	24505	1056	7	288	12	0	0	3	0	0	0	0	26.103515625	26.103515625	0	0	0	0	90.307617188	90.307617188	0	0	0	0	0	0	0	0	0	0	0	0	0	0	0	0	0	0	0	0	0	0	0	0	0	0	0	0	0	0	0	0	0	0	0	0	0	0	0	0	0	0	0	0	0	0	0	0
1789546921219	24527	1057	7	288	12	0	0	3	0	0	0	0	26.103515625	26.103515625	0	0	0	0	90.307617188	90.307617188	0	0	0	0	0	0	0	0	0	0	0	0	0	0	0	0	0	0	0	0	0	0	0	0	0	0	0	0	0	0	0	0	0	0	0	0	0	0	0	0	0	0	0	0	0	0	0	0
1789546921239	24549	1058	7	288	12	0	0	3	0	0	0	0	26.103515625	26.103515625	0	0	0	0	90.307617188	90.307617188	0	0	0	0	0	0	0	0	0	0	0	0	0	0	0	0	0	0	0	0	0	0	0	0	0	0	0	0	0	0	0	0	0	0	0	0	0	0	0	0	0	0	0	0	0	0	0	0
1789546921266	24571	1059	7	288	12	0	0	3	0	0	0	0	26.103515625	26.103515625	0	0	0	0	90.307617188	90.307617188	0	0	0	0	0	0	0	0	0	0	0	0	0	0	0	0	0	0	0	0	0	0	0	0	0	0	0	0	0	0	0	0	0	0	0	0	0	0	0	0	0	0	0	0	0	0	0	0
1789546921286	24593	1060	7	288	12	0	0	3	0	0	0	0	26.103515625	26.103515625	0	0	0	0	90.307617188	90.307617188	0	0	0	0	0	0	0	0	0	0	0	0	0	0	0	0	0	0	0	0	0	0	0	0	0	0	0	0	0	0	0	0	0	0	0	0	0	0	0	0	0	0	0	0	0	0	0	0
1789546921306	24615	1061	7	288	12	0	0	3	0	0	0	0	26.103515625	26.103515625	0	0	0	0	90.307617188	90.307617188	0	0	0	0	0	0	0	0	0	0	0	0	0	0	0	0	0	0	0	0	0	0	0	0	0	0	0	0	0	0	0	0	0	0	0	0	0	0	0	0	0	0	0	0	0	0	0	0
1789546921334	24637	1062	7	288	12	0	0	3	0	0	0	0	26.103515625	26.103515625	0	0	0	0	90.307617188	90.307617188	0	0	0	0	0	0	0	0	0	0	0	0	0	0	0	0	0	0	0	0	0	0	0	0	0	0	0	0	0	0	0	0	0	0	0	0	0	0	0	0	0	0	0	0	0	0	0	0
1789546921354	24659	1063	7	288	12	0	0	3	0	0	0	0	26.103515625	26.103515625	0	0	0	0	90.307617188	90.307617188	0	0	0	0	0	0	0	0	0	0	0	0	0	0	0	0	0	0	0	0	0	0	0	0	0	0	0	0	0	0	0	0	0	0	0	0	0	0	0	0	0	0	0	0	0	0	0	0
1789546921374	24681	1064	7	288	12	0	0	3	0	0	0	0	26.103515625	26.103515625	0	0	0	0	90.307617188	90.307617188	0	0	0	0	0	0	0	0	0	0	0	0	0	0	0	0	0	0	0	0	0	0	0	0	0	0	0	0	0	0	0	0	0	0	0	0	0	0	0	0	0	0	0	0	0	0	0	0
1789546921394	24703	1065	7	288	12	0	0	3	0	0	0	0	26.103515625	26.103515625	0	0	0	0	90.307617188	90.307617188	0	0	0	0	0	0	0	0	0	0	0	0	0	0	0	0	0	0	0	0	0	0	0	0	0	0	0	0	0	0	0	0	0	0	0	0	0	0	0	0	0	0	0	0	0	0	0	0
1789546921421	24725	1066	7	288	12	0	0	3	0	0	0	0	26.103515625	26.103515625	0	0	0	0	90.307617188	90.307617188	0	0	0	0	0	0	0	0	0	0	0	0	0	0	0	0	0	0	0	0	0	0	0	0	0	0	0	0	0	0	0	0	0	0	0	0	0	0	0	0	0	0	0	0	0	0	0	0
1789546921440	24747	1067	7	288	12	0	0	3	0	0	0	0	26.103515625	26.103515625	0	0	0	0	90.307617188	90.307617188	0	0	0	0	0	0	0	0	0	0	0	0	0	0	0	0	0	0	0	0	0	0	0	0	0	0	0	0	0	0	0	0	0	0	0	0	0	0	0	0	0	0	0	0	0	0	0	0
1789546921460	24769	1068	7	288	12	0	0	3	0	0	0	0	26.103515625	26.103515625	0	0	0	0	90.307617188	90.307617188	0	0	0	0	0	0	0	0	0	0	0	0	0	0	0	0	0	0	0	0	0	0	0	0	0	0	0	0	0	0	0	0	0	0	0	0	0	0	0	0	0	0	0	0	0	0	0	0
1789546921487	24791	1069	7	288	12	0	0	3	0	0	0	0	26.103515625	26.103515625	0	0	0	0	90.307617188	90.307617188	0	0	0	0	0	0	0	0	0	0	0	0	0	0	0	0	0	0	0	0	0	0	0	0	0	0	0	0	0	0	0	0	0	0	0	0	0	0	0	0	0	0	0	0	0	0	0	0
1789546921507	24813	1070	7	288	12	0	0	3	0	0	0	0	26.103515625	26.103515625	0	0	0	0	90.307617188	90.307617188	0	0	0	0	0	0	0	0	0	0	0	0	0	0	0	0	0	0	0	0	0	0	0	0	0	0	0	0	0	0	0	0	0	0	0	0	0	0	0	0	0	0	0	0	0	0	0	0
1789546921527	24835	1071	7	288	12	0	0	3	0	0	0	0	26.103515625	26.103515625	0	0	0	0	90.307617188	90.307617188	0	0	0	0	0	0	0	0	0	0	0	0	0	0	0	0	0	0	0	0	0	0	0	0	0	0	0	0	0	0	0	0	0	0	0	0	0	0	0	0	0	0	0	0	0	0	0	0
1789546921547	24857	1072	7	288	12	0	0	3	0	0	0	0	26.103515625	26.103515625	0	0	0	0	90.307617188	90.307617188	0	0	0	0	0	0	0	0	0	0	0	0	0	0	0	0	0	0	0	0	0	0	0	0	0	0	0	0	0	0	0	0	0	0	0	0	0	0	0	0	0	0	0	0	0	0	0	0
1789546921573	24879	1073	7	288	12	0	0	3	0	0	0	0	26.103515625	26.103515625	0	0	0	0	90.307617188	90.307617188	0	0	0	0	0	0	0	0	0	0	0	0	0	0	0	0	0	0	0	0	0	0	0	0	0	0	0	0	0	0	0	0	0	0	0	0	0	0	0	0	0	0	0	0	0	0	0	0
1789546921593	24901	1074	7	288	12	0	0	3	0	0	0	0	26.103515625	26.103515625	0	0	0	0	90.307617188	90.307617188	0	0	0	0	0	0	0	0	0	0	0	0	0	0	0	0	0	0	0	0	0	0	0	0	0	0	0	0	0	0	0	0	0	0	0	0	0	0	0	0	0	0	0	0	0	0	0	0
1789546921613	24923	1075	7	288	12	0	0	3	0	0	0	0	26.103515625	26.103515625	0	0	0	0	90.307617188	90.307617188	0	0	0	0	0	0	0	0	0	0	0	0	0	0	0	0	0	0	0	0	0	0	0	0	0	0	0	0	0	0	0	0	0	0	0	0	0	0	0	0	0	0	0	0	0	0	0	0
1789546921640	24945	1076	7	288	12	0	0	3	0	0	0	0	26.103515625	26.103515625	0	0	0	0	90.307617188	90.307617188	0	0	0	0	0	0	0	0	0	0	0	0	0	0	0	0	0	0	0	0	0	0	0	0	0	0	0	0	0	0	0	0	0	0	0	0	0	0	0	0	0	0	0	0	0	0	0	0
1789546921660	24967	1077	7	288	12	0	0	3	0	0	0	0	26.103515625	26.103515625	0	0	0	0	90.307617188	90.307617188	0	0	0	0	0	0	0	0	0	0	0	0	0	0	0	0	0	0	0	0	0	0	0	0	0	0	0	0	0	0	0	0	0	0	0	0	0	0	0	0	0	0	0	0	0	0	0	0
1789546921679	24989	1078	7	288	12	0	0	3	0	0	0	0	26.103515625	26.103515625	0	0	0	0	90.307617188	90.307617188	0	0	0	0	0	0	0	0	0	0	0	0	0	0	0	0	0	0	0	0	0	0	0	0	0	0	0	0	0	0	0	0	0	0	0	0	0	0	0	0	0	0	0	0	0	0	0	0
1789546921706	25011	1079	7	288	12	0	0	3	0	0	0	0	26.103515625	26.103515625	0	0	0	0	90.307617188	90.307617188	0	0	0	0	0	0	0	0	0	0	0	0	0	0	0	0	0	0	0	0	0	0	0	0	0	0	0	0	0	0	0	0	0	0	0	0	0	0	0	0	0	0	0	0	0	0	0	0
1789546921726	25033	1080	7	288	12	0	0	3	0	0	0	0	26.103515625	26.103515625	0	0	0	0	90.307617188	90.307617188	0	0	0	0	0	0	0	0	0	0	0	0	0	0	0	0	0	0	0	0	0	0	0	0	0	0	0	0	0	0	0	0	0	0	0	0	0	0	0	0	0	0	0	0	0	0	0	0
1789546921746	25055	1081	7	288	12	0	0	3	0	0	0	0	26.103515625	26.103515625	0	0	0	0	90.307617188	90.307617188	0	0	0	0	0	0	0	0	0	0	0	0	0	0	0	0	0	0	0	0	0	0	0	0	0	0	0	0	0	0	0	0	0	0	0	0	0	0	0	0	0	0	0	0	0	0	0	0
1789546921773	25077	1082	7	288	12	0	0	3	0	0	0	0	26.103515625	26.103515625	0	0	0	0	90.307617188	90.307617188	0	0	0	0	0	0	0	0	0	0	0	0	0	0	0	0	0	0	0	0	0	0	0	0	0	0	0	0	0	0	0	0	0	0	0	0	0	0	0	0	0	0	0	0	0	0	0	0
1789546921793	25099	1083	7	288	12	0	0	3	0	0	0	0	26.103515625	26.103515625	0	0	0	0	90.307617188	90.307617188	0	0	0	0	0	0	0	0	0	0	0	0	0	0	0	0	0	0	0	0	0	0	0	0	0	0	0	0	0	0	0	0	0	0	0	0	0	0	0	0	0	0	0	0	0	0	0	0
1789546921813	25121	1084	7	288	12	0	0	3	0	0	0	0	26.103515625	26.103515625	0	0	0	0	90.307617188	90.307617188	0	0	0	0	0	0	0	0	0	0	0	0	0	0	0	0	0	0	0	0	0	0	0	0	0	0	0	0	0	0	0	0	0	0	0	0	0	0	0	0	0	0	0	0	0	0	0	0
1789546921839	25143	1085	7	288	12	0	0	3	0	0	0	0	26.103515625	26.103515625	0	0	0	0	90.307617188	90.307617188	0	0	0	0	0	0	0	0	0	0	0	0	0	0	0	0	0	0	0	0	0	0	0	0	0	0	0	0	0	0	0	0	0	0	0	0	0	0	0	0	0	0	0	0	0	0	0	0
1789546921859	25165	1086	7	288	12	0	0	3	0	0	0	0	26.103515625	26.103515625	0	0	0	0	90.307617188	90.307617188	0	0	0	0	0	0	0	0	0	0	0	0	0	0	0	0	0	0	0	0	0	0	0	0	0	0	0	0	0	0	0	0	0	0	0	0	0	0	0	0	0	0	0	0	0	0	0	0
1789546921880	25187	1087	7	288	12	0	0	3	0	0	0	0	26.103515625	26.103515625	0	0	0	0	90.307617188	90.307617188	0	0	0	0	0	0	0	0	0	0	0	0	0	0	0	0	0	0	0	0	0	0	0	0	0	0	0	0	0	0	0	0	0	0	0	0	0	0	0	0	0	0	0	0	0	0	0	0
1789546921900	25209	1088	7	288	12	0	0	3	0	0	0	0	26.103515625	26.103515625	0	0	0	0	90.307617188	90.307617188	0	0	0	0	0	0	0	0	0	0	0	0	0	0	0	0	0	0	0	0	0	0	0	0	0	0	0	0	0	0	0	0	0	0	0	0	0	0	0	0	0	0	0	0	0	0	0	0
1789546921927	25231	1089	7	288	12	0	0	3	0	0	0	0	26.103515625	26.103515625	0	0	0	0	90.307617188	90.307617188	0	0	0	0	0	0	0	0	0	0	0	0	0	0	0	0	0	0	0	0	0	0	0	0	0	0	0	0	0	0	0	0	0	0	0	0	0	0	0	0	0	0	0	0	0	0	0	0
1789546921947	25253	1090	7	288	12	0	0	3	0	0	0	0	26.103515625	26.103515625	0	0	0	0	90.307617188	90.307617188	0	0	0	0	0	0	0	0	0	0	0	0	0	0	0	0	0	0	0	0	0	0	0	0	0	0	0	0	0	0	0	0	0	0	0	0	0	0	0	0	0	0	0	0	0	0	0	0
1789546921967	25275	1091	7	288	12	0	0	3	0	0	0	0	26.103515625	26.103515625	0	0	0	0	90.307617188	90.307617188	0	0	0	0	0	0	0	0	0	0	0	0	0	0	0	0	0	0	0	0	0	0	0	0	0	0	0	0	0	0	0	0	0	0	0	0	0	0	0	0	0	0	0	0	0	0	0	0
1789546921987	25297	1092	7	288	12	0	0	3	0	0	0	0	26.103515625	26.103515625	0	0	0	0	90.307617188	90.307617188	0	0	0	0	0	0	0	0	0	0	0	0	0	0	0	0	0	0	0	0	0	0	0	0	0	0	0	0	0	0	0	0	0	0	0	0	0	0	0	0	0	0	0	0	0	0	0	0
1789546922013	25319	1093	7	288	12	0	0	3	0	0	0	0	26.103515625	26.103515625	0	0	0	0	90.307617188	90.307617188	0	0	0	0	0	0	0	0	0	0	0	0	0	0	0	0	0	0	0	0	0	0	0	0	0	0	0	0	0	0	0	0	0	0	0	0	0	0	0	0	0	0	0	0	0	0	0	0
1789546922033	25341	1094	7	288	12	0	0	3	0	0	0	0	26.103515625	26.103515625	0	0	0	0	90.307617188	90.307617188	0	0	0	0	0	0	0	0	0	0	0	0	0	0	0	0	0	0	0	0	0	0	0	0	0	0	0	0	0	0	0	0	0	0	0	0	0	0	0	0	0	0	0	0	0	0	0	0
1789546922053	25363	1095	7	288	12	0	0	3	0	0	0	0	26.103515625	26.103515625	0	0	0	0	90.307617188	90.307617188	0	0	0	0	0	0	0	0	0	0	0	0	0	0	0	0	0	0	0	0	0	0	0	0	0	0	0	0	0	0	0	0	0	0	0	0	0	0	0	0	0	0	0	0	0	0	0	0
1789546922081	25385	1096	7	288	12	0	0	3	0	0	0	0	26.103515625	26.103515625	0	0	0	0	90.307617188	90.307617188	0	0	0	0	0	0	0	0	0	0	0	0	0	0	0	0	0	0	0	0	0	0	0	0	0	0	0	0	0	0	0	0	0	0	0	0	0	0	0	0	0	0	0	0	0	0	0	0
1789546922100	25407	1097	7	288	12	0	0	3	0	0	0	0	26.103515625	26.103515625	0	0	0	0	90.307617188	90.307617188	0	0	0	0	0	0	0	0	0	0	0	0	0	0	0	0	0	0	0	0	0	0	0	0	0	0	0	0	0	0	0	0	0	0	0	0	0	0	0	0	0	0	0	0	0	0	0	0
1789546922120	25429	1098	7	288	12	0	0	3	0	0	0	0	26.103515625	26.103515625	0	0	0	0	90.307617188	90.307617188	0	0	0	0	0	0	0	0	0	0	0	0	0	0	0	0	0	0	0	0	0	0	0	0	0	0	0	0	0	0	0	0	0	0	0	0	0	0	0	0	0	0	0	0	0	0	0	0
1789546922146	25451	1099	7	288	12	0	0	3	0	0	0	0	26.103515625	26.103515625	0	0	0	0	90.307617188	90.307617188	0	0	0	0	0	0	0	0	0	0	0	0	0	0	0	0	0	0	0	0	0	0	0	0	0	0	0	0	0	0	0	0	0	0	0	0	0	0	0	0	0	0	0	0	0	0	0	0
1789546922166	25473	1100	7	288	12	0	0	3	0	0	0	0	26.103515625	26.103515625	0	0	0	0	90.307617188	90.307617188	0	0	0	0	0	0	0	0	0	0	0	0	0	0	0	0	0	0	0	0	0	0	0	0	0	0	0	0	0	0	0	0	0	0	0	0	0	0	0	0	0	0	0	0	0	0	0	0
1789546922186	25495	1101	7	288	12	0	0	3	0	0	0	0	26.103515625	26.103515625	0	0	0	0	90.307617188	90.307617188	0	0	0	0	0	0	0	0	0	0	0	0	0	0	0	0	0	0	0	0	0	0	0	0	0	0	0	0	0	0	0	0	0	0	0	0	0	0	0	0	0	0	0	0	0	0	0	0
1789546922213	25517	1102	7	288	12	0	0	3	0	0	0	0	26.103515625	26.103515625	0	0	0	0	90.307617188	90.307617188	0	0	0	0	0	0	0	0	0	0	0	0	0	0	0	0	0	0	0	0	0	0	0	0	0	0	0	0	0	0	0	0	0	0	0	0	0	0	0	0	0	0	0	0	0	0	0	0
1789546922233	25539	1103	7	288	12	0	0	3	0	0	0	0	26.103515625	26.103515625	0	0	0	0	90.307617188	90.307617188	0	0	0	0	0	0	0	0	0	0	0	0	0	0	0	0	0	0	0	0	0	0	0	0	0	0	0	0	0	0	0	0	0	0	0	0	0	0	0	0	0	0	0	0	0	0	0	0
1789546922252	25561	1104	7	288	12	0	0	3	0	0	0	0	26.103515625	26.103515625	0	0	0	0	90.307617188	90.307617188	0	0	0	0	0	0	0	0	0	0	0	0	0	0	0	0	0	0	0	0	0	0	0	0	0	0	0	0	0	0	0	0	0	0	0	0	0	0	0	0	0	0	0	0	0	0	0	0
1789546922279	25583	1105	7	288	12	0	0	3	0	0	0	0	26.103515625	26.103515625	0	0	0	0	90.307617188	90.307617188	0	0	0	0	0	0	0	0	0	0	0	0	0	0	0	0	0	0	0	0	0	0	0	0	0	0	0	0	0	0	0	0	0	0	0	0	0	0	0	0	0	0	0	0	0	0	0	0
1789546922299	25605	1106	7	288	12	0	0	3	0	0	0	0	26.103515625	26.103515625	0	0	0	0	90.307617188	90.307617188	0	0	0	0	0	0	0	0	0	0	0	0	0	0	0	0	0	0	0	0	0	0	0	0	0	0	0	0	0	0	0	0	0	0	0	0	0	0	0	0	0	0	0	0	0	0	0	0
1789546922319	25627	1107	7	288	12	0	0	3	0	0	0	0	26.103515625	26.103515625	0	0	0	0	90.307617188	90.307617188	0	0	0	0	0	0	0	0	0	0	0	0	0	0	0	0	0	0	0	0	0	0	0	0	0	0	0	0	0	0	0	0	0	0	0	0	0	0	0	0	0	0	0	0	0	0	0	0
1789546922345	25649	1108	7	288	12	0	0	3	0	0	0	0	26.103515625	26.103515625	0	0	0	0	90.307617188	90.307617188	0	0	0	0	0	0	0	0	0	0	0	0	0	0	0	0	0	0	0	0	0	0	0	0	0	0	0	0	0	0	0	0	0	0	0	0	0	0	0	0	0	0	0	0	0	0	0	0
1789546922365	25671	1109	7	288	12	0	0	3	0	0	0	0	26.103515625	26.103515625	0	0	0	0	90.307617188	90.307617188	0	0	0	0	0	0	0	0	0	0	0	0	0	0	0	0	0	0	0	0	0	0	0	0	0	0	0	0	0	0	0	0	0	0	0	0	0	0	0	0	0	0	0	0	0	0	0	0
1789546922385	25693	1110	7	288	12	0	0	3	0	0	0	0	26.103515625	26.103515625	0	0	0	0	90.307617188	90.307617188	0	0	0	0	0	0	0	0	0	0	0	0	0	0	0	0	0	0	0	0	0	0	0	0	0	0	0	0	0	0	0	0	0	0	0	0	0	0	0	0	0	0	0	0	0	0	0	0
1789546922405	25715	1111	7	288	12	0	0	3	0	0	0	0	26.103515625	26.103515625	0	0	0	0	90.307617188	90.307617188	0	0	0	0	0	0	0	0	0	0	0	0	0	0	0	0	0	0	0	0	0	0	0	0	0	0	0	0	0	0	0	0	0	0	0	0	0	0	0	0	0	0	0	0	0	0	0	0
1789546922432	25737	1112	7	288	12	0	0	3	0	0	0	0	26.103515625	26.103515625	0	0	0	0	90.307617188	90.307617188	0	0	0	0	0	0	0	0	0	0	0	0	0	0	0	0	0	0	0	0	0	0	0	0	0	0	0	0	0	0	0	0	0	0	0	0	0	0	0	0	0	0	0	0	0	0	0	0
1789546922452	25759	1113	7	288	12	0	0	3	0	0	0	0	26.103515625	26.103515625	0	0	0	0	90.307617188	90.307617188	0	0	0	0	0	0	0	0	0	0	0	0	0	0	0	0	0	0	0	0	0	0	0	0	0	0	0	0	0	0	0	0	0	0	0	0	0	0	0	0	0	0	0	0	0	0	0	0
1789546922473	25781	1114	7	288	12	0	0	3	0	0	0	0	26.103515625	26.103515625	0	0	0	0	90.307617188	90.307617188	0	0	0	0	0	0	0	0	0	0	0	0	0	0	0	0	0	0	0	0	0	0	0	0	0	0	0	0	0	0	0	0	0	0	0	0	0	0	0	0	0	0	0	0	0	0	0	0
1789546922499	25803	1115	7	288	12	0	0	3	0	0	0	0	26.103515625	26.103515625	0	0	0	0	90.307617188	90.307617188	0	0	0	0	0	0	0	0	0	0	0	0	0	0	0	0	0	0	0	0	0	0	0	0	0	0	0	0	0	0	0	0	0	0	0	0	0	0	0	0	0	0	0	0	0	0	0	0
1789546922519	25825	1116	7	288	12	0	0	3	0	0	0	0	26.103515625	26.103515625	0	0	0	0	90.307617188	90.307617188	0	0	0	0	0	0	0	0	0	0	0	0	0	0	0	0	0	0	0	0	0	0	0	0	0	0	0	0	0	0	0	0	0	0	0	0	0	0	0	0	0	0	0	0	0	0	0	0
1789546922540	25847	1117	7	288	12	0	0	3	0	0	0	0	26.103515625	26.103515625	0	0	0	0	90.307617188	90.307617188	0	0	0	0	0	0	0	0	0	0	0	0	0	0	0	0	0	0	0	0	0	0	0	0	0	0	0	0	0	0	0	0	0	0	0	0	0	0	0	0	0	0	0	0	0	0	0	0
1789546922560	25869	1118	7	288	12	0	0	3	0	0	0	0	26.103515625	26.103515625	0	0	0	0	90.307617188	90.307617188	0	0	0	0	0	0	0	0	0	0	0	0	0	0	0	0	0	0	0	0	0	0	0	0	0	0	0	0	0	0	0	0	0	0	0	0	0	0	0	0	0	0	0	0	0	0	0	0
1789546922586	25891	1119	7	288	12	0	0	3	0	0	0	0	26.103515625	26.103515625	0	0	0	0	90.307617188	90.307617188	0	0	0	0	0	0	0	0	0	0	0	0	0	0	0	0	0	0	0	0	0	0	0	0	0	0	0	0	0	0	0	0	0	0	0	0	0	0	0	0	0	0	0	0	0	0	0	0
1789546922606	25913	1120	7	288	12	0	0	3	0	0	0	0	26.103515625	26.103515625	0	0	0	0	90.307617188	90.307617188	0	0	0	0	0	0	0	0	0	0	0	0	0	0	0	0	0	0	0	0	0	0	0	0	0	0	0	0	0	0	0	0	0	0	0	0	0	0	0	0	0	0	0	0	0	0	0	0
1789546922626	25935	1121	7	288	12	0	0	3	0	0	0	0	26.103515625	26.103515625	0	0	0	0	90.307617188	90.307617188	0	0	0	0	0	0	0	0	0	0	0	0	0	0	0	0	0	0	0	0	0	0	0	0	0	0	0	0	0	0	0	0	0	0	0	0	0	0	0	0	0	0	0	0	0	0	0	0
1789546922652	25957	1122	7	288	12	0	0	3	0	0	0	0	26.103515625	26.103515625	0	0	0	0	90.307617188	90.307617188	0	0	0	0	0	0	0	0	0	0	0	0	0	0	0	0	0	0	0	0	0	0	0	0	0	0	0	0	0	0	0	0	0	0	0	0	0	0	0	0	0	0	0	0	0	0	0	0
1789546922672	25979	1123	7	288	12	0	0	3	0	0	0	0	26.103515625	26.103515625	0	0	0	0	90.307617188	90.307617188	0	0	0	0	0	0	0	0	0	0	0	0	0	0	0	0	0	0	0	0	0	0	0	0	0	0	0	0	0	0	0	0	0	0	0	0	0	0	0	0	0	0	0	0	0	0	0	0
1789546922692	26001	1124	7	288	12	0	0	3	0	0	0	0	26.103515625	26.103515625	0	0	0	0	90.307617188	90.307617188	0	0	0	0	0	0	0	0	0	0	0	0	0	0	0	0	0	0	0	0	0	0	0	0	0	0	0	0	0	0	0	0	0	0	0	0	0	0	0	0	0	0	0	0	0	0	0	0
1789546922719	26023	1125	7	288	12	0	0	3	0	0	0	0	26.103515625	26.103515625	0	0	0	0	90.307617188	90.307617188	0	0	0	0	0	0	0	0	0	0	0	0	0	0	0	0	0	0	0	0	0	0	0	0	0	0	0	0	0	0	0	0	0	0	0	0	0	0	0	0	0	0	0	0	0	0	0	0
1789546922739	26045	1126	7	288	12	0	0	3	0	0	0	0	26.103515625	26.103515625	0	0	0	0	90.307617188	90.307617188	0	0	0	0	0	0	0	0	0	0	0	0	0	0	0	0	0	0	0	0	0	0	0	0	0	0	0	0	0	0	0	0	0	0	0	0	0	0	0	0	0	0	0	0	0	0	0	0
1789546922758	26067	1127	7	288	12	0	0	3	0	0	0	0	26.103515625	26.103515625	0	0	0	0	90.307617188	90.307617188	0	0	0	0	0	0	0	0	0	0	0	0	0	0	0	0	0	0	0	0	0	0	0	0	0	0	0	0	0	0	0	0	0	0	0	0	0	0	0	0	0	0	0	0	0	0	0	0
1789546922783	26089	1128	7	288	12	0	0	3	0	0	0	0	26.103515625	26.103515625	0	0	0	0	90.307617188	90.307617188	0	0	0	0	0	0	0	0	0	0	0	0	0	0	0	0	0	0	0	0	0	0	0	0	0	0	0	0	0	0	0	0	0	0	0	0	0	0	0	0	0	0	0	0	0	0	0	0
1789546922802	26111	1129	7	288	12	0	0	3	0	0	0	0	26.103515625	26.103515625	0	0	0	0	90.307617188	90.307617188	0	0	0	0	0	0	0	0	0	0	0	0	0	0	0	0	0	0	0	0	0	0	0	0	0	0	0	0	0	0	0	0	0	0	0	0	0	0	0	0	0	0	0	0	0	0	0	0
1789546922826	26133	1130	7	288	12	0	0	3	0	0	0	0	26.103515625	26.103515625	0	0	0	0	90.307617188	90.307617188	0	0	0	0	0	0	0	0	0	0	0	0	0	0	0	0	0	0	0	0	0	0	0	0	0	0	0	0	0	0	0	0	0	0	0	0	0	0	0	0	0	0	0	0	0	0	0	0
1789546922844	26155	1131	7	288	12	0	0	3	0	0	0	0	26.147460938	26.147460938	0	0	0	0	90.307617188	90.307617188	0	0	0	0	0	0	0	0	0	0	0	0	0	0	0	0	0	0	0	0	0	0	0	0	0	0	0	0	0	0	0	0	0	0	0	0	0	0	0	0	0	0	0	0	0	0	0	0
1789546922870	26177	1132	7	288	12	0	0	3	0	0	0	0	26.103515625	26.103515625	0	0	0	0	90.307617188	90.307617188	0	0	0	0	0	0	0	0	0	0	0	0	0	0	0	0	0	0	0	0	0	0	0	0	0	0	0	0	0	0	0	0	0	0	0	0	0	0	0	0	0	0	0	0	0	0	0	0
1789546922890	26199	1133	7	288	12	0	0	3	0	0	0	0	26.103515625	26.103515625	0	0	0	0	90.307617188	90.307617188	0	0	0	0	0	0	0	0	0	0	0	0	0	0	0	0	0	0	0	0	0	0	0	0	0	0	0	0	0	0	0	0	0	0	0	0	0	0	0	0	0	0	0	0	0	0	0	0
1789546922917	26221	1134	7	288	12	0	0	3	0	0	0	0	26.103515625	26.103515625	0	0	0	0	90.307617188	90.307617188	0	0	0	0	0	0	0	0	0	0	0	0	0	0	0	0	0	0	0	0	0	0	0	0	0	0	0	0	0	0	0	0	0	0	0	0	0	0	0	0	0	0	0	0	0	0	0	0
1789546922936	26243	1135	7	288	12	0	0	3	0	0	0	0	26.103515625	26.103515625	0	0	0	0	90.307617188	90.307617188	0	0	0	0	0	0	0	0	0	0	0	0	0	0	0	0	0	0	0	0	0	0	0	0	0	0	0	0	0	0	0	0	0	0	0	0	0	0	0	0	0	0	0	0	0	0	0	0
1789546922956	26265	1136	7	288	12	0	0	3	0	0	0	0	26.103515625	26.103515625	0	0	0	0	90.307617188	90.307617188	0	0	0	0	0	0	0	0	0	0	0	0	0	0	0	0	0	0	0	0	0	0	0	0	0	0	0	0	0	0	0	0	0	0	0	0	0	0	0	0	0	0	0	0	0	0	0	0
1789546922984	26287	1137	7	288	12	0	0	3	0	0	0	0	26.103515625	26.103515625	0	0	0	0	90.307617188	90.307617188	0	0	0	0	0	0	0	0	0	0	0	0	0	0	0	0	0	0	0	0	0	0	0	0	0	0	0	0	0	0	0	0	0	0	0	0	0	0	0	0	0	0	0	0	0	0	0	0
1789546923003	26309	1138	7	288	12	0	0	3	0	0	0	0	26.103515625	26.103515625	0	0	0	0	90.307617188	90.307617188	0	0	0	0	0	0	0	0	0	0	0	0	0	0	0	0	0	0	0	0	0	0	0	0	0	0	0	0	0	0	0	0	0	0	0	0	0	0	0	0	0	0	0	0	0	0	0	0
1789546923023	26331	1139	7	288	12	0	0	3	0	0	0	0	26.103515625	26.103515625	0	0	0	0	90.307617188	90.307617188	0	0	0	0	0	0	0	0	0	0	0	0	0	0	0	0	0	0	0	0	0	0	0	0	0	0	0	0	0	0	0	0	0	0	0	0	0	0	0	0	0	0	0	0	0	0	0	0
1789546923043	26353	1140	7	288	12	0	0	3	0	0	0	0	26.103515625	26.103515625	0	0	0	0	90.307617188	90.307617188	0	0	0	0	0	0	0	0	0	0	0	0	0	0	0	0	0	0	0	0	0	0	0	0	0	0	0	0	0	0	0	0	0	0	0	0	0	0	0	0	0	0	0	0	0	0	0	0
1789546923069	26375	1141	7	288	12	0	0	3	0	0	0	0	26.103515625	26.103515625	0	0	0	0	90.307617188	90.307617188	0	0	0	0	0	0	0	0	0	0	0	0	0	0	0	0	0	0	0	0	0	0	0	0	0	0	0	0	0	0	0	0	0	0	0	0	0	0	0	0	0	0	0	0	0	0	0	0
1789546923089	26397	1142	7	288	12	0	0	3	0	0	0	0	26.103515625	26.103515625	0	0	0	0	90.307617188	90.307617188	0	0	0	0	0	0	0	0	0	0	0	0	0	0	0	0	0	0	0	0	0	0	0	0	0	0	0	0	0	0	0	0	0	0	0	0	0	0	0	0	0	0	0	0	0	0	0	0
1789546923115	26419	1143	7	288	12	0	0	3	0	0	0	0	26.103515625	26.103515625	0	0	0	0	90.307617188	90.307617188	0	0	0	0	0	0	0	0	0	0	0	0	0	0	0	0	0	0	0	0	0	0	0	0	0	0	0	0	0	0	0	0	0	0	0	0	0	0	0	0	0	0	0	0	0	0	0	0
1789546923135	26441	1144	7	288	12	0	0	3	0	0	0	0	26.103515625	26.103515625	0	0	0	0	90.307617188	90.307617188	0	0	0	0	0	0	0	0	0	0	0	0	0	0	0	0	0	0	0	0	0	0	0	0	0	0	0	0	0	0	0	0	0	0	0	0	0	0	0	0	0	0	0	0	0	0	0	0
1789546923155	26463	1145	7	288	12	0	0	3	0	0	0	0	26.103515625	26.103515625	0	0	0	0	90.307617188	90.307617188	0	0	0	0	0	0	0	0	0	0	0	0	0	0	0	0	0	0	0	0	0	0	0	0	0	0	0	0	0	0	0	0	0	0	0	0	0	0	0	0	0	0	0	0	0	0	0	0
1789546923175	26485	1146	7	288	12	0	0	3	0	0	0	0	26.103515625	26.103515625	0	0	0	0	90.307617188	90.307617188	0	0	0	0	0	0	0	0	0	0	0	0	0	0	0	0	0	0	0	0	0	0	0	0	0	0	0	0	0	0	0	0	0	0	0	0	0	0	0	0	0	0	0	0	0	0	0	0
1789546923201	26507	1147	7	288	12	0	0	3	0	0	0	0	26.103515625	26.103515625	0	0	0	0	90.307617188	90.307617188	0	0	0	0	0	0	0	0	0	0	0	0	0	0	0	0	0	0	0	0	0	0	0	0	0	0	0	0	0	0	0	0	0	0	0	0	0	0	0	0	0	0	0	0	0	0	0	0
1789546923221	26529	1148	7	288	12	0	0	3	0	0	0	0	26.103515625	26.103515625	0	0	0	0	90.307617188	90.307617188	0	0	0	0	0	0	0	0	0	0	0	0	0	0	0	0	0	0	0	0	0	0	0	0	0	0	0	0	0	0	0	0	0	0	0	0	0	0	0	0	0	0	0	0	0	0	0	0
1789546923247	26551	1149	7	288	12	0	0	3	0	0	0	0	26.103515625	26.103515625	0	0	0	0	90.307617188	90.307617188	0	0	0	0	0	0	0	0	0	0	0	0	0	0	0	0	0	0	0	0	0	0	0	0	0	0	0	0	0	0	0	0	0	0	0	0	0	0	0	0	0	0	0	0	0	0	0	0
1789546923267	26573	1150	7	288	12	0	0	3	0	0	0	0	26.103515625	26.103515625	0	0	0	0	90.307617188	90.307617188	0	0	0	0	0	0	0	0	0	0	0	0	0	0	0	0	0	0	0	0	0	0	0	0	0	0	0	0	0	0	0	0	0	0	0	0	0	0	0	0	0	0	0	0	0	0	0	0
1789546923287	26595	1151	7	288	12	0	0	3	0	0	0	0	26.103515625	26.103515625	0	0	0	0	90.307617188	90.307617188	0	0	0	0	0	0	0	0	0	0	0	0	0	0	0	0	0	0	0	0	0	0	0	0	0	0	0	0	0	0	0	0	0	0	0	0	0	0	0	0	0	0	0	0	0	0	0	0
1789546923307	26617	1152	7	288	12	0	0	3	0	0	0	0	26.103515625	26.103515625	0	0	0	0	90.307617188	90.307617188	0	0	0	0	0	0	0	0	0	0	0	0	0	0	0	0	0	0	0	0	0	0	0	0	0	0	0	0	0	0	0	0	0	0	0	0	0	0	0	0	0	0	0	0	0	0	0	0
1789546923333	26639	1153	7	288	12	0	0	3	0	0	0	0	26.103515625	26.103515625	0	0	0	0	90.307617188	90.307617188	0	0	0	0	0	0	0	0	0	0	0	0	0	0	0	0	0	0	0	0	0	0	0	0	0	0	0	0	0	0	0	0	0	0	0	0	0	0	0	0	0	0	0	0	0	0	0	0
1789546923353	26661	1154	7	288	12	0	0	3	0	0	0	0	26.103515625	26.103515625	0	0	0	0	90.307617188	90.307617188	0	0	0	0	0	0	0	0	0	0	0	0	0	0	0	0	0	0	0	0	0	0	0	0	0	0	0	0	0	0	0	0	0	0	0	0	0	0	0	0	0	0	0	0	0	0	0	0
1789546923379	26683	1155	7	288	12	0	0	3	0	0	0	0	26.103515625	26.103515625	0	0	0	0	90.307617188	90.307617188	0	0	0	0	0	0	0	0	0	0	0	0	0	0	0	0	0	0	0	0	0	0	0	0	0	0	0	0	0	0	0	0	0	0	0	0	0	0	0	0	0	0	0	0	0	0	0	0
1789546923399	26705	1156	7	288	12	0	0	3	0	0	0	0	26.103515625	26.103515625	0	0	0	0	90.307617188	90.307617188	0	0	0	0	0	0	0	0	0	0	0	0	0	0	0	0	0	0	0	0	0	0	0	0	0	0	0	0	0	0	0	0	0	0	0	0	0	0	0	0	0	0	0	0	0	0	0	0
1789546923418	26727	1157	7	288	12	0	0	3	0	0	0	0	26.103515625	26.103515625	0	0	0	0	90.307617188	90.307617188	0	0	0	0	0	0	0	0	0	0	0	0	0	0	0	0	0	0	0	0	0	0	0	0	0	0	0	0	0	0	0	0	0	0	0	0	0	0	0	0	0	0	0	0	0	0	0	0
1789546923445	26749	1158	7	288	12	0	0	3	0	0	0	0	26.103515625	26.103515625	0	0	0	0	90.307617188	90.307617188	0	0	0	0	0	0	0	0	0	0	0	0	0	0	0	0	0	0	0	0	0	0	0	0	0	0	0	0	0	0	0	0	0	0	0	0	0	0	0	0	0	0	0	0	0	0	0	0
1789546923465	26771	1159	7	288	12	0	0	3	0	0	0	0	26.103515625	26.103515625	0	0	0	0	90.307617188	90.307617188	0	0	0	0	0	0	0	0	0	0	0	0	0	0	0	0	0	0	0	0	0	0	0	0	0	0	0	0	0	0	0	0	0	0	0	0	0	0	0	0	0	0	0	0	0	0	0	0
1789546923485	26793	1160	7	288	12	0	0	3	0	0	0	0	26.103515625	26.103515625	0	0	0	0	90.307617188	90.307617188	0	0	0	0	0	0	0	0	0	0	0	0	0	0	0	0	0	0	0	0	0	0	0	0	0	0	0	0	0	0	0	0	0	0	0	0	0	0	0	0	0	0	0	0	0	0	0	0
1789546923505	26815	1161	7	288	12	0	0	3	0	0	0	0	26.103515625	26.103515625	0	0	0	0	90.307617188	90.307617188	0	0	0	0	0	0	0	0	0	0	0	0	0	0	0	0	0	0	0	0	0	0	0	0	0	0	0	0	0	0	0	0	0	0	0	0	0	0	0	0	0	0	0	0	0	0	0	0
1789546923532	26837	1162	7	288	12	0	0	3	0	0	0	0	26.103515625	26.103515625	0	0	0	0	90.307617188	90.307617188	0	0	0	0	0	0	0	0	0	0	0	0	0	0	0	0	0	0	0	0	0	0	0	0	0	0	0	0	0	0	0	0	0	0	0	0	0	0	0	0	0	0	0	0	0	0	0	0
1789546923552	26859	1163	7	288	12	0	0	3	0	0	0	0	26.103515625	26.103515625	0	0	0	0	90.307617188	90.307617188	0	0	0	0	0	0	0	0	0	0	0	0	0	0	0	0	0	0	0	0	0	0	0	0	0	0	0	0	0	0	0	0	0	0	0	0	0	0	0	0	0	0	0	0	0	0	0	0
1789546923571	26881	1164	7	288	12	0	0	3	0	0	0	0	26.103515625	26.103515625	0	0	0	0	90.307617188	90.307617188	0	0	0	0	0	0	0	0	0	0	0	0	0	0	0	0	0	0	0	0	0	0	0	0	0	0	0	0	0	0	0	0	0	0	0	0	0	0	0	0	0	0	0	0	0	0	0	0
1789546923599	26903	1165	7	288	12	0	0	3	0	0	0	0	26.103515625	26.103515625	0	0	0	0	90.307617188	90.307617188	0	0	0	0	0	0	0	0	0	0	0	0	0	0	0	0	0	0	0	0	0	0	0	0	0	0	0	0	0	0	0	0	0	0	0	0	0	0	0	0	0	0	0	0	0	0	0	0
1789546923619	26925	1166	7	288	12	0	0	3	0	0	0	0	26.103515625	26.103515625	0	0	0	0	90.307617188	90.307617188	0	0	0	0	0	0	0	0	0	0	0	0	0	0	0	0	0	0	0	0	0	0	0	0	0	0	0	0	0	0	0	0	0	0	0	0	0	0	0	0	0	0	0	0	0	0	0	0
1789546923638	26947	1167	7	288	12	0	0	3	0	0	0	0	26.103515625	26.103515625	0	0	0	0	90.307617188	90.307617188	0	0	0	0	0	0	0	0	0	0	0	0	0	0	0	0	0	0	0	0	0	0	0	0	0	0	0	0	0	0	0	0	0	0	0	0	0	0	0	0	0	0	0	0	0	0	0	0
1789546923665	26969	1168	7	288	12	0	0	3	0	0	0	0	26.103515625	26.103515625	0	0	0	0	90.307617188	90.307617188	0	0	0	0	0	0	0	0	0	0	0	0	0	0	0	0	0	0	0	0	0	0	0	0	0	0	0	0	0	0	0	0	0	0	0	0	0	0	0	0	0	0	0	0	0	0	0	0
1789546923685	26991	1169	7	288	12	0	0	3	0	0	0	0	26.103515625	26.103515625	0	0	0	0	90.307617188	90.307617188	0	0	0	0	0	0	0	0	0	0	0	0	0	0	0	0	0	0	0	0	0	0	0	0	0	0	0	0	0	0	0	0	0	0	0	0	0	0	0	0	0	0	0	0	0	0	0	0
1789546923704	27013	1170	7	288	12	0	0	3	0	0	0	0	26.103515625	26.103515625	0	0	0	0	90.307617188	90.307617188	0	0	0	0	0	0	0	0	0	0	0	0	0	0	0	0	0	0	0	0	0	0	0	0	0	0	0	0	0	0	0	0	0	0	0	0	0	0	0	0	0	0	0	0	0	0	0	0
1789546923731	27035	1171	7	288	12	0	0	3	0	0	0	0	26.103515625	26.103515625	0	0	0	0	90.3515625	90.3515625	0	0	0	0	0	0	0	0	0	0	0	0	0	0	0	0	0	0	0	0	0	0	0	0	0	0	0	0	0	0	0	0	0	0	0	0	0	0	0	0	0	0	0	0	0	0	0	0
1789546923751	27057	1172	7	288	12	0	0	3	0	0	0	0	26.103515625	26.103515625	0	0	0	0	90.307617188	90.307617188	0	0	0	0	0	0	0	0	0	0	0	0	0	0	0	0	0	0	0	0	0	0	0	0	0	0	0	0	0	0	0	0	0	0	0	0	0	0	0	0	0	0	0	0	0	0	0	0
1789546923771	27079	1173	7	288	12	0	0	3	0	0	0	0	26.103515625	26.103515625	0	0	0	0	90.307617188	90.307617188	0	0	0	0	0	0	0	0	0	0	0	0	0	0	0	0	0	0	0	0	0	0	0	0	0	0	0	0	0	0	0	0	0	0	0	0	0	0	0	0	0	0	0	0	0	0	0	0
1789546923797	27101	1174	7	288	12	0	0	3	0	0	0	0	26.103515625	26.103515625	0	0	0	0	90.307617188	90.307617188	0	0	0	0	0	0	0	0	0	0	0	0	0	0	0	0	0	0	0	0	0	0	0	0	0	0	0	0	0	0	0	0	0	0	0	0	0	0	0	0	0	0	0	0	0	0	0	0
1789546923817	27123	1175	7	288	12	0	0	3	0	0	0	0	26.103515625	26.103515625	0	0	0	0	90.307617188	90.307617188	0	0	0	0	0	0	0	0	0	0	0	0	0	0	0	0	0	0	0	0	0	0	0	0	0	0	0	0	0	0	0	0	0	0	0	0	0	0	0	0	0	0	0	0	0	0	0	0
1789546923837	27145	1176	7	288	12	0	0	3	0	0	0	0	26.103515625	26.103515625	0	0	0	0	90.307617188	90.307617188	0	0	0	0	0	0	0	0	0	0	0	0	0	0	0	0	0	0	0	0	0	0	0	0	0	0	0	0	0	0	0	0	0	0	0	0	0	0	0	0	0	0	0	0	0	0	0	0
1789546923857	27167	1177	7	288	12	0	0	3	0	0	0	0	26.103515625	26.103515625	0	0	0	0	90.307617188	90.307617188	0	0	0	0	0	0	0	0	0	0	0	0	0	0	0	0	0	0	0	0	0	0	0	0	0	0	0	0	0	0	0	0	0	0	0	0	0	0	0	0	0	0	0	0	0	0	0	0
1789546923883	27189	1178	7	288	12	0	0	3	0	0	0	0	26.103515625	26.103515625	0	0	0	0	90.307617188	90.307617188	0	0	0	0	0	0	0	0	0	0	0	0	0	0	0	0	0	0	0	0	0	0	0	0	0	0	0	0	0	0	0	0	0	0	0	0	0	0	0	0	0	0	0	0	0	0	0	0
1789546923904	27211	1179	7	288	12	0	0	3	0	0	0	0	26.103515625	26.103515625	0	0	0	0	90.307617188	90.307617188	0	0	0	0	0	0	0	0	0	0	0	0	0	0	0	0	0	0	0	0	0	0	0	0	0	0	0	0	0	0	0	0	0	0	0	0	0	0	0	0	0	0	0	0	0	0	0	0
1789546923924	27233	1180	7	288	12	0	0	3	0	0	0	0	26.103515625	26.103515625	0	0	0	0	90.307617188	90.307617188	0	0	0	0	0	0	0	0	0	0	0	0	0	0	0	0	0	0	0	0	0	0	0	0	0	0	0	0	0	0	0	0	0	0	0	0	0	0	0	0	0	0	0	0	0	0	0	0
1789546923951	27255	1181	7	288	12	0	0	3	0	0	0	0	26.103515625	26.103515625	0	0	0	0	90.3515625	90.3515625	0	0	0	0	0	0	0	0	0	0	0	0	0	0	0	0	0	0	0	0	0	0	0	0	0	0	0	0	0	0	0	0	0	0	0	0	0	0	0	0	0	0	0	0	0	0	0	0
1789546923971	27277	1182	7	288	12	0	0	3	0	0	0	0	26.103515625	26.103515625	0	0	0	0	90.307617188	90.307617188	0	0	0	0	0	0	0	0	0	0	0	0	0	0	0	0	0	0	0	0	0	0	0	0	0	0	0	0	0	0	0	0	0	0	0	0	0	0	0	0	0	0	0	0	0	0	0	0
1789546923991	27299	1183	7	288	12	0	0	3	0	0	0	0	26.103515625	26.103515625	0	0	0	0	90.307617188	90.307617188	0	0	0	0	0	0	0	0	0	0	0	0	0	0	0	0	0	0	0	0	0	0	0	0	0	0	0	0	0	0	0	0	0	0	0	0	0	0	0	0	0	0	0	0	0	0	0	0
1789546924011	27321	1184	7	288	12	0	0	3	0	0	0	0	26.103515625	26.103515625	0	0	0	0	90.307617188	90.307617188	0	0	0	0	0	0	0	0	0	0	0	0	0	0	0	0	0	0	0	0	0	0	0	0	0	0	0	0	0	0	0	0	0	0	0	0	0	0	0	0	0	0	0	0	0	0	0	0
1789546924038	27343	1185	7	288	12	0	0	3	0	0	0	0	26.103515625	26.103515625	0	0	0	0	90.307617188	90.307617188	0	0	0	0	0	0	0	0	0	0	0	0	0	0	0	0	0	0	0	0	0	0	0	0	0	0	0	0	0	0	0	0	0	0	0	0	0	0	0	0	0	0	0	0	0	0	0	0
1789546924058	27365	1186	7	288	12	0	0	3	0	0	0	0	26.103515625	26.103515625	0	0	0	0	90.307617188	90.307617188	0	0	0	0	0	0	0	0	0	0	0	0	0	0	0	0	0	0	0	0	0	0	0	0	0	0	0	0	0	0	0	0	0	0	0	0	0	0	0	0	0	0	0	0	0	0	0	0
1789546924078	27387	1187	7	288	12	0	0	3	0	0	0	0	26.103515625	26.103515625	0	0	0	0	90.307617188	90.307617188	0	0	0	0	0	0	0	0	0	0	0	0	0	0	0	0	0	0	0	0	0	0	0	0	0	0	0	0	0	0	0	0	0	0	0	0	0	0	0	0	0	0	0	0	0	0	0	0
1789546924104	27409	1188	7	288	12	0	0	3	0	0	0	0	26.103515625	26.103515625	0	0	0	0	90.307617188	90.307617188	0	0	0	0	0	0	0	0	0	0	0	0	0	0	0	0	0	0	0	0	0	0	0	0	0	0	0	0	0	0	0	0	0	0	0	0	0	0	0	0	0	0	0	0	0	0	0	0
1789546924124	27431	1189	7	288	12	0	0	3	0	0	0	0	26.103515625	26.103515625	0	0	0	0	90.307617188	90.307617188	0	0	0	0	0	0	0	0	0	0	0	0	0	0	0	0	0	0	0	0	0	0	0	0	0	0	0	0	0	0	0	0	0	0	0	0	0	0	0	0	0	0	0	0	0	0	0	0
1789546924144	27453	1190	7	288	12	0	0	3	0	0	0	0	26.103515625	26.103515625	0	0	0	0	90.307617188	90.307617188	0	0	0	0	0	0	0	0	0	0	0	0	0	0	0	0	0	0	0	0	0	0	0	0	0	0	0	0	0	0	0	0	0	0	0	0	0	0	0	0	0	0	0	0	0	0	0	0
1789546924170	27475	1191	7	288	12	0	0	3	0	0	0	0	26.103515625	26.103515625	0	0	0	0	90.307617188	90.307617188	0	0	0	0	0	0	0	0	0	0	0	0	0	0	0	0	0	0	0	0	0	0	0	0	0	0	0	0	0	0	0	0	0	0	0	0	0	0	0	0	0	0	0	0	0	0	0	0
1789546924191	27497	1192	7	288	12	0	0	3	0	0	0	0	26.103515625	26.103515625	0	0	0	0	90.307617188	90.307617188	0	0	0	0	0	0	0	0	0	0	0	0	0	0	0	0	0	0	0	0	0	0	0	0	0	0	0	0	0	0	0	0	0	0	0	0	0	0	0	0	0	0	0	0	0	0	0	0
1789546924210	27519	1193	7	288	12	0	0	3	0	0	0	0	26.103515625	26.103515625	0	0	0	0	90.307617188	90.307617188	0	0	0	0	0	0	0	0	0	0	0	0	0	0	0	0	0	0	0	0	0	0	0	0	0	0	0	0	0	0	0	0	0	0	0	0	0	0	0	0	0	0	0	0	0	0	0	0
1789546924237	27541	1194	7	288	12	0	0	3	0	0	0	0	26.103515625	26.103515625	0	0	0	0	90.307617188	90.307617188	0	0	0	0	0	0	0	0	0	0	0	0	0	0	0	0	0	0	0	0	0	0	0	0	0	0	0	0	0	0	0	0	0	0	0	0	0	0	0	0	0	0	0	0	0	0	0	0
1789546924257	27563	1195	7	288	12	0	0	3	0	0	0	0	26.103515625	26.103515625	0	0	0	0	90.307617188	90.307617188	0	0	0	0	0	0	0	0	0	0	0	0	0	0	0	0	0	0	0	0	0	0	0	0	0	0	0	0	0	0	0	0	0	0	0	0	0	0	0	0	0	0	0	0	0	0	0	0
1789546924276	27585	1196	7	288	12	0	0	3	0	0	0	0	26.103515625	26.103515625	0	0	0	0	90.307617188	90.307617188	0	0	0	0	0	0	0	0	0	0	0	0	0	0	0	0	0	0	0	0	0	0	0	0	0	0	0	0	0	0	0	0	0	0	0	0	0	0	0	0	0	0	0	0	0	0	0	0
1789546924303	27607	1197	7	288	12	0	0	3	0	0	0	0	26.103515625	26.103515625	0	0	0	0	90.307617188	90.307617188	0	0	0	0	0	0	0	0	0	0	0	0	0	0	0	0	0	0	0	0	0	0	0	0	0	0	0	0	0	0	0	0	0	0	0	0	0	0	0	0	0	0	0	0	0	0	0	0
1789546924322	27629	1198	7	288	12	0	0	3	0	0	0	0	26.103515625	26.103515625	0	0	0	0	90.307617188	90.307617188	0	0	0	0	0	0	0	0	0	0	0	0	0	0	0	0	0	0	0	0	0	0	0	0	0	0	0	0	0	0	0	0	0	0	0	0	0	0	0	0	0	0	0	0	0	0	0	0
1789546924343	27651	1199	7	288	12	0	0	3	0	0	0	0	26.103515625	26.103515625	0	0	0	0	90.307617188	90.307617188	0	0	0	0	0	0	0	0	0	0	0	0	0	0	0	0	0	0	0	0	0	0	0	0	0	0	0	0	0	0	0	0	0	0	0	0	0	0	0	0	0	0	0	0	0	0	0	0
1789546924369	27673	1200	7	288	12	0	0	3	0	0	0	0	26.103515625	26.103515625	0	0	0	0	90.307617188	90.307617188	0	0	0	0	0	0	0	0	0	0	0	0	0	0	0	0	0	0	0	0	0	0	0	0	0	0	0	0	0	0	0	0	0	0	0	0	0	0	0	0	0	0	0	0	0	0	0	0
1789546924389	27695	1201	7	288	12	0	0	3	0	0	0	0	26.103515625	26.103515625	0	0	0	0	90.307617188	90.307617188	0	0	0	0	0	0	0	0	0	0	0	0	0	0	0	0	0	0	0	0	0	0	0	0	0	0	0	0	0	0	0	0	0	0	0	0	0	0	0	0	0	0	0	0	0	0	0	0
1789546924409	27717	1202	7	288	12	0	0	3	0	0	0	0	26.103515625	26.103515625	0	0	0	0	90.307617188	90.307617188	0	0	0	0	0	0	0	0	0	0	0	0	0	0	0	0	0	0	0	0	0	0	0	0	0	0	0	0	0	0	0	0	0	0	0	0	0	0	0	0	0	0	0	0	0	0	0	0
1789546924429	27739	1203	7	288	12	0	0	3	0	0	0	0	26.103515625	26.103515625	0	0	0	0	90.307617188	90.307617188	0	0	0	0	0	0	0	0	0	0	0	0	0	0	0	0	0	0	0	0	0	0	0	0	0	0	0	0	0	0	0	0	0	0	0	0	0	0	0	0	0	0	0	0	0	0	0	0
1789546924455	27761	1204	7	288	12	0	0	3	0	0	0	0	26.103515625	26.103515625	0	0	0	0	90.3515625	90.3515625	0	0	0	0	0	0	0	0	0	0	0	0	0	0	0	0	0	0	0	0	0	0	0	0	0	0	0	0	0	0	0	0	0	0	0	0	0	0	0	0	0	0	0	0	0	0	0	0
1789546924475	27783	1205	7	288	12	0	0	3	0	0	0	0	26.103515625	26.103515625	0	0	0	0	90.307617188	90.307617188	0	0	0	0	0	0	0	0	0	0	0	0	0	0	0	0	0	0	0	0	0	0	0	0	0	0	0	0	0	0	0	0	0	0	0	0	0	0	0	0	0	0	0	0	0	0	0	0
1789546924496	27805	1206	7	288	12	0	0	3	0	0	0	0	26.103515625	26.103515625	0	0	0	0	90.307617188	90.307617188	0	0	0	0	0	0	0	0	0	0	0	0	0	0	0	0	0	0	0	0	0	0	0	0	0	0	0	0	0	0	0	0	0	0	0	0	0	0	0	0	0	0	0	0	0	0	0	0
1789546924522	27827	1207	7	288	12	0	0	3	0	0	0	0	26.103515625	26.103515625	0	0	0	0	90.307617188	90.307617188	0	0	0	0	0	0	0	0	0	0	0	0	0	0	0	0	0	0	0	0	0	0	0	0	0	0	0	0	0	0	0	0	0	0	0	0	0	0	0	0	0	0	0	0	0	0	0	0
1789546924542	27849	1208	7	288	12	0	0	3	0	0	0	0	26.103515625	26.103515625	0	0	0	0	90.307617188	90.307617188	0	0	0	0	0	0	0	0	0	0	0	0	0	0	0	0	0	0	0	0	0	0	0	0	0	0	0	0	0	0	0	0	0	0	0	0	0	0	0	0	0	0	0	0	0	0	0	0
1789546924562	27871	1209	7	288	12	0	0	3	0	0	0	0	26.103515625	26.103515625	0	0	0	0	90.307617188	90.307617188	0	0	0	0	0	0	0	0	0	0	0	0	0	0	0	0	0	0	0	0	0	0	0	0	0	0	0	0	0	0	0	0	0	0	0	0	0	0	0	0	0	0	0	0	0	0	0	0
1789546924589	27893	1210	7	288	12	0	0	3	0	0	0	0	26.103515625	26.103515625	0	0	0	0	90.307617188	90.307617188	0	0	0	0	0	0	0	0	0	0	0	0	0	0	0	0	0	0	0	0	0	0	0	0	0	0	0	0	0	0	0	0	0	0	0	0	0	0	0	0	0	0	0	0	0	0	0	0
1789546924609	27915	1211	7	288	12	0	0	3	0	0	0	0	26.103515625	26.103515625	0	0	0	0	90.307617188	90.307617188	0	0	0	0	0	0	0	0	0	0	0	0	0	0	0	0	0	0	0	0	0	0	0	0	0	0	0	0	0	0	0	0	0	0	0	0	0	0	0	0	0	0	0	0	0	0	0	0
1789546924628	27937	1212	7	288	12	0	0	3	0	0	0	0	26.103515625	26.103515625	0	0	0	0	90.307617188	90.307617188	0	0	0	0	0	0	0	0	0	0	0	0	0	0	0	0	0	0	0	0	0	0	0	0	0	0	0	0	0	0	0	0	0	0	0	0	0	0	0	0	0	0	0	0	0	0	0	0
1789546924655	27959	1213	7	288	12	0	0	3	0	0	0	0	26.103515625	26.103515625	0	0	0	0	90.307617188	90.307617188	0	0	0	0	0	0	0	0	0	0	0	0	0	0	0	0	0	0	0	0	0	0	0	0	0	0	0	0	0	0	0	0	0	0	0	0	0	0	0	0	0	0	0	0	0	0	0	0
1789546924675	27981	1214	7	288	12	0	0	3	0	0	0	0	26.103515625	26.103515625	0	0	0	0	90.307617188	90.307617188	0	0	0	0	0	0	0	0	0	0	0	0	0	0	0	0	0	0	0	0	0	0	0	0	0	0	0	0	0	0	0	0	0	0	0	0	0	0	0	0	0	0	0	0	0	0	0	0
1789546924695	28003	1215	7	288	12	0	0	3	0	0	0	0	26.103515625	26.103515625	0	0	0	0	90.307617188	90.307617188	0	0	0	0	0	0	0	0	0	0	0	0	0	0	0	0	0	0	0	0	0	0	0	0	0	0	0	0	0	0	0	0	0	0	0	0	0	0	0	0	0	0	0	0	0	0	0	0
1789546924715	28025	1216	7	288	12	0	0	3	0	0	0	0	26.103515625	26.103515625	0	0	0	0	90.307617188	90.307617188	0	0	0	0	0	0	0	0	0	0	0	0	0	0	0	0	0	0	0	0	0	0	0	0	0	0	0	0	0	0	0	0	0	0	0	0	0	0	0	0	0	0	0	0	0	0	0	0
1789546924741	28047	1217	7	288	12	0	0	3	0	0	0	0	26.103515625	26.103515625	0	0	0	0	90.3515625	90.3515625	0	0	0	0	0	0	0	0	0	0	0	0	0	0	0	0	0	0	0	0	0	0	0	0	0	0	0	0	0	0	0	0	0	0	0	0	0	0	0	0	0	0	0	0	0	0	0	0
1789546924761	28069	1218	7	288	12	0	0	3	0	0	0	0	26.103515625	26.103515625	0	0	0	0	90.307617188	90.307617188	0	0	0	0	0	0	0	0	0	0	0	0	0	0	0	0	0	0	0	0	0	0	0	0	0	0	0	0	0	0	0	0	0	0	0	0	0	0	0	0	0	0	0	0	0	0	0	0
1789546924781	28091	1219	7	288	12	0	0	3	0	0	0	0	26.103515625	26.103515625	0	0	0	0	90.307617188	90.307617188	0	0	0	0	0	0	0	0	0	0	0	0	0	0	0	0	0	0	0	0	0	0	0	0	0	0	0	0	0	0	0	0	0	0	0	0	0	0	0	0	0	0	0	0	0	0	0	0
1789546924808	28113	1220	7	288	12	0	0	3	0	0	0	0	26.103515625	26.103515625	0	0	0	0	90.307617188	90.307617188	0	0	0	0	0	0	0	0	0	0	0	0	0	0	0	0	0	0	0	0	0	0	0	0	0	0	0	0	0	0	0	0	0	0	0	0	0	0	0	0	0	0	0	0	0	0	0	0
1789546924828	28135	1221	7	288	12	0	0	3	0	0	0	0	26.103515625	26.103515625	0	0	0	0	90.307617188	90.307617188	0	0	0	0	0	0	0	0	0	0	0	0	0	0	0	0	0	0	0	0	0	0	0	0	0	0	0	0	0	0	0	0	0	0	0	0	0	0	0	0	0	0	0	0	0	0	0	0
1789546924848	28157	1222	7	288	12	0	0	3	0	0	0	0	26.103515625	26.103515625	0	0	0	0	90.307617188	90.307617188	0	0	0	0	0	0	0	0	0	0	0	0	0	0	0	0	0	0	0	0	0	0	0	0	0	0	0	0	0	0	0	0	0	0	0	0	0	0	0	0	0	0	0	0	0	0	0	0
1789546924876	28179	1223	7	288	12	0	0	3	0	0	0	0	26.103515625	26.103515625	0	0	0	0	90.307617188	90.307617188	0	0	0	0	0	0	0	0	0	0	0	0	0	0	0	0	0	0	0	0	0	0	0	0	0	0	0	0	0	0	0	0	0	0	0	0	0	0	0	0	0	0	0	0	0	0	0	0
1789546924895	28201	1224	7	288	12	0	0	3	0	0	0	0	26.103515625	26.103515625	0	0	0	0	90.307617188	90.307617188	0	0	0	0	0	0	0	0	0	0	0	0	0	0	0	0	0	0	0	0	0	0	0	0	0	0	0	0	0	0	0	0	0	0	0	0	0	0	0	0	0	0	0	0	0	0	0	0
1789546924913	28223	1225	7	288	12	0	0	3	0	0	0	0	26.103515625	26.103515625	0	0	0	0	90.307617188	90.307617188	0	0	0	0	0	0	0	0	0	0	0	0	0	0	0	0	0	0	0	0	0	0	0	0	0	0	0	0	0	0	0	0	0	0	0	0	0	0	0	0	0	0	0	0	0	0	0	0
1789546924937	28245	1226	7	288	12	0	0	3	0	0	0	0	26.103515625	26.103515625	0	0	0	0	90.307617188	90.307617188	0	0	0	0	0	0	0	0	0	0	0	0	0	0	0	0	0	0	0	0	0	0	0	0	0	0	0	0	0	0	0	0	0	0	0	0	0	0	0	0	0	0	0	0	0	0	0	0
1789546924962	28267	1227	7	288	12	0	0	3	0	0	0	0	26.103515625	26.103515625	0	0	0	0	90.307617188	90.307617188	0	0	0	0	0	0	0	0	0	0	0	0	0	0	0	0	0	0	0	0	0	0	0	0	0	0	0	0	0	0	0	0	0	0	0	0	0	0	0	0	0	0	0	0	0	0	0	0
1789546924981	28289	1228	7	288	12	0	0	3	0	0	0	0	26.103515625	26.103515625	0	0	0	0	90.307617188	90.307617188	0	0	0	0	0	0	0	0	0	0	0	0	0	0	0	0	0	0	0	0	0	0	0	0	0	0	0	0	0	0	0	0	0	0	0	0	0	0	0	0	0	0	0	0	0	0	0	0
1789546925007	28311	1229	7	288	12	0	0	3	0	0	0	0	26.103515625	26.103515625	0	0	0	0	90.307617188	90.307617188	0	0	0	0	0	0	0	0	0	0	0	0	0	0	0	0	0	0	0	0	0	0	0	0	0	0	0	0	0	0	0	0	0	0	0	0	0	0	0	0	0	0	0	0	0	0	0	0
1789546925026	28333	1230	7	288	12	0	0	3	0	0	0	0	26.103515625	26.103515625	0	0	0	0	90.307617188	90.307617188	0	0	0	0	0	0	0	0	0	0	0	0	0	0	0	0	0	0	0	0	0	0	0	0	0	0	0	0	0	0	0	0	0	0	0	0	0	0	0	0	0	0	0	0	0	0	0	0
1789546925045	28355	1231	7	288	12	0	0	3	0	0	0	0	26.103515625	26.103515625	0	0	0	0	90.307617188	90.307617188	0	0	0	0	0	0	0	0	0	0	0	0	0	0	0	0	0	0	0	0	0	0	0	0	0	0	0	0	0	0	0	0	0	0	0	0	0	0	0	0	0	0	0	0	0	0	0	0
1789546925072	28377	1232	7	288	12	0	0	3	0	0	0	0	26.103515625	26.103515625	0	0	0	0	90.307617188	90.307617188	0	0	0	0	0	0	0	0	0	0	0	0	0	0	0	0	0	0	0	0	0	0	0	0	0	0	0	0	0	0	0	0	0	0	0	0	0	0	0	0	0	0	0	0	0	0	0	0
1789546925092	28399	1233	7	288	12	0	0	3	0	0	0	0	26.103515625	26.103515625	0	0	0	0	90.3515625	90.3515625	0	0	0	0	0	0	0	0	0	0	0	0	0	0	0	0	0	0	0	0	0	0	0	0	0	0	0	0	0	0	0	0	0	0	0	0	0	0	0	0	0	0	0	0	0	0	0	0
1789546925113	28421	1234	7	288	12	0	0	3	0	0	0	0	26.103515625	26.103515625	0	0	0	0	90.307617188	90.307617188	0	0	0	0	0	0	0	0	0	0	0	0	0	0	0	0	0	0	0	0	0	0	0	0	0	0	0	0	0	0	0	0	0	0	0	0	0	0	0	0	0	0	0	0	0	0	0	0
1789546925139	28443	1235	7	288	12	0	0	3	0	0	0	0	26.103515625	26.103515625	0	0	0	0	90.307617188	90.307617188	0	0	0	0	0	0	0	0	0	0	0	0	0	0	0	0	0	0	0	0	0	0	0	0	0	0	0	0	0	0	0	0	0	0	0	0	0	0	0	0	0	0	0	0	0	0	0	0
1789546925159	28465	1236	7	288	12	0	0	3	0	0	0	0	26.103515625	26.103515625	0	0	0	0	90.307617188	90.307617188	0	0	0	0	0	0	0	0	0	0	0	0	0	0	0	0	0	0	0	0	0	0	0	0	0	0	0	0	0	0	0	0	0	0	0	0	0	0	0	0	0	0	0	0	0	0	0	0
1789546925179	28487	1237	7	288	12	0	0	3	0	0	0	0	26.103515625	26.103515625	0	0	0	0	90.307617188	90.307617188	0	0	0	0	0	0	0	0	0	0	0	0	0	0	0	0	0	0	0	0	0	0	0	0	0	0	0	0	0	0	0	0	0	0	0	0	0	0	0	0	0	0	0	0	0	0	0	0
1789546925205	28509	1238	7	288	12	0	0	3	0	0	0	0	26.103515625	26.103515625	0	0	0	0	90.307617188	90.307617188	0	0	0	0	0	0	0	0	0	0	0	0	0	0	0	0	0	0	0	0	0	0	0	0	0	0	0	0	0	0	0	0	0	0	0	0	0	0	0	0	0	0	0	0	0	0	0	0
1789546925225	28531	1239	7	288	12	0	0	3	0	0	0	0	26.103515625	26.103515625	0	0	0	0	90.307617188	90.307617188	0	0	0	0	0	0	0	0	0	0	0	0	0	0	0	0	0	0	0	0	0	0	0	0	0	0	0	0	0	0	0	0	0	0	0	0	0	0	0	0	0	0	0	0	0	0	0	0
1789546925245	28553	1240	7	288	12	0	0	3	0	0	0	0	26.103515625	26.103515625	0	0	0	0	90.307617188	90.307617188	0	0	0	0	0	0	0	0	0	0	0	0	0	0	0	0	0	0	0	0	0	0	0	0	0	0	0	0	0	0	0	0	0	0	0	0	0	0	0	0	0	0	0	0	0	0	0	0
1789546925271	28575	1241	7	288	12	0	0	3	0	0	0	0	26.103515625	26.103515625	0	0	0	0	90.307617188	90.307617188	0	0	0	0	0	0	0	0	0	0	0	0	0	0	0	0	0	0	0	0	0	0	0	0	0	0	0	0	0	0	0	0	0	0	0	0	0	0	0	0	0	0	0	0	0	0	0	0
1789546925291	28597	1242	7	288	12	0	0	3	0	0	0	0	26.103515625	26.103515625	0	0	0	0	90.307617188	90.307617188	0	0	0	0	0	0	0	0	0	0	0	0	0	0	0	0	0	0	0	0	0	0	0	0	0	0	0	0	0	0	0	0	0	0	0	0	0	0	0	0	0	0	0	0	0	0	0	0
1789546925310	28619	1243	7	288	12	0	0	3	0	0	0	0	26.103515625	26.103515625	0	0	0	0	90.307617188	90.307617188	0	0	0	0	0	0	0	0	0	0	0	0	0	0	0	0	0	0	0	0	0	0	0	0	0	0	0	0	0	0	0	0	0	0	0	0	0	0	0	0	0	0	0	0	0	0	0	0
1789546925337	28641	1244	7	288	12	0	0	3	0	0	0	0	26.103515625	26.103515625	0	0	0	0	90.307617188	90.307617188	0	0	0	0	0	0	0	0	0	0	0	0	0	0	0	0	0	0	0	0	0	0	0	0	0	0	0	0	0	0	0	0	0	0	0	0	0	0	0	0	0	0	0	0	0	0	0	0
1789546925357	28663	1245	7	288	12	0	0	3	0	0	0	0	26.103515625	26.103515625	0	0	0	0	90.307617188	90.307617188	0	0	0	0	0	0	0	0	0	0	0	0	0	0	0	0	0	0	0	0	0	0	0	0	0	0	0	0	0	0	0	0	0	0	0	0	0	0	0	0	0	0	0	0	0	0	0	0
1789546925377	28685	1246	7	288	12	0	0	3	0	0	0	0	26.103515625	26.103515625	0	0	0	0	90.307617188	90.307617188	0	0	0	0	0	0	0	0	0	0	0	0	0	0	0	0	0	0	0	0	0	0	0	0	0	0	0	0	0	0	0	0	0	0	0	0	0	0	0	0	0	0	0	0	0	0	0	0
1789546925397	28707	1247	7	288	12	0	0	3	0	0	0	0	26.103515625	26.103515625	0	0	0	0	90.307617188	90.307617188	0	0	0	0	0	0	0	0	0	0	0	0	0	0	0	0	0	0	0	0	0	0	0	0	0	0	0	0	0	0	0	0	0	0	0	0	0	0	0	0	0	0	0	0	0	0	0	0
1789546925424	28729	1248	7	288	12	0	0	3	0	0	0	0	26.103515625	26.103515625	0	0	0	0	90.307617188	90.307617188	0	0	0	0	0	0	0	0	0	0	0	0	0	0	0	0	0	0	0	0	0	0	0	0	0	0	0	0	0	0	0	0	0	0	0	0	0	0	0	0	0	0	0	0	0	0	0	0
1789546925445	28751	1249	7	288	12	0	0	3	0	0	0	0	26.103515625	26.103515625	0	0	0	0	90.307617188	90.307617188	0	0	0	0	0	0	0	0	0	0	0	0	0	0	0	0	0	0	0	0	0	0	0	0	0	0	0	0	0	0	0	0	0	0	0	0	0	0	0	0	0	0	0	0	0	0	0	0
1789546925465	28773	1250	7	288	12	0	0	3	0	0	0	0	26.103515625	26.103515625	0	0	0	0	90.307617188	90.307617188	0	0	0	0	0	0	0	0	0	0	0	0	0	0	0	0	0	0	0	0	0	0	0	0	0	0	0	0	0	0	0	0	0	0	0	0	0	0	0	0	0	0	0	0	0	0	0	0
1789546925485	28795	1251	7	288	12	0	0	3	0	0	0	0	26.103515625	26.103515625	0	0	0	0	90.307617188	90.307617188	0	0	0	0	0	0	0	0	0	0	0	0	0	0	0	0	0	0	0	0	0	0	0	0	0	0	0	0	0	0	0	0	0	0	0	0	0	0	0	0	0	0	0	0	0	0	0	0
1789546925511	28817	1252	7	288	12	0	0	3	0	0	0	0	26.103515625	26.103515625	0	0	0	0	90.307617188	90.307617188	0	0	0	0	0	0	0	0	0	0	0	0	0	0	0	0	0	0	0	0	0	0	0	0	0	0	0	0	0	0	0	0	0	0	0	0	0	0	0	0	0	0	0	0	0	0	0	0
1789546925531	28839	1253	7	288	12	0	0	3	0	0	0	0	26.103515625	26.103515625	0	0	0	0	90.307617188	90.307617188	0	0	0	0	0	0	0	0	0	0	0	0	0	0	0	0	0	0	0	0	0	0	0	0	0	0	0	0	0	0	0	0	0	0	0	0	0	0	0	0	0	0	0	0	0	0	0	0
1789546925558	28861	1254	7	288	12	0	0	3	0	0	0	0	26.103515625	26.103515625	0	0	0	0	90.307617188	90.307617188	0	0	0	0	0	0	0	0	0	0	0	0	0	0	0	0	0	0	0	0	0	0	0	0	0	0	0	0	0	0	0	0	0	0	0	0	0	0	0	0	0	0	0	0	0	0	0	0
1789546925578	28883	1255	7	288	12	0	0	3	0	0	0	0	26.103515625	26.103515625	0	0	0	0	90.307617188	90.307617188	0	0	0	0	0	0	0	0	0	0	0	0	0	0	0	0	0	0	0	0	0	0	0	0	0	0	0	0	0	0	0	0	0	0	0	0	0	0	0	0	0	0	0	0	0	0	0	0
1789546925598	28905	1256	7	288	12	0	0	3	0	0	0	0	26.103515625	26.103515625	0	0	0	0	90.307617188	90.307617188	0	0	0	0	0	0	0	0	0	0	0	0	0	0	0	0	0	0	0	0	0	0	0	0	0	0	0	0	0	0	0	0	0	0	0	0	0	0	0	0	0	0	0	0	0	0	0	0
1789546925617	28927	1257	7	288	12	0	0	3	0	0	0	0	26.103515625	26.103515625	0	0	0	0	90.307617188	90.307617188	0	0	0	0	0	0	0	0	0	0	0	0	0	0	0	0	0	0	0	0	0	0	0	0	0	0	0	0	0	0	0	0	0	0	0	0	0	0	0	0	0	0	0	0	0	0	0	0
1789546925644	28949	1258	7	288	12	0	0	3	0	0	0	0	26.103515625	26.103515625	0	0	0	0	90.307617188	90.307617188	0	0	0	0	0	0	0	0	0	0	0	0	0	0	0	0	0	0	0	0	0	0	0	0	0	0	0	0	0	0	0	0	0	0	0	0	0	0	0	0	0	0	0	0	0	0	0	0
1789546925664	28971	1259	7	288	12	0	0	3	0	0	0	0	26.103515625	26.103515625	0	0	0	0	90.307617188	90.307617188	0	0	0	0	0	0	0	0	0	0	0	0	0	0	0	0	0	0	0	0	0	0	0	0	0	0	0	0	0	0	0	0	0	0	0	0	0	0	0	0	0	0	0	0	0	0	0	0
1789546925684	28993	1260	7	288	12	0	0	3	0	0	0	0	26.103515625	26.103515625	0	0	0	0	90.307617188	90.307617188	0	0	0	0	0	0	0	0	0	0	0	0	0	0	0	0	0	0	0	0	0	0	0	0	0	0	0	0	0	0	0	0	0	0	0	0	0	0	0	0	0	0	0	0	0	0	0	0
1789546925711	29015	1261	7	288	12	0	0	3	0	0	0	0	26.103515625	26.103515625	0	0	0	0	90.307617188	90.307617188	0	0	0	0	0	0	0	0	0	0	0	0	0	0	0	0	0	0	0	0	0	0	0	0	0	0	0	0	0	0	0	0	0	0	0	0	0	0	0	0	0	0	0	0	0	0	0	0
1789546925731	29037	1262	7	288	12	0	0	3	0	0	0	0	26.103515625	26.103515625	0	0	0	0	90.307617188	90.307617188	0	0	0	0	0	0	0	0	0	0	0	0	0	0	0	0	0	0	0	0	0	0	0	0	0	0	0	0	0	0	0	0	0	0	0	0	0	0	0	0	0	0	0	0	0	0	0	0
1789546925750	29059	1263	7	288	12	0	0	3	0	0	0	0	26.103515625	26.103515625	0	0	0	0	90.307617188	90.307617188	0	0	0	0	0	0	0	0	0	0	0	0	0	0	0	0	0	0	0	0	0	0	0	0	0	0	0	0	0	0	0	0	0	0	0	0	0	0	0	0	0	0	0	0	0	0	0	0
1789546925777	29081	1264	7	288	12	0	0	3	0	0	0	0	26.103515625	26.103515625	0	0	0	0	90.307617188	90.307617188	0	0	0	0	0	0	0	0	0	0	0	0	0	0	0	0	0	0	0	0	0	0	0	0	0	0	0	0	0	0	0	0	0	0	0	0	0	0	0	0	0	0	0	0	0	0	0	0
1789546925796	29103	1265	7	288	12	0	0	3	0	0	0	0	26.103515625	26.103515625	0	0	0	0	90.307617188	90.307617188	0	0	0	0	0	0	0	0	0	0	0	0	0	0	0	0	0	0	0	0	0	0	0	0	0	0	0	0	0	0	0	0	0	0	0	0	0	0	0	0	0	0	0	0	0	0	0	0
1789546925816	29125	1266	7	288	12	0	0	3	0	0	0	0	26.103515625	26.103515625	0	0	0	0	90.307617188	90.307617188	0	0	0	0	0	0	0	0	0	0	0	0	0	0	0	0	0	0	0	0	0	0	0	0	0	0	0	0	0	0	0	0	0	0	0	0	0	0	0	0	0	0	0	0	0	0	0	0
1789546925843	29147	1267	7	288	12	0	0	3	0	0	0	0	26.103515625	26.103515625	0	0	0	0	90.307617188	90.307617188	0	0	0	0	0	0	0	0	0	0	0	0	0	0	0	0	0	0	0	0	0	0	0	0	0	0	0	0	0	0	0	0	0	0	0	0	0	0	0	0	0	0	0	0	0	0	0	0
1789546925863	29169	1268	7	288	12	0	0	3	0	0	0	0	26.103515625	26.103515625	0	0	0	0	90.307617188	90.307617188	0	0	0	0	0	0	0	0	0	0	0	0	0	0	0	0	0	0	0	0	0	0	0	0	0	0	0	0	0	0	0	0	0	0	0	0	0	0	0	0	0	0	0	0	0	0	0	0
1789546925883	29191	1269	7	288	12	0	0	3	0	0	0	0	26.103515625	26.103515625	0	0	0	0	90.307617188	90.307617188	0	0	0	0	0	0	0	0	0	0	0	0	0	0	0	0	0	0	0	0	0	0	0	0	0	0	0	0	0	0	0	0	0	0	0	0	0	0	0	0	0	0	0	0	0	0	0	0
1789546925909	29213	1270	7	288	12	0	0	3	0	0	0	0	26.103515625	26.103515625	0	0	0	0	90.307617188	90.307617188	0	0	0	0	0	0	0	0	0	0	0	0	0	0	0	0	0	0	0	0	0	0	0	0	0	0	0	0	0	0	0	0	0	0	0	0	0	0	0	0	0	0	0	0	0	0	0	0
1789546925929	29235	1271	7	288	12	0	0	3	0	0	0	0	26.103515625	26.103515625	0	0	0	0	90.307617188	90.307617188	0	0	0	0	0	0	0	0	0	0	0	0	0	0	0	0	0	0	0	0	0	0	0	0	0	0	0	0	0	0	0	0	0	0	0	0	0	0	0	0	0	0	0	0	0	0	0	0
1789546925949	29257	1272	7	288	12	0	0	3	0	0	0	0	26.103515625	26.103515625	0	0	0	0	90.307617188	90.307617188	0	0	0	0	0	0	0	0	0	0	0	0	0	0	0	0	0	0	0	0	0	0	0	0	0	0	0	0	0	0	0	0	0	0	0	0	0	0	0	0	0	0	0	0	0	0	0	0
1789546925969	29279	1273	7	288	12	0	0	3	0	0	0	0	26.103515625	26.103515625	0	0	0	0	90.307617188	90.307617188	0	0	0	0	0	0	0	0	0	0	0	0	0	0	0	0	0	0	0	0	0	0	0	0	0	0	0	0	0	0	0	0	0	0	0	0	0	0	0	0	0	0	0	0	0	0	0	0
1789546925995	29301	1274	7	288	12	0	0	3	0	0	0	0	26.103515625	26.103515625	0	0	0	0	90.307617188	90.307617188	0	0	0	0	0	0	0	0	0	0	0	0	0	0	0	0	0	0	0	0	0	0	0	0	0	0	0	0	0	0	0	0	0	0	0	0	0	0	0	0	0	0	0	0	0	0	0	0
1789546926016	29323	1275	7	288	12	0	0	3	0	0	0	0	26.103515625	26.103515625	0	0	0	0	90.307617188	90.307617188	0	0	0	0	0	0	0	0	0	0	0	0	0	0	0	0	0	0	0	0	0	0	0	0	0	0	0	0	0	0	0	0	0	0	0	0	0	0	0	0	0	0	0	0	0	0	0	0
1789546926035	29345	1276	7	288	12	0	0	3	0	0	0	0	26.103515625	26.103515625	0	0	0	0	90.307617188	90.307617188	0	0	0	0	0	0	0	0	0	0	0	0	0	0	0	0	0	0	0	0	0	0	0	0	0	0	0	0	0	0	0	0	0	0	0	0	0	0	0	0	0	0	0	0	0	0	0	0
1789546926062	29367	1277	7	288	12	0	0	3	0	0	0	0	26.103515625	26.103515625	0	0	0	0	90.307617188	90.307617188	0	0	0	0	0	0	0	0	0	0	0	0	0	0	0	0	0	0	0	0	0	0	0	0	0	0	0	0	0	0	0	0	0	0	0	0	0	0	0	0	0	0	0	0	0	0	0	0
1789546926082	29389	1278	7	288	12	0	0	3	0	0	0	0	26.103515625	26.103515625	0	0	0	0	90.3515625	90.3515625	0	0	0	0	0	0	0	0	0	0	0	0	0	0	0	0	0	0	0	0	0	0	0	0	0	0	0	0	0	0	0	0	0	0	0	0	0	0	0	0	0	0	0	0	0	0	0	0
1789546926101	29411	1279	7	288	12	0	0	3	0	0	0	0	26.103515625	26.103515625	0	0	0	0	90.307617188	90.307617188	0	0	0	0	0	0	0	0	0	0	0	0	0	0	0	0	0	0	0	0	0	0	0	0	0	0	0	0	0	0	0	0	0	0	0	0	0	0	0	0	0	0	0	0	0	0	0	0
1789546926128	29433	1280	7	288	12	0	0	3	0	0	0	0	26.103515625	26.103515625	0	0	0	0	90.307617188	90.307617188	0	0	0	0	0	0	0	0	0	0	0	0	0	0	0	0	0	0	0	0	0	0	0	0	0	0	0	0	0	0	0	0	0	0	0	0	0	0	0	0	0	0	0	0	0	0	0	0
1789546926148	29455	1281	7	288	12	0	0	3	0	0	0	0	26.103515625	26.103515625	0	0	0	0	90.307617188	90.307617188	0	0	0	0	0	0	0	0	0	0	0	0	0	0	0	0	0	0	0	0	0	0	0	0	0	0	0	0	0	0	0	0	0	0	0	0	0	0	0	0	0	0	0	0	0	0	0	0
1789546926168	29477	1282	7	288	12	0	0	3	0	0	0	0	26.103515625	26.103515625	0	0	0	0	90.307617188	90.307617188	0	0	0	0	0	0	0	0	0	0	0	0	0	0	0	0	0	0	0	0	0	0	0	0	0	0	0	0	0	0	0	0	0	0	0	0	0	0	0	0	0	0	0	0	0	0	0	0
1789546926195	29499	1283	7	288	12	0	0	3	0	0	0	0	26.103515625	26.103515625	0	0	0	0	90.307617188	90.307617188	0	0	0	0	0	0	0	0	0	0	0	0	0	0	0	0	0	0	0	0	0	0	0	0	0	0	0	0	0	0	0	0	0	0	0	0	0	0	0	0	0	0	0	0	0	0	0	0
1789546926215	29521	1284	7	288	12	0	0	3	0	0	0	0	26.103515625	26.103515625	0	0	0	0	90.307617188	90.307617188	0	0	0	0	0	0	0	0	0	0	0	0	0	0	0	0	0	0	0	0	0	0	0	0	0	0	0	0	0	0	0	0	0	0	0	0	0	0	0	0	0	0	0	0	0	0	0	0
1789546926234	29543	1285	7	288	12	0	0	3	0	0	0	0	26.103515625	26.103515625	0	0	0	0	90.307617188	90.307617188	0	0	0	0	0	0	0	0	0	0	0	0	0	0	0	0	0	0	0	0	0	0	0	0	0	0	0	0	0	0	0	0	0	0	0	0	0	0	0	0	0	0	0	0	0	0	0	0
1789546926261	29565	1286	7	288	12	0	0	3	0	0	0	0	26.103515625	26.103515625	0	0	0	0	90.307617188	90.307617188	0	0	0	0	0	0	0	0	0	0	0	0	0	0	0	0	0	0	0	0	0	0	0	0	0	0	0	0	0	0	0	0	0	0	0	0	0	0	0	0	0	0	0	0	0	0	0	0
1789546926281	29587	1287	7	288	12	0	0	3	0	0	0	0	26.103515625	26.103515625	0	0	0	0	90.307617188	90.307617188	0	0	0	0	0	0	0	0	0	0	0	0	0	0	0	0	0	0	0	0	0	0	0	0	0	0	0	0	0	0	0	0	0	0	0	0	0	0	0	0	0	0	0	0	0	0	0	0
1789546926301	29609	1288	7	288	12	0	0	3	0	0	0	0	26.103515625	26.103515625	0	0	0	0	90.307617188	90.307617188	0	0	0	0	0	0	0	0	0	0	0	0	0	0	0	0	0	0	0	0	0	0	0	0	0	0	0	0	0	0	0	0	0	0	0	0	0	0	0	0	0	0	0	0	0	0	0	0
1789546926327	29631	1289	7	288	12	0	0	3	0	0	0	0	26.103515625	26.103515625	0	0	0	0	90.307617188	90.307617188	0	0	0	0	0	0	0	0	0	0	0	0	0	0	0	0	0	0	0	0	0	0	0	0	0	0	0	0	0	0	0	0	0	0	0	0	0	0	0	0	0	0	0	0	0	0	0	0
1789546926347	29653	1290	7	288	12	0	0	3	0	0	0	0	26.103515625	26.103515625	0	0	0	0	90.307617188	90.307617188	0	0	0	0	0	0	0	0	0	0	0	0	0	0	0	0	0	0	0	0	0	0	0	0	0	0	0	0	0	0	0	0	0	0	0	0	0	0	0	0	0	0	0	0	0	0	0	0
1789546926367	29675	1291	7	288	12	0	0	3	0	0	0	0	26.103515625	26.103515625	0	0	0	0	90.307617188	90.307617188	0	0	0	0	0	0	0	0	0	0	0	0	0	0	0	0	0	0	0	0	0	0	0	0	0	0	0	0	0	0	0	0	0	0	0	0	0	0	0	0	0	0	0	0	0	0	0	0
1789546926394	29697	1292	7	288	12	0	0	3	0	0	0	0	26.103515625	26.103515625	0	0	0	0	90.307617188	90.307617188	0	0	0	0	0	0	0	0	0	0	0	0	0	0	0	0	0	0	0	0	0	0	0	0	0	0	0	0	0	0	0	0	0	0	0	0	0	0	0	0	0	0	0	0	0	0	0	0
1789546926415	29719	1293	7	288	12	0	0	3	0	0	0	0	26.103515625	26.103515625	0	0	0	0	90.307617188	90.307617188	0	0	0	0	0	0	0	0	0	0	0	0	0	0	0	0	0	0	0	0	0	0	0	0	0	0	0	0	0	0	0	0	0	0	0	0	0	0	0	0	0	0	0	0	0	0	0	0
1789546926435	29741	1294	7	288	12	0	0	3	0	0	0	0	26.103515625	26.103515625	0	0	0	0	90.307617188	90.307617188	0	0	0	0	0	0	0	0	0	0	0	0	0	0	0	0	0	0	0	0	0	0	0	0	0	0	0	0	0	0	0	0	0	0	0	0	0	0	0	0	0	0	0	0	0	0	0	0
1789546926456	29763	1295	7	288	12	0	0	3	0	0	0	0	26.103515625	26.103515625	0	0	0	0	90.307617188	90.307617188	0	0	0	0	0	0	0	0	0	0	0	0	0	0	0	0	0	0	0	0	0	0	0	0	0	0	0	0	0	0	0	0	0	0	0	0	0	0	0	0	0	0	0	0	0	0	0	0
1789546926475	29785	1296	7	288	12	0	0	3	0	0	0	0	26.103515625	26.103515625	0	0	0	0	90.307617188	90.307617188	0	0	0	0	0	0	0	0	0	0	0	0	0	0	0	0	0	0	0	0	0	0	0	0	0	0	0	0	0	0	0	0	0	0	0	0	0	0	0	0	0	0	0	0	0	0	0	0
1789546926502	29807	1297	7	288	12	0	0	3	0	0	0	0	26.103515625	26.103515625	0	0	0	0	90.307617188	90.307617188	0	0	0	0	0	0	0	0	0	0	0	0	0	0	0	0	0	0	0	0	0	0	0	0	0	0	0	0	0	0	0	0	0	0	0	0	0	0	0	0	0	0	0	0	0	0	0	0
1789546926522	29829	1298	7	288	12	0	0	3	0	0	0	0	26.103515625	26.103515625	0	0	0	0	90.307617188	90.307617188	0	0	0	0	0	0	0	0	0	0	0	0	0	0	0	0	0	0	0	0	0	0	0	0	0	0	0	0	0	0	0	0	0	0	0	0	0	0	0	0	0	0	0	0	0	0	0	0
1789546926542	29851	1299	7	288	12	0	0	3	0	0	0	0	26.103515625	26.103515625	0	0	0	0	90.307617188	90.307617188	0	0	0	0	0	0	0	0	0	0	0	0	0	0	0	0	0	0	0	0	0	0	0	0	0	0	0	0	0	0	0	0	0	0	0	0	0	0	0	0	0	0	0	0	0	0	0	0
1789546926568	29873	1300	7	288	12	0	0	3	0	0	0	0	26.103515625	26.103515625	0	0	0	0	90.307617188	90.307617188	0	0	0	0	0	0	0	0	0	0	0	0	0	0	0	0	0	0	0	0	0	0	0	0	0	0	0	0	0	0	0	0	0	0	0	0	0	0	0	0	0	0	0	0	0	0	0	0
1789546926588	29895	1301	7	288	12	0	0	3	0	0	0	0	26.103515625	26.103515625	0	0	0	0	90.307617188	90.307617188	0	0	0	0	0	0	0	0	0	0	0	0	0	0	0	0	0	0	0	0	0	0	0	0	0	0	0	0	0	0	0	0	0	0	0	0	0	0	0	0	0	0	0	0	0	0	0	0
1789546926608	29917	1302	7	288	12	0	0	3	0	0	0	0	26.147460938	26.147460938	0	0	0	0	90.307617188	90.307617188	0	0	0	0	0	0	0	0	0	0	0	0	0	0	0	0	0	0	0	0	0	0	0	0	0	0	0	0	0	0	0	0	0	0	0	0	0	0	0	0	0	0	0	0	0	0	0	0
1789546926635	29939	1303	7	288	12	0	0	3	0	0	0	0	26.103515625	26.103515625	0	0	0	0	90.307617188	90.307617188	0	0	0	0	0	0	0	0	0	0	0	0	0	0	0	0	0	0	0	0	0	0	0	0	0	0	0	0	0	0	0	0	0	0	0	0	0	0	0	0	0	0	0	0	0	0	0	0
1789546926655	29961	1304	7	288	12	0	0	3	0	0	0	0	26.103515625	26.103515625	0	0	0	0	90.307617188	90.307617188	0	0	0	0	0	0	0	0	0	0	0	0	0	0	0	0	0	0	0	0	0	0	0	0	0	0	0	0	0	0	0	0	0	0	0	0	0	0	0	0	0	0	0	0	0	0	0	0
1789546926674	29983	1305	7	288	12	0	0	3	0	0	0	0	26.103515625	26.103515625	0	0	0	0	90.307617188	90.307617188	0	0	0	0	0	0	0	0	0	0	0	0	0	0	0	0	0	0	0	0	0	0	0	0	0	0	0	0	0	0	0	0	0	0	0	0	0	0	0	0	0	0	0	0	0	0	0	0
1789546926701	30005	1306	7	288	12	0	0	3	0	0	0	0	26.103515625	26.103515625	0	0	0	0	90.307617188	90.307617188	0	0	0	0	0	0	0	0	0	0	0	0	0	0	0	0	0	0	0	0	0	0	0	0	0	0	0	0	0	0	0	0	0	0	0	0	0	0	0	0	0	0	0	0	0	0	0	0
1789546926721	30027	1307	7	288	12	0	0	3	0	0	0	0	26.103515625	26.103515625	0	0	0	0	90.307617188	90.307617188	0	0	0	0	0	0	0	0	0	0	0	0	0	0	0	0	0	0	0	0	0	0	0	0	0	0	0	0	0	0	0	0	0	0	0	0	0	0	0	0	0	0	0	0	0	0	0	0
1789546926740	30049	1308	7	288	12	0	0	3	0	0	0	0	26.103515625	26.103515625	0	0	0	0	90.307617188	90.307617188	0	0	0	0	0	0	0	0	0	0	0	0	0	0	0	0	0	0	0	0	0	0	0	0	0	0	0	0	0	0	0	0	0	0	0	0	0	0	0	0	0	0	0	0	0	0	0	0
1789546926768	30071	1309	7	288	12	0	0	3	0	0	0	0	26.103515625	26.103515625	0	0	0	0	90.307617188	90.307617188	0	0	0	0	0	0	0	0	0	0	0	0	0	0	0	0	0	0	0	0	0	0	0	0	0	0	0	0	0	0	0	0	0	0	0	0	0	0	0	0	0	0	0	0	0	0	0	0
1789546926788	30093	1310	7	288	12	0	0	3	0	0	0	0	26.103515625	26.103515625	0	0	0	0	90.307617188	90.307617188	0	0	0	0	0	0	0	0	0	0	0	0	0	0	0	0	0	0	0	0	0	0	0	0	0	0	0	0	0	0	0	0	0	0	0	0	0	0	0	0	0	0	0	0	0	0	0	0
1789546926807	30115	1311	7	288	12	0	0	3	0	0	0	0	26.103515625	26.103515625	0	0	0	0	90.307617188	90.307617188	0	0	0	0	0	0	0	0	0	0	0	0	0	0	0	0	0	0	0	0	0	0	0	0	0	0	0	0	0	0	0	0	0	0	0	0	0	0	0	0	0	0	0	0	0	0	0	0
1789546926827	30137	1312	7	288	12	0	0	3	0	0	0	0	26.103515625	26.103515625	0	0	0	0	90.307617188	90.307617188	0	0	0	0	0	0	0	0	0	0	0	0	0	0	0	0	0	0	0	0	0	0	0	0	0	0	0	0	0	0	0	0	0	0	0	0	0	0	0	0	0	0	0	0	0	0	0	0
1789546926853	30159	1313	7	288	12	0	0	3	0	0	0	0	26.103515625	26.103515625	0	0	0	0	90.307617188	90.307617188	0	0	0	0	0	0	0	0	0	0	0	0	0	0	0	0	0	0	0	0	0	0	0	0	0	0	0	0	0	0	0	0	0	0	0	0	0	0	0	0	0	0	0	0	0	0	0	0
1789546926873	30181	1314	7	288	12	0	0	3	0	0	0	0	26.103515625	26.103515625	0	0	0	0	90.307617188	90.307617188	0	0	0	0	0	0	0	0	0	0	0	0	0	0	0	0	0	0	0	0	0	0	0	0	0	0	0	0	0	0	0	0	0	0	0	0	0	0	0	0	0	0	0	0	0	0	0	0
1789546926893	30203	1315	7	288	12	0	0	3	0	0	0	0	26.103515625	26.103515625	0	0	0	0	90.307617188	90.307617188	0	0	0	0	0	0	0	0	0	0	0	0	0	0	0	0	0	0	0	0	0	0	0	0	0	0	0	0	0	0	0	0	0	0	0	0	0	0	0	0	0	0	0	0	0	0	0	0
1789546926920	30225	1316	7	288	12	0	0	3	0	0	0	0	26.103515625	26.103515625	0	0	0	0	90.307617188	90.307617188	0	0	0	0	0	0	0	0	0	0	0	0	0	0	0	0	0	0	0	0	0	0	0	0	0	0	0	0	0	0	0	0	0	0	0	0	0	0	0	0	0	0	0	0	0	0	0	0
1789546926940	30247	1317	7	288	12	0	0	3	0	0	0	0	26.103515625	26.103515625	0	0	0	0	90.307617188	90.307617188	0	0	0	0	0	0	0	0	0	0	0	0	0	0	0	0	0	0	0	0	0	0	0	0	0	0	0	0	0	0	0	0	0	0	0	0	0	0	0	0	0	0	0	0	0	0	0	0
1789546926960	30269	1318	7	288	12	0	0	3	0	0	0	0	26.103515625	26.103515625	0	0	0	0	90.307617188	90.307617188	0	0	0	0	0	0	0	0	0	0	0	0	0	0	0	0	0	0	0	0	0	0	0	0	0	0	0	0	0	0	0	0	0	0	0	0	0	0	0	0	0	0	0	0	0	0	0	0
1789546926986	30291	1319	7	288	12	0	0	3	0	0	0	0	26.103515625	26.103515625	0	0	0	0	90.307617188	90.307617188	0	0	0	0	0	0	0	0	0	0	0	0	0	0	0	0	0	0	0	0	0	0	0	0	0	0	0	0	0	0	0	0	0	0	0	0	0	0	0	0	0	0	0	0	0	0	0	0
1789546927006	30313	1320	7	288	12	0	0	3	0	0	0	0	26.103515625	26.103515625	0	0	0	0	90.307617188	90.307617188	0	0	0	0	0	0	0	0	0	0	0	0	0	0	0	0	0	0	0	0	0	0	0	0	0	0	0	0	0	0	0	0	0	0	0	0	0	0	0	0	0	0	0	0	0	0	0	0
1789546927026	30335	1321	7	288	12	0	0	3	0	0	0	0	26.103515625	26.103515625	0	0	0	0	90.307617188	90.307617188	0	0	0	0	0	0	0	0	0	0	0	0	0	0	0	0	0	0	0	0	0	0	0	0	0	0	0	0	0	0	0	0	0	0	0	0	0	0	0	0	0	0	0	0	0	0	0	0
1789546927052	30357	1322	7	288	12	0	0	3	0	0	0	0	26.103515625	26.103515625	0	0	0	0	90.307617188	90.307617188	0	0	0	0	0	0	0	0	0	0	0	0	0	0	0	0	0	0	0	0	0	0	0	0	0	0	0	0	0	0	0	0	0	0	0	0	0	0	0	0	0	0	0	0	0	0	0	0
1789546927073	30379	1323	7	288	12	0	0	3	0	0	0	0	26.103515625	26.103515625	0	0	0	0	90.307617188	90.307617188	0	0	0	0	0	0	0	0	0	0	0	0	0	0	0	0	0	0	0	0	0	0	0	0	0	0	0	0	0	0	0	0	0	0	0	0	0	0	0	0	0	0	0	0	0	0	0	0
1789546927093	30401	1324	7	288	12	0	0	3	0	0	0	0	26.103515625	26.103515625	0	0	0	0	90.307617188	90.307617188	0	0	0	0	0	0	0	0	0	0	0	0	0	0	0	0	0	0	0	0	0	0	0	0	0	0	0	0	0	0	0	0	0	0	0	0	0	0	0	0	0	0	0	0	0	0	0	0
1789546927113	30423	1325	7	288	12	0	0	3	0	0	0	0	26.103515625	26.103515625	0	0	0	0	90.307617188	90.307617188	0	0	0	0	0	0	0	0	0	0	0	0	0	0	0	0	0	0	0	0	0	0	0	0	0	0	0	0	0	0	0	0	0	0	0	0	0	0	0	0	0	0	0	0	0	0	0	0
1789546927139	30445	1326	7	288	12	0	0	3	0	0	0	0	26.103515625	26.103515625	0	0	0	0	90.307617188	90.307617188	0	0	0	0	0	0	0	0	0	0	0	0	0	0	0	0	0	0	0	0	0	0	0	0	0	0	0	0	0	0	0	0	0	0	0	0	0	0	0	0	0	0	0	0	0	0	0	0
1789546927159	30467	1327	7	288	12	0	0	3	0	0	0	0	26.103515625	26.103515625	0	0	0	0	90.307617188	90.307617188	0	0	0	0	0	0	0	0	0	0	0	0	0	0	0	0	0	0	0	0	0	0	0	0	0	0	0	0	0	0	0	0	0	0	0	0	0	0	0	0	0	0	0	0	0	0	0	0
1789546927179	30489	1328	7	288	12	0	0	3	0	0	0	0	26.103515625	26.103515625	0	0	0	0	90.307617188	90.307617188	0	0	0	0	0	0	0	0	0	0	0	0	0	0	0	0	0	0	0	0	0	0	0	0	0	0	0	0	0	0	0	0	0	0	0	0	0	0	0	0	0	0	0	0	0	0	0	0
1789546927206	30511	1329	7	288	12	0	0	3	0	0	0	0	26.103515625	26.103515625	0	0	0	0	90.307617188	90.307617188	0	0	0	0	0	0	0	0	0	0	0	0	0	0	0	0	0	0	0	0	0	0	0	0	0	0	0	0	0	0	0	0	0	0	0	0	0	0	0	0	0	0	0	0	0	0	0	0
1789546927226	30533	1330	7	288	12	0	0	3	0	0	0	0	26.103515625	26.103515625	0	0	0	0	90.307617188	90.307617188	0	0	0	0	0	0	0	0	0	0	0	0	0	0	0	0	0	0	0	0	0	0	0	0	0	0	0	0	0	0	0	0	0	0	0	0	0	0	0	0	0	0	0	0	0	0	0	0
1789546927246	30555	1331	7	288	12	0	0	3	0	0	0	0	26.103515625	26.103515625	0	0	0	0	90.307617188	90.307617188	0	0	0	0	0	0	0	0	0	0	0	0	0	0	0	0	0	0	0	0	0	0	0	0	0	0	0	0	0	0	0	0	0	0	0	0	0	0	0	0	0	0	0	0	0	0	0	0
1789546927272	30577	1332	7	288	12	0	0	3	0	0	0	0	26.103515625	26.103515625	0	0	0	0	90.307617188	90.307617188	0	0	0	0	0	0	0	0	0	0	0	0	0	0	0	0	0	0	0	0	0	0	0	0	0	0	0	0	0	0	0	0	0	0	0	0	0	0	0	0	0	0	0	0	0	0	0	0
1789546927292	30599	1333	7	288	12	0	0	3	0	0	0	0	26.103515625	26.103515625	0	0	0	0	90.307617188	90.307617188	0	0	0	0	0	0	0	0	0	0	0	0	0	0	0	0	0	0	0	0	0	0	0	0	0	0	0	0	0	0	0	0	0	0	0	0	0	0	0	0	0	0	0	0	0	0	0	0
1789546927312	30621	1334	7	288	12	0	0	3	0	0	0	0	26.103515625	26.103515625	0	0	0	0	90.307617188	90.307617188	0	0	0	0	0	0	0	0	0	0	0	0	0	0	0	0	0	0	0	0	0	0	0	0	0	0	0	0	0	0	0	0	0	0	0	0	0	0	0	0	0	0	0	0	0	0	0	0
1789546927339	30643	1335	7	288	12	0	0	3	0	0	0	0	26.103515625	26.103515625	0	0	0	0	90.307617188	90.307617188	0	0	0	0	0	0	0	0	0	0	0	0	0	0	0	0	0	0	0	0	0	0	0	0	0	0	0	0	0	0	0	0	0	0	0	0	0	0	0	0	0	0	0	0	0	0	0	0
1789546927359	30665	1336	7	288	12	0	0	3	0	0	0	0	26.103515625	26.103515625	0	0	0	0	90.307617188	90.307617188	0	0	0	0	0	0	0	0	0	0	0	0	0	0	0	0	0	0	0	0	0	0	0	0	0	0	0	0	0	0	0	0	0	0	0	0	0	0	0	0	0	0	0	0	0	0	0	0
1789546927379	30687	1337	7	288	12	0	0	3	0	0	0	0	26.103515625	26.103515625	0	0	0	0	90.307617188	90.307617188	0	0	0	0	0	0	0	0	0	0	0	0	0	0	0	0	0	0	0	0	0	0	0	0	0	0	0	0	0	0	0	0	0	0	0	0	0	0	0	0	0	0	0	0	0	0	0	0
1789546927399	30709	1338	7	288	12	0	0	3	0	0	0	0	26.103515625	26.103515625	0	0	0	0	90.307617188	90.307617188	0	0	0	0	0	0	0	0	0	0	0	0	0	0	0	0	0	0	0	0	0	0	0	0	0	0	0	0	0	0	0	0	0	0	0	0	0	0	0	0	0	0	0	0	0	0	0	0
1789546927426	30731	1339	7	288	12	0	0	3	0	0	0	0	26.103515625	26.103515625	0	0	0	0	90.307617188	90.307617188	0	0	0	0	0	0	0	0	0	0	0	0	0	0	0	0	0	0	0	0	0	0	0	0	0	0	0	0	0	0	0	0	0	0	0	0	0	0	0	0	0	0	0	0	0	0	0	0
1789546927446	30753	1340	7	288	12	0	0	3	0	0	0	0	26.103515625	26.103515625	0	0	0	0	90.307617188	90.307617188	0	0	0	0	0	0	0	0	0	0	0	0	0	0	0	0	0	0	0	0	0	0	0	0	0	0	0	0	0	0	0	0	0	0	0	0	0	0	0	0	0	0	0	0	0	0	0	0
1789546927466	30775	1341	7	288	12	0	0	3	0	0	0	0	26.103515625	26.103515625	0	0	0	0	90.307617188	90.307617188	0	0	0	0	0	0	0	0	0	0	0	0	0	0	0	0	0	0	0	0	0	0	0	0	0	0	0	0	0	0	0	0	0	0	0	0	0	0	0	0	0	0	0	0	0	0	0	0
1789546927493	30797	1342	7	288	12	0	0	3	0	0	0	0	26.103515625	26.103515625	0	0	0	0	90.307617188	90.307617188	0	0	0	0	0	0	0	0	0	0	0	0	0	0	0	0	0	0	0	0	0	0	0	0	0	0	0	0	0	0	0	0	0	0	0	0	0	0	0	0	0	0	0	0	0	0	0	0
1789546927513	30819	1343	7	288	12	0	0	3	0	0	0	0	26.103515625	26.103515625	0	0	0	0	90.307617188	90.307617188	0	0	0	0	0	0	0	0	0	0	0	0	0	0	0	0	0	0	0	0	0	0	0	0	0	0	0	0	0	0	0	0	0	0	0	0	0	0	0	0	0	0	0	0	0	0	0	0
1789546927533	30841	1344	7	288	12	0	0	3	0	0	0	0	26.103515625	26.103515625	0	0	0	0	90.307617188	90.307617188	0	0	0	0	0	0	0	0	0	0	0	0	0	0	0	0	0	0	0	0	0	0	0	0	0	0	0	0	0	0	0	0	0	0	0	0	0	0	0	0	0	0	0	0	0	0	0	0
1789546927559	30863	1345	7	288	12	0	0	3	0	0	0	0	26.103515625	26.103515625	0	0	0	0	90.307617188	90.307617188	0	0	0	0	0	0	0	0	0	0	0	0	0	0	0	0	0	0	0	0	0	0	0	0	0	0	0	0	0	0	0	0	0	0	0	0	0	0	0	0	0	0	0	0	0	0	0	0
1789546927580	30885	1346	7	288	12	0	0	3	0	0	0	0	26.103515625	26.103515625	0	0	0	0	90.307617188	90.307617188	0	0	0	0	0	0	0	0	0	0	0	0	0	0	0	0	0	0	0	0	0	0	0	0	0	0	0	0	0	0	0	0	0	0	0	0	0	0	0	0	0	0	0	0	0	0	0	0
1789546927600	30907	1347	7	288	12	0	0	3	0	0	0	0	26.103515625	26.103515625	0	0	0	0	90.307617188	90.307617188	0	0	0	0	0	0	0	0	0	0	0	0	0	0	0	0	0	0	0	0	0	0	0	0	0	0	0	0	0	0	0	0	0	0	0	0	0	0	0	0	0	0	0	0	0	0	0	0
1789546927620	30929	1348	7	288	12	0	0	3	0	0	0	0	26.103515625	26.103515625	0	0	0	0	90.307617188	90.307617188	0	0	0	0	0	0	0	0	0	0	0	0	0	0	0	0	0	0	0	0	0	0	0	0	0	0	0	0	0	0	0	0	0	0	0	0	0	0	0	0	0	0	0	0	0	0	0	0
1789546927646	30951	1349	7	288	12	0	0	3	0	0	0	0	26.103515625	26.103515625	0	0	0	0	90.307617188	90.307617188	0	0	0	0	0	0	0	0	0	0	0	0	0	0	0	0	0	0	0	0	0	0	0	0	0	0	0	0	0	0	0	0	0	0	0	0	0	0	0	0	0	0	0	0	0	0	0	0
1789546927666	30973	1350	7	288	12	0	0	3	0	0	0	0	26.103515625	26.103515625	0	0	0	0	90.307617188	90.307617188	0	0	0	0	0	0	0	0	0	0	0	0	0	0	0	0	0	0	0	0	0	0	0	0	0	0	0	0	0	0	0	0	0	0	0	0	0	0	0	0	0	0	0	0	0	0	0	0
1789546927686	30995	1351	7	288	12	0	0	3	0	0	0	0	26.103515625	26.103515625	0	0	0	0	90.307617188	90.307617188	0	0	0	0	0	0	0	0	0	0	0	0	0	0	0	0	0	0	0	0	0	0	0	0	0	0	0	0	0	0	0	0	0	0	0	0	0	0	0	0	0	0	0	0	0	0	0	0
1789546927713	31017	1352	7	288	12	0	0	3	0	0	0	0	26.103515625	26.103515625	0	0	-6	6	90.307617188	90.307617188	0	0	0	0	0	0	0	0	0	0	0	0	0	0	0	0	0	0	0	0	0	0	0	0	0	0	0	0	0	0	0	0	0	0	0	0	0	0	0	0	0	0	0	0	0	0	0	0
1789546927733	31039	1353	7	288	12	0	0	3	0	0	0	0	26.103515625	26.103515625	0	0	0	0	90.307617188	90.307617188	0	0	0	0	0	0	0	0	0	0	0	0	0	0	0	0	0	0	0	0	0	0	0	0	0	0	0	0	0	0	0	0	0	0	0	0	0	0	0	0	0	0	0	0	0	0	0	0
1789546927752	31061	1354	7	288	12	0	0	3	0	0	0	0	26.103515625	26.103515625	0	0	0	0	90.307617188	90.307617188	0	0	0	0	0	0	0	0	0	0	0	0	0	0	0	0	0	0	0	0	0	0	0	0	0	0	0	0	0	0	0	0	0	0	0	0	0	0	0	0	0	0	0	0	0	0	0	0
1789546927773	31083	1355	7	288	12	0	0	3	0	0	0	0	26.103515625	26.103515625	0	0	0	0	90.307617188	90.307617188	0	0	0	0	0	0	0	0	0	0	0	0	0	0	0	0	0	0	0	0	0	0	0	0	0	0	0	0	0	0	0	0	0	0	0	0	0	0	0	0	0	0	0	0	0	0	0	0
1789546927799	31105	1356	7	288	12	0	0	3	0	0	0	0	26.103515625	26.103515625	0	0	0	0	90.307617188	90.307617188	0	0	0	0	0	0	0	0	0	0	0	0	0	0	0	0	0	0	0	0	0	0	0	0	0	0	0	0	0	0	0	0	0	0	0	0	0	0	0	0	0	0	0	0	0	0	0	0
1789546927818	31127	1357	7	288	12	0	0	3	0	0	0	0	26.103515625	26.103515625	0	0	0	0	90.307617188	90.307617188	0	0	0	0	0	0	0	0	0	0	0	0	0	0	0	0	0	0	0	0	0	0	0	0	0	0	0	0	0	0	0	0	0	0	0	0	0	0	0	0	0	0	0	0	0	0	0	0
1789546927844	31149	1358	7	288	12	0	0	3	0	0	0	0	26.103515625	26.103515625	0	0	0	0	90.307617188	90.307617188	0	0	0	0	0	0	0	0	0	0	0	0	0	0	0	0	0	0	0	0	0	0	0	0	0	0	0	0	0	0	0	0	0	0	0	0	0	0	0	0	0	0	0	0	0	0	0	0
1789546927863	31171	1359	7	288	12	0	0	3	0	0	0	0	26.103515625	26.103515625	0	0	0	0	90.307617188	90.307617188	0	0	0	0	0	0	0	0	0	0	0	0	0	0	0	0	0	0	0	0	0	0	0	0	0	0	0	0	0	0	0	0	0	0	0	0	0	0	0	0	0	0	0	0	0	0	0	0
1789546927884	31193	1360	7	288	12	0	0	3	0	0	0	0	26.103515625	26.103515625	0	0	0	0	90.307617188	90.307617188	0	0	0	0	0	0	0	0	0	0	0	0	0	0	0	0	0	0	0	0	0	0	0	0	0	0	0	0	0	0	0	0	0	0	0	0	0	0	0	0	0	0	0	0	0	0	0	0
1789546927911	31215	1361	7	288	12	0	0	3	0	0	0	0	26.103515625	26.103515625	0	0	0	0	90.307617188	90.307617188	0	0	0	0	0	0	0	0	0	0	0	0	0	0	0	0	0	0	0	0	0	0	0	0	0	0	0	0	0	0	0	0	0	0	0	0	0	0	0	0	0	0	0	0	0	0	0	0
1789546927931	31237	1362	7	288	12	0	0	3	0	0	0	0	26.103515625	26.103515625	0	0	0	0	90.307617188	90.307617188	0	0	0	0	0	0	0	0	0	0	0	0	0	0	0	0	0	0	0	0	0	0	0	0	0	0	0	0	0	0	0	0	0	0	0	0	0	0	0	0	0	0	0	0	0	0	0	0
1789546927952	31259	1363	7	288	12	0	0	3	0	0	0	0	26.103515625	26.103515625	0	0	0	0	90.307617188	90.307617188	0	0	0	0	0	0	0	0	0	0	0	0	0	0	0	0	0	0	0	0	0	0	0	0	0	0	0	0	0	0	0	0	0	0	0	0	0	0	0	0	0	0	0	0	0	0	0	0
1789546927973	31281	1364	7	288	12	0	0	3	0	0	0	0	26.103515625	26.103515625	0	0	0	0	90.307617188	90.307617188	0	0	0	0	0	0	0	0	0	0	0	0	0	0	0	0	0	0	0	0	0	0	0	0	0	0	0	0	0	0	0	0	0	0	0	0	0	0	0	0	0	0	0	0	0	0	0	0
1789546927993	31303	1365	7	288	12	0	0	3	0	0	0	0	26.103515625	26.103515625	0	0	0	0	90.307617188	90.307617188	0	0	0	0	0	0	0	0	0	0	0	0	0	0	0	0	0	0	0	0	0	0	0	0	0	0	0	0	0	0	0	0	0	0	0	0	0	0	0	0	0	0	0	0	0	0	0	0
1789546928020	31325	1366	7	288	12	0	0	3	0	0	0	0	26.103515625	26.103515625	0	0	0	0	90.307617188	90.307617188	0	0	0	0	0	0	0	0	0	0	0	0	0	0	0	0	0	0	0	0	0	0	0	0	0	0	0	0	0	0	0	0	0	0	0	0	0	0	0	0	0	0	0	0	0	0	0	0
1789546928040	31347	1367	7	288	12	0	0	3	0	0	0	0	26.103515625	26.103515625	0	0	0	0	90.307617188	90.307617188	0	0	0	0	0	0	0	0	0	0	0	0	0	0	0	0	0	0	0	0	0	0	0	0	0	0	0	0	0	0	0	0	0	0	0	0	0	0	0	0	0	0	0	0	0	0	0	0
1789546928060	31369	1368	7	288	12	0	0	3	0	0	0	0	26.103515625	26.103515625	0	0	0	0	90.307617188	90.307617188	0	0	0	0	0	0	0	0	0	0	0	0	0	0	0	0	0	0	0	0	0	0	0	0	0	0	0	0	0	0	0	0	0	0	0	0	0	0	0	0	0	0	0	0	0	0	0	0
1789546928086	31391	1369	7	288	12	0	0	3	0	0	0	0	26.103515625	26.103515625	0	0	0	0	90.307617188	90.307617188	0	0	0	0	0	0	0	0	0	0	0	0	0	0	0	0	0	0	0	0	0	0	0	0	0	0	0	0	0	0	0	0	0	0	0	0	0	0	0	0	0	0	0	0	0	0	0	0
1789546928106	31413	1370	7	288	12	0	0	3	0	0	0	0	26.103515625	26.103515625	0	0	0	0	90.307617188	90.307617188	0	0	0	0	0	0	0	0	0	0	0	0	0	0	0	0	0	0	0	0	0	0	0	0	0	0	0	0	0	0	0	0	0	0	0	0	0	0	0	0	0	0	0	0	0	0	0	0
1789546928127	31435	1371	7	288	12	0	0	3	0	0	0	0	26.103515625	26.103515625	0	0	0	0	90.307617188	90.307617188	0	0	0	0	0	0	0	0	0	0	0	0	0	0	0	0	0	0	0	0	0	0	0	0	0	0	0	0	0	0	0	0	0	0	0	0	0	0	0	0	0	0	0	0	0	0	0	0
1789546928147	31457	1372	7	288	12	0	0	3	0	0	0	0	26.103515625	26.103515625	0	0	0	0	90.307617188	90.307617188	0	0	0	0	0	0	0	0	0	0	0	0	0	0	0	0	0	0	0	0	0	0	0	0	0	0	0	0	0	0	0	0	0	0	0	0	0	0	0	0	0	0	0	0	0	0	0	0
1789546928173	31479	1373	7	288	12	0	0	3	0	0	0	0	26.103515625	26.103515625	0	0	0	0	90.307617188	90.307617188	0	0	0	0	0	0	0	0	0	0	0	0	0	0	0	0	0	0	0	0	0	0	0	0	0	0	0	0	0	0	0	0	0	0	0	0	0	0	0	0	0	0	0	0	0	0	0	0
1789546928194	31501	1374	7	288	12	0	0	3	0	0	0	0	26.147460938	26.147460938	0	0	0	0	90.307617188	90.307617188	0	0	0	0	0	0	0	0	0	0	0	0	0	0	0	0	0	0	0	0	0	0	0	0	0	0	0	0	0	0	0	0	0	0	0	0	0	0	0	0	0	0	0	0	0	0	0	0
1789546928214	31523	1375	7	288	12	0	0	3	0	0	0	0	26.103515625	26.103515625	0	0	0	0	90.307617188	90.307617188	0	0	0	0	0	0	0	0	0	0	0	0	0	0	0	0	0	0	0	0	0	0	0	0	0	0	0	0	0	0	0	0	0	0	0	0	0	0	0	0	0	0	0	0	0	0	0	0
1789546928241	31545	1376	7	288	12	0	0	3	0	0	0	0	26.103515625	26.103515625	0	0	0	0	90.307617188	90.307617188	0	0	0	0	0	0	0	0	0	0	0	0	0	0	0	0	0	0	0	0	0	0	0	0	0	0	0	0	0	0	0	0	0	0	0	0	0	0	0	0	0	0	0	0	0	0	0	0
1789546928261	31567	1377	7	288	12	0	0	3	0	0	0	0	26.103515625	26.103515625	0	0	0	0	90.307617188	90.307617188	0	0	0	0	0	0	0	0	0	0	0	0	0	0	0	0	0	0	0	0	0	0	0	0	0	0	0	0	0	0	0	0	0	0	0	0	0	0	0	0	0	0	0	0	0	0	0	0
1789546928281	31589	1378	7	288	12	0	0	3	0	0	0	0	26.103515625	26.103515625	0	0	0	0	90.307617188	90.307617188	0	0	0	0	0	0	0	0	0	0	0	0	0	0	0	0	0	0	0	0	0	0	0	0	0	0	0	0	0	0	0	0	0	0	0	0	0	0	0	0	0	0	0	0	0	0	0	0
1789546928301	31611	1379	7	288	12	0	0	3	0	0	0	0	26.103515625	26.103515625	0	0	0	0	90.307617188	90.307617188	0	0	0	0	0	0	0	0	0	0	0	0	0	0	0	0	0	0	0	0	0	0	0	0	0	0	0	0	0	0	0	0	0	0	0	0	0	0	0	0	0	0	0	0	0	0	0	0
1789546928327	31633	1380	7	288	12	0	0	3	0	0	0	0	26.103515625	26.103515625	0	0	0	0	90.307617188	90.307617188	0	0	0	0	0	0	0	0	0	0	0	0	0	0	0	0	0	0	0	0	0	0	0	0	0	0	0	0	0	0	0	0	0	0	0	0	0	0	0	0	0	0	0	0	0	0	0	0
1789546928347	31655	1381	7	288	12	0	0	3	0	0	0	0	26.103515625	26.103515625	0	0	0	0	90.307617188	90.307617188	0	0	0	0	0	0	0	0	0	0	0	0	0	0	0	0	0	0	0	0	0	0	0	0	0	0	0	0	0	0	0	0	0	0	0	0	0	0	0	0	0	0	0	0	0	0	0	0
1789546928367	31677	1382	7	288	12	0	0	3	0	0	0	0	26.103515625	26.103515625	0	0	0	0	90.307617188	90.307617188	0	0	0	0	0	0	0	0	0	0	0	0	0	0	0	0	0	0	0	0	0	0	0	0	0	0	0	0	0	0	0	0	0	0	0	0	0	0	0	0	0	0	0	0	0	0	0	0
1789546928393	31699	1383	7	288	12	0	0	3	0	0	0	0	26.103515625	26.103515625	0	0	0	0	90.307617188	90.307617188	0	0	0	0	0	0	0	0	0	0	0	0	0	0	0	0	0	0	0	0	0	0	0	0	0	0	0	0	0	0	0	0	0	0	0	0	0	0	0	0	0	0	0	0	0	0	0	0
1789546928414	31721	1384	7	288	12	0	0	3	0	0	0	0	26.103515625	26.103515625	0	0	0	0	90.307617188	90.307617188	0	0	0	0	0	0	0	0	0	0	0	0	0	0	0	0	0	0	0	0	0	0	0	0	0	0	0	0	0	0	0	0	0	0	0	0	0	0	0	0	0	0	0	0	0	0	0	0
1789546928434	31743	1385	7	288	12	0	0	3	0	0	0	0	26.103515625	26.103515625	0	0	0	0	90.307617188	90.307617188	0	0	0	0	0	0	0	0	0	0	0	0	0	0	0	0	0	0	0	0	0	0	0	0	0	0	0	0	0	0	0	0	0	0	0	0	0	0	0	0	0	0	0	0	0	0	0	0
1789546928461	31765	1386	7	288	12	0	0	3	0	0	0	0	26.103515625	26.103515625	0	0	0	0	90.307617188	90.307617188	0	0	0	0	0	0	0	0	0	0	0	0	0	0	0	0	0	0	0	0	0	0	0	0	0	0	0	0	0	0	0	0	0	0	0	0	0	0	0	0	0	0	0	0	0	0	0	0
1789546928481	31787	1387	7	288	12	0	0	3	0	0	0	0	26.103515625	26.103515625	0	0	0	0	90.307617188	90.307617188	0	0	0	0	0	0	0	0	0	0	0	0	0	0	0	0	0	0	0	0	0	0	0	0	0	0	0	0	0	0	0	0	0	0	0	0	0	0	0	0	0	0	0	0	0	0	0	0
1789546928501	31809	1388	7	288	12	0	0	3	0	0	0	0	26.103515625	26.103515625	0	0	0	0	90.307617188	90.307617188	0	0	0	0	0	0	0	0	0	0	0	0	0	0	0	0	0	0	0	0	0	0	0	0	0	0	0	0	0	0	0	0	0	0	0	0	0	0	0	0	0	0	0	0	0	0	0	0
1789546928527	31831	1389	7	288	12	0	0	3	0	0	0	0	26.103515625	26.103515625	0	0	0	0	90.307617188	90.307617188	0	0	0	0	0	0	0	0	0	0	0	0	0	0	0	0	0	0	0	0	0	0	0	0	0	0	0	0	0	0	0	0	0	0	0	0	0	0	0	0	0	0	0	0	0	0	0	0
1789546928547	31853	1390	7	288	12	0	0	3	0	0	0	0	26.103515625	26.103515625	0	0	0	0	90.307617188	90.307617188	0	0	0	0	0	0	0	0	0	0	0	0	0	0	0	0	0	0	0	0	0	0	0	0	0	0	0	0	0	0	0	0	0	0	0	0	0	0	0	0	0	0	0	0	0	0	0	0
1789546928567	31875	1391	7	288	12	0	0	3	0	0	0	0	26.103515625	26.103515625	0	0	0	0	90.307617188	90.307617188	0	0	0	0	0	0	0	0	0	0	0	0	0	0	0	0	0	0	0	0	0	0	0	0	0	0	0	0	0	0	0	0	0	0	0	0	0	0	0	0	0	0	0	0	0	0	0	0
1789546928588	31897	1392	7	288	12	0	0	3	0	0	0	0	26.103515625	26.103515625	0	0	0	0	90.307617188	90.307617188	0	0	0	0	0	0	0	0	0	0	0	0	0	0	0	0	0	0	0	0	0	0	0	0	0	0	0	0	0	0	0	0	0	0	0	0	0	0	0	0	0	0	0	0	0	0	0	0
1789546928615	31919	1393	7	288	12	0	0	3	0	0	0	0	26.103515625	26.103515625	0	0	0	0	90.307617188	90.307617188	0	0	0	0	0	0	0	0	0	0	0	0	0	0	0	0	0	0	0	0	0	0	0	0	0	0	0	0	0	0	0	0	0	0	0	0	0	0	0	0	0	0	0	0	0	0	0	0
1789546928635	31941	1394	7	288	12	0	0	3	0	0	0	0	26.103515625	26.103515625	0	0	0	0	90.307617188	90.307617188	0	0	0	0	0	0	0	0	0	0	0	0	0	0	0	0	0	0	0	0	0	0	0	0	0	0	0	0	0	0	0	0	0	0	0	0	0	0	0	0	0	0	0	0	0	0	0	0
1789546928655	31963	1395	7	288	12	0	0	3	0	0	0	0	26.103515625	26.103515625	0	0	0	0	90.307617188	90.307617188	0	0	0	0	0	0	0	0	0	0	0	0	0	0	0	0	0	0	0	0	0	0	0	0	0	0	0	0	0	0	0	0	0	0	0	0	0	0	0	0	0	0	0	0	0	0	0	0
1789546928681	31985	1396	7	288	12	0	0	3	0	0	0	0	26.103515625	26.103515625	0	0	0	0	90.307617188	90.307617188	0	0	0	0	0	0	0	0	0	0	0	0	0	0	0	0	0	0	0	0	0	0	0	0	0	0	0	0	0	0	0	0	0	0	0	0	0	0	0	0	0	0	0	0	0	0	0	0
1789546928701	32007	1397	7	288	12	0	0	3	0	0	0	0	26.103515625	26.103515625	0	0	0	0	90.307617188	90.307617188	0	0	0	0	0	0	0	0	0	0	0	0	0	0	0	0	0	0	0	0	0	0	0	0	0	0	0	0	0	0	0	0	0	0	0	0	0	0	0	0	0	0	0	0	0	0	0	0
1789546928721	32029	1398	7	288	12	0	0	3	0	0	0	0	26.103515625	26.103515625	0	0	0	0	90.307617188	90.307617188	0	0	0	0	0	0	0	0	0	0	0	0	0	0	0	0	0	0	0	0	0	0	0	0	0	0	0	0	0	0	0	0	0	0	0	0	0	0	0	0	0	0	0	0	0	0	0	0
1789546928741	32051	1399	7	288	12	0	0	3	0	0	0	0	26.103515625	26.103515625	0	0	0	0	90.307617188	90.307617188	0	0	0	0	0	0	0	0	0	0	0	0	0	0	0	0	0	0	0	0	0	0	0	0	0	0	0	0	0	0	0	0	0	0	0	0	0	0	0	0	0	0	0	0	0	0	0	0
1789546928768	32073	1400	7	288	12	0	0	3	0	0	0	0	26.103515625	26.103515625	0	0	0	0	90.307617188	90.307617188	0	0	0	0	0	0	0	0	0	0	0	0	0	0	0	0	0	0	0	0	0	0	0	0	0	0	0	0	0	0	0	0	0	0	0	0	0	0	0	0	0	0	0	0	0	0	0	0
1789546928788	32095	1401	7	288	12	0	0	3	0	0	0	0	26.103515625	26.103515625	0	0	0	0	90.3515625	90.3515625	0	0	0	0	0	0	0	0	0	0	0	0	0	0	0	0	0	0	0	0	0	0	0	0	0	0	0	0	0	0	0	0	0	0	0	0	0	0	0	0	0	0	0	0	0	0	0	0
1789546928808	32117	1402	7	288	12	0	0	3	0	0	0	0	26.103515625	26.103515625	0	0	0	0	90.307617188	90.307617188	0	0	0	0	0	0	0	0	0	0	0	0	0	0	0	0	0	0	0	0	0	0	0	0	0	0	0	0	0	0	0	0	0	0	0	0	0	0	0	0	0	0	0	0	0	0	0	0
1789546928834	32139	1403	7	288	12	0	0	3	0	0	0	0	26.103515625	26.103515625	0	0	0	0	90.307617188	90.307617188	0	0	0	0	0	0	0	0	0	0	0	0	0	0	0	0	0	0	0	0	0	0	0	0	0	0	0	0	0	0	0	0	0	0	0	0	0	0	0	0	0	0	0	0	0	0	0	0
1789546928854	32161	1404	7	288	12	0	0	3	0	0	0	0	26.103515625	26.103515625	0	0	0	0	90.307617188	90.307617188	0	0	0	0	0	0	0	0	0	0	0	0	0	0	0	0	0	0	0	0	0	0	0	0	0	0	0	0	0	0	0	0	0	0	0	0	0	0	0	0	0	0	0	0	0	0	0	0
1789546928875	32183	1405	7	288	12	0	0	3	0	0	0	0	26.103515625	26.103515625	0	0	0	0	90.307617188	90.307617188	0	0	0	0	0	0	0	0	0	0	0	0	0	0	0	0	0	0	0	0	0	0	0	0	0	0	0	0	0	0	0	0	0	0	0	0	0	0	0	0	0	0	0	0	0	0	0	0
1789546928901	32205	1406	7	288	12	0	0	3	0	0	0	0	26.103515625	26.103515625	0	0	0	0	90.307617188	90.307617188	0	0	0	0	0	0	0	0	0	0	0	0	0	0	0	0	0	0	0	0	0	0	0	0	0	0	0	0	0	0	0	0	0	0	0	0	0	0	0	0	0	0	0	0	0	0	0	0
1789546928921	32227	1407	7	288	12	0	0	3	0	0	0	0	26.103515625	26.103515625	0	0	0	0	90.307617188	90.307617188	0	0	0	0	0	0	0	0	0	0	0	0	0	0	0	0	0	0	0	0	0	0	0	0	0	0	0	0	0	0	0	0	0	0	0	0	0	0	0	0	0	0	0	0	0	0	0	0
1789546928941	32249	1408	7	288	12	0	0	3	0	0	0	0	26.103515625	26.103515625	0	0	0	0	90.307617188	90.307617188	0	0	0	0	0	0	0	0	0	0	0	0	0	0	0	0	0	0	0	0	0	0	0	0	0	0	0	0	0	0	0	0	0	0	0	0	0	0	0	0	0	0	0	0	0	0	0	0
1789546928967	32271	1409	7	288	12	0	0	3	0	0	0	0	26.103515625	26.103515625	0	0	0	0	90.307617188	90.307617188	0	0	0	0	0	0	0	0	0	0	0	0	0	0	0	0	0	0	0	0	0	0	0	0	0	0	0	0	0	0	0	0	0	0	0	0	0	0	0	0	0	0	0	0	0	0	0	0
1789546928987	32293	1410	7	288	12	0	0	3	0	0	0	0	26.103515625	26.103515625	0	0	0	0	90.307617188	90.307617188	0	0	0	0	0	0	0	0	0	0	0	0	0	0	0	0	0	0	0	0	0	0	0	0	0	0	0	0	0	0	0	0	0	0	0	0	0	0	0	0	0	0	0	0	0	0	0	0
1789546929008	32315	1411	7	288	12	0	0	3	0	0	0	0	26.103515625	26.103515625	0	0	0	0	90.307617188	90.307617188	0	0	0	0	0	0	0	0	0	0	0	0	0	0	0	0	0	0	0	0	0	0	0	0	0	0	0	0	0	0	0	0	0	0	0	0	0	0	0	0	0	0	0	0	0	0	0	0
1789546929029	32337	1412	7	288	12	0	0	3	0	0	0	0	26.103515625	26.103515625	0	0	0	0	90.307617188	90.307617188	0	0	0	0	0	0	0	0	0	0	0	0	0	0	0	0	0	0	0	0	0	0	0	0	0	0	0	0	0	0	0	0	0	0	0	0	0	0	0	0	0	0	0	0	0	0	0	0
1789546929049	32359	1413	7	288	12	0	0	3	0	0	0	0	26.103515625	26.103515625	0	0	0	0	90.307617188	90.307617188	0	0	0	0	0	0	0	0	0	0	0	0	0	0	0	0	0	0	0	0	0	0	0	0	0	0	0	0	0	0	0	0	0	0	0	0	0	0	0	0	0	0	0	0	0	0	0	0
1789546929075	32381	1414	7	288	12	0	0	3	0	0	0	0	26.103515625	26.103515625	0	0	0	0	90.307617188	90.307617188	0	0	0	0	0	0	0	0	0	0	0	0	0	0	0	0	0	0	0	0	0	0	0	0	0	0	0	0	0	0	0	0	0	0	0	0	0	0	0	0	0	0	0	0	0	0	0	0
1789546929095	32403	1415	7	288	12	0	0	3	0	0	0	0	26.103515625	26.103515625	0	0	0	0	90.307617188	90.307617188	0	0	0	0	0	0	0	0	0	0	0	0	0	0	0	0	0	0	0	0	0	0	0	0	0	0	0	0	0	0	0	0	0	0	0	0	0	0	0	0	0	0	0	0	0	0	0	0
1789546929116	32425	1416	7	288	12	0	0	3	0	0	0	0	26.103515625	26.103515625	0	0	0	0	90.307617188	90.307617188	0	0	0	0	0	0	0	0	0	0	0	0	0	0	0	0	0	0	0	0	0	0	0	0	0	0	0	0	0	0	0	0	0	0	0	0	0	0	0	0	0	0	0	0	0	0	0	0
1789546929143	32447	1417	7	288	12	0	0	3	0	0	0	0	26.103515625	26.103515625	0	0	0	0	90.307617188	90.307617188	0	0	0	0	0	0	0	0	0	0	0	0	0	0	0	0	0	0	0	0	0	0	0	0	0	0	0	0	0	0	0	0	0	0	0	0	0	0	0	0	0	0	0	0	0	0	0	0
1789546929163	32469	1418	7	288	12	0	0	3	0	0	0	0	26.103515625	26.103515625	0	0	0	0	90.307617188	90.307617188	0	0	0	0	0	0	0	0	0	0	0	0	0	0	0	0	0	0	0	0	0	0	0	0	0	0	0	0	0	0	0	0	0	0	0	0	0	0	0	0	0	0	0	0	0	0	0	0
1789546929184	32491	1419	7	288	12	0	0	3	0	0	0	0	26.103515625	26.103515625	0	0	0	0	90.307617188	90.307617188	0	0	0	0	0	0	0	0	0	0	0	0	0	0	0	0	0	0	0	0	0	0	0	0	0	0	0	0	0	0	0	0	0	0	0	0	0	0	0	0	0	0	0	0	0	0	0	0
1789546929203	32513	1420	7	288	12	0	0	3	0	0	0	0	26.103515625	26.103515625	0	0	0	0	90.307617188	90.307617188	0	0	0	0	0	0	0	0	0	0	0	0	0	0	0	0	0	0	0	0	0	0	0	0	0	0	0	0	0	0	0	0	0	0	0	0	0	0	0	0	0	0	0	0	0	0	0	0
1789546929230	32535	1421	7	288	12	0	0	3	0	0	0	0	26.103515625	26.103515625	0	0	0	0	90.307617188	90.307617188	0	0	0	0	0	0	0	0	0	0	0	0	0	0	0	0	0	0	0	0	0	0	0	0	0	0	0	0	0	0	0	0	0	0	0	0	0	0	0	0	0	0	0	0	0	0	0	0
1789546929250	32557	1422	7	288	12	0	0	3	0	0	0	0	26.103515625	26.103515625	0	0	0	0	90.307617188	90.307617188	0	0	0	0	0	0	0	0	0	0	0	0	0	0	0	0	0	0	0	0	0	0	0	0	0	0	0	0	0	0	0	0	0	0	0	0	0	0	0	0	0	0	0	0	0	0	0	0
1789546929270	32579	1423	7	288	12	0	0	3	0	0	0	0	26.103515625	26.103515625	0	0	0	0	90.307617188	90.307617188	0	0	0	0	0	0	0	0	0	0	0	0	0	0	0	0	0	0	0	0	0	0	0	0	0	0	0	0	0	0	0	0	0	0	0	0	0	0	0	0	0	0	0	0	0	0	0	0
1789546929296	32601	1424	7	288	12	0	0	3	0	0	0	0	26.103515625	26.103515625	0	0	0	0	90.307617188	90.307617188	0	0	0	0	0	0	0	0	0	0	0	0	0	0	0	0	0	0	0	0	0	0	0	0	0	0	0	0	0	0	0	0	0	0	0	0	0	0	0	0	0	0	0	0	0	0	0	0
1789546929316	32623	1425	7	288	12	0	0	3	0	0	0	0	26.103515625	26.103515625	0	0	0	0	90.307617188	90.307617188	0	0	0	0	0	0	0	0	0	0	0	0	0	0	0	0	0	0	0	0	0	0	0	0	0	0	0	0	0	0	0	0	0	0	0	0	0	0	0	0	0	0	0	0	0	0	0	0
1789546929337	32645	1426	7	288	12	0	0	3	0	0	0	0	26.103515625	26.103515625	0	0	0	0	90.307617188	90.307617188	0	0	0	0	0	0	0	0	0	0	0	0	0	0	0	0	0	0	0	0	0	0	0	0	0	0	0	0	0	0	0	0	0	0	0	0	0	0	0	0	0	0	0	0	0	0	0	0
1789546929357	32667	1427	7	288	12	0	0	3	0	0	0	0	26.103515625	26.103515625	0	0	0	0	90.307617188	90.307617188	0	0	0	0	0	0	0	0	0	0	0	0	0	0	0	0	0	0	0	0	0	0	0	0	0	0	0	0	0	0	0	0	0	0	0	0	0	0	0	0	0	0	0	0	0	0	0	0
1789546929383	32689	1428	7	288	12	0	0	3	0	0	0	0	26.103515625	26.103515625	0	0	0	0	90.307617188	90.307617188	0	0	0	0	0	0	0	0	0	0	0	0	0	0	0	0	0	0	0	0	0	0	0	0	0	0	0	0	0	0	0	0	0	0	0	0	0	0	0	0	0	0	0	0	0	0	0	0
1789546929404	32711	1429	7	288	12	0	0	3	0	0	0	0	26.103515625	26.103515625	0	0	0	0	90.307617188	90.307617188	0	0	0	0	0	0	0	0	0	0	0	0	0	0	0	0	0	0	0	0	0	0	0	0	0	0	0	0	0	0	0	0	0	0	0	0	0	0	0	0	0	0	0	0	0	0	0	0
1789546929424	32733	1430	7	288	12	0	0	3	0	0	0	0	26.103515625	26.103515625	0	0	0	0	90.307617188	90.307617188	0	0	0	0	0	0	0	0	0	0	0	0	0	0	0	0	0	0	0	0	0	0	0	0	0	0	0	0	0	0	0	0	0	0	0	0	0	0	0	0	0	0	0	0	0	0	0	0
1789546929450	32755	1431	7	288	12	0	0	3	0	0	0	0	26.103515625	26.103515625	0	0	0	0	90.307617188	90.307617188	0	0	0	0	0	0	0	0	0	0	0	0	0	0	0	0	0	0	0	0	0	0	0	0	0	0	0	0	0	0	0	0	0	0	0	0	0	0	0	0	0	0	0	0	0	0	0	0
1789546929472	32777	1432	7	288	12	0	0	3	0	0	0	0	26.103515625	26.103515625	0	0	0	0	90.307617188	90.307617188	0	0	0	0	0	0	0	0	0	0	0	0	0	0	0	0	0	0	0	0	0	0	0	0	0	0	0	0	0	0	0	0	0	0	0	0	0	0	0	0	0	0	0	0	0	0	0	0
1789546929493	32799	1433	7	288	12	0	0	3	0	0	0	0	26.103515625	26.103515625	0	0	0	0	90.307617188	90.307617188	0	0	0	0	0	0	0	0	0	0	0	0	0	0	0	0	0	0	0	0	0	0	0	0	0	0	0	0	0	0	0	0	0	0	0	0	0	0	0	0	0	0	0	0	0	0	0	0
1789546929513	32821	1434	7	288	12	0	0	3	0	0	0	0	26.103515625	26.103515625	0	0	0	0	90.307617188	90.307617188	0	0	0	0	0	0	0	0	0	0	0	0	0	0	0	0	0	0	0	0	0	0	0	0	0	0	0	0	0	0	0	0	0	0	0	0	0	0	0	0	0	0	0	0	0	0	0	0
1789546929539	32843	1435	7	288	12	0	0	3	0	0	0	0	26.103515625	26.103515625	0	0	0	0	90.307617188	90.307617188	0	0	0	0	0	0	0	0	0	0	0	0	0	0	0	0	0	0	0	0	0	0	0	0	0	0	0	0	0	0	0	0	0	0	0	0	0	0	0	0	0	0	0	0	0	0	0	0
1789546929559	32865	1436	7	288	12	0	0	3	0	0	0	0	26.103515625	26.103515625	0	0	0	0	90.307617188	90.307617188	0	0	0	0	0	0	0	0	0	0	0	0	0	0	0	0	0	0	0	0	0	0	0	0	0	0	0	0	0	0	0	0	0	0	0	0	0	0	0	0	0	0	0	0	0	0	0	0
1789546929579	32887	1437	7	288	12	0	0	3	0	0	0	0	26.103515625	26.103515625	0	0	0	0	90.307617188	90.307617188	0	0	0	0	0	0	0	0	0	0	0	0	0	0	0	0	0	0	0	0	0	0	0	0	0	0	0	0	0	0	0	0	0	0	0	0	0	0	0	0	0	0	0	0	0	0	0	0
1789546929599	32909	1438	7	288	12	0	0	3	0	0	0	0	26.103515625	26.103515625	0	0	0	0	90.307617188	90.307617188	0	0	0	0	0	0	0	0	0	0	0	0	0	0	0	0	0	0	0	0	0	0	0	0	0	0	0	0	0	0	0	0	0	0	0	0	0	0	0	0	0	0	0	0	0	0	0	0
1789546929625	32931	1439	7	288	12	0	0	3	0	0	0	0	26.103515625	26.103515625	0	0	0	0	90.307617188	90.307617188	0	0	0	0	0	0	0	0	0	0	0	0	0	0	0	0	0	0	0	0	0	0	0	0	0	0	0	0	0	0	0	0	0	0	0	0	0	0	0	0	0	0	0	0	0	0	0	0
1789546929646	32953	1440	7	288	12	0	0	3	0	0	0	0	26.103515625	26.103515625	0	0	0	0	90.307617188	90.307617188	0	0	0	0	0	0	0	0	0	0	0	0	0	0	0	0	0	0	0	0	0	0	0	0	0	0	0	0	0	0	0	0	0	0	0	0	0	0	0	0	0	0	0	0	0	0	0	0
1789546929666	32975	1441	7	288	12	0	0	3	0	0	0	0	26.103515625	26.103515625	0	0	0	0	90.307617188	90.307617188	0	0	0	0	0	0	0	0	0	0	0	0	0	0	0	0	0	0	0	0	0	0	0	0	0	0	0	0	0	0	0	0	0	0	0	0	0	0	0	0	0	0	0	0	0	0	0	0
1789546929692	32997	1442	7	288	12	0	0	3	0	0	0	0	26.103515625	26.103515625	0	0	0	0	90.307617188	90.307617188	0	0	0	0	0	0	0	0	0	0	0	0	0	0	0	0	0	0	0	0	0	0	0	0	0	0	0	0	0	0	0	0	0	0	0	0	0	0	0	0	0	0	0	0	0	0	0	0
1789546929712	33019	1443	7	288	12	0	0	3	0	0	0	0	26.103515625	26.103515625	0	0	0	0	90.307617188	90.307617188	0	0	0	0	0	0	0	0	0	0	0	0	0	0	0	0	0	0	0	0	0	0	0	0	0	0	0	0	0	0	0	0	0	0	0	0	0	0	0	0	0	0	0	0	0	0	0	0
1789546929733	33041	1444	7	288	12	0	0	3	0	0	0	0	26.103515625	26.103515625	0	0	0	0	90.307617188	90.307617188	0	0	0	0	0	0	0	0	0	0	0	0	0	0	0	0	0	0	0	0	0	0	0	0	0	0	0	0	0	0	0	0	0	0	0	0	0	0	0	0	0	0	0	0	0	0	0	0
1789546929753	33063	1445	7	288	12	0	0	3	0	0	0	0	26.103515625	26.103515625	0	0	0	0	90.307617188	90.307617188	0	0	0	0	0	0	0	0	0	0	0	0	0	0	0	0	0	0	0	0	0	0	0	0	0	0	0	0	0	0	0	0	0	0	0	0	0	0	0	0	0	0	0	0	0	0	0	0
1789546929779	33085	1446	7	288	12	0	0	3	0	0	0	0	26.103515625	26.103515625	0	0	0	0	90.307617188	90.307617188	0	0	0	0	0	0	0	0	0	0	0	0	0	0	0	0	0	0	0	0	0	0	0	0	0	0	0	0	0	0	0	0	0	0	0	0	0	0	0	0	0	0	0	0	0	0	0	0
1789546929800	33107	1447	7	288	12	0	0	3	0	0	0	0	26.103515625	26.103515625	0	0	0	0	90.307617188	90.307617188	0	0	0	0	0	0	0	0	0	0	0	0	0	0	0	0	0	0	0	0	0	0	0	0	0	0	0	0	0	0	0	0	0	0	0	0	0	0	0	0	0	0	0	0	0	0	0	0
1789546929819	33129	1448	7	288	12	0	0	3	0	0	0	0	26.103515625	26.103515625	0	0	-12	12	90.307617188	90.307617188	0	0	0	0	0	0	0	0	0	0	0	0	0	0	0	0	0	0	0	0	0	0	0	0	0	0	0	0	0	0	0	0	0	0	0	0	0	0	0	0	0	0	0	0	0	0	0	0
1789546929846	33151	1449	7	288	12	0	0	3	0	0	0	0	26.103515625	26.103515625	0	0	0	0	90.307617188	90.307617188	0	0	0	0	0	0	0	0	0	0	0	0	0	0	0	0	0	0	0	0	0	0	0	0	0	0	0	0	0	0	0	0	0	0	0	0	0	0	0	0	0	0	0	0	0	0	0	0
1789546929866	33173	1450	7	288	12	0	0	3	0	0	0	0	26.103515625	26.103515625	0	0	0	0	90.307617188	90.307617188	0	0	0	0	0	0	0	0	0	0	0	0	0	0	0	0	0	0	0	0	0	0	0	0	0	0	0	0	0	0	0	0	0	0	0	0	0	0	0	0	0	0	0	0	0	0	0	0
1789546929885	33195	1451	7	288	12	0	0	3	0	0	0	0	26.103515625	26.103515625	0	0	0	0	90.307617188	90.307617188	0	0	0	0	0	0	0	0	0	0	0	0	0	0	0	0	0	0	0	0	0	0	0	0	0	0	0	0	0	0	0	0	0	0	0	0	0	0	0	0	0	0	0	0	0	0	0	0
1789546929912	33217	1452	7	288	12	0	0	3	0	0	0	0	26.103515625	26.103515625	0	0	0	0	90.307617188	90.307617188	0	0	0	0	0	0	0	0	0	0	0	0	0	0	0	0	0	0	0	0	0	0	0	0	0	0	0	0	0	0	0	0	0	0	0	0	0	0	0	0	0	0	0	0	0	0	0	0
1789546929932	33239	1453	7	288	12	0	0	3	0	0	0	0	26.103515625	26.103515625	0	0	0	0	90.307617188	90.307617188	0	0	0	0	0	0	0	0	0	0	0	0	0	0	0	0	0	0	0	0	0	0	0	0	0	0	0	0	0	0	0	0	0	0	0	0	0	0	0	0	0	0	0	0	0	0	0	0
1789546929952	33261	1454	7	288	12	0	0	3	0	0	0	0	26.103515625	26.103515625	0	0	0	0	90.307617188	90.307617188	0	0	0	0	0	0	0	0	0	0	0	0	0	0	0	0	0	0	0	0	0	0	0	0	0	0	0	0	0	0	0	0	0	0	0	0	0	0	0	0	0	0	0	0	0	0	0	0
1789546929979	33283	1455	7	288	12	0	0	3	0	0	0	0	26.103515625	26.103515625	0	0	0	0	90.307617188	90.307617188	0	0	0	0	0	0	0	0	0	0	0	0	0	0	0	0	0	0	0	0	0	0	0	0	0	0	0	0	0	0	0	0	0	0	0	0	0	0	0	0	0	0	0	0	0	0	0	0
1789546929999	33305	1456	7	288	12	0	0	3	0	0	0	0	26.103515625	26.103515625	0	0	0	0	90.307617188	90.307617188	0	0	0	0	0	0	0	0	0	0	0	0	0	0	0	0	0	0	0	0	0	0	0	0	0	0	0	0	0	0	0	0	0	0	0	0	0	0	0	0	0	0	0	0	0	0	0	0
1789546930019	33327	1457	7	288	12	0	0	3	0	0	0	0	26.103515625	26.103515625	0	0	0	0	90.307617188	90.307617188	0	0	0	0	0	0	0	0	0	0	0	0	0	0	0	0	0	0	0	0	0	0	0	0	0	0	0	0	0	0	0	0	0	0	0	0	0	0	0	0	0	0	0	0	0	0	0	0
1789546930045	33349	1458	7	288	12	0	0	3	0	0	0	0	26.103515625	26.103515625	0	0	0	0	90.307617188	90.307617188	0	0	0	0	0	0	0	0	0	0	0	0	0	0	0	0	0	0	0	0	0	0	0	0	0	0	0	0	0	0	0	0	0	0	0	0	0	0	0	0	0	0	0	0	0	0	0	0
1789546930065	33371	1459	7	288	12	0	0	3	0	0	0	0	26.103515625	26.103515625	0	0	0	0	90.307617188	90.307617188	0	0	0	0	0	0	0	0	0	0	0	0	0	0	0	0	0	0	0	0	0	0	0	0	0	0	0	0	0	0	0	0	0	0	0	0	0	0	0	0	0	0	0	0	0	0	0	0
1789546930085	33393	1460	7	288	12	0	0	3	0	0	0	0	26.103515625	26.103515625	0	0	0	0	90.307617188	90.307617188	0	0	0	0	0	0	0	0	0	0	0	0	0	0	0	0	0	0	0	0	0	0	0	0	0	0	0	0	0	0	0	0	0	0	0	0	0	0	0	0	0	0	0	0	0	0	0	0
1789546930105	33415	1461	7	288	12	0	0	3	0	0	0	0	26.103515625	26.103515625	0	0	0	0	90.307617188	90.307617188	0	0	0	0	0	0	0	0	0	0	0	0	0	0	0	0	0	0	0	0	0	0	0	0	0	0	0	0	0	0	0	0	0	0	0	0	0	0	0	0	0	0	0	0	0	0	0	0
1789546930131	33437	1462	7	288	12	0	0	3	0	0	0	0	26.103515625	26.103515625	0	0	0	0	90.307617188	90.307617188	0	0	0	0	0	0	0	0	0	0	0	0	0	0	0	0	0	0	0	0	0	0	0	0	0	0	0	0	0	0	0	0	0	0	0	0	0	0	0	0	0	0	0	0	0	0	0	0
1789546930151	33459	1463	7	288	12	0	0	3	0	0	0	0	26.103515625	26.103515625	0	0	0	0	90.307617188	90.307617188	0	0	0	0	0	0	0	0	0	0	0	0	0	0	0	0	0	0	0	0	0	0	0	0	0	0	0	0	0	0	0	0	0	0	0	0	0	0	0	0	0	0	0	0	0	0	0	0
1789546930171	33481	1464	7	288	12	0	0	3	0	0	0	0	26.103515625	26.103515625	0	0	0	0	90.307617188	90.307617188	0	0	0	0	0	0	0	0	0	0	0	0	0	0	0	0	0	0	0	0	0	0	0	0	0	0	0	0	0	0	0	0	0	0	0	0	0	0	0	0	0	0	0	0	0	0	0	0
1789546930197	33503	1465	7	288	12	0	0	3	0	0	0	0	26.103515625	26.103515625	0	0	0	0	90.307617188	90.307617188	0	0	0	0	0	0	0	0	0	0	0	0	0	0	0	0	0	0	0	0	0	0	0	0	0	0	0	0	0	0	0	0	0	0	0	0	0	0	0	0	0	0	0	0	0	0	0	0
1789546930217	33525	1466	7	288	12	0	0	3	0	0	0	0	26.103515625	26.103515625	0	0	0	0	90.307617188	90.307617188	0	0	-6	6	0	0	0	0	0	0	0	0	0	0	0	0	0	0	0	0	0	0	0	0	0	0	0	0	0	0	0	0	0	0	0	0	0	0	0	0	0	0	0	0	0	0	0	0
1789546930237	33547	1467	7	288	12	0	0	3	0	0	0	0	26.103515625	26.103515625	0	0	0	0	90.307617188	90.307617188	0	0	0	0	0	0	0	0	0	0	0	0	0	0	0	0	0	0	0	0	0	0	0	0	0	0	0	0	0	0	0	0	0	0	0	0	0	0	0	0	0	0	0	0	0	0	0	0
1789546930264	33569	1468	7	288	12	0	0	3	0	0	0	0	26.103515625	26.103515625	0	0	0	0	90.307617188	90.307617188	0	0	0	0	0	0	0	0	0	0	0	0	0	0	0	0	0	0	0	0	0	0	0	0	0	0	0	0	0	0	0	0	0	0	0	0	0	0	0	0	0	0	0	0	0	0	0	0
1789546930284	33591	1469	7	288	12	0	0	3	0	0	0	0	26.103515625	26.103515625	0	0	0	0	90.307617188	90.307617188	0	0	0	0	0	0	0	0	0	0	0	0	0	0	0	0	0	0	0	0	0	0	0	0	0	0	0	0	0	0	0	0	0	0	0	0	0	0	0	0	0	0	0	0	0	0	0	0
1789546930304	33613	1470	7	288	12	0	0	3	0	0	0	0	26.103515625	26.103515625	0	0	0	0	90.307617188	90.307617188	0	0	0	0	0	0	0	0	0	0	0	0	0	0	0	0	0	0	0	0	0	0	0	0	0	0	0	0	0	0	0	0	0	0	0	0	0	0	0	0	0	0	0	0	0	0	0	0
1789546930330	33635	1471	7	288	12	0	0	3	0	0	0	0	26.103515625	26.103515625	0	0	0	0	90.307617188	90.307617188	0	0	0	0	0	0	0	0	0	0	0	0	0	0	0	0	0	0	0	0	0	0	0	0	0	0	0	0	0	0	0	0	0	0	0	0	0	0	0	0	0	0	0	0	0	0	0	0
1789546930350	33657	1472	7	288	12	0	0	3	0	0	0	0	26.103515625	26.103515625	0	0	0	0	90.307617188	90.307617188	0	0	0	0	0	0	0	0	0	0	0	0	0	0	0	0	0	0	0	0	0	0	0	0	0	0	0	0	0	0	0	0	0	0	0	0	0	0	0	0	0	0	0	0	0	0	0	0
1789546930370	33679	1473	7	288	12	0	0	3	0	0	0	0	26.103515625	26.103515625	0	0	0	0	90.307617188	90.307617188	0	0	0	0	0	0	0	0	0	0	0	0	0	0	0	0	0	0	0	0	0	0	0	0	0	0	0	0	0	0	0	0	0	0	0	0	0	0	0	0	0	0	0	0	0	0	0	0
1789546930397	33701	1474	7	288	12	0	0	3	0	0	0	0	26.103515625	26.103515625	0	0	0	0	90.307617188	90.307617188	0	0	0	0	0	0	0	0	0	0	0	0	0	0	0	0	0	0	0	0	0	0	0	0	0	0	0	0	0	0	0	0	0	0	0	0	0	0	0	0	0	0	0	0	0	0	0	0
1789546930417	33723	1475	7	288	12	0	0	3	0	0	0	0	26.103515625	26.103515625	0	0	0	0	90.307617188	90.307617188	0	0	0	0	0	0	0	0	0	0	0	0	0	0	0	0	0	0	0	0	0	0	0	0	0	0	0	0	0	0	0	0	0	0	0	0	0	0	0	0	0	0	0	0	0	0	0	0
1789546930437	33745	1476	7	288	12	0	0	3	0	0	0	0	26.103515625	26.103515625	0	0	0	0	90.307617188	90.307617188	0	0	0	0	0	0	0	0	0	0	0	0	0	0	0	0	0	0	0	0	0	0	0	0	0	0	0	0	0	0	0	0	0	0	0	0	0	0	0	0	0	0	0	0	0	0	0	0
1789546930463	33767	1477	7	288	12	0	0	3	0	0	0	0	26.103515625	26.103515625	0	0	0	0	90.307617188	90.307617188	0	0	0	0	0	0	0	0	0	0	0	0	0	0	0	0	0	0	0	0	0	0	0	0	0	0	0	0	0	0	0	0	0	0	0	0	0	0	0	0	0	0	0	0	0	0	0	0
1789546930483	33789	1478	7	288	12	0	0	3	0	0	0	0	26.103515625	26.103515625	0	0	0	0	90.307617188	90.307617188	0	0	0	0	0	0	0	0	0	0	0	0	0	0	0	0	0	0	0	0	0	0	0	0	0	0	0	0	0	0	0	0	0	0	0	0	0	0	0	0	0	0	0	0	0	0	0	0
1789546930504	33811	1479	7	288	12	0	0	3	0	0	0	0	26.103515625	26.103515625	0	0	0	0	90.307617188	90.307617188	0	0	0	0	0	0	0	0	0	0	0	0	0	0	0	0	0	0	0	0	0	0	0	0	0	0	0	0	0	0	0	0	0	0	0	0	0	0	0	0	0	0	0	0	0	0	0	0
1789546930524	33833	1480	7	288	12	0	0	3	0	0	0	0	26.103515625	26.103515625	0	0	0	0	90.307617188	90.307617188	0	0	0	0	0	0	0	0	0	0	0	0	0	0	0	0	0	0	0	0	0	0	0	0	0	0	0	0	0	0	0	0	0	0	0	0	0	0	0	0	0	0	0	0	0	0	0	0
1789546930551	33855	1481	7	288	12	0	0	3	0	0	0	0	26.103515625	26.103515625	0	0	0	0	90.307617188	90.307617188	0	0	0	0	0	0	0	0	0	0	0	0	0	0	0	0	0	0	0	0	0	0	0	0	0	0	0	0	0	0	0	0	0	0	0	0	0	0	0	0	0	0	0	0	0	0	0	0
1789546930571	33877	1482	7	288	12	0	0	3	0	0	0	0	26.103515625	26.103515625	0	0	0	0	90.307617188	90.307617188	0	0	0	0	0	0	0	0	0	0	0	0	0	0	0	0	0	0	0	0	0	0	0	0	0	0	0	0	0	0	0	0	0	0	0	0	0	0	0	0	0	0	0	0	0	0	0	0
1789546930591	33899	1483	7	288	12	0	0	3	0	0	0	0	26.103515625	26.103515625	0	0	0	0	90.307617188	90.307617188	0	0	0	0	0	0	0	0	0	0	0	0	0	0	0	0	0	0	0	0	0	0	0	0	0	0	0	0	0	0	0	0	0	0	0	0	0	0	0	0	0	0	0	0	0	0	0	0
1789546930617	33921	1484	7	288	12	0	0	3	0	0	0	0	26.103515625	26.103515625	0	0	0	0	90.307617188	90.307617188	0	0	0	0	0	0	0	0	0	0	0	0	0	0	0	0	0	0	0	0	0	0	0	0	0	0	0	0	0	0	0	0	0	0	0	0	0	0	0	0	0	0	0	0	0	0	0	0
1789546930637	33943	1485	7	288	12	0	0	3	0	0	0	0	26.103515625	26.103515625	0	0	0	0	90.307617188	90.307617188	0	0	0	0	0	0	0	0	0	0	0	0	0	0	0	0	0	0	0	0	0	0	0	0	0	0	0	0	0	0	0	0	0	0	0	0	0	0	0	0	0	0	0	0	0	0	0	0
1789546930656	33965	1486	7	288	12	0	0	3	0	0	0	0	26.103515625	26.103515625	0	0	0	0	90.307617188	90.307617188	0	0	0	0	0	0	0	0	0	0	0	0	0	0	0	0	0	0	0	0	0	0	0	0	0	0	0	0	0	0	0	0	0	0	0	0	0	0	0	0	0	0	0	0	0	0	0	0
1789546930683	33987	1487	7	288	12	0	0	3	0	0	0	0	26.103515625	26.103515625	0	0	0	0	90.307617188	90.307617188	0	0	0	0	0	0	0	0	0	0	0	0	0	0	0	0	0	0	0	0	0	0	0	0	0	0	0	0	0	0	0	0	0	0	0	0	0	0	0	0	0	0	0	0	0	0	0	0
1789546930704	34009	1488	7	288	12	0	0	3	0	0	0	0	26.103515625	26.103515625	0	0	0	0	90.307617188	90.307617188	0	0	0	0	0	0	0	0	0	0	0	0	0	0	0	0	0	0	0	0	0	0	0	0	0	0	0	0	0	0	0	0	0	0	0	0	0	0	0	0	0	0	0	0	0	0	0	0
1789546930723	34031	1489	7	288	12	0	0	3	0	0	0	0	26.103515625	26.103515625	0	0	0	0	90.307617188	90.307617188	0	0	0	0	0	0	0	0	0	0	0	0	0	0	0	0	0	0	0	0	0	0	0	0	0	0	0	0	0	0	0	0	0	0	0	0	0	0	0	0	0	0	0	0	0	0	0	0
1789546930743	34053	1490	7	288	12	0	0	3	0	0	0	0	26.103515625	26.103515625	0	0	0	0	90.307617188	90.307617188	0	0	0	0	0	0	0	0	0	0	0	0	0	0	0	0	0	0	0	0	0	0	0	0	0	0	0	0	0	0	0	0	0	0	0	0	0	0	0	0	0	0	0	0	0	0	0	0
1789546930770	34075	1491	7	288	12	0	0	3	0	0	0	0	26.103515625	26.103515625	0	0	0	0	90.307617188	90.307617188	0	0	0	0	0	0	0	0	0	0	0	0	0	0	0	0	0	0	0	0	0	0	0	0	0	0	0	0	0	0	0	0	0	0	0	0	0	0	0	0	0	0	0	0	0	0	0	0
1789546930789	34097	1492	7	288	12	0	0	3	0	0	0	0	26.103515625	26.103515625	0	0	0	0	90.307617188	90.307617188	0	0	0	0	0	0	0	0	0	0	0	0	0	0	0	0	0	0	0	0	0	0	0	0	0	0	0	0	0	0	0	0	0	0	0	0	0	0	0	0	0	0	0	0	0	0	0	0
1789546930809	34119	1493	7	288	12	0	0	3	0	0	0	0	26.103515625	26.103515625	0	0	0	0	90.307617188	90.307617188	0	0	0	0	0	0	0	0	0	0	0	0	0	0	0	0	0	0	0	0	0	0	0	0	0	0	0	0	0	0	0	0	0	0	0	0	0	0	0	0	0	0	0	0	0	0	0	0
1789546930835	34141	1494	7	288	12	0	0	3	0	0	0	0	26.103515625	26.103515625	0	0	0	0	90.307617188	90.307617188	0	0	0	0	0	0	0	0	0	0	0	0	0	0	0	0	0	0	0	0	0	0	0	0	0	0	0	0	0	0	0	0	0	0	0	0	0	0	0	0	0	0	0	0	0	0	0	0
1789546930856	34163	1495	7	288	12	0	0	3	0	0	0	0	26.103515625	26.103515625	0	0	0	0	90.307617188	90.307617188	0	0	0	0	0	0	0	0	0	0	0	0	0	0	0	0	0	0	0	0	0	0	0	0	0	0	0	0	0	0	0	0	0	0	0	0	0	0	0	0	0	0	0	0	0	0	0	0
1789546930876	34185	1496	7	288	12	0	0	3	0	0	0	0	26.147460938	26.147460938	0	0	0	0	90.307617188	90.307617188	0	0	0	0	0	0	0	0	0	0	0	0	0	0	0	0	0	0	0	0	0	0	0	0	0	0	0	0	0	0	0	0	0	0	0	0	0	0	0	0	0	0	0	0	0	0	0	0
1789546930902	34207	1497	7	288	12	0	0	3	0	0	0	0	26.103515625	26.103515625	0	0	0	0	90.307617188	90.307617188	0	0	0	0	0	0	0	0	0	0	0	0	0	0	0	0	0	0	0	0	0	0	0	0	0	0	0	0	0	0	0	0	0	0	0	0	0	0	0	0	0	0	0	0	0	0	0	0
1789546930923	34229	1498	7	288	12	0	0	3	0	0	0	0	26.103515625	26.103515625	0	0	0	0	90.307617188	90.307617188	0	0	0	0	0	0	0	0	0	0	0	0	0	0	0	0	0	0	0	0	0	0	0	0	0	0	0	0	0	0	0	0	0	0	0	0	0	0	0	0	0	0	0	0	0	0	0	0
1789546930943	34251	1499	7	288	12	0	0	3	0	0	0	0	26.103515625	26.103515625	0	0	0	0	90.307617188	90.307617188	0	0	0	0	0	0	0	0	0	0	0	0	0	0	0	0	0	0	0	0	0	0	0	0	0	0	0	0	0	0	0	0	0	0	0	0	0	0	0	0	0	0	0	0	0	0	0	0
1789546930963	34273	1500	7	288	12	0	0	3	0	0	0	0	26.103515625	26.103515625	0	0	0	0	90.307617188	90.307617188	0	0	0	0	0	0	0	0	0	0	0	0	0	0	0	0	0	0	0	0	0	0	0	0	0	0	0	0	0	0	0	0	0	0	0	0	0	0	0	0	0	0	0	0	0	0	0	0
1789546930989	34295	1501	7	288	12	0	0	3	0	0	0	0	26.103515625	26.103515625	0	0	0	0	90.307617188	90.307617188	0	0	0	0	0	0	0	0	0	0	0	0	0	0	0	0	0	0	0	0	0	0	0	0	0	0	0	0	0	0	0	0	0	0	0	0	0	0	0	0	0	0	0	0	0	0	0	0
1789546931010	34317	1502	7	288	12	0	0	3	0	0	0	0	26.103515625	26.103515625	0	0	0	0	90.307617188	90.307617188	0	0	0	0	0	0	0	0	0	0	0	0	0	0	0	0	0	0	0	0	0	0	0	0	0	0	0	0	0	0	0	0	0	0	0	0	0	0	0	0	0	0	0	0	0	0	0	0
1789546931030	34339	1503	7	288	12	0	0	3	0	0	0	0	26.103515625	26.103515625	0	0	0	0	90.307617188	90.307617188	0	0	-6	6	0	0	0	0	0	0	0	0	0	0	0	0	0	0	0	0	0	0	0	0	0	0	0	0	0	0	0	0	0	0	0	0	0	0	0	0	0	0	0	0	0	0	0	0
1789546931056	34361	1504	7	288	12	0	0	3	0	0	0	0	26.103515625	26.103515625	0	0	0	0	90.307617188	90.307617188	0	0	0	0	0	0	0	0	0	0	0	0	0	0	0	0	0	0	0	0	0	0	0	0	0	0	0	0	0	0	0	0	0	0	0	0	0	0	0	0	0	0	0	0	0	0	0	0
1789546931076	34383	1505	7	288	12	0	0	3	0	0	0	0	26.103515625	26.103515625	0	0	0	0	90.307617188	90.307617188	0	0	0	0	0	0	0	0	0	0	0	0	0	0	0	0	0	0	0	0	0	0	0	0	0	0	0	0	0	0	0	0	0	0	0	0	0	0	0	0	0	0	0	0	0	0	0	0
1789546931096	34405	1506	7	288	12	0	0	3	0	0	0	0	26.103515625	26.103515625	0	0	0	0	90.307617188	90.307617188	0	0	0	0	0	0	0	0	0	0	0	0	0	0	0	0	0	0	0	0	0	0	0	0	0	0	0	0	0	0	0	0	0	0	0	0	0	0	0	0	0	0	0	0	0	0	0	0
1789546931117	34427	1507	7	288	12	0	0	3	0	0	0	0	26.103515625	26.103515625	0	0	0	0	90.307617188	90.307617188	0	0	0	0	0	0	0	0	0	0	0	0	0	0	0	0	0	0	0	0	0	0	0	0	0	0	0	0	0	0	0	0	0	0	0	0	0	0	0	0	0	0	0	0	0	0	0	0
1789546931144	34449	1508	7	288	12	0	0	3	0	0	0	0	26.103515625	26.103515625	0	0	0	0	90.307617188	90.307617188	0	0	0	0	0	0	0	0	0	0	0	0	0	0	0	0	0	0	0	0	0	0	0	0	0	0	0	0	0	0	0	0	0	0	0	0	0	0	0	0	0	0	0	0	0	0	0	0
1789546931163	34471	1509	7	288	12	0	0	3	0	0	0	0	26.103515625	26.103515625	0	0	0	0	90.307617188	90.307617188	0	0	0	0	0	0	0	0	0	0	0	0	0	0	0	0	0	0	0	0	0	0	0	0	0	0	0	0	0	0	0	0	0	0	0	0	0	0	0	0	0	0	0	0	0	0	0	0
1789546931183	34493	1510	7	288	12	0	0	3	0	0	0	0	26.103515625	26.103515625	0	0	0	0	90.307617188	90.307617188	0	0	0	0	0	0	0	0	0	0	0	0	0	0	0	0	0	0	0	0	0	0	0	0	0	0	0	0	0	0	0	0	0	0	0	0	0	0	0	0	0	0	0	0	0	0	0	0
1789546931210	34515	1511	7	288	12	0	0	3	0	0	0	0	26.103515625	26.103515625	0	0	0	0	90.307617188	90.307617188	0	0	0	0	0	0	0	0	0	0	0	0	0	0	0	0	0	0	0	0	0	0	0	0	0	0	0	0	0	0	0	0	0	0	0	0	0	0	0	0	0	0	0	0	0	0	0	0
1789546931229	34537	1512	7	288	12	0	0	3	0	0	0	0	26.103515625	26.103515625	0	0	0	0	90.3515625	90.3515625	0	0	0	0	0	0	0	0	0	0	0	0	0	0	0	0	0	0	0	0	0	0	0	0	0	0	0	0	0	0	0	0	0	0	0	0	0	0	0	0	0	0	0	0	0	0	0	0
1789546931249	34559	1513	7	288	12	0	0	3	0	0	0	0	26.103515625	26.103515625	0	0	0	0	90.307617188	90.307617188	0	0	0	0	0	0	0	0	0	0	0	0	0	0	0	0	0	0	0	0	0	0	0	0	0	0	0	0	0	0	0	0	0	0	0	0	0	0	0	0	0	0	0	0	0	0	0	0
1789546931276	34581	1514	7	288	12	0	0	3	0	0	0	0	26.103515625	26.103515625	0	0	0	0	90.307617188	90.307617188	0	0	0	0	0	0	0	0	0	0	0	0	0	0	0	0	0	0	0	0	0	0	0	0	0	0	0	0	0	0	0	0	0	0	0	0	0	0	0	0	0	0	0	0	0	0	0	0
1789546931297	34603	1515	7	288	12	0	0	3	0	0	0	0	26.103515625	26.103515625	0	0	0	0	90.3515625	90.3515625	0	0	0	0	0	0	0	0	0	0	0	0	0	0	0	0	0	0	0	0	0	0	0	0	0	0	0	0	0	0	0	0	0	0	0	0	0	0	0	0	0	0	0	0	0	0	0	0
1789546931317	34625	1516	7	288	12	0	0	3	0	0	0	0	26.103515625	26.103515625	0	0	0	0	90.307617188	90.307617188	0	0	0	0	0	0	0	0	0	0	0	0	0	0	0	0	0	0	0	0	0	0	0	0	0	0	0	0	0	0	0	0	0	0	0	0	0	0	0	0	0	0	0	0	0	0	0	0
1789546931336	34647	1517	7	288	12	0	0	3	0	0	0	0	26.103515625	26.103515625	0	0	0	0	90.307617188	90.307617188	0	0	0	0	0	0	0	0	0	0	0	0	0	0	0	0	0	0	0	0	0	0	0	0	0	0	0	0	0	0	0	0	0	0	0	0	0	0	0	0	0	0	0	0	0	0	0	0
1789546931363	34669	1518	7	288	12	0	0	3	0	0	0	0	26.103515625	26.103515625	0	0	0	0	90.307617188	90.307617188	0	0	0	0	0	0	0	0	0	0	0	0	0	0	0	0	0	0	0	0	0	0	0	0	0	0	0	0	0	0	0	0	0	0	0	0	0	0	0	0	0	0	0	0	0	0	0	0
1789546931383	34691	1519	7	288	12	0	0	3	0	0	0	0	26.103515625	26.103515625	0	0	0	0	90.307617188	90.307617188	0	0	0	0	0	0	0	0	0	0	0	0	0	0	0	0	0	0	0	0	0	0	0	0	0	0	0	0	0	0	0	0	0	0	0	0	0	0	0	0	0	0	0	0	0	0	0	0
1789546931402	34713	1520	7	288	12	0	0	3	0	0	0	0	26.103515625	26.103515625	0	0	0	0	90.307617188	90.307617188	0	0	0	0	0	0	0	0	0	0	0	0	0	0	0	0	0	0	0	0	0	0	0	0	0	0	0	0	0	0	0	0	0	0	0	0	0	0	0	0	0	0	0	0	0	0	0	0
1789546931429	34735	1521	7	288	12	0	0	3	0	0	0	0	26.147460938	26.147460938	0	0	0	0	90.307617188	90.307617188	0	0	0	0	0	0	0	0	0	0	0	0	0	0	0	0	0	0	0	0	0	0	0	0	0	0	0	0	0	0	0	0	0	0	0	0	0	0	0	0	0	0	0	0	0	0	0	0
1789546931449	34757	1522	7	288	12	0	0	3	0	0	0	0	26.103515625	26.103515625	0	0	0	0	90.307617188	90.307617188	0	0	0	0	0	0	0	0	0	0	0	0	0	0	0	0	0	0	0	0	0	0	0	0	0	0	0	0	0	0	0	0	0	0	0	0	0	0	0	0	0	0	0	0	0	0	0	0
1789546931475	34779	1523	7	288	12	0	0	3	0	0	0	0	26.103515625	26.103515625	0	0	0	0	90.307617188	90.307617188	0	0	0	0	0	0	0	0	0	0	0	0	0	0	0	0	0	0	0	0	0	0	0	0	0	0	0	0	0	0	0	0	0	0	0	0	0	0	0	0	0	0	0	0	0	0	0	0
1789546931495	34801	1524	7	288	12	0	0	3	0	0	0	0	26.103515625	26.103515625	0	0	0	0	90.307617188	90.307617188	0	0	0	0	0	0	0	0	0	0	0	0	0	0	0	0	0	0	0	0	0	0	0	0	0	0	0	0	0	0	0	0	0	0	0	0	0	0	0	0	0	0	0	0	0	0	0	0
1789546931515	34823	1525	7	288	12	0	0	3	0	0	0	0	26.103515625	26.103515625	0	0	0	0	90.3515625	90.3515625	0	0	0	0	0	0	0	0	0	0	0	0	0	0	0	0	0	0	0	0	0	0	0	0	0	0	0	0	0	0	0	0	0	0	0	0	0	0	0	0	0	0	0	0	0	0	0	0
1789546931535	34845	1526	7	288	12	0	0	3	0	0	0	0	26.103515625	26.103515625	0	0	0	0	90.307617188	90.307617188	0	0	0	0	0	0	0	0	0	0	0	0	0	0	0	0	0	0	0	0	0	0	0	0	0	0	0	0	0	0	0	0	0	0	0	0	0	0	0	0	0	0	0	0	0	0	0	0
1789546931561	34867	1527	7	288	12	0	0	3	0	0	0	0	26.103515625	26.103515625	0	0	0	0	90.307617188	90.307617188	0	0	0	0	0	0	0	0	0	0	0	0	0	0	0	0	0	0	0	0	0	0	0	0	0	0	0	0	0	0	0	0	0	0	0	0	0	0	0	0	0	0	0	0	0	0	0	0
1789546931581	34889	1528	7	288	12	0	0	3	0	0	0	0	26.103515625	26.103515625	0	0	0	0	90.307617188	90.307617188	0	0	0	0	0	0	0	0	0	0	0	0	0	0	0	0	0	0	0	0	0	0	0	0	0	0	0	0	0	0	0	0	0	0	0	0	0	0	0	0	0	0	0	0	0	0	0	0
1789546931601	34911	1529	7	288	12	0	0	3	0	0	0	0	26.103515625	26.103515625	0	0	-6	6	90.307617188	90.307617188	0	0	0	0	0	0	0	0	0	0	0	0	0	0	0	0	0	0	0	0	0	0	0	0	0	0	0	0	0	0	0	0	0	0	0	0	0	0	0	0	0	0	0	0	0	0	0	0
1789546931628	34933	1530	7	288	12	0	0	3	0	0	0	0	26.103515625	26.103515625	0	0	0	0	90.307617188	90.307617188	0	0	0	0	0	0	0	0	0	0	0	0	0	0	0	0	0	0	0	0	0	0	0	0	0	0	0	0	0	0	0	0	0	0	0	0	0	0	0	0	0	0	0	0	0	0	0	0
1789546931647	34955	1531	7	288	12	0	0	3	0	0	0	0	26.103515625	26.103515625	0	0	0	0	90.307617188	90.307617188	0	0	0	0	0	0	0	0	0	0	0	0	0	0	0	0	0	0	0	0	0	0	0	0	0	0	0	0	0	0	0	0	0	0	0	0	0	0	0	0	0	0	0	0	0	0	0	0
1789546931667	34977	1532	7	288	12	0	0	3	0	0	0	0	26.103515625	26.103515625	0	0	0	0	90.307617188	90.307617188	0	0	0	0	0	0	0	0	0	0	0	0	0	0	0	0	0	0	0	0	0	0	0	0	0	0	0	0	0	0	0	0	0	0	0	0	0	0	0	0	0	0	0	0	0	0	0	0
1789546931693	34999	1533	7	288	12	0	0	3	0	0	0	0	26.103515625	26.103515625	0	0	0	0	90.307617188	90.307617188	0	0	0	0	0	0	0	0	0	0	0	0	0	0	0	0	0	0	0	0	0	0	0	0	0	0	0	0	0	0	0	0	0	0	0	0	0	0	0	0	0	0	0	0	0	0	0	0
1789546931713	35021	1534	7	288	12	0	0	3	0	0	0	0	26.103515625	26.103515625	0	0	0	0	90.307617188	90.307617188	0	0	0	0	0	0	0	0	0	0	0	0	0	0	0	0	0	0	0	0	0	0	0	0	0	0	0	0	0	0	0	0	0	0	0	0	0	0	0	0	0	0	0	0	0	0	0	0
1789546931733	35043	1535	7	288	12	0	0	3	0	0	0	0	26.103515625	26.103515625	0	0	0	0	90.307617188	90.307617188	0	0	0	0	0	0	0	0	0	0	0	0	0	0	0	0	0	0	0	0	0	0	0	0	0	0	0	0	0	0	0	0	0	0	0	0	0	0	0	0	0	0	0	0	0	0	0	0
1789546931760	35065	1536	7	288	12	0	0	3	0	0	0	0	26.103515625	26.103515625	0	0	0	0	90.307617188	90.307617188	0	0	0	0	0	0	0	0	0	0	0	0	0	0	0	0	0	0	0	0	0	0	0	0	0	0	0	0	0	0	0	0	0	0	0	0	0	0	0	0	0	0	0	0	0	0	0	0
1789546931780	35087	1537	7	288	12	0	0	3	0	0	0	0	26.103515625	26.103515625	0	0	0	0	90.307617188	90.307617188	0	0	0	0	0	0	0	0	0	0	0	0	0	0	0	0	0	0	0	0	0	0	0	0	0	0	0	0	0	0	0	0	0	0	0	0	0	0	0	0	0	0	0	0	0	0	0	0
1789546931799	35109	1538	7	288	12	0	0	3	0	0	0	0	26.103515625	26.103515625	0	0	0	0	90.307617188	90.307617188	0	0	0	0	0	0	0	0	0	0	0	0	0	0	0	0	0	0	0	0	0	0	0	0	0	0	0	0	0	0	0	0	0	0	0	0	0	0	0	0	0	0	0	0	0	0	0	0
1789546931826	35131	1539	7	288	12	0	0	3	0	0	0	0	26.103515625	26.103515625	0	0	0	0	90.307617188	90.307617188	0	0	0	0	0	0	0	0	0	0	0	0	0	0	0	0	0	0	0	0	0	0	0	0	0	0	0	0	0	0	0	0	0	0	0	0	0	0	0	0	0	0	0	0	0	0	0	0
1789546931845	35153	1540	7	288	12	0	0	3	0	0	0	0	26.103515625	26.103515625	0	0	0	0	90.307617188	90.307617188	0	0	0	0	0	0	0	0	0	0	0	0	0	0	0	0	0	0	0	0	0	0	0	0	0	0	0	0	0	0	0	0	0	0	0	0	0	0	0	0	0	0	0	0	0	0	0	0
1789546931865	35175	1541	7	288	12	0	0	3	0	0	0	0	26.103515625	26.103515625	0	0	0	0	90.307617188	90.307617188	0	0	0	0	0	0	0	0	0	0	0	0	0	0	0	0	0	0	0	0	0	0	0	0	0	0	0	0	0	0	0	0	0	0	0	0	0	0	0	0	0	0	0	0	0	0	0	0
1789546931892	35197	1542	7	288	12	0	0	3	0	0	0	0	26.103515625	26.103515625	0	0	0	0	90.307617188	90.307617188	0	0	0	0	0	0	0	0	0	0	0	0	0	0	0	0	0	0	0	0	0	0	0	0	0	0	0	0	0	0	0	0	0	0	0	0	0	0	0	0	0	0	0	0	0	0	0	0
1789546931912	35219	1543	7	288	12	0	0	3	0	0	0	0	26.103515625	26.103515625	0	0	0	0	90.307617188	90.307617188	0	0	0	0	0	0	0	0	0	0	0	0	0	0	0	0	0	0	0	0	0	0	0	0	0	0	0	0	0	0	0	0	0	0	0	0	0	0	0	0	0	0	0	0	0	0	0	0
1789546931932	35241	1544	7	288	12	0	0	3	0	0	0	0	26.103515625	26.103515625	0	0	0	0	90.307617188	90.307617188	0	0	0	0	0	0	0	0	0	0	0	0	0	0	0	0	0	0	0	0	0	0	0	0	0	0	0	0	0	0	0	0	0	0	0	0	0	0	0	0	0	0	0	0	0	0	0	0
1789546931958	35263	1545	7	288	12	0	0	3	0	0	0	0	26.103515625	26.103515625	0	0	0	0	90.307617188	90.307617188	0	0	0	0	0	0	0	0	0	0	0	0	0	0	0	0	0	0	0	0	0	0	0	0	0	0	0	0	0	0	0	0	0	0	0	0	0	0	0	0	0	0	0	0	0	0	0	0
1789546931978	35285	1546	7	288	12	0	0	3	0	0	0	0	26.103515625	26.103515625	0	0	0	0	90.307617188	90.307617188	0	0	0	0	0	0	0	0	0	0	0	0	0	0	0	0	0	0	0	0	0	0	0	0	0	0	0	0	0	0	0	0	0	0	0	0	0	0	0	0	0	0	0	0	0	0	0	0
1789546931998	35307	1547	7	288	12	0	0	3	0	0	0	0	26.103515625	26.103515625	0	0	0	0	90.307617188	90.307617188	0	0	0	0	0	0	0	0	0	0	0	0	0	0	0	0	0	0	0	0	0	0	0	0	0	0	0	0	0	0	0	0	0	0	0	0	0	0	0	0	0	0	0	0	0	0	0	0
1789546932025	35329	1548	7	288	12	0	0	3	0	0	0	0	26.103515625	26.103515625	0	0	0	0	90.307617188	90.307617188	0	0	0	0	0	0	0	0	0	0	0	0	0	0	0	0	0	0	0	0	0	0	0	0	0	0	0	0	0	0	0	0	0	0	0	0	0	0	0	0	0	0	0	0	0	0	0	0
1789546932046	35351	1549	7	288	12	0	0	3	0	0	0	0	26.103515625	26.103515625	0	0	0	0	90.307617188	90.307617188	0	0	0	0	0	0	0	0	0	0	0	0	0	0	0	0	0	0	0	0	0	0	0	0	0	0	0	0	0	0	0	0	0	0	0	0	0	0	0	0	0	0	0	0	0	0	0	0
1789546932067	35373	1550	7	288	12	0	0	3	0	0	0	0	26.103515625	26.103515625	0	0	0	0	90.307617188	90.307617188	0	0	0	0	0	0	0	0	0	0	0	0	0	0	0	0	0	0	0	0	0	0	0	0	0	0	0	0	0	0	0	0	0	0	0	0	0	0	0	0	0	0	0	0	0	0	0	0
1789546932086	35395	1551	7	288	12	0	0	3	0	0	0	0	26.103515625	26.103515625	0	0	0	0	90.307617188	90.307617188	0	0	0	0	0	0	0	0	0	0	0	0	0	0	0	0	0	0	0	0	0	0	0	0	0	0	0	0	0	0	0	0	0	0	0	0	0	0	0	0	0	0	0	0	0	0	0	0
1789546932113	35417	1552	7	288	12	0	0	3	0	0	0	0	26.103515625	26.103515625	0	0	0	0	90.307617188	90.307617188	0	0	0	0	0	0	0	0	0	0	0	0	0	0	0	0	0	0	0	0	0	0	0	0	0	0	0	0	0	0	0	0	0	0	0	0	0	0	0	0	0	0	0	0	0	0	0	0
1789546932133	35439	1553	7	288	12	0	0	3	0	0	0	0	26.103515625	26.103515625	0	0	0	0	90.307617188	90.307617188	0	0	0	0	0	0	0	0	0	0	0	0	0	0	0	0	0	0	0	0	0	0	0	0	0	0	0	0	0	0	0	0	0	0	0	0	0	0	0	0	0	0	0	0	0	0	0	0
1789546932153	35461	1554	7	288	12	0	0	3	0	0	0	0	26.103515625	26.103515625	0	0	0	0	90.307617188	90.307617188	0	0	0	0	0	0	0	0	0	0	0	0	0	0	0	0	0	0	0	0	0	0	0	0	0	0	0	0	0	0	0	0	0	0	0	0	0	0	0	0	0	0	0	0	0	0	0	0
1789546932172	35483	1555	7	288	12	0	0	3	0	0	0	0	26.103515625	26.103515625	0	0	0	0	90.307617188	90.307617188	0	0	0	0	0	0	0	0	0	0	0	0	0	0	0	0	0	0	0	0	0	0	0	0	0	0	0	0	0	0	0	0	0	0	0	0	0	0	0	0	0	0	0	0	0	0	0	0
1789546932199	35505	1556	7	288	12	0	0	3	0	0	0	0	26.103515625	26.103515625	0	0	0	0	90.307617188	90.307617188	0	0	0	0	0	0	0	0	0	0	0	0	0	0	0	0	0	0	0	0	0	0	0	0	0	0	0	0	0	0	0	0	0	0	0	0	0	0	0	0	0	0	0	0	0	0	0	0
1789546932219	35527	1557	7	288	12	0	0	3	0	0	0	0	26.103515625	26.103515625	0	0	0	0	90.307617188	90.307617188	0	0	0	0	0	0	0	0	0	0	0	0	0	0	0	0	0	0	0	0	0	0	0	0	0	0	0	0	0	0	0	0	0	0	0	0	0	0	0	0	0	0	0	0	0	0	0	0
1789546932238	35549	1558	7	288	12	0	0	3	0	0	0	0	26.103515625	26.103515625	0	0	0	0	90.307617188	90.307617188	0	0	0	0	0	0	0	0	0	0	0	0	0	0	0	0	0	0	0	0	0	0	0	0	0	0	0	0	0	0	0	0	0	0	0	0	0	0	0	0	0	0	0	0	0	0	0	0
1789546932265	35571	1559	7	288	12	0	0	3	0	0	0	0	26.103515625	26.103515625	0	0	0	0	90.307617188	90.307617188	0	0	0	0	0	0	0	0	0	0	0	0	0	0	0	0	0	0	0	0	0	0	0	0	0	0	0	0	0	0	0	0	0	0	0	0	0	0	0	0	0	0	0	0	0	0	0	0
1789546932284	35593	1560	7	288	12	0	0	3	0	0	0	0	26.103515625	26.103515625	0	0	0	0	90.307617188	90.307617188	0	0	0	0	0	0	0	0	0	0	0	0	0	0	0	0	0	0	0	0	0	0	0	0	0	0	0	0	0	0	0	0	0	0	0	0	0	0	0	0	0	0	0	0	0	0	0	0
1789546932310	35615	1561	7	288	12	0	0	3	0	0	0	0	26.103515625	26.103515625	0	0	0	0	90.307617188	90.307617188	0	0	0	0	0	0	0	0	0	0	0	0	0	0	0	0	0	0	0	0	0	0	0	0	0	0	0	0	0	0	0	0	0	0	0	0	0	0	0	0	0	0	0	0	0	0	0	0
1789546932330	35637	1562	7	288	12	0	0	3	0	0	0	0	26.103515625	26.103515625	0	0	0	0	90.307617188	90.307617188	0	0	0	0	0	0	0	0	0	0	0	0	0	0	0	0	0	0	0	0	0	0	0	0	0	0	0	0	0	0	0	0	0	0	0	0	0	0	0	0	0	0	0	0	0	0	0	0
1789546932350	35659	1563	7	288	12	0	0	3	0	0	0	0	26.103515625	26.103515625	0	0	0	0	90.307617188	90.307617188	0	0	0	0	0	0	0	0	0	0	0	0	0	0	0	0	0	0	0	0	0	0	0	0	0	0	0	0	0	0	0	0	0	0	0	0	0	0	0	0	0	0	0	0	0	0	0	0
1789546932377	35681	1564	7	288	12	0	0	3	0	0	0	0	26.147460938	26.147460938	0	0	0	0	90.307617188	90.307617188	0	0	0	0	0	0	0	0	0	0	0	0	0	0	0	0	0	0	0	0	0	0	0	0	0	0	0	0	0	0	0	0	0	0	0	0	0	0	0	0	0	0	0	0	0	0	0	0
1789546932396	35703	1565	7	288	12	0	0	3	0	0	0	0	26.103515625	26.103515625	0	0	0	0	90.307617188	90.307617188	0	0	0	0	0	0	0	0	0	0	0	0	0	0	0	0	0	0	0	0	0	0	0	0	0	0	0	0	0	0	0	0	0	0	0	0	0	0	0	0	0	0	0	0	0	0	0	0
1789546932416	35725	1566	7	288	12	0	0	3	0	0	0	0	26.103515625	26.103515625	0	0	0	0	90.307617188	90.307617188	0	0	0	0	0	0	0	0	0	0	0	0	0	0	0	0	0	0	0	0	0	0	0	0	0	0	0	0	0	0	0	0	0	0	0	0	0	0	0	0	0	0	0	0	0	0	0	0
1789546932443	35747	1567	7	288	12	0	0	3	0	0	0	0	26.103515625	26.103515625	0	0	0	0	90.307617188	90.307617188	0	0	0	0	0	0	0	0	0	0	0	0	0	0	0	0	0	0	0	0	0	0	0	0	0	0	0	0	0	0	0	0	0	0	0	0	0	0	0	0	0	0	0	0	0	0	0	0
1789546932462	35769	1568	7	288	12	0	0	3	0	0	0	0	26.103515625	26.103515625	0	0	0	0	90.307617188	90.307617188	0	0	0	0	0	0	0	0	0	0	0	0	0	0	0	0	0	0	0	0	0	0	0	0	0	0	0	0	0	0	0	0	0	0	0	0	0	0	0	0	0	0	0	0	0	0	0	0
1789546932483	35791	1569	7	288	12	0	0	3	0	0	0	0	26.103515625	26.103515625	0	0	0	0	90.307617188	90.307617188	0	0	0	0	0	0	0	0	0	0	0	0	0	0	0	0	0	0	0	0	0	0	0	0	0	0	0	0	0	0	0	0	0	0	0	0	0	0	0	0	0	0	0	0	0	0	0	0
1789546932503	35813	1570	7	288	12	0	0	3	0	0	0	0	26.103515625	26.103515625	0	0	0	0	90.307617188	90.307617188	0	0	0	0	0	0	0	0	0	0	0	0	0	0	0	0	0	0	0	0	0	0	0	0	0	0	0	0	0	0	0	0	0	0	0	0	0	0	0	0	0	0	0	0	0	0	0	0
1789546932530	35835	1571	7	288	12	0	0	3	0	0	0	0	26.103515625	26.103515625	0	0	0	0	90.307617188	90.307617188	0	0	0	0	0	0	0	0	0	0	0	0	0	0	0	0	0	0	0	0	0	0	0	0	0	0	0	0	0	0	0	0	0	0	0	0	0	0	0	0	0	0	0	0	0	0	0	0
1789546932550	35857	1572	7	288	12	0	0	3	0	0	0	0	26.103515625	26.103515625	0	0	0	0	90.307617188	90.307617188	0	0	0	0	0	0	0	0	0	0	0	0	0	0	0	0	0	0	0	0	0	0	0	0	0	0	0	0	0	0	0	0	0	0	0	0	0	0	0	0	0	0	0	0	0	0	0	0
1789546932570	35879	1573	7	288	12	0	0	3	0	0	0	0	26.103515625	26.103515625	0	0	0	0	90.307617188	90.307617188	0	0	0	0	0	0	0	0	0	0	0	0	0	0	0	0	0	0	0	0	0	0	0	0	0	0	0	0	0	0	0	0	0	0	0	0	0	0	0	0	0	0	0	0	0	0	0	0
1789546932597	35901	1574	7	288	12	0	0	3	0	0	0	0	26.103515625	26.103515625	0	0	0	0	90.307617188	90.307617188	0	0	0	0	0	0	0	0	0	0	0	0	0	0	0	0	0	0	0	0	0	0	0	0	0	0	0	0	0	0	0	0	0	0	0	0	0	0	0	0	0	0	0	0	0	0	0	0
1789546932617	35923	1575	7	288	12	0	0	3	0	0	0	0	26.103515625	26.103515625	0	0	0	0	90.307617188	90.307617188	0	0	0	0	0	0	0	0	0	0	0	0	0	0	0	0	0	0	0	0	0	0	0	0	0	0	0	0	0	0	0	0	0	0	0	0	0	0	0	0	0	0	0	0	0	0	0	0
1789546932637	35945	1576	7	288	12	0	0	3	0	0	0	0	26.103515625	26.103515625	0	0	0	0	90.307617188	90.307617188	0	0	0	0	0	0	0	0	0	0	0	0	0	0	0	0	0	0	0	0	0	0	0	0	0	0	0	0	0	0	0	0	0	0	0	0	0	0	0	0	0	0	0	0	0	0	0	0
1789546932657	35967	1577	7	288	12	0	0	3	0	0	0	0	26.103515625	26.103515625	0	0	0	0	90.307617188	90.307617188	0	0	0	0	0	0	0	0	0	0	0	0	0	0	0	0	0	0	0	0	0	0	0	0	0	0	0	0	0	0	0	0	0	0	0	0	0	0	0	0	0	0	0	0	0	0	0	0
1789546932684	35989	1578	7	288	12	0	0	3	0	0	0	0	26.103515625	26.103515625	0	0	0	0	90.307617188	90.307617188	0	0	0	0	0	0	0	0	0	0	0	0	0	0	0	0	0	0	0	0	0	0	0	0	0	0	0	0	0	0	0	0	0	0	0	0	0	0	0	0	0	0	0	0	0	0	0	0
1789546932703	36011	1579	7	288	12	0	0	3	0	0	0	0	26.103515625	26.103515625	0	0	0	0	90.307617188	90.307617188	0	0	0	0	0	0	0	0	0	0	0	0	0	0	0	0	0	0	0	0	0	0	0	0	0	0	0	0	0	0	0	0	0	0	0	0	0	0	0	0	0	0	0	0	0	0	0	0
1789546932723	36033	1580	7	288	12	0	0	3	0	0	0	0	26.103515625	26.103515625	0	0	0	0	90.307617188	90.307617188	0	0	0	0	0	0	0	0	0	0	0	0	0	0	0	0	0	0	0	0	0	0	0	0	0	0	0	0	0	0	0	0	0	0	0	0	0	0	0	0	0	0	0	0	0	0	0	0
1789546932749	36055	1581	7	288	12	0	0	3	0	0	0	0	26.103515625	26.103515625	0	0	0	0	90.307617188	90.307617188	0	0	0	0	0	0	0	0	0	0	0	0	0	0	0	0	0	0	0	0	0	0	0	0	0	0	0	0	0	0	0	0	0	0	0	0	0	0	0	0	0	0	0	0	0	0	0	0
1789546932769	36077	1582	7	288	12	0	0	3	0	0	0	0	26.103515625	26.103515625	0	0	0	0	90.307617188	90.307617188	0	0	0	0	0	0	0	0	0	0	0	0	0	0	0	0	0	0	0	0	0	0	0	0	0	0	0	0	0	0	0	0	0	0	0	0	0	0	0	0	0	0	0	0	0	0	0	0
1789546932794	36099	1583	7	288	12	0	0	3	0	0	0	0	26.103515625	26.103515625	0	0	0	0	90.307617188	90.307617188	0	0	0	0	0	0	0	0	0	0	0	0	0	0	0	0	0	0	0	0	0	0	0	0	0	0	0	0	0	0	0	0	0	0	0	0	0	0	0	0	0	0	0	0	0	0	0	0
1789546932813	36121	1584	7	288	12	0	0	3	0	0	0	0	26.103515625	26.103515625	0	0	0	0	90.307617188	90.307617188	0	0	0	0	0	0	0	0	0	0	0	0	0	0	0	0	0	0	0	0	0	0	0	0	0	0	0	0	0	0	0	0	0	0	0	0	0	0	0	0	0	0	0	0	0	0	0	0
1789546932832	36143	1585	7	288	12	0	0	3	0	0	0	0	26.103515625	26.103515625	0	0	0	0	90.307617188	90.307617188	0	0	0	0	0	0	0	0	0	0	0	0	0	0	0	0	0	0	0	0	0	0	0	0	0	0	0	0	0	0	0	0	0	0	0	0	0	0	0	0	0	0	0	0	0	0	0	0
1789546932858	36165	1586	7	288	12	0	0	3	0	0	0	0	26.103515625	26.103515625	0	0	0	0	90.307617188	90.307617188	0	0	0	0	0	0	0	0	0	0	0	0	0	0	0	0	0	0	0	0	0	0	0	0	0	0	0	0	0	0	0	0	0	0	0	0	0	0	0	0	0	0	0	0	0	0	0	0
1789546932879	36187	1587	7	288	12	0	0	3	0	0	0	0	26.103515625	26.103515625	0	0	0	0	90.307617188	90.307617188	0	0	0	0	0	0	0	0	0	0	0	0	0	0	0	0	0	0	0	0	0	0	0	0	0	0	0	0	0	0	0	0	0	0	0	0	0	0	0	0	0	0	0	0	0	0	0	0
1789546932899	36209	1588	7	288	12	0	0	3	0	0	0	0	26.103515625	26.103515625	0	0	0	0	90.307617188	90.307617188	0	0	0	0	0	0	0	0	0	0	0	0	0	0	0	0	0	0	0	0	0	0	0	0	0	0	0	0	0	0	0	0	0	0	0	0	0	0	0	0	0	0	0	0	0	0	0	0
1789546932925	36231	1589	7	288	12	0	0	3	0	0	0	0	26.103515625	26.103515625	0	0	0	0	90.307617188	90.307617188	0	0	0	0	0	0	0	0	0	0	0	0	0	0	0	0	0	0	0	0	0	0	0	0	0	0	0	0	0	0	0	0	0	0	0	0	0	0	0	0	0	0	0	0	0	0	0	0
1789546932945	36253	1590	7	288	12	0	0	3	0	0	0	0	26.103515625	26.103515625	0	0	0	0	90.307617188	90.307617188	0	0	0	0	0	0	0	0	0	0	0	0	0	0	0	0	0	0	0	0	0	0	0	0	0	0	0	0	0	0	0	0	0	0	0	0	0	0	0	0	0	0	0	0	0	0	0	0
1789546932965	36275	1591	7	288	12	0	0	3	0	0	0	0	26.103515625	26.103515625	0	0	0	0	90.307617188	90.307617188	0	0	0	0	0	0	0	0	0	0	0	0	0	0	0	0	0	0	0	0	0	0	0	0	0	0	0	0	0	0	0	0	0	0	0	0	0	0	0	0	0	0	0	0	0	0	0	0
1789546932992	36297	1592	7	288	12	0	0	3	0	0	0	0	26.103515625	26.103515625	0	0	0	0	90.307617188	90.307617188	0	0	0	0	0	0	0	0	0	0	0	0	0	0	0	0	0	0	0	0	0	0	0	0	0	0	0	0	0	0	0	0	0	0	0	0	0	0	0	0	0	0	0	0	0	0	0	0
1789546933012	36319	1593	7	288	12	0	0	3	0	0	0	0	26.103515625	26.103515625	0	0	0	0	90.307617188	90.307617188	0	0	0	0	0	0	0	0	0	0	0	0	0	0	0	0	0	0	0	0	0	0	0	0	0	0	0	0	0	0	0	0	0	0	0	0	0	0	0	0	0	0	0	0	0	0	0	0
1789546933032	36341	1594	7	288	12	0	0	3	0	0	0	0	26.103515625	26.103515625	0	0	0	0	90.307617188	90.307617188	0	0	0	0	0	0	0	0	0	0	0	0	0	0	0	0	0	0	0	0	0	0	0	0	0	0	0	0	0	0	0	0	0	0	0	0	0	0	0	0	0	0	0	0	0	0	0	0
1789546933058	36363	1595	7	288	12	0	0	3	0	0	0	0	26.103515625	26.103515625	0	0	0	0	90.307617188	90.307617188	0	0	0	0	0	0	0	0	0	0	0	0	0	0	0	0	0	0	0	0	0	0	0	0	0	0	0	0	0	0	0	0	0	0	0	0	0	0	0	0	0	0	0	0	0	0	0	0
1789546933078	36385	1596	7	288	12	0	0	3	0	0	0	0	26.103515625	26.103515625	0	0	0	0	90.307617188	90.307617188	0	0	0	0	0	0	0	0	0	0	0	0	0	0	0	0	0	0	0	0	0	0	0	0	0	0	0	0	0	0	0	0	0	0	0	0	0	0	0	0	0	0	0	0	0	0	0	0
1789546933098	36407	1597	7	288	12	0	0	3	0	0	0	0	26.103515625	26.103515625	0	0	0	0	90.307617188	90.307617188	0	0	0	0	0	0	0	0	0	0	0	0	0	0	0	0	0	0	0	0	0	0	0	0	0	0	0	0	0	0	0	0	0	0	0	0	0	0	0	0	0	0	0	0	0	0	0	0
1789546933125	36429	1598	7	288	12	0	0	3	0	0	0	0	26.103515625	26.103515625	0	0	0	0	90.307617188	90.307617188	0	0	0	0	0	0	0	0	0	0	0	0	0	0	0	0	0	0	0	0	0	0	0	0	0	0	0	0	0	0	0	0	0	0	0	0	0	0	0	0	0	0	0	0	0	0	0	0
1789546933145	36451	1599	7	288	12	0	0	3	0	0	0	0	26.103515625	26.103515625	0	0	0	0	90.307617188	90.307617188	0	0	0	0	0	0	0	0	0	0	0	0	0	0	0	0	0	0	0	0	0	0	0	0	0	0	0	0	0	0	0	0	0	0	0	0	0	0	0	0	0	0	0	0	0	0	0	0
1789546933165	36473	1600	7	288	12	0	0	3	0	0	0	0	26.103515625	26.103515625	0	0	0	0	90.307617188	90.307617188	0	0	0	0	0	0	0	0	0	0	0	0	0	0	0	0	0	0	0	0	0	0	0	0	0	0	0	0	0	0	0	0	0	0	0	0	0	0	0	0	0	0	0	0	0	0	0	0
1789546933185	36495	1601	7	288	12	0	0	3	0	0	0	0	26.103515625	26.103515625	0	0	0	0	90.307617188	90.307617188	0	0	0	0	0	0	0	0	0	0	0	0	0	0	0	0	0	0	0	0	0	0	0	0	0	0	0	0	0	0	0	0	0	0	0	0	0	0	0	0	0	0	0	0	0	0	0	0
1789546933212	36517	1602	7	288	12	0	0	3	0	0	0	0	26.103515625	26.103515625	0	0	0	0	90.307617188	90.307617188	0	0	0	0	0	0	0	0	0	0	0	0	0	0	0	0	0	0	0	0	0	0	0	0	0	0	0	0	0	0	0	0	0	0	0	0	0	0	0	0	0	0	0	0	0	0	0	0
1789546933231	36539	1603	7	288	12	0	0	3	0	0	0	0	26.103515625	26.103515625	0	0	0	0	90.307617188	90.307617188	0	0	0	0	0	0	0	0	0	0	0	0	0	0	0	0	0	0	0	0	0	0	0	0	0	0	0	0	0	0	0	0	0	0	0	0	0	0	0	0	0	0	0	0	0	0	0	0
1789546933252	36561	1604	7	288	12	0	0	3	0	0	0	0	26.103515625	26.103515625	0	0	0	0	90.307617188	90.307617188	0	0	0	0	0	0	0	0	0	0	0	0	0	0	0	0	0	0	0	0	0	0	0	0	0	0	0	0	0	0	0	0	0	0	0	0	0	0	0	0	0	0	0	0	0	0	0	0
1789546933279	36583	1605	7	288	12	0	0	3	0	0	0	0	26.103515625	26.103515625	0	0	0	0	90.307617188	90.307617188	0	0	0	0	0	0	0	0	0	0	0	0	0	0	0	0	0	0	0	0	0	0	0	0	0	0	0	0	0	0	0	0	0	0	0	0	0	0	0	0	0	0	0	0	0	0	0	0
1789546933299	36605	1606	7	288	12	0	0	3	0	0	0	0	26.103515625	26.103515625	0	0	0	0	90.307617188	90.307617188	0	0	0	0	0	0	0	0	0	0	0	0	0	0	0	0	0	0	0	0	0	0	0	0	0	0	0	0	0	0	0	0	0	0	0	0	0	0	0	0	0	0	0	0	0	0	0	0
1789546933319	36627	1607	7	288	12	0	0	3	0	0	0	0	26.103515625	26.103515625	0	0	0	0	90.307617188	90.307617188	0	0	0	0	0	0	0	0	0	0	0	0	0	0	0	0	0	0	0	0	0	0	0	0	0	0	0	0	0	0	0	0	0	0	0	0	0	0	0	0	0	0	0	0	0	0	0	0
1789546933338	36649	1608	7	288	12	0	0	3	0	0	0	0	26.103515625	26.103515625	0	0	0	0	90.307617188	90.307617188	0	0	0	0	0	0	0	0	0	0	0	0	0	0	0	0	0	0	0	0	0	0	0	0	0	0	0	0	0	0	0	0	0	0	0	0	0	0	0	0	0	0	0	0	0	0	0	0
1789546933365	36671	1609	7	288	12	0	0	3	0	0	0	0	26.103515625	26.103515625	0	0	0	0	90.307617188	90.307617188	0	0	0	0	0	0	0	0	0	0	0	0	0	0	0	0	0	0	0	0	0	0	0	0	0	0	0	0	0	0	0	0	0	0	0	0	0	0	0	0	0	0	0	0	0	0	0	0
1789546933385	36693	1610	7	288	12	0	0	3	0	0	0	0	26.103515625	26.103515625	0	0	0	0	90.307617188	90.307617188	0	0	0	0	0	0	0	0	0	0	0	0	0	0	0	0	0	0	0	0	0	0	0	0	0	0	0	0	0	0	0	0	0	0	0	0	0	0	0	0	0	0	0	0	0	0	0	0
1789546933411	36715	1611	7	288	12	0	0	3	0	0	0	0	26.103515625	26.103515625	0	0	0	0	90.307617188	90.307617188	0	0	0	0	0	0	0	0	0	0	0	0	0	0	0	0	0	0	0	0	0	0	0	0	0	0	0	0	0	0	0	0	0	0	0	0	0	0	0	0	0	0	0	0	0	0	0	0
1789546933431	36737	1612	7	288	12	0	0	3	0	0	0	0	26.103515625	26.103515625	0	0	0	0	90.307617188	90.307617188	0	0	0	0	0	0	0	0	0	0	0	0	0	0	0	0	0	0	0	0	0	0	0	0	0	0	0	0	0	0	0	0	0	0	0	0	0	0	0	0	0	0	0	0	0	0	0	0
1789546933451	36759	1613	7	288	12	0	0	3	0	0	0	0	26.147460938	26.147460938	0	0	0	0	90.307617188	90.307617188	0	0	0	0	0	0	0	0	0	0	0	0	0	0	0	0	0	0	0	0	0	0	0	0	0	0	0	0	0	0	0	0	0	0	0	0	0	0	0	0	0	0	0	0	0	0	0	0
1789546933471	36781	1614	7	288	12	0	0	3	0	0	0	0	26.103515625	26.103515625	0	0	0	0	90.307617188	90.307617188	0	0	0	0	0	0	0	0	0	0	0	0	0	0	0	0	0	0	0	0	0	0	0	0	0	0	0	0	0	0	0	0	0	0	0	0	0	0	0	0	0	0	0	0	0	0	0	0
1789546933497	36803	1615	7	288	12	0	0	3	0	0	0	0	26.103515625	26.103515625	0	0	0	0	90.307617188	90.307617188	0	0	0	0	0	0	0	0	0	0	0	0	0	0	0	0	0	0	0	0	0	0	0	0	0	0	0	0	0	0	0	0	0	0	0	0	0	0	0	0	0	0	0	0	0	0	0	0
1789546933517	36825	1616	7	288	12	0	0	3	0	0	0	0	26.103515625	26.103515625	0	0	0	0	90.307617188	90.307617188	0	0	0	0	0	0	0	0	0	0	0	0	0	0	0	0	0	0	0	0	0	0	0	0	0	0	0	0	0	0	0	0	0	0	0	0	0	0	0	0	0	0	0	0	0	0	0	0
1789546933537	36847	1617	7	288	12	0	0	3	0	0	0	0	26.103515625	26.103515625	0	0	0	0	90.307617188	90.307617188	0	0	0	0	0	0	0	0	0	0	0	0	0	0	0	0	0	0	0	0	0	0	0	0	0	0	0	0	0	0	0	0	0	0	0	0	0	0	0	0	0	0	0	0	0	0	0	0
1789546933564	36869	1618	7	288	12	0	0	3	0	0	0	0	26.103515625	26.103515625	0	0	0	0	90.307617188	90.307617188	0	0	0	0	0	0	0	0	0	0	0	0	0	0	0	0	0	0	0	0	0	0	0	0	0	0	0	0	0	0	0	0	0	0	0	0	0	0	0	0	0	0	0	0	0	0	0	0
1789546933584	36891	1619	7	288	12	0	0	3	0	0	0	0	26.103515625	26.103515625	0	0	0	0	90.307617188	90.307617188	0	0	0	0	0	0	0	0	0	0	0	0	0	0	0	0	0	0	0	0	0	0	0	0	0	0	0	0	0	0	0	0	0	0	0	0	0	0	0	0	0	0	0	0	0	0	0	0
1789546933604	36913	1620	7	288	12	0	0	3	0	0	0	0	26.103515625	26.103515625	0	0	0	0	90.307617188	90.307617188	0	0	0	0	0	0	0	0	0	0	0	0	0	0	0	0	0	0	0	0	0	0	0	0	0	0	0	0	0	0	0	0	0	0	0	0	0	0	0	0	0	0	0	0	0	0	0	0
1789546933625	36935	1621	7	288	12	0	0	3	0	0	0	0	26.103515625	26.103515625	0	0	0	0	90.307617188	90.307617188	0	0	0	0	0	0	0	0	0	0	0	0	0	0	0	0	0	0	0	0	0	0	0	0	0	0	0	0	0	0	0	0	0	0	0	0	0	0	0	0	0	0	0	0	0	0	0	0
1789546933651	36957	1622	7	288	12	0	0	3	0	0	0	0	26.103515625	26.103515625	0	0	0	0	90.307617188	90.307617188	0	0	0	0	0	0	0	0	0	0	0	0	0	0	0	0	0	0	0	0	0	0	0	0	0	0	0	0	0	0	0	0	0	0	0	0	0	0	0	0	0	0	0	0	0	0	0	0
1789546933671	36979	1623	7	288	12	0	0	3	0	0	0	0	26.103515625	26.103515625	0	0	0	0	90.307617188	90.307617188	0	0	0	0	0	0	0	0	0	0	0	0	0	0	0	0	0	0	0	0	0	0	0	0	0	0	0	0	0	0	0	0	0	0	0	0	0	0	0	0	0	0	0	0	0	0	0	0
1789546933691	37001	1624	7	288	12	0	0	3	0	0	0	0	26.103515625	26.103515625	0	0	0	0	90.307617188	90.307617188	0	0	0	0	0	0	0	0	0	0	0	0	0	0	0	0	0	0	0	0	0	0	0	0	0	0	0	0	0	0	0	0	0	0	0	0	0	0	0	0	0	0	0	0	0	0	0	0
1789546933718	37023	1625	7	288	12	0	0	3	0	0	0	0	26.103515625	26.103515625	0	0	0	0	90.307617188	90.307617188	0	0	0	0	0	0	0	0	0	0	0	0	0	0	0	0	0	0	0	0	0	0	0	0	0	0	0	0	0	0	0	0	0	0	0	0	0	0	0	0	0	0	0	0	0	0	0	0
1789546933738	37045	1626	7	288	12	0	0	3	0	0	0	0	26.103515625	26.103515625	0	0	0	0	90.307617188	90.307617188	0	0	0	0	0	0	0	0	0	0	0	0	0	0	0	0	0	0	0	0	0	0	0	0	0	0	0	0	0	0	0	0	0	0	0	0	0	0	0	0	0	0	0	0	0	0	0	0
1789546933758	37067	1627	7	288	12	0	0	3	0	0	0	0	26.103515625	26.103515625	0	0	0	0	90.307617188	90.307617188	0	0	0	0	0	0	0	0	0	0	0	0	0	0	0	0	0	0	0	0	0	0	0	0	0	0	0	0	0	0	0	0	0	0	0	0	0	0	0	0	0	0	0	0	0	0	0	0
1789546933784	37089	1628	7	288	12	0	0	3	0	0	0	0	26.103515625	26.103515625	0	0	0	0	90.307617188	90.307617188	0	0	0	0	0	0	0	0	0	0	0	0	0	0	0	0	0	0	0	0	0	0	0	0	0	0	0	0	0	0	0	0	0	0	0	0	0	0	0	0	0	0	0	0	0	0	0	0
1789546933804	37111	1629	7	288	12	0	0	3	0	0	0	0	26.103515625	26.103515625	0	0	0	0	90.307617188	90.307617188	0	0	0	0	0	0	0	0	0	0	0	0	0	0	0	0	0	0	0	0	0	0	0	0	0	0	0	0	0	0	0	0	0	0	0	0	0	0	0	0	0	0	0	0	0	0	0	0
1789546933824	37133	1630	7	288	12	0	0	3	0	0	0	0	26.103515625	26.103515625	0	0	0	0	90.307617188	90.307617188	0	0	0	0	0	0	0	0	0	0	0	0	0	0	0	0	0	0	0	0	0	0	0	0	0	0	0	0	0	0	0	0	0	0	0	0	0	0	0	0	0	0	0	0	0	0	0	0
1789546933850	37155	1631	7	288	12	0	0	3	0	0	0	0	26.103515625	26.103515625	0	0	0	0	90.307617188	90.307617188	0	0	0	0	0	0	0	0	0	0	0	0	0	0	0	0	0	0	0	0	0	0	0	0	0	0	0	0	0	0	0	0	0	0	0	0	0	0	0	0	0	0	0	0	0	0	0	0
1789546933870	37177	1632	7	288	12	0	0	3	0	0	0	0	26.103515625	26.103515625	0	0	0	0	90.307617188	90.307617188	0	0	0	0	0	0	0	0	0	0	0	0	0	0	0	0	0	0	0	0	0	0	0	0	0	0	0	0	0	0	0	0	0	0	0	0	0	0	0	0	0	0	0	0	0	0	0	0
1789546933890	37199	1633	7	288	12	0	0	3	0	0	0	0	26.147460938	26.147460938	0	0	0	0	90.307617188	90.307617188	0	0	0	0	0	0	0	0	0	0	0	0	0	0	0	0	0	0	0	0	0	0	0	0	0	0	0	0	0	0	0	0	0	0	0	0	0	0	0	0	0	0	0	0	0	0	0	0
1789546933916	37221	1634	7	288	12	0	0	3	0	0	0	0	26.103515625	26.103515625	0	0	0	0	90.307617188	90.307617188	0	0	0	0	0	0	0	0	0	0	0	0	0	0	0	0	0	0	0	0	0	0	0	0	0	0	0	0	0	0	0	0	0	0	0	0	0	0	0	0	0	0	0	0	0	0	0	0
1789546933936	37243	1635	7	288	12	0	0	3	0	0	0	0	26.103515625	26.103515625	0	0	0	0	90.307617188	90.307617188	0	0	0	0	0	0	0	0	0	0	0	0	0	0	0	0	0	0	0	0	0	0	0	0	0	0	0	0	0	0	0	0	0	0	0	0	0	0	0	0	0	0	0	0	0	0	0	0
1789546933956	37265	1636	7	288	12	0	0	3	0	0	0	0	26.103515625	26.103515625	0	0	0	0	90.307617188	90.307617188	0	0	0	0	0	0	0	0	0	0	0	0	0	0	0	0	0	0	0	0	0	0	0	0	0	0	0	0	0	0	0	0	0	0	0	0	0	0	0	0	0	0	0	0	0	0	0	0
1789546933982	37287	1637	7	288	12	0	0	3	0	0	0	0	26.103515625	26.103515625	0	0	0	0	90.307617188	90.307617188	0	0	0	0	0	0	0	0	0	0	0	0	0	0	0	0	0	0	0	0	0	0	0	0	0	0	0	0	0	0	0	0	0	0	0	0	0	0	0	0	0	0	0	0	0	0	0	0
1789546934002	37309	1638	7	288	12	0	0	3	0	0	0	0	26.103515625	26.103515625	0	0	0	0	90.307617188	90.307617188	0	0	0	0	0	0	0	0	0	0	0	0	0	0	0	0	0	0	0	0	0	0	0	0	0	0	0	0	0	0	0	0	0	0	0	0	0	0	0	0	0	0	0	0	0	0	0	0
1789546934022	37331	1639	7	288	12	0	0	3	0	0	0	0	26.103515625	26.103515625	0	0	0	0	90.307617188	90.307617188	0	0	0	0	0	0	0	0	0	0	0	0	0	0	0	0	0	0	0	0	0	0	0	0	0	0	0	0	0	0	0	0	0	0	0	0	0	0	0	0	0	0	0	0	0	0	0	0
1789546934049	37353	1640	7	288	12	0	0	3	0	0	0	0	26.103515625	26.103515625	0	0	0	0	90.307617188	90.307617188	0	0	0	0	0	0	0	0	0	0	0	0	0	0	0	0	0	0	0	0	0	0	0	0	0	0	0	0	0	0	0	0	0	0	0	0	0	0	0	0	0	0	0	0	0	0	0	0
1789546934069	37375	1641	7	288	12	0	0	3	0	0	0	0	26.103515625	26.103515625	0	0	0	0	90.307617188	90.307617188	0	0	0	0	0	0	0	0	0	0	0	0	0	0	0	0	0	0	0	0	0	0	0	0	0	0	0	0	0	0	0	0	0	0	0	0	0	0	0	0	0	0	0	0	0	0	0	0
1789546934089	37397	1642	7	288	12	0	0	3	0	0	0	0	26.103515625	26.103515625	0	0	0	0	90.307617188	90.307617188	0	0	0	0	0	0	0	0	0	0	0	0	0	0	0	0	0	0	0	0	0	0	0	0	0	0	0	0	0	0	0	0	0	0	0	0	0	0	0	0	0	0	0	0	0	0	0	0
1789546934109	37419	1643	7	288	12	0	0	3	0	0	0	0	26.103515625	26.103515625	0	0	0	0	90.307617188	90.307617188	0	0	0	0	0	0	0	0	0	0	0	0	0	0	0	0	0	0	0	0	0	0	0	0	0	0	0	0	0	0	0	0	0	0	0	0	0	0	0	0	0	0	0	0	0	0	0	0
1789546934135	37441	1644	7	288	12	0	0	3	0	0	0	0	26.103515625	26.103515625	0	0	0	0	90.307617188	90.307617188	0	0	0	0	0	0	0	0	0	0	0	0	0	0	0	0	0	0	0	0	0	0	0	0	0	0	0	0	0	0	0	0	0	0	0	0	0	0	0	0	0	0	0	0	0	0	0	0
1789546934155	37463	1645	7	288	12	0	0	3	0	0	0	0	26.103515625	26.103515625	0	0	0	0	90.307617188	90.307617188	0	0	0	0	0	0	0	0	0	0	0	0	0	0	0	0	0	0	0	0	0	0	0	0	0	0	0	0	0	0	0	0	0	0	0	0	0	0	0	0	0	0	0	0	0	0	0	0
1789546934176	37485	1646	7	288	12	0	0	3	0	0	0	0	26.103515625	26.103515625	0	0	0	0	90.307617188	90.307617188	0	0	0	0	0	0	0	0	0	0	0	0	0	0	0	0	0	0	0	0	0	0	0	0	0	0	0	0	0	0	0	0	0	0	0	0	0	0	0	0	0	0	0	0	0	0	0	0
1789546934202	37507	1647	7	288	12	0	0	3	0	0	0	0	26.103515625	26.103515625	0	0	0	0	90.307617188	90.307617188	0	0	0	0	0	0	0	0	0	0	0	0	0	0	0	0	0	0	0	0	0	0	0	0	0	0	0	0	0	0	0	0	0	0	0	0	0	0	0	0	0	0	0	0	0	0	0	0
1789546934222	37529	1648	7	288	12	0	0	3	0	0	0	0	26.103515625	26.103515625	0	0	0	0	90.307617188	90.307617188	0	0	0	0	0	0	0	0	0	0	0	0	0	0	0	0	0	0	0	0	0	0	0	0	0	0	0	0	0	0	0	0	0	0	0	0	0	0	0	0	0	0	0	0	0	0	0	0
1789546934241	37551	1649	7	288	12	0	0	3	0	0	0	0	26.103515625	26.103515625	0	0	0	0	90.307617188	90.307617188	0	0	0	0	0	0	0	0	0	0	0	0	0	0	0	0	0	0	0	0	0	0	0	0	0	0	0	0	0	0	0	0	0	0	0	0	0	0	0	0	0	0	0	0	0	0	0	0
1789546934268	37573	1650	7	288	12	0	0	3	0	0	0	0	26.103515625	26.103515625	0	0	0	0	90.307617188	90.307617188	0	0	0	0	0	0	0	0	0	0	0	0	0	0	0	0	0	0	0	0	0	0	0	0	0	0	0	0	0	0	0	0	0	0	0	0	0	0	0	0	0	0	0	0	0	0	0	0
1789546934288	37595	1651	7	288	12	0	0	3	0	0	0	0	26.103515625	26.103515625	0	0	0	0	90.307617188	90.307617188	0	0	0	0	0	0	0	0	0	0	0	0	0	0	0	0	0	0	0	0	0	0	0	0	0	0	0	0	0	0	0	0	0	0	0	0	0	0	0	0	0	0	0	0	0	0	0	0
1789546934308	37617	1652	7	288	12	0	0	3	0	0	0	0	26.103515625	26.103515625	0	0	0	0	90.307617188	90.307617188	0	0	0	0	0	0	0	0	0	0	0	0	0	0	0	0	0	0	0	0	0	0	0	0	0	0	0	0	0	0	0	0	0	0	0	0	0	0	0	0	0	0	0	0	0	0	0	0
1789546934335	37639	1653	7	288	12	0	0	3	0	0	0	0	26.103515625	26.103515625	0	0	0	0	90.307617188	90.307617188	0	0	0	0	0	0	0	0	0	0	0	0	0	0	0	0	0	0	0	0	0	0	0	0	0	0	0	0	0	0	0	0	0	0	0	0	0	0	0	0	0	0	0	0	0	0	0	0
1789546934355	37661	1654	7	288	12	0	0	3	0	0	0	0	26.103515625	26.103515625	0	0	0	0	90.307617188	90.307617188	0	0	0	0	0	0	0	0	0	0	0	0	0	0	0	0	0	0	0	0	0	0	0	0	0	0	0	0	0	0	0	0	0	0	0	0	0	0	0	0	0	0	0	0	0	0	0	0
1789546934375	37683	1655	7	288	12	0	0	3	0	0	0	0	26.103515625	26.103515625	0	0	0	0	90.307617188	90.307617188	0	0	0	0	0	0	0	0	0	0	0	0	0	0	0	0	0	0	0	0	0	0	0	0	0	0	0	0	0	0	0	0	0	0	0	0	0	0	0	0	0	0	0	0	0	0	0	0
1789546934394	37705	1656	7	288	12	0	0	3	0	0	0	0	26.103515625	26.103515625	0	0	0	0	90.307617188	90.307617188	0	0	0	0	0	0	0	0	0	0	0	0	0	0	0	0	0	0	0	0	0	0	0	0	0	0	0	0	0	0	0	0	0	0	0	0	0	0	0	0	0	0	0	0	0	0	0	0
1789546934421	37727	1657	7	288	12	0	0	3	0	0	0	0	26.103515625	26.103515625	0	0	0	0	90.307617188	90.307617188	0	0	0	0	0	0	0	0	0	0	0	0	0	0	0	0	0	0	0	0	0	0	0	0	0	0	0	0	0	0	0	0	0	0	0	0	0	0	0	0	0	0	0	0	0	0	0	0
1789546934441	37749	1658	7	288	12	0	0	3	0	0	0	0	26.103515625	26.103515625	0	0	0	0	90.307617188	90.307617188	0	0	0	0	0	0	0	0	0	0	0	0	0	0	0	0	0	0	0	0	0	0	0	0	0	0	0	0	0	0	0	0	0	0	0	0	0	0	0	0	0	0	0	0	0	0	0	0
1789546934467	37771	1659	7	288	12	0	0	3	0	0	0	0	26.103515625	26.103515625	0	0	0	0	90.307617188	90.307617188	0	0	0	0	0	0	0	0	0	0	0	0	0	0	0	0	0	0	0	0	0	0	0	0	0	0	0	0	0	0	0	0	0	0	0	0	0	0	0	0	0	0	0	0	0	0	0	0
1789546934487	37793	1660	7	288	12	0	0	3	0	0	0	0	26.103515625	26.103515625	0	0	0	0	90.307617188	90.307617188	0	0	0	0	0	0	0	0	0	0	0	0	0	0	0	0	0	0	0	0	0	0	0	0	0	0	0	0	0	0	0	0	0	0	0	0	0	0	0	0	0	0	0	0	0	0	0	0
1789546934507	37815	1661	7	288	12	0	0	3	0	0	0	0	26.103515625	26.103515625	0	0	0	0	90.307617188	90.307617188	0	0	0	0	0	0	0	0	0	0	0	0	0	0	0	0	0	0	0	0	0	0	0	0	0	0	0	0	0	0	0	0	0	0	0	0	0	0	0	0	0	0	0	0	0	0	0	0
1789546934527	37837	1662	7	288	12	0	0	3	0	0	0	0	26.103515625	26.103515625	0	0	0	0	90.307617188	90.307617188	0	0	0	0	0	0	0	0	0	0	0	0	0	0	0	0	0	0	0	0	0	0	0	0	0	0	0	0	0	0	0	0	0	0	0	0	0	0	0	0	0	0	0	0	0	0	0	0
1789546934553	37859	1663	7	288	12	0	0	3	0	0	0	0	26.103515625	26.103515625	0	0	0	0	90.307617188	90.307617188	0	0	0	0	0	0	0	0	0	0	0	0	0	0	0	0	0	0	0	0	0	0	0	0	0	0	0	0	0	0	0	0	0	0	0	0	0	0	0	0	0	0	0	0	0	0	0	0
1789546934573	37881	1664	7	288	12	0	0	3	0	0	0	0	26.103515625	26.103515625	0	0	0	0	90.307617188	90.307617188	0	0	0	0	0	0	0	0	0	0	0	0	0	0	0	0	0	0	0	0	0	0	0	0	0	0	0	0	0	0	0	0	0	0	0	0	0	0	0	0	0	0	0	0	0	0	0	0
1789546934593	37903	1665	7	288	12	0	0	3	0	0	0	0	26.103515625	26.103515625	0	0	0	0	90.307617188	90.307617188	0	0	0	0	0	0	0	0	0	0	0	0	0	0	0	0	0	0	0	0	0	0	0	0	0	0	0	0	0	0	0	0	0	0	0	0	0	0	0	0	0	0	0	0	0	0	0	0
1789546934621	37925	1666	7	288	12	0	0	3	0	0	0	0	26.103515625	26.103515625	0	0	0	0	90.307617188	90.307617188	0	0	0	0	0	0	0	0	0	0	0	0	0	0	0	0	0	0	0	0	0	0	0	0	0	0	0	0	0	0	0	0	0	0	0	0	0	0	0	0	0	0	0	0	0	0	0	0
1789546934641	37947	1667	7	288	12	0	0	3	0	0	0	0	26.103515625	26.103515625	0	0	0	0	90.307617188	90.307617188	0	0	0	0	0	0	0	0	0	0	0	0	0	0	0	0	0	0	0	0	0	0	0	0	0	0	0	0	0	0	0	0	0	0	0	0	0	0	0	0	0	0	0	0	0	0	0	0
1789546934661	37969	1668	7	288	12	0	0	3	0	0	0	0	26.103515625	26.103515625	0	0	0	0	90.307617188	90.307617188	0	0	0	0	0	0	0	0	0	0	0	0	0	0	0	0	0	0	0	0	0	0	0	0	0	0	0	0	0	0	0	0	0	0	0	0	0	0	0	0	0	0	0	0	0	0	0	0
1789546934681	37991	1669	7	288	12	0	0	3	0	0	0	0	26.103515625	26.103515625	0	0	0	0	90.307617188	90.307617188	0	0	0	0	0	0	0	0	0	0	0	0	0	0	0	0	0	0	0	0	0	0	0	0	0	0	0	0	0	0	0	0	0	0	0	0	0	0	0	0	0	0	0	0	0	0	0	0
1789546934708	38013	1670	7	288	12	0	0	3	0	0	0	0	26.103515625	26.103515625	0	0	0	0	90.307617188	90.307617188	0	0	0	0	0	0	0	0	0	0	0	0	0	0	0	0	0	0	0	0	0	0	0	0	0	0	0	0	0	0	0	0	0	0	0	0	0	0	0	0	0	0	0	0	0	0	0	0
1789546934728	38035	1671	7	288	12	0	0	3	0	0	0	0	26.103515625	26.103515625	0	0	0	0	90.307617188	90.307617188	0	0	0	0	0	0	0	0	0	0	0	0	0	0	0	0	0	0	0	0	0	0	0	0	0	0	0	0	0	0	0	0	0	0	0	0	0	0	0	0	0	0	0	0	0	0	0	0
1789546934748	38057	1672	7	288	12	0	0	3	0	0	0	0	26.103515625	26.103515625	0	0	0	0	90.307617188	90.307617188	0	0	0	0	0	0	0	0	0	0	0	0	0	0	0	0	0	0	0	0	0	0	0	0	0	0	0	0	0	0	0	0	0	0	0	0	0	0	0	0	0	0	0	0	0	0	0	0
1789546934775	38079	1673	7	288	12	0	0	3	0	0	0	0	26.103515625	26.103515625	0	0	0	0	90.307617188	90.307617188	0	0	0	0	0	0	0	0	0	0	0	0	0	0	0	0	0	0	0	0	0	0	0	0	0	0	0	0	0	0	0	0	0	0	0	0	0	0	0	0	0	0	0	0	0	0	0	0
1789546934794	38101	1674	7	288	12	0	0	3	0	0	0	0	26.103515625	26.103515625	0	0	0	0	90.307617188	90.307617188	0	0	0	0	0	0	0	0	0	0	0	0	0	0	0	0	0	0	0	0	0	0	0	0	0	0	0	0	0	0	0	0	0	0	0	0	0	0	0	0	0	0	0	0	0	0	0	0
1789546934814	38123	1675	7	288	12	0	0	3	0	0	0	0	26.103515625	26.103515625	0	0	0	0	90.307617188	90.307617188	0	0	0	0	0	0	0	0	0	0	0	0	0	0	0	0	0	0	0	0	0	0	0	0	0	0	0	0	0	0	0	0	0	0	0	0	0	0	0	0	0	0	0	0	0	0	0	0
1789546934841	38145	1676	7	288	12	0	0	3	0	0	0	0	26.103515625	26.103515625	0	0	0	0	90.307617188	90.307617188	0	0	0	0	0	0	0	0	0	0	0	0	0	0	0	0	0	0	0	0	0	0	0	0	0	0	0	0	0	0	0	0	0	0	0	0	0	0	0	0	0	0	0	0	0	0	0	0
1789546934861	38167	1677	7	288	12	0	0	3	0	0	0	0	26.103515625	26.103515625	0	0	0	0	90.307617188	90.307617188	0	0	0	0	0	0	0	0	0	0	0	0	0	0	0	0	0	0	0	0	0	0	0	0	0	0	0	0	0	0	0	0	0	0	0	0	0	0	0	0	0	0	0	0	0	0	0	0
1789546934881	38189	1678	7	288	12	0	0	3	0	0	0	0	26.103515625	26.103515625	0	0	0	0	90.307617188	90.307617188	0	0	0	0	0	0	0	0	0	0	0	0	0	0	0	0	0	0	0	0	0	0	0	0	0	0	0	0	0	0	0	0	0	0	0	0	0	0	0	0	0	0	0	0	0	0	0	0
1789546934901	38211	1679	7	288	12	0	0	3	0	0	0	0	26.103515625	26.103515625	0	0	0	0	90.307617188	90.307617188	0	0	0	0	0	0	0	0	0	0	0	0	0	0	0	0	0	0	0	0	0	0	0	0	0	0	0	0	0	0	0	0	0	0	0	0	0	0	0	0	0	0	0	0	0	0	0	0
1789546934928	38233	1680	7	288	12	0	0	3	0	0	0	0	26.103515625	26.103515625	0	0	0	0	90.307617188	90.307617188	0	0	0	0	0	0	0	0	0	0	0	0	0	0	0	0	0	0	0	0	0	0	0	0	0	0	0	0	0	0	0	0	0	0	0	0	0	0	0	0	0	0	0	0	0	0	0	0
1789546934948	38255	1681	7	288	12	0	0	3	0	0	0	0	26.103515625	26.103515625	0	0	0	0	90.307617188	90.307617188	0	0	0	0	0	0	0	0	0	0	0	0	0	0	0	0	0	0	0	0	0	0	0	0	0	0	0	0	0	0	0	0	0	0	0	0	0	0	0	0	0	0	0	0	0	0	0	0
1789546934968	38277	1682	7	288	12	0	0	3	0	0	0	0	26.103515625	26.103515625	0	0	0	0	90.307617188	90.307617188	0	0	0	0	0	0	0	0	0	0	0	0	0	0	0	0	0	0	0	0	0	0	0	0	0	0	0	0	0	0	0	0	0	0	0	0	0	0	0	0	0	0	0	0	0	0	0	0
1789546934995	38299	1683	7	288	12	0	0	3	0	0	0	0	26.103515625	26.103515625	0	0	0	0	90.307617188	90.307617188	0	0	0	0	0	0	0	0	0	0	0	0	0	0	0	0	0	0	0	0	0	0	0	0	0	0	0	0	0	0	0	0	0	0	0	0	0	0	0	0	0	0	0	0	0	0	0	0
1789546935015	38321	1684	7	288	12	0	0	3	0	0	0	0	26.103515625	26.103515625	0	0	0	0	90.307617188	90.307617188	0	0	0	0	0	0	0	0	0	0	0	0	0	0	0	0	0	0	0	0	0	0	0	0	0	0	0	0	0	0	0	0	0	0	0	0	0	0	0	0	0	0	0	0	0	0	0	0
1789546935034	38343	1685	7	288	12	0	0	3	0	0	0	0	26.103515625	26.103515625	0	0	0	0	90.307617188	90.307617188	0	0	0	0	0	0	0	0	0	0	0	0	0	0	0	0	0	0	0	0	0	0	0	0	0	0	0	0	0	0	0	0	0	0	0	0	0	0	0	0	0	0	0	0	0	0	0	0
1789546935061	38365	1686	7	288	12	0	0	3	0	0	0	0	26.103515625	26.103515625	0	0	0	0	90.307617188	90.307617188	0	0	0	0	0	0	0	0	0	0	0	0	0	0	0	0	0	0	0	0	0	0	0	0	0	0	0	0	0	0	0	0	0	0	0	0	0	0	0	0	0	0	0	0	0	0	0	0
1789546935081	38387	1687	7	288	12	0	0	3	0	0	0	0	26.103515625	26.103515625	0	0	0	0	90.307617188	90.307617188	0	0	0	0	0	0	0	0	0	0	0	0	0	0	0	0	0	0	0	0	0	0	0	0	0	0	0	0	0	0	0	0	0	0	0	0	0	0	0	0	0	0	0	0	0	0	0	0
1789546935101	38409	1688	7	288	12	0	0	3	0	0	0	0	26.103515625	26.103515625	0	0	0	0	90.307617188	90.307617188	0	0	0	0	0	0	0	0	0	0	0	0	0	0	0	0	0	0	0	0	0	0	0	0	0	0	0	0	0	0	0	0	0	0	0	0	0	0	0	0	0	0	0	0	0	0	0	0
1789546935121	38431	1689	7	288	12	0	0	3	0	0	0	0	26.103515625	26.103515625	0	0	0	0	90.307617188	90.307617188	0	0	0	0	0	0	0	0	0	0	0	0	0	0	0	0	0	0	0	0	0	0	0	0	0	0	0	0	0	0	0	0	0	0	0	0	0	0	0	0	0	0	0	0	0	0	0	0
1789546935148	38453	1690	7	288	12	0	0	3	0	0	0	0	26.103515625	26.103515625	0	0	0	0	90.307617188	90.307617188	0	0	0	0	0	0	0	0	0	0	0	0	0	0	0	0	0	0	0	0	0	0	0	0	0	0	0	0	0	0	0	0	0	0	0	0	0	0	0	0	0	0	0	0	0	0	0	0
1789546935168	38475	1691	7	288	12	0	0	3	0	0	0	0	26.103515625	26.103515625	0	0	0	0	90.307617188	90.307617188	0	0	0	0	0	0	0	0	0	0	0	0	0	0	0	0	0	0	0	0	0	0	0	0	0	0	0	0	0	0	0	0	0	0	0	0	0	0	0	0	0	0	0	0	0	0	0	0
1789546935188	38497	1692	7	288	12	0	0	3	0	0	0	0	26.103515625	26.103515625	0	0	0	0	90.307617188	90.307617188	0	0	0	0	0	0	0	0	0	0	0	0	0	0	0	0	0	0	0	0	0	0	0	0	0	0	0	0	0	0	0	0	0	0	0	0	0	0	0	0	0	0	0	0	0	0	0	0
1789546935208	38519	1693	7	288	12	0	0	3	0	0	0	0	26.103515625	26.103515625	0	0	0	0	90.307617188	90.307617188	0	0	0	0	0	0	0	0	0	0	0	0	0	0	0	0	0	0	0	0	0	0	0	0	0	0	0	0	0	0	0	0	0	0	0	0	0	0	0	0	0	0	0	0	0	0	0	0
1789546935235	38541	1694	7	288	12	0	0	3	0	0	0	0	26.103515625	26.103515625	0	0	0	0	90.307617188	90.307617188	0	0	0	0	0	0	0	0	0	0	0	0	0	0	0	0	0	0	0	0	0	0	0	0	0	0	0	0	0	0	0	0	0	0	0	0	0	0	0	0	0	0	0	0	0	0	0	0
1789546935255	38563	1695	7	288	12	0	0	3	0	0	0	0	26.103515625	26.103515625	0	0	0	0	90.307617188	90.307617188	0	0	0	0	0	0	0	0	0	0	0	0	0	0	0	0	0	0	0	0	0	0	0	0	0	0	0	0	0	0	0	0	0	0	0	0	0	0	0	0	0	0	0	0	0	0	0	0
1789546935275	38585	1696	7	288	12	0	0	3	0	0	0	0	26.103515625	26.103515625	0	0	0	0	90.307617188	90.307617188	0	0	0	0	0	0	0	0	0	0	0	0	0	0	0	0	0	0	0	0	0	0	0	0	0	0	0	0	0	0	0	0	0	0	0	0	0	0	0	0	0	0	0	0	0	0	0	0
1789546935302	38607	1697	7	288	12	0	0	3	0	0	0	0	26.103515625	26.103515625	0	0	0	0	90.3515625	90.3515625	0	0	0	0	0	0	0	0	0	0	0	0	0	0	0	0	0	0	0	0	0	0	0	0	0	0	0	0	0	0	0	0	0	0	0	0	0	0	0	0	0	0	0	0	0	0	0	0
1789546935321	38629	1698	7	288	12	0	0	3	0	0	0	0	26.103515625	26.103515625	0	0	0	0	90.307617188	90.307617188	0	0	0	0	0	0	0	0	0	0	0	0	0	0	0	0	0	0	0	0	0	0	0	0	0	0	0	0	0	0	0	0	0	0	0	0	0	0	0	0	0	0	0	0	0	0	0	0
1789546935341	38651	1699	7	288	12	0	0	3	0	0	0	0	26.103515625	26.103515625	0	0	0	0	90.307617188	90.307617188	0	0	0	0	0	0	0	0	0	0	0	0	0	0	0	0	0	0	0	0	0	0	0	0	0	0	0	0	0	0	0	0	0	0	0	0	0	0	0	0	0	0	0	0	0	0	0	0
1789546935368	38673	1700	7	288	12	0	0	3	0	0	0	0	26.103515625	26.103515625	0	0	0	0	90.307617188	90.307617188	0	0	0	0	0	0	0	0	0	0	0	0	0	0	0	0	0	0	0	0	0	0	0	0	0	0	0	0	0	0	0	0	0	0	0	0	0	0	0	0	0	0	0	0	0	0	0	0
1789546935388	38695	1701	7	288	12	0	0	3	0	0	0	0	26.103515625	26.103515625	0	0	0	0	90.307617188	90.307617188	0	0	0	0	0	0	0	0	0	0	0	0	0	0	0	0	0	0	0	0	0	0	0	0	0	0	0	0	0	0	0	0	0	0	0	0	0	0	0	0	0	0	0	0	0	0	0	0
1789546935408	38717	1702	7	288	12	0	0	3	0	0	0	0	26.103515625	26.103515625	0	0	0	0	90.307617188	90.307617188	0	0	0	0	0	0	0	0	0	0	0	0	0	0	0	0	0	0	0	0	0	0	0	0	0	0	0	0	0	0	0	0	0	0	0	0	0	0	0	0	0	0	0	0	0	0	0	0
1789546935435	38739	1703	7	288	12	0	0	3	0	0	0	0	26.103515625	26.103515625	0	0	0	0	90.307617188	90.307617188	0	0	0	0	0	0	0	0	0	0	0	0	0	0	0	0	0	0	0	0	0	0	0	0	0	0	0	0	0	0	0	0	0	0	0	0	0	0	0	0	0	0	0	0	0	0	0	0
1789546935455	38761	1704	7	288	12	0	0	3	0	0	0	0	26.103515625	26.103515625	0	0	0	0	90.307617188	90.307617188	0	0	0	0	0	0	0	0	0	0	0	0	0	0	0	0	0	0	0	0	0	0	0	0	0	0	0	0	0	0	0	0	0	0	0	0	0	0	0	0	0	0	0	0	0	0	0	0
1789546935475	38783	1705	7	288	12	0	0	3	0	0	0	0	26.147460938	26.147460938	0	0	0	0	90.307617188	90.307617188	0	0	0	0	0	0	0	0	0	0	0	0	0	0	0	0	0	0	0	0	0	0	0	0	0	0	0	0	0	0	0	0	0	0	0	0	0	0	0	0	0	0	0	0	0	0	0	0
1789546935495	38805	1706	7	288	12	0	0	3	0	0	0	0	26.103515625	26.103515625	0	0	0	0	90.307617188	90.307617188	0	0	0	0	0	0	0	0	0	0	0	0	0	0	0	0	0	0	0	0	0	0	0	0	0	0	0	0	0	0	0	0	0	0	0	0	0	0	0	0	0	0	0	0	0	0	0	0
1789546935521	38827	1707	7	288	12	0	0	3	0	0	0	0	26.103515625	26.103515625	0	0	0	0	90.307617188	90.307617188	0	0	0	0	0	0	0	0	0	0	0	0	0	0	0	0	0	0	0	0	0	0	0	0	0	0	0	0	0	0	0	0	0	0	0	0	0	0	0	0	0	0	0	0	0	0	0	0
1789546935543	38849	1708	7	288	12	0	0	3	0	0	0	0	26.103515625	26.103515625	0	0	0	0	90.307617188	90.307617188	0	0	0	0	0	0	0	0	0	0	0	0	0	0	0	0	0	0	0	0	0	0	0	0	0	0	0	0	0	0	0	0	0	0	0	0	0	0	0	0	0	0	0	0	0	0	0	0
1789546935563	38871	1709	7	288	12	0	0	3	0	0	0	0	26.103515625	26.103515625	0	0	0	0	90.307617188	90.307617188	0	0	0	0	0	0	0	0	0	0	0	0	0	0	0	0	0	0	0	0	0	0	0	0	0	0	0	0	0	0	0	0	0	0	0	0	0	0	0	0	0	0	0	0	0	0	0	0
1789546935584	38893	1710	7	288	12	0	0	3	0	0	0	0	26.103515625	26.103515625	0	0	0	0	90.307617188	90.307617188	0	0	0	0	0	0	0	0	0	0	0	0	0	0	0	0	0	0	0	0	0	0	0	0	0	0	0	0	0	0	0	0	0	0	0	0	0	0	0	0	0	0	0	0	0	0	0	0
1789546935610	38915	1711	7	288	12	0	0	3	0	0	0	0	26.103515625	26.103515625	0	0	0	0	90.307617188	90.307617188	0	0	0	0	0	0	0	0	0	0	0	0	0	0	0	0	0	0	0	0	0	0	0	0	0	0	0	0	0	0	0	0	0	0	0	0	0	0	0	0	0	0	0	0	0	0	0	0
1789546935630	38937	1712	7	288	12	0	0	3	0	0	0	0	26.103515625	26.103515625	0	0	0	0	90.307617188	90.307617188	0	0	0	0	0	0	0	0	0	0	0	0	0	0	0	0	0	0	0	0	0	0	0	0	0	0	0	0	0	0	0	0	0	0	0	0	0	0	0	0	0	0	0	0	0	0	0	0
1789546935650	38959	1713	7	288	12	0	0	3	0	0	0	0	26.103515625	26.103515625	0	0	0	0	90.307617188	90.307617188	0	0	0	0	0	0	0	0	0	0	0	0	0	0	0	0	0	0	0	0	0	0	0	0	0	0	0	0	0	0	0	0	0	0	0	0	0	0	0	0	0	0	0	0	0	0	0	0
1789546935677	38981	1714	7	288	12	0	0	3	0	0	0	0	26.103515625	26.103515625	0	0	0	0	90.307617188	90.307617188	0	0	0	0	0	0	0	0	0	0	0	0	0	0	0	0	0	0	0	0	0	0	0	0	0	0	0	0	0	0	0	0	0	0	0	0	0	0	0	0	0	0	0	0	0	0	0	0
1789546935697	39003	1715	7	288	12	0	0	3	0	0	0	0	26.103515625	26.103515625	0	0	0	0	90.307617188	90.307617188	0	0	0	0	0	0	0	0	0	0	0	0	0	0	0	0	0	0	0	0	0	0	0	0	0	0	0	0	0	0	0	0	0	0	0	0	0	0	0	0	0	0	0	0	0	0	0	0
1789546935717	39025	1716	7	288	12	0	0	3	0	0	0	0	26.103515625	26.103515625	0	0	0	0	90.307617188	90.307617188	0	0	0	0	0	0	0	0	0	0	0	0	0	0	0	0	0	0	0	0	0	0	0	0	0	0	0	0	0	0	0	0	0	0	0	0	0	0	0	0	0	0	0	0	0	0	0	0
1789546935737	39047	1717	7	288	12	0	0	3	0	0	0	0	26.103515625	26.103515625	0	0	0	0	90.307617188	90.307617188	0	0	0	0	0	0	0	0	0	0	0	0	0	0	0	0	0	0	0	0	0	0	0	0	0	0	0	0	0	0	0	0	0	0	0	0	0	0	0	0	0	0	0	0	0	0	0	0
1789546935763	39069	1718	7	288	12	0	0	3	0	0	0	0	26.103515625	26.103515625	0	0	0	0	90.307617188	90.307617188	0	0	0	0	0	0	0	0	0	0	0	0	0	0	0	0	0	0	0	0	0	0	0	0	0	0	0	0	0	0	0	0	0	0	0	0	0	0	0	0	0	0	0	0	0	0	0	0
1789546935783	39091	1719	7	288	12	0	0	3	0	0	0	0	26.103515625	26.103515625	0	0	0	0	90.307617188	90.307617188	0	0	0	0	0	0	0	0	0	0	0	0	0	0	0	0	0	0	0	0	0	0	0	0	0	0	0	0	0	0	0	0	0	0	0	0	0	0	0	0	0	0	0	0	0	0	0	0
1789546935803	39113	1720	7	288	12	0	0	3	0	0	0	0	26.103515625	26.103515625	0	0	0	0	90.307617188	90.307617188	0	0	0	0	0	0	0	0	0	0	0	0	0	0	0	0	0	0	0	0	0	0	0	0	0	0	0	0	0	0	0	0	0	0	0	0	0	0	0	0	0	0	0	0	0	0	0	0
1789546935830	39135	1721	7	288	12	0	0	3	0	0	0	0	26.103515625	26.103515625	0	0	0	0	90.307617188	90.307617188	0	0	0	0	0	0	0	0	0	0	0	0	0	0	0	0	0	0	0	0	0	0	0	0	0	0	0	0	0	0	0	0	0	0	0	0	0	0	0	0	0	0	0	0	0	0	0	0
1789546935850	39157	1722	7	288	12	0	0	3	0	0	0	0	26.103515625	26.103515625	0	0	0	0	90.307617188	90.307617188	0	0	0	0	0	0	0	0	0	0	0	0	0	0	0	0	0	0	0	0	0	0	0	0	0	0	0	0	0	0	0	0	0	0	0	0	0	0	0	0	0	0	0	0	0	0	0	0
1789546935870	39179	1723	7	288	12	0	0	3	0	0	0	0	26.103515625	26.103515625	0	0	0	0	90.307617188	90.307617188	0	0	0	0	0	0	0	0	0	0	0	0	0	0	0	0	0	0	0	0	0	0	0	0	0	0	0	0	0	0	0	0	0	0	0	0	0	0	0	0	0	0	0	0	0	0	0	0
1789546935896	39201	1724	7	288	12	0	0	3	0	0	0	0	26.103515625	26.103515625	0	0	0	0	90.307617188	90.307617188	0	0	0	0	0	0	0	0	0	0	0	0	0	0	0	0	0	0	0	0	0	0	0	0	0	0	0	0	0	0	0	0	0	0	0	0	0	0	0	0	0	0	0	0	0	0	0	0
1789546935916	39223	1725	7	288	12	0	0	3	0	0	0	0	26.103515625	26.103515625	0	0	0	0	90.307617188	90.307617188	0	0	0	0	0	0	0	0	0	0	0	0	0	0	0	0	0	0	0	0	0	0	0	0	0	0	0	0	0	0	0	0	0	0	0	0	0	0	0	0	0	0	0	0	0	0	0	0
1789546935935	39245	1726	7	288	12	0	0	3	0	0	0	0	26.103515625	26.103515625	0	0	0	0	90.307617188	90.307617188	0	0	0	0	0	0	0	0	0	0	0	0	0	0	0	0	0	0	0	0	0	0	0	0	0	0	0	0	0	0	0	0	0	0	0	0	0	0	0	0	0	0	0	0	0	0	0	0
1789546935962	39267	1727	7	288	12	0	0	3	0	0	0	0	26.103515625	26.103515625	0	0	0	0	90.307617188	90.307617188	0	0	0	0	0	0	0	0	0	0	0	0	0	0	0	0	0	0	0	0	0	0	0	0	0	0	0	0	0	0	0	0	0	0	0	0	0	0	0	0	0	0	0	0	0	0	0	0
1789546935982	39289	1728	7	288	12	0	0	3	0	0	0	0	26.103515625	26.103515625	0	0	0	0	90.307617188	90.307617188	0	0	0	0	0	0	0	0	0	0	0	0	0	0	0	0	0	0	0	0	0	0	0	0	0	0	0	0	0	0	0	0	0	0	0	0	0	0	0	0	0	0	0	0	0	0	0	0
1789546936002	39311	1729	7	288	12	0	0	3	0	0	0	0	26.103515625	26.103515625	0	0	0	0	90.307617188	90.307617188	0	0	0	0	0	0	0	0	0	0	0	0	0	0	0	0	0	0	0	0	0	0	0	0	0	0	0	0	0	0	0	0	0	0	0	0	0	0	0	0	0	0	0	0	0	0	0	0
1789546936028	39333	1730	7	288	12	0	0	3	0	0	0	0	26.103515625	26.103515625	0	0	0	0	90.307617188	90.307617188	0	0	0	0	0	0	0	0	0	0	0	0	0	0	0	0	0	0	0	0	0	0	0	0	0	0	0	0	0	0	0	0	0	0	0	0	0	0	0	0	0	0	0	0	0	0	0	0
1789546936048	39355	1731	7	288	12	0	0	3	0	0	0	0	26.103515625	26.103515625	0	0	0	0	90.307617188	90.307617188	0	0	0	0	0	0	0	0	0	0	0	0	0	0	0	0	0	0	0	0	0	0	0	0	0	0	0	0	0	0	0	0	0	0	0	0	0	0	0	0	0	0	0	0	0	0	0	0
1789546936068	39377	1732	7	288	12	0	0	3	0	0	0	0	26.103515625	26.103515625	0	0	0	0	90.307617188	90.307617188	0	0	0	0	0	0	0	0	0	0	0	0	0	0	0	0	0	0	0	0	0	0	0	0	0	0	0	0	0	0	0	0	0	0	0	0	0	0	0	0	0	0	0	0	0	0	0	0
1789546936095	39399	1733	7	288	12	0	0	3	0	0	0	0	26.103515625	26.103515625	0	0	0	0	90.307617188	90.307617188	0	0	0	0	0	0	0	0	0	0	0	0	0	0	0	0	0	0	0	0	0	0	0	0	0	0	0	0	0	0	0	0	0	0	0	0	0	0	0	0	0	0	0	0	0	0	0	0
1789546936114	39421	1734	7	288	12	0	0	3	0	0	0	0	26.103515625	26.103515625	0	0	0	0	90.307617188	90.307617188	0	0	0	0	0	0	0	0	0	0	0	0	0	0	0	0	0	0	0	0	0	0	0	0	0	0	0	0	0	0	0	0	0	0	0	0	0	0	0	0	0	0	0	0	0	0	0	0
1789546936135	39443	1735	7	288	12	0	0	3	0	0	0	0	26.103515625	26.103515625	0	0	0	0	90.307617188	90.307617188	0	0	0	0	0	0	0	0	0	0	0	0	0	0	0	0	0	0	0	0	0	0	0	0	0	0	0	0	0	0	0	0	0	0	0	0	0	0	0	0	0	0	0	0	0	0	0	0
1789546936155	39465	1736	7	288	12	0	0	3	0	0	0	0	26.103515625	26.103515625	0	0	0	0	90.307617188	90.307617188	0	0	0	0	0	0	0	0	0	0	0	0	0	0	0	0	0	0	0	0	0	0	0	0	0	0	0	0	0	0	0	0	0	0	0	0	0	0	0	0	0	0	0	0	0	0	0	0
1789546936181	39487	1737	7	288	12	0	0	3	0	0	0	0	26.103515625	26.103515625	0	0	0	0	90.307617188	90.307617188	0	0	0	0	0	0	0	0	0	0	0	0	0	0	0	0	0	0	0	0	0	0	0	0	0	0	0	0	0	0	0	0	0	0	0	0	0	0	0	0	0	0	0	0	0	0	0	0
1789546936201	39509	1738	7	288	12	0	0	3	0	0	0	0	26.103515625	26.103515625	0	0	0	0	90.307617188	90.307617188	0	0	0	0	0	0	0	0	0	0	0	0	0	0	0	0	0	0	0	0	0	0	0	0	0	0	0	0	0	0	0	0	0	0	0	0	0	0	0	0	0	0	0	0	0	0	0	0
1789546936221	39531	1739	7	288	12	0	0	3	0	0	0	0	26.103515625	26.103515625	0	0	0	0	90.307617188	90.307617188	0	0	0	0	0	0	0	0	0	0	0	0	0	0	0	0	0	0	0	0	0	0	0	0	0	0	0	0	0	0	0	0	0	0	0	0	0	0	0	0	0	0	0	0	0	0	0	0
1789546936247	39553	1740	7	288	12	0	0	3	0	0	0	0	26.103515625	26.103515625	0	0	0	0	90.307617188	90.307617188	0	0	0	0	0	0	0	0	0	0	0	0	0	0	0	0	0	0	0	0	0	0	0	0	0	0	0	0	0	0	0	0	0	0	0	0	0	0	0	0	0	0	0	0	0	0	0	0
1789546936267	39575	1741	7	288	12	0	0	3	0	0	0	0	26.103515625	26.103515625	0	0	0	0	90.307617188	90.307617188	0	0	0	0	0	0	0	0	0	0	0	0	0	0	0	0	0	0	0	0	0	0	0	0	0	0	0	0	0	0	0	0	0	0	0	0	0	0	0	0	0	0	0	0	0	0	0	0
1789546936288	39597	1742	7	288	12	0	0	3	0	0	0	0	26.103515625	26.103515625	0	0	0	0	90.307617188	90.307617188	0	0	0	0	0	0	0	0	0	0	0	0	0	0	0	0	0	0	0	0	0	0	0	0	0	0	0	0	0	0	0	0	0	0	0	0	0	0	0	0	0	0	0	0	0	0	0	0
1789546936314	39619	1743	7	288	12	0	0	3	0	0	0	0	26.103515625	26.103515625	0	0	0	0	90.307617188	90.307617188	0	0	0	0	0	0	0	0	0	0	0	0	0	0	0	0	0	0	0	0	0	0	0	0	0	0	0	0	0	0	0	0	0	0	0	0	0	0	0	0	0	0	0	0	0	0	0	0
1789546936334	39641	1744	7	288	12	0	0	3	0	0	0	0	26.103515625	26.103515625	0	0	0	0	90.307617188	90.307617188	0	0	0	0	0	0	0	0	0	0	0	0	0	0	0	0	0	0	0	0	0	0	0	0	0	0	0	0	0	0	0	0	0	0	0	0	0	0	0	0	0	0	0	0	0	0	0	0
1789546936353	39663	1745	7	288	12	0	0	3	0	0	0	0	26.103515625	26.103515625	0	0	0	0	90.307617188	90.307617188	0	0	0	0	0	0	0	0	0	0	0	0	0	0	0	0	0	0	0	0	0	0	0	0	0	0	0	0	0	0	0	0	0	0	0	0	0	0	0	0	0	0	0	0	0	0	0	0
1789546936380	39685	1746	7	288	12	0	0	3	0	0	0	0	26.103515625	26.103515625	0	0	0	0	90.307617188	90.307617188	0	0	0	0	0	0	0	0	0	0	0	0	0	0	0	0	0	0	0	0	0	0	0	0	0	0	0	0	0	0	0	0	0	0	0	0	0	0	0	0	0	0	0	0	0	0	0	0
1789546936400	39707	1747	7	288	12	0	0	3	0	0	0	0	26.103515625	26.103515625	0	0	0	0	90.307617188	90.307617188	0	0	0	0	0	0	0	0	0	0	0	0	0	0	0	0	0	0	0	0	0	0	0	0	0	0	0	0	0	0	0	0	0	0	0	0	0	0	0	0	0	0	0	0	0	0	0	0
1789546936419	39729	1748	7	288	12	0	0	3	0	0	0	0	26.103515625	26.103515625	0	0	0	0	90.307617188	90.307617188	0	0	0	0	0	0	0	0	0	0	0	0	0	0	0	0	0	0	0	0	0	0	0	0	0	0	0	0	0	0	0	0	0	0	0	0	0	0	0	0	0	0	0	0	0	0	0	0
1789546936446	39751	1749	7	288	12	0	0	3	0	0	0	0	26.103515625	26.103515625	0	0	0	0	90.307617188	90.307617188	0	0	0	0	0	0	0	0	0	0	0	0	0	0	0	0	0	0	0	0	0	0	0	0	0	0	0	0	0	0	0	0	0	0	0	0	0	0	0	0	0	0	0	0	0	0	0	0
1789546936466	39773	1750	7	288	12	0	0	3	0	0	0	0	26.103515625	26.103515625	0	0	0	0	90.307617188	90.307617188	0	0	0	0	0	0	0	0	0	0	0	0	0	0	0	0	0	0	0	0	0	0	0	0	0	0	0	0	0	0	0	0	0	0	0	0	0	0	0	0	0	0	0	0	0	0	0	0
1789546936485	39795	1751	7	288	12	0	0	3	0	0	0	0	26.103515625	26.103515625	0	0	0	0	90.307617188	90.307617188	0	0	0	0	0	0	0	0	0	0	0	0	0	0	0	0	0	0	0	0	0	0	0	0	0	0	0	0	0	0	0	0	0	0	0	0	0	0	0	0	0	0	0	0	0	0	0	0
1789546936512	39817	1752	7	288	12	0	0	3	0	0	0	0	26.103515625	26.103515625	0	0	0	0	90.307617188	90.307617188	0	0	0	0	0	0	0	0	0	0	0	0	0	0	0	0	0	0	0	0	0	0	0	0	0	0	0	0	0	0	0	0	0	0	0	0	0	0	0	0	0	0	0	0	0	0	0	0
1789546936532	39839	1753	7	288	12	0	0	3	0	0	0	0	26.103515625	26.103515625	0	0	0	0	90.307617188	90.307617188	0	0	0	0	0	0	0	0	0	0	0	0	0	0	0	0	0	0	0	0	0	0	0	0	0	0	0	0	0	0	0	0	0	0	0	0	0	0	0	0	0	0	0	0	0	0	0	0
1789546936552	39861	1754	7	288	12	0	0	3	0	0	0	0	26.103515625	26.103515625	0	0	0	0	90.307617188	90.307617188	0	0	0	0	0	0	0	0	0	0	0	0	0	0	0	0	0	0	0	0	0	0	0	0	0	0	0	0	0	0	0	0	0	0	0	0	0	0	0	0	0	0	0	0	0	0	0	0
1789546936578	39883	1755	7	288	12	0	0	3	0	0	0	0	26.103515625	26.103515625	0	0	0	0	90.307617188	90.307617188	0	0	0	0	0	0	0	0	0	0	0	0	0	0	0	0	0	0	0	0	0	0	0	0	0	0	0	0	0	0	0	0	0	0	0	0	0	0	0	0	0	0	0	0	0	0	0	0
1789546936599	39905	1756	7	288	12	0	0	3	0	0	0	0	26.103515625	26.103515625	0	0	0	0	90.307617188	90.307617188	0	0	0	0	0	0	0	0	0	0	0	0	0	0	0	0	0	0	0	0	0	0	0	0	0	0	0	0	0	0	0	0	0	0	0	0	0	0	0	0	0	0	0	0	0	0	0	0
1789546936618	39927	1757	7	288	12	0	0	3	0	0	0	0	26.103515625	26.103515625	0	0	0	0	90.307617188	90.307617188	0	0	0	0	0	0	0	0	0	0	0	0	0	0	0	0	0	0	0	0	0	0	0	0	0	0	0	0	0	0	0	0	0	0	0	0	0	0	0	0	0	0	0	0	0	0	0	0
1789546936638	39949	1758	7	288	12	0	0	3	0	0	0	0	26.103515625	26.103515625	0	0	0	0	90.307617188	90.307617188	0	0	0	0	0	0	0	0	0	0	0	0	0	0	0	0	0	0	0	0	0	0	0	0	0	0	0	0	0	0	0	0	0	0	0	0	0	0	0	0	0	0	0	0	0	0	0	0
1789546936665	39971	1759	7	288	12	0	0	3	0	0	0	0	26.103515625	26.103515625	0	0	0	0	90.3515625	90.3515625	0	0	0	0	0	0	0	0	0	0	0	0	0	0	0	0	0	0	0	0	0	0	0	0	0	0	0	0	0	0	0	0	0	0	0	0	0	0	0	0	0	0	0	0	0	0	0	0
1789546936685	39993	1760	7	288	12	0	0	3	0	0	0	0	26.103515625	26.103515625	0	0	0	0	90.307617188	90.307617188	0	0	0	0	0	0	0	0	0	0	0	0	0	0	0	0	0	0	0	0	0	0	0	0	0	0	0	0	0	0	0	0	0	0	0	0	0	0	0	0	0	0	0	0	0	0	0	0
1789546936705	40015	1761	7	288	12	0	0	3	0	0	0	0	26.103515625	26.103515625	0	0	0	0	90.307617188	90.307617188	0	0	0	0	0	0	0	0	0	0	0	0	0	0	0	0	0	0	0	0	0	0	0	0	0	0	0	0	0	0	0	0	0	0	0	0	0	0	0	0	0	0	0	0	0	0	0	0
1789546936732	40037	1762	7	288	12	0	0	3	0	0	0	0	26.103515625	26.103515625	0	0	0	0	90.307617188	90.307617188	0	0	0	0	0	0	0	0	0	0	0	0	0	0	0	0	0	0	0	0	0	0	0	0	0	0	0	0	0	0	0	0	0	0	0	0	0	0	0	0	0	0	0	0	0	0	0	0
1789546936752	40059	1763	7	288	12	0	0	3	0	0	0	0	26.103515625	26.103515625	0	0	0	0	90.307617188	90.307617188	0	0	0	0	0	0	0	0	0	0	0	0	0	0	0	0	0	0	0	0	0	0	0	0	0	0	0	0	0	0	0	0	0	0	0	0	0	0	0	0	0	0	0	0	0	0	0	0
1789546936772	40081	1764	7	288	12	0	0	3	0	0	0	0	26.103515625	26.103515625	0	0	0	0	90.307617188	90.307617188	0	0	0	0	0	0	0	0	0	0	0	0	0	0	0	0	0	0	0	0	0	0	0	0	0	0	0	0	0	0	0	0	0	0	0	0	0	0	0	0	0	0	0	0	0	0	0	0
1789546936799	40103	1765	7	288	12	0	0	3	0	0	0	0	26.103515625	26.103515625	0	0	0	0	90.307617188	90.307617188	0	0	0	0	0	0	0	0	0	0	0	0	0	0	0	0	0	0	0	0	0	0	0	0	0	0	0	0	0	0	0	0	0	0	0	0	0	0	0	0	0	0	0	0	0	0	0	0
1789546936818	40125	1766	7	288	12	0	0	3	0	0	0	0	26.103515625	26.103515625	0	0	0	0	90.307617188	90.307617188	0	0	0	0	0	0	0	0	0	0	0	0	0	0	0	0	0	0	0	0	0	0	0	0	0	0	0	0	0	0	0	0	0	0	0	0	0	0	0	0	0	0	0	0	0	0	0	0
1789546936838	40147	1767	7	288	12	0	0	3	0	0	0	0	26.103515625	26.103515625	0	0	0	0	90.307617188	90.307617188	0	0	0	0	0	0	0	0	0	0	0	0	0	0	0	0	0	0	0	0	0	0	0	0	0	0	0	0	0	0	0	0	0	0	0	0	0	0	0	0	0	0	0	0	0	0	0	0
1789546936864	40169	1768	7	288	12	0	0	3	0	0	0	0	26.103515625	26.103515625	0	0	0	0	90.307617188	90.307617188	0	0	0	0	0	0	0	0	0	0	0	0	0	0	0	0	0	0	0	0	0	0	0	0	0	0	0	0	0	0	0	0	0	0	0	0	0	0	0	0	0	0	0	0	0	0	0	0
1789546936884	40191	1769	7	288	12	0	0	3	0	0	0	0	26.103515625	26.103515625	0	0	0	0	90.307617188	90.307617188	0	0	0	0	0	0	0	0	0	0	0	0	0	0	0	0	0	0	0	0	0	0	0	0	0	0	0	0	0	0	0	0	0	0	0	0	0	0	0	0	0	0	0	0	0	0	0	0
1789546936905	40213	1770	7	288	12	0	0	3	0	0	0	0	26.103515625	26.103515625	0	0	0	0	90.307617188	90.307617188	0	0	0	0	0	0	0	0	0	0	0	0	0	0	0	0	0	0	0	0	0	0	0	0	0	0	0	0	0	0	0	0	0	0	0	0	0	0	0	0	0	0	0	0	0	0	0	0
1789546936924	40235	1771	7	288	12	0	0	3	0	0	0	0	26.103515625	26.103515625	0	0	0	0	90.307617188	90.307617188	0	0	0	0	0	0	0	0	0	0	0	0	0	0	0	0	0	0	0	0	0	0	0	0	0	0	0	0	0	0	0	0	0	0	0	0	0	0	0	0	0	0	0	0	0	0	0	0
1789546936951	40257	1772	7	288	12	0	0	3	0	0	0	0	26.103515625	26.103515625	0	0	0	0	90.307617188	90.307617188	0	0	0	0	0	0	0	0	0	0	0	0	0	0	0	0	0	0	0	0	0	0	0	0	0	0	0	0	0	0	0	0	0	0	0	0	0	0	0	0	0	0	0	0	0	0	0	0
1789546936971	40279	1773	7	288	12	0	0	3	0	0	0	0	26.103515625	26.103515625	0	0	0	0	90.307617188	90.307617188	0	0	0	0	0	0	0	0	0	0	0	0	0	0	0	0	0	0	0	0	0	0	0	0	0	0	0	0	0	0	0	0	0	0	0	0	0	0	0	0	0	0	0	0	0	0	0	0
1789546936991	40301	1774	7	288	12	0	0	3	0	0	0	0	26.103515625	26.103515625	0	0	0	0	90.307617188	90.307617188	0	0	0	0	0	0	0	0	0	0	0	0	0	0	0	0	0	0	0	0	0	0	0	0	0	0	0	0	0	0	0	0	0	0	0	0	0	0	0	0	0	0	0	0	0	0	0	0
1789546937018	40323	1775	7	288	12	0	0	3	0	0	0	0	26.103515625	26.103515625	0	0	0	0	90.307617188	90.307617188	0	0	0	0	0	0	0	0	0	0	0	0	0	0	0	0	0	0	0	0	0	0	0	0	0	0	0	0	0	0	0	0	0	0	0	0	0	0	0	0	0	0	0	0	0	0	0	0
1789546937039	40345	1776	7	288	12	0	0	3	0	0	0	0	26.103515625	26.103515625	0	0	0	0	90.307617188	90.307617188	0	0	0	0	0	0	0	0	0	0	0	0	0	0	0	0	0	0	0	0	0	0	0	0	0	0	0	0	0	0	0	0	0	0	0	0	0	0	0	0	0	0	0	0	0	0	0	0
1789546937058	40367	1777	7	288	12	0	0	3	0	0	0	0	26.103515625	26.103515625	0	0	0	0	90.307617188	90.307617188	0	0	0	0	0	0	0	0	0	0	0	0	0	0	0	0	0	0	0	0	0	0	0	0	0	0	0	0	0	0	0	0	0	0	0	0	0	0	0	0	0	0	0	0	0	0	0	0
1789546937084	40389	1778	7	288	12	0	0	3	0	0	0	0	26.103515625	26.103515625	0	0	0	0	90.307617188	90.307617188	0	0	0	0	0	0	0	0	0	0	0	0	0	0	0	0	0	0	0	0	0	0	0	0	0	0	0	0	0	0	0	0	0	0	0	0	0	0	0	0	0	0	0	0	0	0	0	0
1789546937105	40411	1779	7	288	12	0	0	3	0	0	0	0	26.103515625	26.103515625	0	0	0	0	90.307617188	90.307617188	0	0	0	0	0	0	0	0	0	0	0	0	0	0	0	0	0	0	0	0	0	0	0	0	0	0	0	0	0	0	0	0	0	0	0	0	0	0	0	0	0	0	0	0	0	0	0	0
1789546937124	40433	1780	7	288	12	0	0	3	0	0	0	0	26.103515625	26.103515625	0	0	0	0	90.307617188	90.307617188	0	0	0	0	0	0	0	0	0	0	0	0	0	0	0	0	0	0	0	0	0	0	0	0	0	0	0	0	0	0	0	0	0	0	0	0	0	0	0	0	0	0	0	0	0	0	0	0
1789546937151	40455	1781	7	288	12	0	0	3	0	0	0	0	26.103515625	26.103515625	0	0	0	0	90.307617188	90.307617188	0	0	0	0	0	0	0	0	0	0	0	0	0	0	0	0	0	0	0	0	0	0	0	0	0	0	0	0	0	0	0	0	0	0	0	0	0	0	0	0	0	0	0	0	0	0	0	0
1789546937171	40477	1782	7	288	12	0	0	3	0	0	0	0	26.103515625	26.103515625	0	0	0	0	90.307617188	90.307617188	0	0	0	0	0	0	0	0	0	0	0	0	0	0	0	0	0	0	0	0	0	0	0	0	0	0	0	0	0	0	0	0	0	0	0	0	0	0	0	0	0	0	0	0	0	0	0	0
1789546937191	40499	1783	7	288	12	0	0	3	0	0	0	0	26.103515625	26.103515625	0	0	0	0	90.307617188	90.307617188	0	0	0	0	0	0	0	0	0	0	0	0	0	0	0	0	0	0	0	0	0	0	0	0	0	0	0	0	0	0	0	0	0	0	0	0	0	0	0	0	0	0	0	0	0	0	0	0
1789546937211	40521	1784	7	288	12	0	0	3	0	0	0	0	26.103515625	26.103515625	0	0	0	0	90.307617188	90.307617188	0	0	0	0	0	0	0	0	0	0	0	0	0	0	0	0	0	0	0	0	0	0	0	0	0	0	0	0	0	0	0	0	0	0	0	0	0	0	0	0	0	0	0	0	0	0	0	0
1789546937237	40543	1785	7	288	12	0	0	3	0	0	0	0	26.103515625	26.103515625	0	0	0	0	90.307617188	90.307617188	0	0	0	0	0	0	0	0	0	0	0	0	0	0	0	0	0	0	0	0	0	0	0	0	0	0	0	0	0	0	0	0	0	0	0	0	0	0	0	0	0	0	0	0	0	0	0	0
1789546937258	40565	1786	7	288	12	0	0	3	0	0	0	0	26.103515625	26.103515625	0	0	0	0	90.307617188	90.307617188	0	0	0	0	0	0	0	0	0	0	0	0	0	0	0	0	0	0	0	0	0	0	0	0	0	0	0	0	0	0	0	0	0	0	0	0	0	0	0	0	0	0	0	0	0	0	0	0
1789546937277	40587	1787	7	288	12	0	0	3	0	0	0	0	26.147460938	26.147460938	0	0	0	0	90.307617188	90.307617188	0	0	0	0	0	0	0	0	0	0	0	0	0	0	0	0	0	0	0	0	0	0	0	0	0	0	0	0	0	0	0	0	0	0	0	0	0	0	0	0	0	0	0	0	0	0	0	0
1789546937304	40609	1788	7	288	12	0	0	3	0	0	0	0	26.103515625	26.103515625	0	0	0	0	90.307617188	90.307617188	0	0	0	0	0	0	0	0	0	0	0	0	0	0	0	0	0	0	0	0	0	0	0	0	0	0	0	0	0	0	0	0	0	0	0	0	0	0	0	0	0	0	0	0	0	0	0	0
1789546937323	40631	1789	7	288	12	0	0	3	0	0	0	0	26.103515625	26.103515625	0	0	0	0	90.307617188	90.307617188	0	0	0	0	0	0	0	0	0	0	0	0	0	0	0	0	0	0	0	0	0	0	0	0	0	0	0	0	0	0	0	0	0	0	0	0	0	0	0	0	0	0	0	0	0	0	0	0
1789546937344	40653	1790	7	288	12	0	0	3	0	0	0	0	26.103515625	26.103515625	0	0	0	0	90.307617188	90.307617188	0	0	0	0	0	0	0	0	0	0	0	0	0	0	0	0	0	0	0	0	0	0	0	0	0	0	0	0	0	0	0	0	0	0	0	0	0	0	0	0	0	0	0	0	0	0	0	0
1789546937370	40675	1791	7	288	12	0	0	3	0	0	0	0	26.103515625	26.103515625	0	0	0	0	90.307617188	90.307617188	0	0	0	0	0	0	0	0	0	0	0	0	0	0	0	0	0	0	0	0	0	0	0	0	0	0	0	0	0	0	0	0	0	0	0	0	0	0	0	0	0	0	0	0	0	0	0	0
1789546937392	40697	1792	7	288	12	0	0	3	0	0	0	0	26.103515625	26.103515625	0	0	0	0	90.307617188	90.307617188	0	0	0	0	0	0	0	0	0	0	0	0	0	0	0	0	0	0	0	0	0	0	0	0	0	0	0	0	0	0	0	0	0	0	0	0	0	0	0	0	0	0	0	0	0	0	0	0
1789546937412	40719	1793	7	288	12	0	0	3	0	0	0	0	26.103515625	26.103515625	0	0	0	0	90.307617188	90.307617188	0	0	0	0	0	0	0	0	0	0	0	0	0	0	0	0	0	0	0	0	0	0	0	0	0	0	0	0	0	0	0	0	0	0	0	0	0	0	0	0	0	0	0	0	0	0	0	0
1789546937430	40741	1794	7	288	12	0	0	3	0	0	0	0	26.103515625	26.103515625	0	0	0	0	90.307617188	90.307617188	0	0	0	0	0	0	0	0	0	0	0	0	0	0	0	0	0	0	0	0	0	0	0	0	0	0	0	0	0	0	0	0	0	0	0	0	0	0	0	0	0	0	0	0	0	0	0	0
1789546937455	40763	1795	7	288	12	0	0	3	0	0	0	0	26.103515625	26.103515625	0	0	0	0	90.307617188	90.307617188	0	0	0	0	0	0	0	0	0	0	0	0	0	0	0	0	0	0	0	0	0	0	0	0	0	0	0	0	0	0	0	0	0	0	0	0	0	0	0	0	0	0	0	0	0	0	0	0
1789546937475	40785	1796	7	288	12	0	0	3	0	0	0	0	26.103515625	26.103515625	0	0	0	0	90.307617188	90.307617188	0	0	0	0	0	0	0	0	0	0	0	0	0	0	0	0	0	0	0	0	0	0	0	0	0	0	0	0	0	0	0	0	0	0	0	0	0	0	0	0	0	0	0	0	0	0	0	0
1789546937502	40807	1797	7	288	12	0	0	3	0	0	0	0	26.103515625	26.103515625	0	0	0	0	90.307617188	90.307617188	0	0	-6	6	0	0	0	0	0	0	0	0	0	0	0	0	0	0	0	0	0	0	0	0	0	0	0	0	0	0	0	0	0	0	0	0	0	0	0	0	0	0	0	0	0	0	0	0
1789546937521	40829	1798	7	288	12	0	0	3	0	0	0	0	26.103515625	26.103515625	0	0	0	0	90.307617188	90.307617188	0	0	0	0	0	0	0	0	0	0	0	0	0	0	0	0	0	0	0	0	0	0	0	0	0	0	0	0	0	0	0	0	0	0	0	0	0	0	0	0	0	0	0	0	0	0	0	0
1789546937541	40851	1799	7	288	12	0	0	3	0	0	0	0	26.103515625	26.103515625	0	0	0	0	90.307617188	90.307617188	0	0	0	0	0	0	0	0	0	0	0	0	0	0	0	0	0	0	0	0	0	0	0	0	0	0	0	0	0	0	0	0	0	0	0	0	0	0	0	0	0	0	0	0	0	0	0	0
1789546937567	40873	1800	7	288	12	0	0	3	0	0	0	0	26.103515625	26.103515625	0	0	0	0	90.307617188	90.307617188	0	0	0	0	0	0	0	0	0	0	0	0	0	0	0	0	0	0	0	0	0	0	0	0	0	0	0	0	0	0	0	0	0	0	0	0	0	0	0	0	0	0	0	0	0	0	0	0
1789546937586	40895	1801	7	288	12	0	0	3	0	0	0	0	26.103515625	26.103515625	0	0	0	0	90.307617188	90.307617188	0	0	0	0	0	0	0	0	0	0	0	0	0	0	0	0	0	0	0	0	0	0	0	0	0	0	0	0	0	0	0	0	0	0	0	0	0	0	0	0	0	0	0	0	0	0	0	0
1789546937612	40917	1802	7	288	12	0	0	3	0	0	0	0	26.103515625	26.103515625	0	0	0	0	90.307617188	90.307617188	0	0	0	0	0	0	0	0	0	0	0	0	0	0	0	0	0	0	0	0	0	0	0	0	0	0	0	0	0	0	0	0	0	0	0	0	0	0	0	0	0	0	0	0	0	0	0	0
1789546937632	40939	1803	7	288	12	0	0	3	0	0	0	0	26.103515625	26.103515625	0	0	0	0	90.307617188	90.307617188	0	0	0	0	0	0	0	0	0	0	0	0	0	0	0	0	0	0	0	0	0	0	0	0	0	0	0	0	0	0	0	0	0	0	0	0	0	0	0	0	0	0	0	0	0	0	0	0
1789546937653	40961	1804	7	288	12	0	0	3	0	0	0	0	26.103515625	26.103515625	0	0	0	0	90.307617188	90.307617188	0	0	0	0	0	0	0	0	0	0	0	0	0	0	0	0	0	0	0	0	0	0	0	0	0	0	0	0	0	0	0	0	0	0	0	0	0	0	0	0	0	0	0	0	0	0	0	0
1789546937673	40983	1805	7	288	12	0	0	3	0	0	0	0	26.103515625	26.103515625	0	0	0	0	90.307617188	90.307617188	0	0	0	0	0	0	0	0	0	0	0	0	0	0	0	0	0	0	0	0	0	0	0	0	0	0	0	0	0	0	0	0	0	0	0	0	0	0	0	0	0	0	0	0	0	0	0	0
1789546937700	41005	1806	7	288	12	0	0	3	0	0	0	0	26.103515625	26.103515625	0	0	0	0	90.307617188	90.307617188	0	0	0	0	0	0	0	0	0	0	0	0	0	0	0	0	0	0	0	0	0	0	0	0	0	0	0	0	0	0	0	0	0	0	0	0	0	0	0	0	0	0	0	0	0	0	0	0
1789546937719	41027	1807	7	288	12	0	0	3	0	0	0	0	26.103515625	26.103515625	0	0	0	0	90.307617188	90.307617188	0	0	0	0	0	0	0	0	0	0	0	0	0	0	0	0	0	0	0	0	0	0	0	0	0	0	0	0	0	0	0	0	0	0	0	0	0	0	0	0	0	0	0	0	0	0	0	0
1789546937738	41049	1808	7	288	12	0	0	3	0	0	0	0	26.103515625	26.103515625	0	0	0	0	90.307617188	90.307617188	0	0	0	0	0	0	0	0	0	0	0	0	0	0	0	0	0	0	0	0	0	0	0	0	0	0	0	0	0	0	0	0	0	0	0	0	0	0	0	0	0	0	0	0	0	0	0	0
1789546937764	41071	1809	7	288	12	0	0	3	0	0	0	0	26.103515625	26.103515625	0	0	0	0	90.307617188	90.307617188	0	0	0	0	0	0	0	0	0	0	0	0	0	0	0	0	0	0	0	0	0	0	0	0	0	0	0	0	0	0	0	0	0	0	0	0	0	0	0	0	0	0	0	0	0	0	0	0
1789546937783	41093	1810	7	288	12	0	0	3	0	0	0	0	26.103515625	26.103515625	0	0	0	0	90.307617188	90.307617188	0	0	0	0	0	0	0	0	0	0	0	0	0	0	0	0	0	0	0	0	0	0	0	0	0	0	0	0	0	0	0	0	0	0	0	0	0	0	0	0	0	0	0	0	0	0	0	0
1789546937808	41115	1811	7	288	12	0	0	3	0	0	0	0	26.103515625	26.103515625	0	0	0	0	90.307617188	90.307617188	0	0	0	0	0	0	0	0	0	0	0	0	0	0	0	0	0	0	0	0	0	0	0	0	0	0	0	0	0	0	0	0	0	0	0	0	0	0	0	0	0	0	0	0	0	0	0	0
1789546937826	41137	1812	7	288	12	0	0	3	0	0	0	0	26.103515625	26.103515625	0	0	0	0	90.307617188	90.307617188	0	0	0	0	0	0	0	0	0	0	0	0	0	0	0	0	0	0	0	0	0	0	0	0	0	0	0	0	0	0	0	0	0	0	0	0	0	0	0	0	0	0	0	0	0	0	0	0
1789546937853	41159	1813	7	288	12	0	0	3	0	0	0	0	26.103515625	26.103515625	0	0	0	0	90.307617188	90.307617188	0	0	0	0	0	0	0	0	0	0	0	0	0	0	0	0	0	0	0	0	0	0	0	0	0	0	0	0	0	0	0	0	0	0	0	0	0	0	0	0	0	0	0	0	0	0	0	0
1789546937872	41181	1814	7	288	12	0	0	3	0	0	0	0	26.103515625	26.103515625	0	0	0	0	90.307617188	90.307617188	0	0	0	0	0	0	0	0	0	0	0	0	0	0	0	0	0	0	0	0	0	0	0	0	0	0	0	0	0	0	0	0	0	0	0	0	0	0	0	0	0	0	0	0	0	0	0	0
1789546937898	41203	1815	7	288	12	0	0	3	0	0	0	0	26.103515625	26.103515625	0	0	0	0	90.307617188	90.307617188	0	0	0	0	0	0	0	0	0	0	0	0	0	0	0	0	0	0	0	0	0	0	0	0	0	0	0	0	0	0	0	0	0	0	0	0	0	0	0	0	0	0	0	0	0	0	0	0
1789546937918	41225	1816	7	288	12	0	0	3	0	0	0	0	26.103515625	26.103515625	0	0	0	0	90.307617188	90.307617188	0	0	0	0	0	0	0	0	0	0	0	0	0	0	0	0	0	0	0	0	0	0	0	0	0	0	0	0	0	0	0	0	0	0	0	0	0	0	0	0	0	0	0	0	0	0	0	0
1789546937938	41247	1817	7	288	12	0	0	3	0	0	0	0	26.103515625	26.103515625	0	0	0	0	90.307617188	90.307617188	0	0	0	0	0	0	0	0	0	0	0	0	0	0	0	0	0	0	0	0	0	0	0	0	0	0	0	0	0	0	0	0	0	0	0	0	0	0	0	0	0	0	0	0	0	0	0	0
1789546937959	41269	1818	7	288	12	0	0	3	0	0	0	0	26.103515625	26.103515625	0	0	0	0	90.307617188	90.307617188	0	0	0	0	0	0	0	0	0	0	0	0	0	0	0	0	0	0	0	0	0	0	0	0	0	0	0	0	0	0	0	0	0	0	0	0	0	0	0	0	0	0	0	0	0	0	0	0
1789546937985	41291	1819	7	288	12	0	0	3	0	0	0	0	26.103515625	26.103515625	0	0	0	0	90.307617188	90.307617188	0	0	0	0	0	0	0	0	0	0	0	0	0	0	0	0	0	0	0	0	0	0	0	0	0	0	0	0	0	0	0	0	0	0	0	0	0	0	0	0	0	0	0	0	0	0	0	0
1789546938005	41313	1820	7	288	12	0	0	3	0	0	0	0	26.103515625	26.103515625	0	0	0	0	90.307617188	90.307617188	0	0	0	0	0	0	0	0	0	0	0	0	0	0	0	0	0	0	0	0	0	0	0	0	0	0	0	0	0	0	0	0	0	0	0	0	0	0	0	0	0	0	0	0	0	0	0	0
1789546938025	41335	1821	7	288	12	0	0	3	0	0	0	0	26.103515625	26.103515625	0	0	0	0	90.307617188	90.307617188	0	0	0	0	0	0	0	0	0	0	0	0	0	0	0	0	0	0	0	0	0	0	0	0	0	0	0	0	0	0	0	0	0	0	0	0	0	0	0	0	0	0	0	0	0	0	0	0
1789546938052	41357	1822	7	288	12	0	0	3	0	0	0	0	26.103515625	26.103515625	0	0	0	0	90.307617188	90.307617188	0	0	0	0	0	0	0	0	0	0	0	0	0	0	0	0	0	0	0	0	0	0	0	0	0	0	0	0	0	0	0	0	0	0	0	0	0	0	0	0	0	0	0	0	0	0	0	0
1789546938072	41379	1823	7	288	12	0	0	3	0	0	0	0	26.103515625	26.103515625	0	0	0	0	90.307617188	90.307617188	0	0	0	0	0	0	0	0	0	0	0	0	0	0	0	0	0	0	0	0	0	0	0	0	0	0	0	0	0	0	0	0	0	0	0	0	0	0	0	0	0	0	0	0	0	0	0	0
1789546938093	41401	1824	7	288	12	0	0	3	0	0	0	0	26.103515625	26.103515625	0	0	0	0	90.307617188	90.307617188	0	0	0	0	0	0	0	0	0	0	0	0	0	0	0	0	0	0	0	0	0	0	0	0	0	0	0	0	0	0	0	0	0	0	0	0	0	0	0	0	0	0	0	0	0	0	0	0
1789546938114	41423	1825	7	288	12	0	0	3	0	0	0	0	26.103515625	26.103515625	0	0	0	0	90.307617188	90.307617188	0	0	0	0	0	0	0	0	0	0	0	0	0	0	0	0	0	0	0	0	0	0	0	0	0	0	0	0	0	0	0	0	0	0	0	0	0	0	0	0	0	0	0	0	0	0	0	0
1789546938141	41445	1826	7	288	12	0	0	3	0	0	0	0	26.103515625	26.103515625	0	0	0	0	90.307617188	90.307617188	0	0	0	0	0	0	0	0	0	0	0	0	0	0	0	0	0	0	0	0	0	0	0	0	0	0	0	0	0	0	0	0	0	0	0	0	0	0	0	0	0	0	0	0	0	0	0	0
1789546938162	41467	1827	7	288	12	0	0	3	0	0	0	0	26.103515625	26.103515625	0	0	0	0	90.307617188	90.307617188	0	0	0	0	0	0	0	0	0	0	0	0	0	0	0	0	0	0	0	0	0	0	0	0	0	0	0	0	0	0	0	0	0	0	0	0	0	0	0	0	0	0	0	0	0	0	0	0
1789546938183	41489	1828	7	288	12	0	0	3	0	0	0	0	26.103515625	26.103515625	0	0	0	0	90.307617188	90.307617188	0	0	0	0	0	0	0	0	0	0	0	0	0	0	0	0	0	0	0	0	0	0	0	0	0	0	0	0	0	0	0	0	0	0	0	0	0	0	0	0	0	0	0	0	0	0	0	0
1789546938203	41511	1829	7	288	12	0	0	3	0	0	0	0	26.103515625	26.103515625	0	0	0	0	90.307617188	90.307617188	0	0	0	0	0	0	0	0	0	0	0	0	0	0	0	0	0	0	0	0	0	0	0	0	0	0	0	0	0	0	0	0	0	0	0	0	0	0	0	0	0	0	0	0	0	0	0	0
1789546938224	41533	1830	7	288	12	0	0	3	0	0	0	0	26.103515625	26.103515625	0	0	0	0	90.307617188	90.307617188	0	0	0	0	0	0	0	0	0	0	0	0	0	0	0	0	0	0	0	0	0	0	0	0	0	0	0	0	0	0	0	0	0	0	0	0	0	0	0	0	0	0	0	0	0	0	0	0
1789546938251	41555	1831	7	288	12	0	0	3	0	0	0	0	26.103515625	26.103515625	0	0	0	0	90.307617188	90.307617188	0	0	0	0	0	0	0	0	0	0	0	0	0	0	0	0	0	0	0	0	0	0	0	0	0	0	0	0	0	0	0	0	0	0	0	0	0	0	0	0	0	0	0	0	0	0	0	0
1789546938271	41577	1832	7	288	12	0	0	3	0	0	0	0	26.103515625	26.103515625	0	0	0	0	90.307617188	90.307617188	0	0	0	0	0	0	0	0	0	0	0	0	0	0	0	0	0	0	0	0	0	0	0	0	0	0	0	0	0	0	0	0	0	0	0	0	0	0	0	0	0	0	0	0	0	0	0	0
1789546938291	41599	1833	7	288	12	0	0	3	0	0	0	0	26.103515625	26.103515625	0	0	0	0	90.307617188	90.307617188	0	0	0	0	0	0	0	0	0	0	0	0	0	0	0	0	0	0	0	0	0	0	0	0	0	0	0	0	0	0	0	0	0	0	0	0	0	0	0	0	0	0	0	0	0	0	0	0
1789546938311	41621	1834	7	288	12	0	0	3	0	0	0	0	26.103515625	26.103515625	0	0	0	0	90.307617188	90.307617188	0	0	0	0	0	0	0	0	0	0	0	0	0	0	0	0	0	0	0	0	0	0	0	0	0	0	0	0	0	0	0	0	0	0	0	0	0	0	0	0	0	0	0	0	0	0	0	0
1789546938337	41643	1835	7	288	12	0	0	3	0	0	0	0	26.103515625	26.103515625	0	0	0	0	90.307617188	90.307617188	0	0	0	0	0	0	0	0	0	0	0	0	0	0	0	0	0	0	0	0	0	0	0	0	0	0	0	0	0	0	0	0	0	0	0	0	0	0	0	0	0	0	0	0	0	0	0	0
1789546938357	41665	1836	7	288	12	0	0	3	0	0	0	0	26.103515625	26.103515625	0	0	0	0	90.307617188	90.307617188	0	0	0	0	0	0	0	0	0	0	0	0	0	0	0	0	0	0	0	0	0	0	0	0	0	0	0	0	0	0	0	0	0	0	0	0	0	0	0	0	0	0	0	0	0	0	0	0
1789546938378	41687	1837	7	288	12	0	0	3	0	0	0	0	26.103515625	26.103515625	0	0	0	0	90.307617188	90.307617188	0	0	0	0	0	0	0	0	0	0	0	0	0	0	0	0	0	0	0	0	0	0	0	0	0	0	0	0	0	0	0	0	0	0	0	0	0	0	0	0	0	0	0	0	0	0	0	0
1789546938405	41709	1838	7	288	12	0	0	3	0	0	0	0	26.103515625	26.103515625	0	0	0	0	90.307617188	90.307617188	0	0	0	0	0	0	0	0	0	0	0	0	0	0	0	0	0	0	0	0	0	0	0	0	0	0	0	0	0	0	0	0	0	0	0	0	0	0	0	0	0	0	0	0	0	0	0	0
1789546938424	41731	1839	7	288	12	0	0	3	0	0	0	0	26.103515625	26.103515625	0	0	0	0	90.307617188	90.307617188	0	0	0	0	0	0	0	0	0	0	0	0	0	0	0	0	0	0	0	0	0	0	0	0	0	0	0	0	0	0	0	0	0	0	0	0	0	0	0	0	0	0	0	0	0	0	0	0
1789546938444	41753	1840	7	288	12	0	0	3	0	0	0	0	26.103515625	26.103515625	0	0	0	0	90.307617188	90.307617188	0	0	0	0	0	0	0	0	0	0	0	0	0	0	0	0	0	0	0	0	0	0	0	0	0	0	0	0	0	0	0	0	0	0	0	0	0	0	0	0	0	0	0	0	0	0	0	0
1789546938470	41775	1841	7	288	12	0	0	3	0	0	0	0	26.103515625	26.103515625	0	0	0	0	90.307617188	90.307617188	0	0	0	0	0	0	0	0	0	0	0	0	0	0	0	0	0	0	0	0	0	0	0	0	0	0	0	0	0	0	0	0	0	0	0	0	0	0	0	0	0	0	0	0	0	0	0	0
1789546938490	41797	1842	7	288	12	0	0	3	0	0	0	0	26.103515625	26.103515625	0	0	0	0	90.307617188	90.307617188	0	0	0	0	0	0	0	0	0	0	0	0	0	0	0	0	0	0	0	0	0	0	0	0	0	0	0	0	0	0	0	0	0	0	0	0	0	0	0	0	0	0	0	0	0	0	0	0
1789546938510	41819	1843	7	288	12	0	0	3	0	0	0	0	26.103515625	26.103515625	0	0	0	0	90.307617188	90.307617188	0	0	0	0	0	0	0	0	0	0	0	0	0	0	0	0	0	0	0	0	0	0	0	0	0	0	0	0	0	0	0	0	0	0	0	0	0	0	0	0	0	0	0	0	0	0	0	0
1789546938536	41841	1844	7	288	12	0	0	3	0	0	0	0	26.103515625	26.103515625	0	0	0	0	90.307617188	90.307617188	0	0	0	0	0	0	0	0	0	0	0	0	0	0	0	0	0	0	0	0	0	0	0	0	0	0	0	0	0	0	0	0	0	0	0	0	0	0	0	0	0	0	0	0	0	0	0	0
1789546938556	41863	1845	7	288	12	0	0	3	0	0	0	0	26.103515625	26.103515625	0	0	0	0	90.307617188	90.307617188	0	0	0	0	0	0	0	0	0	0	0	0	0	0	0	0	0	0	0	0	0	0	0	0	0	0	0	0	0	0	0	0	0	0	0	0	0	0	0	0	0	0	0	0	0	0	0	0
1789546938576	41885	1846	7	288	12	0	0	3	0	0	0	0	26.103515625	26.103515625	0	0	0	0	90.307617188	90.307617188	0	0	0	0	0	0	0	0	0	0	0	0	0	0	0	0	0	0	0	0	0	0	0	0	0	0	0	0	0	0	0	0	0	0	0	0	0	0	0	0	0	0	0	0	0	0	0	0
1789546938603	41907	1847	7	288	12	0	0	3	0	0	0	0	26.103515625	26.103515625	0	0	0	0	90.307617188	90.307617188	0	0	0	0	0	0	0	0	0	0	0	0	0	0	0	0	0	0	0	0	0	0	0	0	0	0	0	0	0	0	0	0	0	0	0	0	0	0	0	0	0	0	0	0	0	0	0	0
1789546938623	41929	1848	7	288	12	0	0	3	0	0	0	0	26.103515625	26.103515625	0	0	0	0	90.307617188	90.307617188	0	0	0	0	0	0	0	0	0	0	0	0	0	0	0	0	0	0	0	0	0	0	0	0	0	0	0	0	0	0	0	0	0	0	0	0	0	0	0	0	0	0	0	0	0	0	0	0
1789546938643	41951	1849	7	288	12	0	0	3	0	0	0	0	26.103515625	26.103515625	0	0	0	0	90.307617188	90.307617188	0	0	0	0	0	0	0	0	0	0	0	0	0	0	0	0	0	0	0	0	0	0	0	0	0	0	0	0	0	0	0	0	0	0	0	0	0	0	0	0	0	0	0	0	0	0	0	0
1789546938663	41973	1850	7	288	12	0	0	3	0	0	0	0	26.103515625	26.103515625	0	0	0	0	90.307617188	90.307617188	0	0	0	0	0	0	0	0	0	0	0	0	0	0	0	0	0	0	0	0	0	0	0	0	0	0	0	0	0	0	0	0	0	0	0	0	0	0	0	0	0	0	0	0	0	0	0	0
1789546938690	41995	1851	7	288	12	0	0	3	0	0	0	0	26.103515625	26.103515625	0	0	0	0	90.307617188	90.307617188	0	0	0	0	0	0	0	0	0	0	0	0	0	0	0	0	0	0	0	0	0	0	0	0	0	0	0	0	0	0	0	0	0	0	0	0	0	0	0	0	0	0	0	0	0	0	0	0
1789546938710	42017	1852	7	288	12	0	0	3	0	0	0	0	26.103515625	26.103515625	0	0	0	0	90.307617188	90.307617188	0	0	0	0	0	0	0	0	0	0	0	0	0	0	0	0	0	0	0	0	0	0	0	0	0	0	0	0	0	0	0	0	0	0	0	0	0	0	0	0	0	0	0	0	0	0	0	0
1789546938730	42039	1853	7	288	12	0	0	3	0	0	0	0	26.103515625	26.103515625	0	0	0	0	90.307617188	90.307617188	0	0	0	0	0	0	0	0	0	0	0	0	0	0	0	0	0	0	0	0	0	0	0	0	0	0	0	0	0	0	0	0	0	0	0	0	0	0	0	0	0	0	0	0	0	0	0	0
1789546938757	42061	1854	7	288	12	0	0	3	0	0	0	0	26.103515625	26.103515625	0	0	0	0	90.307617188	90.307617188	0	0	0	0	0	0	0	0	0	0	0	0	0	0	0	0	0	0	0	0	0	0	0	0	0	0	0	0	0	0	0	0	0	0	0	0	0	0	0	0	0	0	0	0	0	0	0	0
1789546938776	42083	1855	7	288	12	0	0	3	0	0	0	0	26.103515625	26.103515625	0	0	0	0	90.307617188	90.307617188	0	0	0	0	0	0	0	0	0	0	0	0	0	0	0	0	0	0	0	0	0	0	0	0	0	0	0	0	0	0	0	0	0	0	0	0	0	0	0	0	0	0	0	0	0	0	0	0
1789546938796	42105	1856	7	288	12	0	0	3	0	0	0	0	26.103515625	26.103515625	0	0	0	0	90.307617188	90.307617188	0	0	0	0	0	0	0	0	0	0	0	0	0	0	0	0	0	0	0	0	0	0	0	0	0	0	0	0	0	0	0	0	0	0	0	0	0	0	0	0	0	0	0	0	0	0	0	0
1789546938822	42127	1857	7	288	12	0	0	3	0	0	0	0	26.103515625	26.103515625	0	0	0	0	90.307617188	90.307617188	0	0	0	0	0	0	0	0	0	0	0	0	0	0	0	0	0	0	0	0	0	0	0	0	0	0	0	0	0	0	0	0	0	0	0	0	0	0	0	0	0	0	0	0	0	0	0	0
1789546938842	42149	1858	7	288	12	0	0	3	0	0	0	0	26.103515625	26.103515625	0	0	0	0	90.307617188	90.307617188	0	0	0	0	0	0	0	0	0	0	0	0	0	0	0	0	0	0	0	0	0	0	0	0	0	0	0	0	0	0	0	0	0	0	0	0	0	0	0	0	0	0	0	0	0	0	0	0
1789546938863	42171	1859	7	288	12	0	0	3	0	0	0	0	26.103515625	26.103515625	0	0	0	0	90.307617188	90.307617188	0	0	0	0	0	0	0	0	0	0	0	0	0	0	0	0	0	0	0	0	0	0	0	0	0	0	0	0	0	0	0	0	0	0	0	0	0	0	0	0	0	0	0	0	0	0	0	0
1789546938883	42193	1860	7	288	12	0	0	3	0	0	0	0	26.103515625	26.103515625	0	0	0	0	90.307617188	90.307617188	0	0	0	0	0	0	0	0	0	0	0	0	0	0	0	0	0	0	0	0	0	0	0	0	0	0	0	0	0	0	0	0	0	0	0	0	0	0	0	0	0	0	0	0	0	0	0	0
1789546938910	42215	1861	7	288	12	0	0	3	0	0	0	0	26.103515625	26.103515625	0	0	0	0	90.307617188	90.307617188	0	0	0	0	0	0	0	0	0	0	0	0	0	0	0	0	0	0	0	0	0	0	0	0	0	0	0	0	0	0	0	0	0	0	0	0	0	0	0	0	0	0	0	0	0	0	0	0
1789546938929	42237	1862	7	288	12	0	0	3	0	0	0	0	26.103515625	26.103515625	0	0	0	0	90.307617188	90.307617188	0	0	0	0	0	0	0	0	0	0	0	0	0	0	0	0	0	0	0	0	0	0	0	0	0	0	0	0	0	0	0	0	0	0	0	0	0	0	0	0	0	0	0	0	0	0	0	0
1789546938949	42259	1863	7	288	12	0	0	3	0	0	0	0	26.103515625	26.103515625	0	0	0	0	90.307617188	90.307617188	0	0	0	0	0	0	0	0	0	0	0	0	0	0	0	0	0	0	0	0	0	0	0	0	0	0	0	0	0	0	0	0	0	0	0	0	0	0	0	0	0	0	0	0	0	0	0	0
1789546938974	42281	1864	7	288	12	0	0	3	0	0	0	0	26.103515625	26.103515625	0	0	0	0	90.307617188	90.307617188	0	0	0	0	0	0	0	0	0	0	0	0	0	0	0	0	0	0	0	0	0	0	0	0	0	0	0	0	0	0	0	0	0	0	0	0	0	0	0	0	0	0	0	0	0	0	0	0
1789546938994	42303	1865	7	288	12	0	0	3	0	0	0	0	26.103515625	26.103515625	0	0	0	0	90.307617188	90.307617188	0	0	0	0	0	0	0	0	0	0	0	0	0	0	0	0	0	0	0	0	0	0	0	0	0	0	0	0	0	0	0	0	0	0	0	0	0	0	0	0	0	0	0	0	0	0	0	0
1789546939021	42325	1866	7	288	12	0	0	3	0	0	0	0	26.103515625	26.103515625	0	0	0	0	90.307617188	90.307617188	0	0	0	0	0	0	0	0	0	0	0	0	0	0	0	0	0	0	0	0	0	0	0	0	0	0	0	0	0	0	0	0	0	0	0	0	0	0	0	0	0	0	0	0	0	0	0	0
1789546939042	42347	1867	7	288	12	0	0	3	0	0	0	0	26.103515625	26.103515625	0	0	0	0	90.307617188	90.307617188	0	0	0	0	0	0	0	0	0	0	0	0	0	0	0	0	0	0	0	0	0	0	0	0	0	0	0	0	0	0	0	0	0	0	0	0	0	0	0	0	0	0	0	0	0	0	0	0
1789546939062	42369	1868	7	288	12	0	0	3	0	0	0	0	26.103515625	26.103515625	0	0	0	0	90.307617188	90.307617188	0	0	0	0	0	0	0	0	0	0	0	0	0	0	0	0	0	0	0	0	0	0	0	0	0	0	0	0	0	0	0	0	0	0	0	0	0	0	0	0	0	0	0	0	0	0	0	0
1789546939082	42391	1869	7	288	12	0	0	3	0	0	0	0	26.103515625	26.103515625	0	0	0	0	90.307617188	90.307617188	0	0	0	0	0	0	0	0	0	0	0	0	0	0	0	0	0	0	0	0	0	0	0	0	0	0	0	0	0	0	0	0	0	0	0	0	0	0	0	0	0	0	0	0	0	0	0	0
1789546939102	42413	1870	7	288	12	0	0	3	0	0	0	0	26.103515625	26.103515625	0	0	0	0	90.307617188	90.307617188	0	0	0	0	0	0	0	0	0	0	0	0	0	0	0	0	0	0	0	0	0	0	0	0	0	0	0	0	0	0	0	0	0	0	0	0	0	0	0	0	0	0	0	0	0	0	0	0
1789546939130	42435	1871	7	288	12	0	0	3	0	0	0	0	26.103515625	26.103515625	0	0	0	0	90.307617188	90.307617188	0	0	0	0	0	0	0	0	0	0	0	0	0	0	0	0	0	0	0	0	0	0	0	0	0	0	0	0	0	0	0	0	0	0	0	0	0	0	0	0	0	0	0	0	0	0	0	0
1789546939149	42457	1872	7	288	12	0	0	3	0	0	0	0	26.147460938	26.147460938	0	0	0	0	90.307617188	90.307617188	0	0	0	0	0	0	0	0	0	0	0	0	0	0	0	0	0	0	0	0	0	0	0	0	0	0	0	0	0	0	0	0	0	0	0	0	0	0	0	0	0	0	0	0	0	0	0	0
1789546939170	42479	1873	7	288	12	0	0	3	0	0	0	0	26.103515625	26.103515625	0	0	0	0	90.307617188	90.307617188	0	0	0	0	0	0	0	0	0	0	0	0	0	0	0	0	0	0	0	0	0	0	0	0	0	0	0	0	0	0	0	0	0	0	0	0	0	0	0	0	0	0	0	0	0	0	0	0
1789546939196	42501	1874	7	288	12	0	0	3	0	0	0	0	26.103515625	26.103515625	0	0	0	0	90.307617188	90.307617188	0	0	0	0	0	0	0	0	0	0	0	0	0	0	0	0	0	0	0	0	0	0	0	0	0	0	0	0	0	0	0	0	0	0	0	0	0	0	0	0	0	0	0	0	0	0	0	0
1789546939217	42523	1875	7	288	12	0	0	3	0	0	0	0	26.103515625	26.103515625	0	0	0	0	90.307617188	90.307617188	0	0	0	0	0	0	0	0	0	0	0	0	0	0	0	0	0	0	0	0	0	0	0	0	0	0	0	0	0	0	0	0	0	0	0	0	0	0	0	0	0	0	0	0	0	0	0	0
1789546939236	42545	1876	7	288	12	0	0	3	0	0	0	0	26.103515625	26.103515625	0	0	0	0	90.307617188	90.307617188	0	0	0	0	0	0	0	0	0	0	0	0	0	0	0	0	0	0	0	0	0	0	0	0	0	0	0	0	0	0	0	0	0	0	0	0	0	0	0	0	0	0	0	0	0	0	0	0
1789546939263	42567	1877	7	288	12	0	0	3	0	0	0	0	26.103515625	26.103515625	0	0	0	0	90.307617188	90.307617188	0	0	0	0	0	0	0	0	0	0	0	0	0	0	0	0	0	0	0	0	0	0	0	0	0	0	0	0	0	0	0	0	0	0	0	0	0	0	0	0	0	0	0	0	0	0	0	0
1789546939283	42589	1878	7	288	12	0	0	3	0	0	0	0	26.103515625	26.103515625	0	0	0	0	90.307617188	90.307617188	0	0	0	0	0	0	0	0	0	0	0	0	0	0	0	0	0	0	0	0	0	0	0	0	0	0	0	0	0	0	0	0	0	0	0	0	0	0	0	0	0	0	0	0	0	0	0	0
1789546939303	42611	1879	7	288	12	0	0	3	0	0	0	0	26.103515625	26.103515625	0	0	0	0	90.307617188	90.307617188	0	0	0	0	0	0	0	0	0	0	0	0	0	0	0	0	0	0	0	0	0	0	0	0	0	0	0	0	0	0	0	0	0	0	0	0	0	0	0	0	0	0	0	0	0	0	0	0
1789546939322	42633	1880	7	288	12	0	0	3	0	0	0	0	26.103515625	26.103515625	0	0	0	0	90.307617188	90.307617188	0	0	0	0	0	0	0	0	0	0	0	0	0	0	0	0	0	0	0	0	0	0	0	0	0	0	0	0	0	0	0	0	0	0	0	0	0	0	0	0	0	0	0	0	0	0	0	0
1789546939349	42655	1881	7	288	12	0	0	3	0	0	0	0	26.103515625	26.103515625	0	0	0	0	90.307617188	90.307617188	0	0	0	0	0	0	0	0	0	0	0	0	0	0	0	0	0	0	0	0	0	0	0	0	0	0	0	0	0	0	0	0	0	0	0	0	0	0	0	0	0	0	0	0	0	0	0	0
1789546939369	42677	1882	7	288	12	0	0	3	0	0	0	0	26.103515625	26.103515625	0	0	0	0	90.307617188	90.307617188	0	0	0	0	0	0	0	0	0	0	0	0	0	0	0	0	0	0	0	0	0	0	0	0	0	0	0	0	0	0	0	0	0	0	0	0	0	0	0	0	0	0	0	0	0	0	0	0
1789546939388	42699	1883	7	288	12	0	0	3	0	0	0	0	26.103515625	26.103515625	0	0	0	0	90.307617188	90.307617188	0	0	0	0	0	0	0	0	0	0	0	0	0	0	0	0	0	0	0	0	0	0	0	0	0	0	0	0	0	0	0	0	0	0	0	0	0	0	0	0	0	0	0	0	0	0	0	0
1789546939414	42721	1884	7	288	12	0	0	3	0	0	0	0	26.103515625	26.103515625	0	0	0	0	90.307617188	90.307617188	0	0	0	0	0	0	0	0	0	0	0	0	0	0	0	0	0	0	0	0	0	0	0	0	0	0	0	0	0	0	0	0	0	0	0	0	0	0	0	0	0	0	0	0	0	0	0	0
1789546939434	42743	1885	7	288	12	0	0	3	0	0	0	0	26.103515625	26.103515625	0	0	0	0	90.307617188	90.307617188	0	0	0	0	0	0	0	0	0	0	0	0	0	0	0	0	0	0	0	0	0	0	0	0	0	0	0	0	0	0	0	0	0	0	0	0	0	0	0	0	0	0	0	0	0	0	0	0
1789546939461	42765	1886	7	288	12	0	0	3	0	0	0	0	26.103515625	26.103515625	0	0	0	0	90.307617188	90.307617188	0	0	0	0	0	0	0	0	0	0	0	0	0	0	0	0	0	0	0	0	0	0	0	0	0	0	0	0	0	0	0	0	0	0	0	0	0	0	0	0	0	0	0	0	0	0	0	0
1789546939481	42787	1887	7	288	12	0	0	3	0	0	0	0	26.103515625	26.103515625	0	0	0	0	90.307617188	90.307617188	0	0	0	0	0	0	0	0	0	0	0	0	0	0	0	0	0	0	0	0	0	0	0	0	0	0	0	0	0	0	0	0	0	0	0	0	0	0	0	0	0	0	0	0	0	0	0	0
1789546939501	42809	1888	7	288	12	0	0	3	0	0	0	0	26.103515625	26.103515625	0	0	0	0	90.307617188	90.307617188	0	0	0	0	0	0	0	0	0	0	0	0	0	0	0	0	0	0	0	0	0	0	0	0	0	0	0	0	0	0	0	0	0	0	0	0	0	0	0	0	0	0	0	0	0	0	0	0
1789546939521	42831	1889	7	288	12	0	0	3	0	0	0	0	26.103515625	26.103515625	0	0	0	0	90.307617188	90.307617188	0	0	0	0	0	0	0	0	0	0	0	0	0	0	0	0	0	0	0	0	0	0	0	0	0	0	0	0	0	0	0	0	0	0	0	0	0	0	0	0	0	0	0	0	0	0	0	0
1789546939548	42853	1890	7	288	12	0	0	3	0	0	0	0	26.103515625	26.103515625	0	0	0	0	90.307617188	90.307617188	0	0	0	0	0	0	0	0	0	0	0	0	0	0	0	0	0	0	0	0	0	0	0	0	0	0	0	0	0	0	0	0	0	0	0	0	0	0	0	0	0	0	0	0	0	0	0	0
1789546939568	42875	1891	7	288	12	0	0	3	0	0	0	0	26.103515625	26.103515625	0	0	0	0	90.307617188	90.307617188	0	0	0	0	0	0	0	0	0	0	0	0	0	0	0	0	0	0	0	0	0	0	0	0	0	0	0	0	0	0	0	0	0	0	0	0	0	0	0	0	0	0	0	0	0	0	0	0
1789546939588	42897	1892	7	288	12	0	0	3	0	0	0	0	26.103515625	26.103515625	0	0	0	0	90.307617188	90.307617188	0	0	0	0	0	0	0	0	0	0	0	0	0	0	0	0	0	0	0	0	0	0	0	0	0	0	0	0	0	0	0	0	0	0	0	0	0	0	0	0	0	0	0	0	0	0	0	0
1789546939614	42919	1893	7	288	12	0	0	3	0	0	0	0	26.103515625	26.103515625	0	0	0	0	90.307617188	90.307617188	0	0	0	0	0	0	0	0	0	0	0	0	0	0	0	0	0	0	0	0	0	0	0	0	0	0	0	0	0	0	0	0	0	0	0	0	0	0	0	0	0	0	0	0	0	0	0	0
1789546939634	42941	1894	7	288	12	0	0	3	0	0	0	0	26.103515625	26.103515625	0	0	0	0	90.307617188	90.307617188	0	0	0	0	0	0	0	0	0	0	0	0	0	0	0	0	0	0	0	0	0	0	0	0	0	0	0	0	0	0	0	0	0	0	0	0	0	0	0	0	0	0	0	0	0	0	0	0
1789546939654	42963	1895	7	288	12	0	0	3	0	0	0	0	26.103515625	26.103515625	0	0	0	0	90.307617188	90.307617188	0	0	0	0	0	0	0	0	0	0	0	0	0	0	0	0	0	0	0	0	0	0	0	0	0	0	0	0	0	0	0	0	0	0	0	0	0	0	0	0	0	0	0	0	0	0	0	0
1789546939681	42985	1896	7	288	12	0	0	3	0	0	0	0	26.103515625	26.103515625	0	0	0	0	90.307617188	90.307617188	0	0	0	0	0	0	0	0	0	0	0	0	0	0	0	0	0	0	0	0	0	0	0	0	0	0	0	0	0	0	0	0	0	0	0	0	0	0	0	0	0	0	0	0	0	0	0	0
1789546939700	43007	1897	7	288	12	0	0	3	0	0	0	0	26.103515625	26.103515625	0	0	0	0	90.307617188	90.307617188	0	0	0	0	0	0	0	0	0	0	0	0	0	0	0	0	0	0	0	0	0	0	0	0	0	0	0	0	0	0	0	0	0	0	0	0	0	0	0	0	0	0	0	0	0	0	0	0
1789546939720	43029	1898	7	288	12	0	0	3	0	0	0	0	26.103515625	26.103515625	0	0	0	0	90.307617188	90.307617188	0	0	0	0	0	0	0	0	0	0	0	0	0	0	0	0	0	0	0	0	0	0	0	0	0	0	0	0	0	0	0	0	0	0	0	0	0	0	0	0	0	0	0	0	0	0	0	0
1789546939741	43051	1899	7	288	12	0	0	3	0	0	0	0	26.103515625	26.103515625	0	0	0	0	90.307617188	90.307617188	0	0	0	0	0	0	0	0	0	0	0	0	0	0	0	0	0	0	0	0	0	0	0	0	0	0	0	0	0	0	0	0	0	0	0	0	0	0	0	0	0	0	0	0	0	0	0	0
1789546939768	43073	1900	7	288	12	0	0	3	0	0	0	0	26.103515625	26.103515625	0	0	0	0	90.307617188	90.307617188	0	0	0	0	0	0	0	0	0	0	0	0	0	0	0	0	0	0	0	0	0	0	0	0	0	0	0	0	0	0	0	0	0	0	0	0	0	0	0	0	0	0	0	0	0	0	0	0
1789546939788	43095	1901	7	288	12	0	0	3	0	0	0	0	26.103515625	26.103515625	0	0	0	0	90.307617188	90.307617188	0	0	0	0	0	0	0	0	0	0	0	0	0	0	0	0	0	0	0	0	0	0	0	0	0	0	0	0	0	0	0	0	0	0	0	0	0	0	0	0	0	0	0	0	0	0	0	0
1789546939807	43117	1902	7	288	12	0	0	3	0	0	0	0	26.103515625	26.103515625	0	0	0	0	90.307617188	90.307617188	0	0	0	0	0	0	0	0	0	0	0	0	0	0	0	0	0	0	0	0	0	0	0	0	0	0	0	0	0	0	0	0	0	0	0	0	0	0	0	0	0	0	0	0	0	0	0	0
1789546939834	43139	1903	7	288	12	0	0	3	0	0	0	0	26.147460938	26.147460938	0	0	0	0	90.307617188	90.307617188	0	0	0	0	0	0	0	0	0	0	0	0	0	0	0	0	0	0	0	0	0	0	0	0	0	0	0	0	0	0	0	0	0	0	0	0	0	0	0	0	0	0	0	0	0	0	0	0
1789546939854	43161	1904	7	288	12	0	0	3	0	0	0	0	26.103515625	26.103515625	0	0	0	0	90.307617188	90.307617188	0	0	0	0	0	0	0	0	0	0	0	0	0	0	0	0	0	0	0	0	0	0	0	0	0	0	0	0	0	0	0	0	0	0	0	0	0	0	0	0	0	0	0	0	0	0	0	0
1789546939874	43183	1905	7	288	12	0	0	3	0	0	0	0	26.103515625	26.103515625	0	0	0	0	90.307617188	90.307617188	0	0	0	0	0	0	0	0	0	0	0	0	0	0	0	0	0	0	0	0	0	0	0	0	0	0	0	0	0	0	0	0	0	0	0	0	0	0	0	0	0	0	0	0	0	0	0	0
1789546939900	43205	1906	7	288	12	0	0	3	0	0	0	0	26.103515625	26.103515625	0	0	0	0	90.307617188	90.307617188	0	0	0	0	0	0	0	0	0	0	0	0	0	0	0	0	0	0	0	0	0	0	0	0	0	0	0	0	0	0	0	0	0	0	0	0	0	0	0	0	0	0	0	0	0	0	0	0
1789546939921	43227	1907	7	288	12	0	0	3	0	0	0	0	26.103515625	26.103515625	0	0	0	0	90.307617188	90.307617188	0	0	0	0	0	0	0	0	0	0	0	0	0	0	0	0	0	0	0	0	0	0	0	0	0	0	0	0	0	0	0	0	0	0	0	0	0	0	0	0	0	0	0	0	0	0	0	0
1789546939941	43249	1908	7	288	12	0	0	3	0	0	0	0	26.103515625	26.103515625	0	0	0	0	90.307617188	90.307617188	0	0	0	0	0	0	0	0	0	0	0	0	0	0	0	0	0	0	0	0	0	0	0	0	0	0	0	0	0	0	0	0	0	0	0	0	0	0	0	0	0	0	0	0	0	0	0	0
1789546939961	43271	1909	7	288	12	0	0	3	0	0	0	0	26.103515625	26.103515625	0	0	0	0	90.307617188	90.307617188	0	0	0	0	0	0	0	0	0	0	0	0	0	0	0	0	0	0	0	0	0	0	0	0	0	0	0	0	0	0	0	0	0	0	0	0	0	0	0	0	0	0	0	0	0	0	0	0
1789546939987	43293	1910	7	288	12	0	0	3	0	0	0	0	26.103515625	26.103515625	0	0	0	0	90.307617188	90.307617188	0	0	0	0	0	0	0	0	0	0	0	0	0	0	0	0	0	0	0	0	0	0	0	0	0	0	0	0	0	0	0	0	0	0	0	0	0	0	0	0	0	0	0	0	0	0	0	0
1789546940007	43315	1911	7	288	12	0	0	3	0	0	0	0	26.103515625	26.103515625	0	0	0	0	90.307617188	90.307617188	0	0	0	0	0	0	0	0	0	0	0	0	0	0	0	0	0	0	0	0	0	0	0	0	0	0	0	0	0	0	0	0	0	0	0	0	0	0	0	0	0	0	0	0	0	0	0	0
1789546940027	43337	1912	7	288	12	0	0	3	0	0	0	0	26.103515625	26.103515625	0	0	0	0	90.307617188	90.307617188	0	0	0	0	0	0	0	0	0	0	0	0	0	0	0	0	0	0	0	0	0	0	0	0	0	0	0	0	0	0	0	0	0	0	0	0	0	0	0	0	0	0	0	0	0	0	0	0
1789546940054	43359	1913	7	288	12	0	0	3	0	0	0	0	26.103515625	26.103515625	0	0	0	0	90.307617188	90.307617188	0	0	0	0	0	0	0	0	0	0	0	0	0	0	0	0	0	0	0	0	0	0	0	0	0	0	0	0	0	0	0	0	0	0	0	0	0	0	0	0	0	0	0	0	0	0	0	0
1789546940074	43381	1914	7	288	12	0	0	3	0	0	0	0	26.103515625	26.103515625	0	0	0	0	90.307617188	90.307617188	0	0	0	0	0	0	0	0	0	0	0	0	0	0	0	0	0	0	0	0	0	0	0	0	0	0	0	0	0	0	0	0	0	0	0	0	0	0	0	0	0	0	0	0	0	0	0	0
1789546940095	43403	1915	7	288	12	0	0	3	0	0	0	0	26.103515625	26.103515625	0	0	0	0	90.307617188	90.307617188	0	0	0	0	0	0	0	0	0	0	0	0	0	0	0	0	0	0	0	0	0	0	0	0	0	0	0	0	0	0	0	0	0	0	0	0	0	0	0	0	0	0	0	0	0	0	0	0
1789546940115	43425	1916	7	288	12	0	0	3	0	0	0	0	26.103515625	26.103515625	0	0	0	0	90.307617188	90.307617188	0	0	0	0	0	0	0	0	0	0	0	0	0	0	0	0	0	0	0	0	0	0	0	0	0	0	0	0	0	0	0	0	0	0	0	0	0	0	0	0	0	0	0	0	0	0	0	0
1789546940142	43447	1917	7	288	12	0	0	3	0	0	0	0	26.103515625	26.103515625	0	0	0	0	90.307617188	90.307617188	0	0	0	0	0	0	0	0	0	0	0	0	0	0	0	0	0	0	0	0	0	0	0	0	0	0	0	0	0	0	0	0	0	0	0	0	0	0	0	0	0	0	0	0	0	0	0	0
1789546940162	43469	1918	7	288	12	0	0	3	0	0	0	0	26.103515625	26.103515625	0	0	0	0	90.307617188	90.307617188	0	0	0	0	0	0	0	0	0	0	0	0	0	0	0	0	0	0	0	0	0	0	0	0	0	0	0	0	0	0	0	0	0	0	0	0	0	0	0	0	0	0	0	0	0	0	0	0
1789546940181	43491	1919	7	288	12	0	0	3	0	0	0	0	26.103515625	26.103515625	0	0	0	0	90.307617188	90.307617188	0	0	0	0	0	0	0	0	0	0	0	0	0	0	0	0	0	0	0	0	0	0	0	0	0	0	0	0	0	0	0	0	0	0	0	0	0	0	0	0	0	0	0	0	0	0	0	0
1789546940208	43513	1920	7	288	12	0	0	3	0	0	0	0	26.103515625	26.103515625	0	0	0	0	90.307617188	90.307617188	0	0	0	0	0	0	0	0	0	0	0	0	0	0	0	0	0	0	0	0	0	0	0	0	0	0	0	0	0	0	0	0	0	0	0	0	0	0	0	0	0	0	0	0	0	0	0	0
1789546940228	43535	1921	7	288	12	0	0	3	0	0	0	0	26.103515625	26.103515625	0	0	0	0	90.307617188	90.307617188	0	0	0	0	0	0	0	0	0	0	0	0	0	0	0	0	0	0	0	0	0	0	0	0	0	0	0	0	0	0	0	0	0	0	0	0	0	0	0	0	0	0	0	0	0	0	0	0
1789546940248	43557	1922	7	288	12	0	0	3	0	0	0	0	26.103515625	26.103515625	0	0	0	0	90.307617188	90.307617188	0	0	0	0	0	0	0	0	0	0	0	0	0	0	0	0	0	0	0	0	0	0	0	0	0	0	0	0	0	0	0	0	0	0	0	0	0	0	0	0	0	0	0	0	0	0	0	0
1789546940275	43579	1923	7	288	12	0	0	3	0	0	0	0	26.103515625	26.103515625	0	0	0	0	90.307617188	90.307617188	0	0	0	0	0	0	0	0	0	0	0	0	0	0	0	0	0	0	0	0	0	0	0	0	0	0	0	0	0	0	0	0	0	0	0	0	0	0	0	0	0	0	0	0	0	0	0	0
1789546940294	43601	1924	7	288	12	0	0	3	0	0	0	0	26.103515625	26.103515625	0	0	0	0	90.307617188	90.307617188	0	0	0	0	0	0	0	0	0	0	0	0	0	0	0	0	0	0	0	0	0	0	0	0	0	0	0	0	0	0	0	0	0	0	0	0	0	0	0	0	0	0	0	0	0	0	0	0
1789546940314	43623	1925	7	288	12	0	0	3	0	0	0	0	26.103515625	26.103515625	0	0	0	0	90.307617188	90.307617188	0	0	0	0	0	0	0	0	0	0	0	0	0	0	0	0	0	0	0	0	0	0	0	0	0	0	0	0	0	0	0	0	0	0	0	0	0	0	0	0	0	0	0	0	0	0	0	0
1789546940341	43645	1926	7	288	12	0	0	3	0	0	0	0	26.103515625	26.103515625	0	0	0	0	90.307617188	90.307617188	0	0	0	0	0	0	0	0	0	0	0	0	0	0	0	0	0	0	0	0	0	0	0	0	0	0	0	0	0	0	0	0	0	0	0	0	0	0	0	0	0	0	0	0	0	0	0	0
1789546940360	43667	1927	7	288	12	0	0	3	0	0	0	0	26.103515625	26.103515625	0	0	0	0	90.307617188	90.307617188	0	0	0	0	0	0	0	0	0	0	0	0	0	0	0	0	0	0	0	0	0	0	0	0	0	0	0	0	0	0	0	0	0	0	0	0	0	0	0	0	0	0	0	0	0	0	0	0
1789546940381	43689	1928	7	288	12	0	0	3	0	0	0	0	26.103515625	26.103515625	0	0	0	0	90.307617188	90.307617188	0	0	0	0	0	0	0	0	0	0	0	0	0	0	0	0	0	0	0	0	0	0	0	0	0	0	0	0	0	0	0	0	0	0	0	0	0	0	0	0	0	0	0	0	0	0	0	0
1789546940401	43711	1929	7	288	12	0	0	3	0	0	0	0	26.103515625	26.103515625	0	0	0	0	90.307617188	90.307617188	0	0	0	0	0	0	0	0	0	0	0	0	0	0	0	0	0	0	0	0	0	0	0	0	0	0	0	0	0	0	0	0	0	0	0	0	0	0	0	0	0	0	0	0	0	0	0	0
1789546940427	43733	1930	7	288	12	0	0	3	0	0	0	0	26.103515625	26.103515625	0	0	0	0	90.307617188	90.307617188	0	0	0	0	0	0	0	0	0	0	0	0	0	0	0	0	0	0	0	0	0	0	0	0	0	0	0	0	0	0	0	0	0	0	0	0	0	0	0	0	0	0	0	0	0	0	0	0
1789546940447	43755	1931	7	288	12	0	0	3	0	0	0	0	26.103515625	26.103515625	0	0	0	0	90.307617188	90.307617188	0	0	0	0	0	0	0	0	0	0	0	0	0	0	0	0	0	0	0	0	0	0	0	0	0	0	0	0	0	0	0	0	0	0	0	0	0	0	0	0	0	0	0	0	0	0	0	0
1789546940467	43777	1932	7	288	12	0	0	3	0	0	0	0	26.103515625	26.103515625	0	0	0	0	90.307617188	90.307617188	0	0	0	0	0	0	0	0	0	0	0	0	0	0	0	0	0	0	0	0	0	0	0	0	0	0	0	0	0	0	0	0	0	0	0	0	0	0	0	0	0	0	0	0	0	0	0	0
1789546940493	43799	1933	7	288	12	0	0	3	0	0	0	0	26.103515625	26.103515625	0	0	0	0	90.307617188	90.307617188	0	0	0	0	0	0	0	0	0	0	0	0	0	0	0	0	0	0	0	0	0	0	0	0	0	0	0	0	0	0	0	0	0	0	0	0	0	0	0	0	0	0	0	0	0	0	0	0
1789546940513	43821	1934	7	288	12	0	0	3	0	0	0	0	26.103515625	26.103515625	0	0	0	0	90.307617188	90.307617188	0	0	0	0	0	0	0	0	0	0	0	0	0	0	0	0	0	0	0	0	0	0	0	0	0	0	0	0	0	0	0	0	0	0	0	0	0	0	0	0	0	0	0	0	0	0	0	0
1789546940533	43843	1935	7	288	12	0	0	3	0	0	0	0	26.103515625	26.103515625	0	0	0	0	90.307617188	90.307617188	0	0	0	0	0	0	0	0	0	0	0	0	0	0	0	0	0	0	0	0	0	0	0	0	0	0	0	0	0	0	0	0	0	0	0	0	0	0	0	0	0	0	0	0	0	0	0	0
1789546940559	43865	1936	7	288	12	0	0	3	0	0	0	0	26.103515625	26.103515625	0	0	0	0	90.307617188	90.307617188	0	0	0	0	0	0	0	0	0	0	0	0	0	0	0	0	0	0	0	0	0	0	0	0	0	0	0	0	0	0	0	0	0	0	0	0	0	0	0	0	0	0	0	0	0	0	0	0
1789546940579	43887	1937	7	288	12	0	0	3	0	0	0	0	26.103515625	26.103515625	0	0	0	0	90.307617188	90.307617188	0	0	0	0	0	0	0	0	0	0	0	0	0	0	0	0	0	0	0	0	0	0	0	0	0	0	0	0	0	0	0	0	0	0	0	0	0	0	0	0	0	0	0	0	0	0	0	0
1789546940599	43909	1938	7	288	12	0	0	3	0	0	0	0	26.103515625	26.103515625	0	0	0	0	90.307617188	90.307617188	0	0	0	0	0	0	0	0	0	0	0	0	0	0	0	0	0	0	0	0	0	0	0	0	0	0	0	0	0	0	0	0	0	0	0	0	0	0	0	0	0	0	0	0	0	0	0	0
1789546940626	43931	1939	7	288	12	0	0	3	0	0	0	0	26.103515625	26.103515625	0	0	0	0	90.307617188	90.307617188	0	0	0	0	0	0	0	0	0	0	0	0	0	0	0	0	0	0	0	0	0	0	0	0	0	0	0	0	0	0	0	0	0	0	0	0	0	0	0	0	0	0	0	0	0	0	0	0
1789546940647	43953	1940	7	288	12	0	0	3	0	0	0	0	26.103515625	26.103515625	0	0	0	0	90.307617188	90.307617188	0	0	0	0	0	0	0	0	0	0	0	0	0	0	0	0	0	0	0	0	0	0	0	0	0	0	0	0	0	0	0	0	0	0	0	0	0	0	0	0	0	0	0	0	0	0	0	0
1789546940668	43975	1941	7	288	12	0	0	3	0	0	0	0	26.103515625	26.103515625	0	0	0	0	90.307617188	90.307617188	0	0	0	0	0	0	0	0	0	0	0	0	0	0	0	0	0	0	0	0	0	0	0	0	0	0	0	0	0	0	0	0	0	0	0	0	0	0	0	0	0	0	0	0	0	0	0	0
1789546940688	43997	1942	7	288	12	0	0	3	0	0	0	0	26.103515625	26.103515625	0	0	0	0	90.307617188	90.307617188	0	0	0	0	0	0	0	0	0	0	0	0	0	0	0	0	0	0	0	0	0	0	0	0	0	0	0	0	0	0	0	0	0	0	0	0	0	0	0	0	0	0	0	0	0	0	0	0
1789546940715	44019	1943	7	288	12	0	0	3	0	0	0	0	26.103515625	26.103515625	0	0	0	0	90.307617188	90.307617188	0	0	0	0	0	0	0	0	0	0	0	0	0	0	0	0	0	0	0	0	0	0	0	0	0	0	0	0	0	0	0	0	0	0	0	0	0	0	0	0	0	0	0	0	0	0	0	0
1789546940735	44041	1944	7	288	12	0	0	3	0	0	0	0	26.103515625	26.103515625	0	0	0	0	90.307617188	90.307617188	0	0	0	0	0	0	0	0	0	0	0	0	0	0	0	0	0	0	0	0	0	0	0	0	0	0	0	0	0	0	0	0	0	0	0	0	0	0	0	0	0	0	0	0	0	0	0	0
1789546940754	44063	1945	7	288	12	0	0	3	0	0	0	0	26.103515625	26.103515625	0	0	0	0	90.307617188	90.307617188	0	0	0	0	0	0	0	0	0	0	0	0	0	0	0	0	0	0	0	0	0	0	0	0	0	0	0	0	0	0	0	0	0	0	0	0	0	0	0	0	0	0	0	0	0	0	0	0
1789546940781	44085	1946	7	288	12	0	0	3	0	0	0	0	26.103515625	26.103515625	0	0	0	0	90.307617188	90.307617188	0	0	0	0	0	0	0	0	0	0	0	0	0	0	0	0	0	0	0	0	0	0	0	0	0	0	0	0	0	0	0	0	0	0	0	0	0	0	0	0	0	0	0	0	0	0	0	0
1789546940801	44107	1947	7	288	12	0	0	3	0	0	0	0	26.103515625	26.103515625	0	0	0	0	90.307617188	90.307617188	0	0	0	0	0	0	0	0	0	0	0	0	0	0	0	0	0	0	0	0	0	0	0	0	0	0	0	0	0	0	0	0	0	0	0	0	0	0	0	0	0	0	0	0	0	0	0	0
1789546940821	44129	1948	7	288	12	0	0	3	0	0	0	0	26.103515625	26.103515625	0	0	0	0	90.307617188	90.307617188	0	0	0	0	0	0	0	0	0	0	0	0	0	0	0	0	0	0	0	0	0	0	0	0	0	0	0	0	0	0	0	0	0	0	0	0	0	0	0	0	0	0	0	0	0	0	0	0
1789546940841	44151	1949	7	288	12	0	0	3	0	0	0	0	26.103515625	26.103515625	0	0	0	0	90.307617188	90.307617188	0	0	0	0	0	0	0	0	0	0	0	0	0	0	0	0	0	0	0	0	0	0	0	0	0	0	0	0	0	0	0	0	0	0	0	0	0	0	0	0	0	0	0	0	0	0	0	0
1789546940867	44173	1950	7	288	12	0	0	3	0	0	0	0	26.103515625	26.103515625	0	0	0	0	90.307617188	90.307617188	0	0	0	0	0	0	0	0	0	0	0	0	0	0	0	0	0	0	0	0	0	0	0	0	0	0	0	0	0	0	0	0	0	0	0	0	0	0	0	0	0	0	0	0	0	0	0	0
1789546940887	44195	1951	7	288	12	0	0	3	0	0	0	0	26.103515625	26.103515625	0	0	0	0	90.307617188	90.307617188	0	0	0	0	0	0	0	0	0	0	0	0	0	0	0	0	0	0	0	0	0	0	0	0	0	0	0	0	0	0	0	0	0	0	0	0	0	0	0	0	0	0	0	0	0	0	0	0
1789546940907	44217	1952	7	288	12	0	0	3	0	0	0	0	26.103515625	26.103515625	0	0	0	0	90.307617188	90.307617188	0	0	0	0	0	0	0	0	0	0	0	0	0	0	0	0	0	0	0	0	0	0	0	0	0	0	0	0	0	0	0	0	0	0	0	0	0	0	0	0	0	0	0	0	0	0	0	0
1789546940933	44239	1953	7	288	12	0	0	3	0	0	0	0	26.103515625	26.103515625	0	0	0	0	90.307617188	90.307617188	0	0	0	0	0	0	0	0	0	0	0	0	0	0	0	0	0	0	0	0	0	0	0	0	0	0	0	0	0	0	0	0	0	0	0	0	0	0	0	0	0	0	0	0	0	0	0	0
1789546940953	44261	1954	7	288	12	0	0	3	0	0	0	0	26.103515625	26.103515625	0	0	0	0	90.307617188	90.307617188	0	0	0	0	0	0	0	0	0	0	0	0	0	0	0	0	0	0	0	0	0	0	0	0	0	0	0	0	0	0	0	0	0	0	0	0	0	0	0	0	0	0	0	0	0	0	0	0
1789546940973	44283	1955	7	288	12	0	0	3	0	0	0	0	26.103515625	26.103515625	0	0	0	0	90.307617188	90.307617188	0	0	0	0	0	0	0	0	0	0	0	0	0	0	0	0	0	0	0	0	0	0	0	0	0	0	0	0	0	0	0	0	0	0	0	0	0	0	0	0	0	0	0	0	0	0	0	0
1789546941000	44305	1956	7	288	12	0	0	3	0	0	0	0	26.103515625	26.103515625	0	0	0	0	90.307617188	90.307617188	0	0	0	0	0	0	0	0	0	0	0	0	0	0	0	0	0	0	0	0	0	0	0	0	0	0	0	0	0	0	0	0	0	0	0	0	0	0	0	0	0	0	0	0	0	0	0	0
1789546941019	44327	1957	7	288	12	0	0	3	0	0	0	0	26.103515625	26.103515625	0	0	0	0	90.307617188	90.307617188	0	0	0	0	0	0	0	0	0	0	0	0	0	0	0	0	0	0	0	0	0	0	0	0	0	0	0	0	0	0	0	0	0	0	0	0	0	0	0	0	0	0	0	0	0	0	0	0
1789546941039	44349	1958	7	288	12	0	0	3	0	0	0	0	26.103515625	26.103515625	0	0	0	0	90.307617188	90.307617188	0	0	0	0	0	0	0	0	0	0	0	0	0	0	0	0	0	0	0	0	0	0	0	0	0	0	0	0	0	0	0	0	0	0	0	0	0	0	0	0	0	0	0	0	0	0	0	0
1789546941065	44371	1959	7	288	12	0	0	3	0	0	0	0	26.103515625	26.103515625	0	0	0	0	90.307617188	90.307617188	0	0	0	0	0	0	0	0	0	0	0	0	0	0	0	0	0	0	0	0	0	0	0	0	0	0	0	0	0	0	0	0	0	0	0	0	0	0	0	0	0	0	0	0	0	0	0	0
1789546941085	44393	1960	7	288	12	0	0	3	0	0	0	0	26.103515625	26.103515625	0	0	0	0	90.307617188	90.307617188	0	0	0	0	0	0	0	0	0	0	0	0	0	0	0	0	0	0	0	0	0	0	0	0	0	0	0	0	0	0	0	0	0	0	0	0	0	0	0	0	0	0	0	0	0	0	0	0
1789546941105	44415	1961	7	288	12	0	0	3	0	0	0	0	26.103515625	26.103515625	0	0	0	0	90.307617188	90.307617188	0	0	0	0	0	0	0	0	0	0	0	0	0	0	0	0	0	0	0	0	0	0	0	0	0	0	0	0	0	0	0	0	0	0	0	0	0	0	0	0	0	0	0	0	0	0	0	0
1789546941132	44437	1962	7	288	12	0	0	3	0	0	0	0	26.103515625	26.103515625	0	0	0	0	90.307617188	90.307617188	0	0	0	0	0	0	0	0	0	0	0	0	0	0	0	0	0	0	0	0	0	0	0	0	0	0	0	0	0	0	0	0	0	0	0	0	0	0	0	0	0	0	0	0	0	0	0	0
1789546941152	44459	1963	7	288	12	0	0	3	0	0	0	0	26.103515625	26.103515625	0	0	0	0	90.307617188	90.307617188	0	0	0	0	0	0	0	0	0	0	0	0	0	0	0	0	0	0	0	0	0	0	0	0	0	0	0	0	0	0	0	0	0	0	0	0	0	0	0	0	0	0	0	0	0	0	0	0
1789546941172	44481	1964	7	288	12	0	0	3	0	0	0	0	26.103515625	26.103515625	0	0	0	0	90.307617188	90.307617188	0	0	0	0	0	0	0	0	0	0	0	0	0	0	0	0	0	0	0	0	0	0	0	0	0	0	0	0	0	0	0	0	0	0	0	0	0	0	0	0	0	0	0	0	0	0	0	0
1789546941198	44503	1965	7	288	12	0	0	3	0	0	0	0	26.103515625	26.103515625	0	0	0	0	90.307617188	90.307617188	0	0	0	0	0	0	0	0	0	0	0	0	0	0	0	0	0	0	0	0	0	0	0	0	0	0	0	0	0	0	0	0	0	0	0	0	0	0	0	0	0	0	0	0	0	0	0	0
1789546941218	44525	1966	7	288	12	0	0	3	0	0	0	0	26.103515625	26.103515625	0	0	0	0	90.307617188	90.307617188	0	0	0	0	0	0	0	0	0	0	0	0	0	0	0	0	0	0	0	0	0	0	0	0	0	0	0	0	0	0	0	0	0	0	0	0	0	0	0	0	0	0	0	0	0	0	0	0
1789546941237	44547	1967	7	288	12	0	0	3	0	0	0	0	26.103515625	26.103515625	0	0	0	0	90.307617188	90.307617188	0	0	0	0	0	0	0	0	0	0	0	0	0	0	0	0	0	0	0	0	0	0	0	0	0	0	0	0	0	0	0	0	0	0	0	0	0	0	0	0	0	0	0	0	0	0	0	0
1789546941264	44569	1968	7	288	12	0	0	3	0	0	0	0	26.103515625	26.103515625	0	0	0	0	90.307617188	90.307617188	0	0	0	0	0	0	0	0	0	0	0	0	0	0	0	0	0	0	0	0	0	0	0	0	0	0	0	0	0	0	0	0	0	0	0	0	0	0	0	0	0	0	0	0	0	0	0	0
1789546941284	44591	1969	7	288	12	0	0	3	0	0	0	0	26.103515625	26.103515625	0	0	0	0	90.307617188	90.307617188	0	0	0	0	0	0	0	0	0	0	0	0	0	0	0	0	0	0	0	0	0	0	0	0	0	0	0	0	0	0	0	0	0	0	0	0	0	0	0	0	0	0	0	0	0	0	0	0
1789546941304	44613	1970	7	288	12	0	0	3	0	0	0	0	26.103515625	26.103515625	0	0	0	0	90.307617188	90.307617188	0	0	0	0	0	0	0	0	0	0	0	0	0	0	0	0	0	0	0	0	0	0	0	0	0	0	0	0	0	0	0	0	0	0	0	0	0	0	0	0	0	0	0	0	0	0	0	0
1789546941330	44635	1971	7	288	12	0	0	3	0	0	0	0	26.103515625	26.103515625	0	0	0	0	90.307617188	90.307617188	0	0	0	0	0	0	0	0	0	0	0	0	0	0	0	0	0	0	0	0	0	0	0	0	0	0	0	0	0	0	0	0	0	0	0	0	0	0	0	0	0	0	0	0	0	0	0	0
1789546941350	44657	1972	7	288	12	0	0	3	0	0	0	0	26.103515625	26.103515625	0	0	0	0	90.307617188	90.307617188	0	0	0	0	0	0	0	0	0	0	0	0	0	0	0	0	0	0	0	0	0	0	0	0	0	0	0	0	0	0	0	0	0	0	0	0	0	0	0	0	0	0	0	0	0	0	0	0
1789546941369	44679	1973	7	288	12	0	0	3	0	0	0	0	26.103515625	26.103515625	0	0	0	0	90.307617188	90.307617188	0	0	0	0	0	0	0	0	0	0	0	0	0	0	0	0	0	0	0	0	0	0	0	0	0	0	0	0	0	0	0	0	0	0	0	0	0	0	0	0	0	0	0	0	0	0	0	0
1789546941396	44701	1974	7	288	12	0	0	3	0	0	0	0	26.103515625	26.103515625	0	0	0	0	90.307617188	90.307617188	0	0	0	0	0	0	0	0	0	0	0	0	0	0	0	0	0	0	0	0	0	0	0	0	0	0	0	0	0	0	0	0	0	0	0	0	0	0	0	0	0	0	0	0	0	0	0	0
1789546941415	44723	1975	7	288	12	0	0	3	0	0	0	0	26.103515625	26.103515625	0	0	0	0	90.307617188	90.307617188	0	0	0	0	0	0	0	0	0	0	0	0	0	0	0	0	0	0	0	0	0	0	0	0	0	0	0	0	0	0	0	0	0	0	0	0	0	0	0	0	0	0	0	0	0	0	0	0
1789546941436	44745	1976	7	288	12	0	0	3	0	0	0	0	26.103515625	26.103515625	0	0	0	0	90.307617188	90.307617188	0	0	0	0	0	0	0	0	0	0	0	0	0	0	0	0	0	0	0	0	0	0	0	0	0	0	0	0	0	0	0	0	0	0	0	0	0	0	0	0	0	0	0	0	0	0	0	0
1789546941462	44767	1977	7	288	12	0	0	3	0	0	0	0	26.103515625	26.103515625	0	0	0	0	90.307617188	90.307617188	0	0	0	0	0	0	0	0	0	0	0	0	0	0	0	0	0	0	0	0	0	0	0	0	0	0	0	0	0	0	0	0	0	0	0	0	0	0	0	0	0	0	0	0	0	0	0	0
1789546941482	44789	1978	7	288	12	0	0	3	0	0	0	0	26.103515625	26.103515625	0	0	0	0	90.307617188	90.307617188	0	0	0	0	0	0	0	0	0	0	0	0	0	0	0	0	0	0	0	0	0	0	0	0	0	0	0	0	0	0	0	0	0	0	0	0	0	0	0	0	0	0	0	0	0	0	0	0
1789546941501	44811	1979	7	288	12	0	0	3	0	0	0	0	26.103515625	26.103515625	0	0	0	0	90.307617188	90.307617188	0	0	0	0	0	0	0	0	0	0	0	0	0	0	0	0	0	0	0	0	0	0	0	0	0	0	0	0	0	0	0	0	0	0	0	0	0	0	0	0	0	0	0	0	0	0	0	0
1789546941528	44833	1980	7	288	12	0	0	3	0	0	0	0	26.103515625	26.103515625	0	0	0	0	90.307617188	90.307617188	0	0	0	0	0	0	0	0	0	0	0	0	0	0	0	0	0	0	0	0	0	0	0	0	0	0	0	0	0	0	0	0	0	0	0	0	0	0	0	0	0	0	0	0	0	0	0	0
1789546941547	44855	1981	7	288	12	0	0	3	0	0	0	0	26.103515625	26.103515625	0	0	0	0	90.307617188	90.307617188	0	0	0	0	0	0	0	0	0	0	0	0	0	0	0	0	0	0	0	0	0	0	0	0	0	0	0	0	0	0	0	0	0	0	0	0	0	0	0	0	0	0	0	0	0	0	0	0
1789546941567	44877	1982	7	288	12	0	0	3	0	0	0	0	26.103515625	26.103515625	0	0	0	0	90.307617188	90.307617188	0	0	0	0	0	0	0	0	0	0	0	0	0	0	0	0	0	0	0	0	0	0	0	0	0	0	0	0	0	0	0	0	0	0	0	0	0	0	0	0	0	0	0	0	0	0	0	0
1789546941594	44899	1983	7	288	12	0	0	3	0	0	0	0	26.103515625	26.103515625	0	0	0	0	90.307617188	90.307617188	0	0	-6	6	0	0	0	0	0	0	0	0	0	0	0	0	0	0	0	0	0	0	0	0	0	0	0	0	0	0	0	0	0	0	0	0	0	0	0	0	0	0	0	0	0	0	0	0
1789546941613	44921	1984	7	288	12	0	0	3	0	0	0	0	26.103515625	26.103515625	0	0	0	0	90.307617188	90.307617188	0	0	0	0	0	0	0	0	0	0	0	0	0	0	0	0	0	0	0	0	0	0	0	0	0	0	0	0	0	0	0	0	0	0	0	0	0	0	0	0	0	0	0	0	0	0	0	0
1789546941633	44943	1985	7	288	12	0	0	3	0	0	0	0	26.103515625	26.103515625	0	0	0	0	90.307617188	90.307617188	0	0	0	0	0	0	0	0	0	0	0	0	0	0	0	0	0	0	0	0	0	0	0	0	0	0	0	0	0	0	0	0	0	0	0	0	0	0	0	0	0	0	0	0	0	0	0	0
1789546941659	44965	1986	7	288	12	0	0	3	0	0	0	0	26.103515625	26.103515625	0	0	0	0	90.307617188	90.307617188	0	0	0	0	0	0	0	0	0	0	0	0	0	0	0	0	0	0	0	0	0	0	0	0	0	0	0	0	0	0	0	0	0	0	0	0	0	0	0	0	0	0	0	0	0	0	0	0
1789546941679	44987	1987	7	288	12	0	0	3	0	0	0	0	26.103515625	26.103515625	0	0	0	0	90.307617188	90.307617188	0	0	0	0	0	0	0	0	0	0	0	0	0	0	0	0	0	0	0	0	0	0	0	0	0	0	0	0	0	0	0	0	0	0	0	0	0	0	0	0	0	0	0	0	0	0	0	0
1789546941699	45009	1988	7	288	12	0	0	3	0	0	0	0	26.103515625	26.103515625	0	0	0	0	90.307617188	90.307617188	0	0	0	0	0	0	0	0	0	0	0	0	0	0	0	0	0	0	0	0	0	0	0	0	0	0	0	0	0	0	0	0	0	0	0	0	0	0	0	0	0	0	0	0	0	0	0	0
1789546941726	45031	1989	7	288	12	0	0	3	0	0	0	0	26.103515625	26.103515625	0	0	0	0	90.307617188	90.307617188	0	0	0	0	0	0	0	0	0	0	0	0	0	0	0	0	0	0	0	0	0	0	0	0	0	0	0	0	0	0	0	0	0	0	0	0	0	0	0	0	0	0	0	0	0	0	0	0
1789546941746	45053	1990	7	288	12	0	0	3	0	0	0	0	26.103515625	26.103515625	0	0	0	0	90.307617188	90.307617188	0	0	0	0	0	0	0	0	0	0	0	0	0	0	0	0	0	0	0	0	0	0	0	0	0	0	0	0	0	0	0	0	0	0	0	0	0	0	0	0	0	0	0	0	0	0	0	0
1789546941766	45075	1991	7	288	12	0	0	3	0	0	0	0	26.103515625	26.103515625	0	0	0	0	90.307617188	90.307617188	0	0	0	0	0	0	0	0	0	0	0	0	0	0	0	0	0	0	0	0	0	0	0	0	0	0	0	0	0	0	0	0	0	0	0	0	0	0	0	0	0	0	0	0	0	0	0	0
1789546941792	45097	1992	7	288	12	0	0	3	0	0	0	0	26.103515625	26.103515625	0	0	0	0	90.307617188	90.307617188	0	0	0	0	0	0	0	0	0	0	0	0	0	0	0	0	0	0	0	0	0	0	0	0	0	0	0	0	0	0	0	0	0	0	0	0	0	0	0	0	0	0	0	0	0	0	0	0
1789546941812	45119	1993	7	288	12	0	0	3	0	0	0	0	26.103515625	26.103515625	0	0	0	0	90.307617188	90.307617188	0	0	0	0	0	0	0	0	0	0	0	0	0	0	0	0	0	0	0	0	0	0	0	0	0	0	0	0	0	0	0	0	0	0	0	0	0	0	0	0	0	0	0	0	0	0	0	0
1789546941832	45141	1994	7	288	12	0	0	3	0	0	0	0	26.103515625	26.103515625	0	0	0	0	90.307617188	90.307617188	0	0	0	0	0	0	0	0	0	0	0	0	0	0	0	0	0	0	0	0	0	0	0	0	0	0	0	0	0	0	0	0	0	0	0	0	0	0	0	0	0	0	0	0	0	0	0	0
1789546941858	45163	1995	7	288	12	0	0	3	0	0	0	0	26.103515625	26.103515625	0	0	0	0	90.307617188	90.307617188	0	0	0	0	0	0	0	0	0	0	0	0	0	0	0	0	0	0	0	0	0	0	0	0	0	0	0	0	0	0	0	0	0	0	0	0	0	0	0	0	0	0	0	0	0	0	0	0
1789546941879	45185	1996	7	288	12	0	0	3	0	0	0	0	26.103515625	26.103515625	0	0	0	0	90.307617188	90.307617188	0	0	0	0	0	0	0	0	0	0	0	0	0	0	0	0	0	0	0	0	0	0	0	0	0	0	0	0	0	0	0	0	0	0	0	0	0	0	0	0	0	0	0	0	0	0	0	0
1789546941898	45207	1997	7	288	12	0	0	3	0	0	0	0	26.103515625	26.103515625	0	0	0	0	90.307617188	90.307617188	0	0	0	0	0	0	0	0	0	0	0	0	0	0	0	0	0	0	0	0	0	0	0	0	0	0	0	0	0	0	0	0	0	0	0	0	0	0	0	0	0	0	0	0	0	0	0	0
1789546941918	45229	1998	7	288	12	0	0	3	0	0	0	0	26.103515625	26.103515625	0	0	0	0	90.307617188	90.307617188	0	0	0	0	0	0	0	0	0	0	0	0	0	0	0	0	0	0	0	0	0	0	0	0	0	0	0	0	0	0	0	0	0	0	0	0	0	0	0	0	0	0	0	0	0	0	0	0
1789546941944	45251	1999	7	288	12	0	0	3	0	0	0	0	26.103515625	26.103515625	0	0	0	0	90.307617188	90.307617188	0	0	0	0	0	0	0	0	0	0	0	0	0	0	0	0	0	0	0	0	0	0	0	0	0	0	0	0	0	0	0	0	0	0	0	0	0	0	0	0	0	0	0	0	0	0	0	0
1789546941964	45273	2000	7	288	12	0	0	3	0	0	0	0	26.103515625	26.103515625	0	0	0	0	90.307617188	90.307617188	0	0	0	0	0	0	0	0	0	0	0	0	0	0	0	0	0	0	0	0	0	0	0	0	0	0	0	0	0	0	0	0	0	0	0	0	0	0	0	0	0	0	0	0	0	0	0	0
1789546941990	45295	2001	7	288	12	0	0	3	0	0	0	0	26.103515625	26.103515625	0	0	0	0	90.307617188	90.307617188	0	0	0	0	0	0	0	0	0	0	0	0	0	0	0	0	0	0	0	0	0	0	0	0	0	0	0	0	0	0	0	0	0	0	0	0	0	0	0	0	0	0	0	0	0	0	0	0
1789546942010	45317	2002	7	288	12	0	0	3	0	0	0	0	26.103515625	26.103515625	0	0	0	0	90.307617188	90.307617188	0	0	0	0	0	0	0	0	0	0	0	0	0	0	0	0	0	0	0	0	0	0	0	0	0	0	0	0	0	0	0	0	0	0	0	0	0	0	0	0	0	0	0	0	0	0	0	0
1789546942030	45339	2003	7	288	12	0	0	3	0	0	0	0	26.103515625	26.103515625	0	0	0	0	90.307617188	90.307617188	0	0	0	0	0	0	0	0	0	0	0	0	0	0	0	0	0	0	0	0	0	0	0	0	0	0	0	0	0	0	0	0	0	0	0	0	0	0	0	0	0	0	0	0	0	0	0	0
1789546942057	45361	2004	7	288	12	0	0	3	0	0	0	0	26.103515625	26.103515625	0	0	0	0	90.307617188	90.307617188	0	0	0	0	0	0	0	0	0	0	0	0	0	0	0	0	0	0	0	0	0	0	0	0	0	0	0	0	0	0	0	0	0	0	0	0	0	0	0	0	0	0	0	0	0	0	0	0
1789546942076	45383	2005	7	288	12	0	0	3	0	0	0	0	26.103515625	26.103515625	0	0	0	0	90.307617188	90.307617188	0	0	0	0	0	0	0	0	0	0	0	0	0	0	0	0	0	0	0	0	0	0	0	0	0	0	0	0	0	0	0	0	0	0	0	0	0	0	0	0	0	0	0	0	0	0	0	0
1789546942096	45405	2006	7	288	12	0	0	3	0	0	0	0	26.103515625	26.103515625	0	0	0	0	90.307617188	90.307617188	0	0	0	0	0	0	0	0	0	0	0	0	0	0	0	0	0	0	0	0	0	0	0	0	0	0	0	0	0	0	0	0	0	0	0	0	0	0	0	0	0	0	0	0	0	0	0	0
1789546942122	45427	2007	7	288	12	0	0	3	0	0	0	0	26.103515625	26.103515625	0	0	0	0	90.307617188	90.307617188	0	0	0	0	0	0	0	0	0	0	0	0	0	0	0	0	0	0	0	0	0	0	0	0	0	0	0	0	0	0	0	0	0	0	0	0	0	0	0	0	0	0	0	0	0	0	0	0
1789546942142	45449	2008	7	288	12	0	0	3	0	0	0	0	26.103515625	26.103515625	0	0	0	0	90.307617188	90.307617188	0	0	0	0	0	0	0	0	0	0	0	0	0	0	0	0	0	0	0	0	0	0	0	0	0	0	0	0	0	0	0	0	0	0	0	0	0	0	0	0	0	0	0	0	0	0	0	0
1789546942162	45471	2009	7	288	12	0	0	3	0	0	0	0	26.103515625	26.103515625	0	0	0	0	90.307617188	90.307617188	0	0	0	0	0	0	0	0	0	0	0	0	0	0	0	0	0	0	0	0	0	0	0	0	0	0	0	0	0	0	0	0	0	0	0	0	0	0	0	0	0	0	0	0	0	0	0	0
1789546942189	45493	2010	7	288	12	0	0	3	0	0	0	0	26.103515625	26.103515625	0	0	0	0	90.307617188	90.307617188	0	0	0	0	0	0	0	0	0	0	0	0	0	0	0	0	0	0	0	0	0	0	0	0	0	0	0	0	0	0	0	0	0	0	0	0	0	0	0	0	0	0	0	0	0	0	0	0
1789546942209	45515	2011	7	288	12	0	0	3	0	0	0	0	26.103515625	26.103515625	0	0	0	0	90.307617188	90.307617188	0	0	0	0	0	0	0	0	0	0	0	0	0	0	0	0	0	0	0	0	0	0	0	0	0	0	0	0	0	0	0	0	0	0	0	0	0	0	0	0	0	0	0	0	0	0	0	0
1789546942229	45537	2012	7	288	12	0	0	3	0	0	0	0	26.103515625	26.103515625	0	0	0	0	90.307617188	90.307617188	0	0	0	0	0	0	0	0	0	0	0	0	0	0	0	0	0	0	0	0	0	0	0	0	0	0	0	0	0	0	0	0	0	0	0	0	0	0	0	0	0	0	0	0	0	0	0	0
1789546942249	45559	2013	7	288	12	0	0	3	0	0	0	0	26.103515625	26.103515625	0	0	0	0	90.307617188	90.307617188	0	0	0	0	0	0	0	0	0	0	0	0	0	0	0	0	0	0	0	0	0	0	0	0	0	0	0	0	0	0	0	0	0	0	0	0	0	0	0	0	0	0	0	0	0	0	0	0
1789546942275	45581	2014	7	288	12	0	0	3	0	0	0	0	26.103515625	26.103515625	0	0	0	0	90.307617188	90.307617188	0	0	0	0	0	0	0	0	0	0	0	0	0	0	0	0	0	0	0	0	0	0	0	0	0	0	0	0	0	0	0	0	0	0	0	0	0	0	0	0	0	0	0	0	0	0	0	0
1789546942294	45603	2015	7	288	12	0	0	3	0	0	0	0	26.103515625	26.103515625	0	0	0	0	90.307617188	90.307617188	0	0	0	0	0	0	0	0	0	0	0	0	0	0	0	0	0	0	0	0	0	0	0	0	0	0	0	0	0	0	0	0	0	0	0	0	0	0	0	0	0	0	0	0	0	0	0	0
1789546942314	45625	2016	7	288	12	0	0	3	0	0	0	0	26.103515625	26.103515625	0	0	0	0	90.307617188	90.307617188	0	0	0	0	0	0	0	0	0	0	0	0	0	0	0	0	0	0	0	0	0	0	0	0	0	0	0	0	0	0	0	0	0	0	0	0	0	0	0	0	0	0	0	0	0	0	0	0
1789546942341	45647	2017	7	288	12	0	0	3	0	0	0	0	26.103515625	26.103515625	0	0	0	0	90.307617188	90.307617188	0	0	0	0	0	0	0	0	0	0	0	0	0	0	0	0	0	0	0	0	0	0	0	0	0	0	0	0	0	0	0	0	0	0	0	0	0	0	0	0	0	0	0	0	0	0	0	0
1789546942361	45669	2018	7	288	12	0	0	3	0	0	0	0	26.103515625	26.103515625	0	0	0	0	90.307617188	90.307617188	0	0	0	0	0	0	0	0	0	0	0	0	0	0	0	0	0	0	0	0	0	0	0	0	0	0	0	0	0	0	0	0	0	0	0	0	0	0	0	0	0	0	0	0	0	0	0	0
1789546942380	45691	2019	7	288	12	0	0	3	0	0	0	0	26.103515625	26.103515625	0	0	0	0	90.307617188	90.307617188	0	0	0	0	0	0	0	0	0	0	0	0	0	0	0	0	0	0	0	0	0	0	0	0	0	0	0	0	0	0	0	0	0	0	0	0	0	0	0	0	0	0	0	0	0	0	0	0
1789546942407	45713	2020	7	288	12	0	0	3	0	0	0	0	26.103515625	26.103515625	0	0	0	0	90.307617188	90.307617188	0	0	0	0	0	0	0	0	0	0	0	0	0	0	0	0	0	0	0	0	0	0	0	0	0	0	0	0	0	0	0	0	0	0	0	0	0	0	0	0	0	0	0	0	0	0	0	0
1789546942426	45735	2021	7	288	12	0	0	3	0	0	0	0	26.103515625	26.103515625	0	0	0	0	90.307617188	90.307617188	0	0	0	0	0	0	0	0	0	0	0	0	0	0	0	0	0	0	0	0	0	0	0	0	0	0	0	0	0	0	0	0	0	0	0	0	0	0	0	0	0	0	0	0	0	0	0	0
1789546942446	45757	2022	7	288	12	0	0	3	0	0	0	0	26.103515625	26.103515625	0	0	0	0	90.307617188	90.307617188	0	0	0	0	0	0	0	0	0	0	0	0	0	0	0	0	0	0	0	0	0	0	0	0	0	0	0	0	0	0	0	0	0	0	0	0	0	0	0	0	0	0	0	0	0	0	0	0
1789546942473	45779	2023	7	288	12	0	0	3	0	0	0	0	26.103515625	26.103515625	0	0	0	0	90.307617188	90.307617188	0	0	0	0	0	0	0	0	0	0	0	0	0	0	0	0	0	0	0	0	0	0	0	0	0	0	0	0	0	0	0	0	0	0	0	0	0	0	0	0	0	0	0	0	0	0	0	0
1789546942493	45801	2024	7	288	12	0	0	3	0	0	0	0	26.103515625	26.103515625	0	0	0	0	90.307617188	90.307617188	0	0	0	0	0	0	0	0	0	0	0	0	0	0	0	0	0	0	0	0	0	0	0	0	0	0	0	0	0	0	0	0	0	0	0	0	0	0	0	0	0	0	0	0	0	0	0	0
1789546942513	45823	2025	7	288	12	0	0	3	0	0	0	0	26.103515625	26.103515625	0	0	0	0	90.307617188	90.307617188	0	0	0	0	0	0	0	0	0	0	0	0	0	0	0	0	0	0	0	0	0	0	0	0	0	0	0	0	0	0	0	0	0	0	0	0	0	0	0	0	0	0	0	0	0	0	0	0
1789546942540	45845	2026	7	288	12	0	0	3	0	0	0	0	26.103515625	26.103515625	0	0	0	0	90.307617188	90.307617188	0	0	0	0	0	0	0	0	0	0	0	0	0	0	0	0	0	0	0	0	0	0	0	0	0	0	0	0	0	0	0	0	0	0	0	0	0	0	0	0	0	0	0	0	0	0	0	0
1789546942559	45867	2027	7	288	12	0	0	3	0	0	0	0	26.103515625	26.103515625	0	0	0	0	90.307617188	90.307617188	0	0	0	0	0	0	0	0	0	0	0	0	0	0	0	0	0	0	0	0	0	0	0	0	0	0	0	0	0	0	0	0	0	0	0	0	0	0	0	0	0	0	0	0	0	0	0	0
1789546942579	45889	2028	7	288	12	0	0	3	0	0	0	0	26.103515625	26.103515625	0	0	0	0	90.307617188	90.307617188	0	0	0	0	0	0	0	0	0	0	0	0	0	0	0	0	0	0	0	0	0	0	0	0	0	0	0	0	0	0	0	0	0	0	0	0	0	0	0	0	0	0	0	0	0	0	0	0
1789546942605	45911	2029	7	288	12	0	0	3	0	0	0	0	26.103515625	26.103515625	0	0	0	0	90.307617188	90.307617188	0	0	0	0	0	0	0	0	0	0	0	0	0	0	0	0	0	0	0	0	0	0	0	0	0	0	0	0	0	0	0	0	0	0	0	0	0	0	0	0	0	0	0	0	0	0	0	0
1789546942625	45933	2030	7	288	12	0	0	3	0	0	0	0	26.103515625	26.103515625	0	0	0	0	90.307617188	90.307617188	0	0	0	0	0	0	0	0	0	0	0	0	0	0	0	0	0	0	0	0	0	0	0	0	0	0	0	0	0	0	0	0	0	0	0	0	0	0	0	0	0	0	0	0	0	0	0	0
1789546942646	45955	2031	7	288	12	0	0	3	0	0	0	0	26.103515625	26.103515625	0	0	0	0	90.307617188	90.307617188	0	0	0	0	0	0	0	0	0	0	0	0	0	0	0	0	0	0	0	0	0	0	0	0	0	0	0	0	0	0	0	0	0	0	0	0	0	0	0	0	0	0	0	0	0	0	0	0
1789546942672	45977	2032	7	288	12	0	0	3	0	0	0	0	26.103515625	26.103515625	0	0	0	0	90.307617188	90.307617188	0	0	0	0	0	0	0	0	0	0	0	0	0	0	0	0	0	0	0	0	0	0	0	0	0	0	0	0	0	0	0	0	0	0	0	0	0	0	0	0	0	0	0	0	0	0	0	0
1789546942692	45999	2033	7	288	12	0	0	3	0	0	0	0	26.103515625	26.103515625	0	0	0	0	90.307617188	90.307617188	0	0	0	0	0	0	0	0	0	0	0	0	0	0	0	0	0	0	0	0	0	0	0	0	0	0	0	0	0	0	0	0	0	0	0	0	0	0	0	0	0	0	0	0	0	0	0	0
1789546942712	46021	2034	7	288	12	0	0	3	0	0	0	0	26.103515625	26.103515625	0	0	0	0	90.307617188	90.307617188	0	0	0	0	0	0	0	0	0	0	0	0	0	0	0	0	0	0	0	0	0	0	0	0	0	0	0	0	0	0	0	0	0	0	0	0	0	0	0	0	0	0	0	0	0	0	0	0
1789546942738	46043	2035	7	288	12	0	0	3	0	0	0	0	26.103515625	26.103515625	0	0	0	0	90.307617188	90.307617188	0	0	0	0	0	0	0	0	0	0	0	0	0	0	0	0	0	0	0	0	0	0	0	0	0	0	0	0	0	0	0	0	0	0	0	0	0	0	0	0	0	0	0	0	0	0	0	0
1789546942758	46065	2036	7	288	12	0	0	3	0	0	0	0	26.103515625	26.103515625	0	0	0	0	90.307617188	90.307617188	0	0	0	0	0	0	0	0	0	0	0	0	0	0	0	0	0	0	0	0	0	0	0	0	0	0	0	0	0	0	0	0	0	0	0	0	0	0	0	0	0	0	0	0	0	0	0	0
1789546942780	46087	2037	7	288	12	0	0	3	0	0	0	0	26.103515625	26.103515625	0	0	0	0	90.307617188	90.307617188	0	0	0	0	0	0	0	0	0	0	0	0	0	0	0	0	0	0	0	0	0	0	0	0	0	0	0	0	0	0	0	0	0	0	0	0	0	0	0	0	0	0	0	0	0	0	0	0
1789546942800	46109	2038	7	288	12	0	0	3	0	0	0	0	26.103515625	26.103515625	0	0	0	0	90.307617188	90.307617188	0	0	0	0	0	0	0	0	0	0	0	0	0	0	0	0	0	0	0	0	0	0	0	0	0	0	0	0	0	0	0	0	0	0	0	0	0	0	0	0	0	0	0	0	0	0	0	0
1789546942826	46131	2039	7	288	12	0	0	3	0	0	0	0	26.103515625	26.103515625	0	0	0	0	90.307617188	90.307617188	0	0	0	0	0	0	0	0	0	0	0	0	0	0	0	0	0	0	0	0	0	0	0	0	0	0	0	0	0	0	0	0	0	0	0	0	0	0	0	0	0	0	0	0	0	0	0	0
1789546942846	46153	2040	7	288	12	0	0	3	0	0	0	0	26.103515625	26.103515625	0	0	0	0	90.307617188	90.307617188	0	0	0	0	0	0	0	0	0	0	0	0	0	0	0	0	0	0	0	0	0	0	0	0	0	0	0	0	0	0	0	0	0	0	0	0	0	0	0	0	0	0	0	0	0	0	0	0
1789546942866	46175	2041	7	288	12	0	0	3	0	0	0	0	26.103515625	26.103515625	0	0	0	0	90.307617188	90.307617188	0	0	0	0	0	0	0	0	0	0	0	0	0	0	0	0	0	0	0	0	0	0	0	0	0	0	0	0	0	0	0	0	0	0	0	0	0	0	0	0	0	0	0	0	0	0	0	0
1789546942892	46197	2042	7	288	12	0	0	3	0	0	0	0	26.103515625	26.103515625	0	0	0	0	90.307617188	90.307617188	0	0	0	0	0	0	0	0	0	0	0	0	0	0	0	0	0	0	0	0	0	0	0	0	0	0	0	0	0	0	0	0	0	0	0	0	0	0	0	0	0	0	0	0	0	0	0	0
1789546942912	46219	2043	7	288	12	0	0	3	0	0	0	0	26.103515625	26.103515625	0	0	0	0	90.307617188	90.307617188	0	0	0	0	0	0	0	0	0	0	0	0	0	0	0	0	0	0	0	0	0	0	0	0	0	0	0	0	0	0	0	0	0	0	0	0	0	0	0	0	0	0	0	0	0	0	0	0
1789546942932	46241	2044	7	288	12	0	0	3	0	0	0	0	26.103515625	26.103515625	0	0	0	0	90.307617188	90.307617188	0	0	0	0	0	0	0	0	0	0	0	0	0	0	0	0	0	0	0	0	0	0	0	0	0	0	0	0	0	0	0	0	0	0	0	0	0	0	0	0	0	0	0	0	0	0	0	0
1789546942952	46263	2045	7	288	12	0	0	3	0	0	0	0	26.103515625	26.103515625	0	0	0	0	90.307617188	90.307617188	0	0	0	0	0	0	0	0	0	0	0	0	0	0	0	0	0	0	0	0	0	0	0	0	0	0	0	0	0	0	0	0	0	0	0	0	0	0	0	0	0	0	0	0	0	0	0	0
1789546942978	46285	2046	7	288	12	0	0	3	0	0	0	0	26.103515625	26.103515625	0	0	0	0	90.307617188	90.307617188	0	0	0	0	0	0	0	0	0	0	0	0	0	0	0	0	0	0	0	0	0	0	0	0	0	0	0	0	0	0	0	0	0	0	0	0	0	0	0	0	0	0	0	0	0	0	0	0
1789546942998	46307	2047	7	288	12	0	0	3	0	0	0	0	26.103515625	26.103515625	0	0	0	0	90.307617188	90.307617188	0	0	0	0	0	0	0	0	0	0	0	0	0	0	0	0	0	0	0	0	0	0	0	0	0	0	0	0	0	0	0	0	0	0	0	0	0	0	0	0	0	0	0	0	0	0	0	0
1789546943024	46329	2048	7	288	12	0	0	3	0	0	0	0	26.103515625	26.103515625	0	0	0	0	90.307617188	90.307617188	0	0	0	0	0	0	0	0	0	0	0	0	0	0	0	0	0	0	0	0	0	0	0	0	0	0	0	0	0	0	0	0	0	0	0	0	0	0	0	0	0	0	0	0	0	0	0	0
1789546943044	46351	2049	7	288	12	0	0	3	0	0	0	0	26.103515625	26.103515625	0	0	0	0	90.307617188	90.307617188	0	0	0	0	0	0	0	0	0	0	0	0	0	0	0	0	0	0	0	0	0	0	0	0	0	0	0	0	0	0	0	0	0	0	0	0	0	0	0	0	0	0	0	0	0	0	0	0
1789546943064	46373	2050	7	288	12	0	0	3	0	0	0	0	26.103515625	26.103515625	0	0	0	0	90.307617188	90.307617188	0	0	0	0	0	0	0	0	0	0	0	0	0	0	0	0	0	0	0	0	0	0	0	0	0	0	0	0	0	0	0	0	0	0	0	0	0	0	0	0	0	0	0	0	0	0	0	0
1789546943091	46395	2051	7	288	12	0	0	3	0	0	0	0	26.103515625	26.103515625	0	0	0	0	90.307617188	90.307617188	0	0	0	0	0	0	0	0	0	0	0	0	0	0	0	0	0	0	0	0	0	0	0	0	0	0	0	0	0	0	0	0	0	0	0	0	0	0	0	0	0	0	0	0	0	0	0	0
1789546943111	46417	2052	7	288	12	0	0	3	0	0	0	0	26.103515625	26.103515625	0	0	0	0	90.307617188	90.307617188	0	0	0	0	0	0	0	0	0	0	0	0	0	0	0	0	0	0	0	0	0	0	0	0	0	0	0	0	0	0	0	0	0	0	0	0	0	0	0	0	0	0	0	0	0	0	0	0
1789546943130	46439	2053	7	288	12	0	0	3	0	0	0	0	26.103515625	26.103515625	0	0	0	0	90.307617188	90.307617188	0	0	0	0	0	0	0	0	0	0	0	0	0	0	0	0	0	0	0	0	0	0	0	0	0	0	0	0	0	0	0	0	0	0	0	0	0	0	0	0	0	0	0	0	0	0	0	0
1789546943150	46461	2054	7	288	12	0	0	3	0	0	0	0	26.103515625	26.103515625	0	0	0	0	90.307617188	90.307617188	0	0	0	0	0	0	0	0	0	0	0	0	0	0	0	0	0	0	0	0	0	0	0	0	0	0	0	0	0	0	0	0	0	0	0	0	0	0	0	0	0	0	0	0	0	0	0	0
1789546943177	46483	2055	7	288	12	0	0	3	0	0	0	0	26.103515625	26.103515625	0	0	0	0	90.307617188	90.307617188	0	0	0	0	0	0	0	0	0	0	0	0	0	0	0	0	0	0	0	0	0	0	0	0	0	0	0	0	0	0	0	0	0	0	0	0	0	0	0	0	0	0	0	0	0	0	0	0
1789546943197	46505	2056	7	288	12	0	0	3	0	0	0	0	26.103515625	26.103515625	0	0	0	0	90.307617188	90.307617188	0	0	0	0	0	0	0	0	0	0	0	0	0	0	0	0	0	0	0	0	0	0	0	0	0	0	0	0	0	0	0	0	0	0	0	0	0	0	0	0	0	0	0	0	0	0	0	0
1789546943217	46527	2057	7	288	12	0	0	3	0	0	0	0	26.103515625	26.103515625	0	0	0	0	90.307617188	90.307617188	0	0	0	0	0	0	0	0	0	0	0	0	0	0	0	0	0	0	0	0	0	0	0	0	0	0	0	0	0	0	0	0	0	0	0	0	0	0	0	0	0	0	0	0	0	0	0	0
1789546943244	46549	2058	7	288	12	0	0	3	0	0	0	0	26.103515625	26.103515625	0	0	0	0	90.307617188	90.307617188	0	0	0	0	0	0	0	0	0	0	0	0	0	0	0	0	0	0	0	0	0	0	0	0	0	0	0	0	0	0	0	0	0	0	0	0	0	0	0	0	0	0	0	0	0	0	0	0
1789546943264	46571	2059	7	288	12	0	0	3	0	0	0	0	26.103515625	26.103515625	0	0	0	0	90.307617188	90.307617188	0	0	0	0	0	0	0	0	0	0	0	0	0	0	0	0	0	0	0	0	0	0	0	0	0	0	0	0	0	0	0	0	0	0	0	0	0	0	0	0	0	0	0	0	0	0	0	0
1789546943284	46593	2060	7	288	12	0	0	3	0	0	0	0	26.103515625	26.103515625	0	0	0	0	90.307617188	90.307617188	0	0	0	0	0	0	0	0	0	0	0	0	0	0	0	0	0	0	0	0	0	0	0	0	0	0	0	0	0	0	0	0	0	0	0	0	0	0	0	0	0	0	0	0	0	0	0	0
1789546943310	46615	2061	7	288	12	0	0	3	0	0	0	0	26.103515625	26.103515625	0	0	0	0	90.307617188	90.307617188	0	0	0	0	0	0	0	0	0	0	0	0	0	0	0	0	0	0	0	0	0	0	0	0	0	0	0	0	0	0	0	0	0	0	0	0	0	0	0	0	0	0	0	0	0	0	0	0
1789546943330	46637	2062	7	288	12	0	0	3	0	0	0	0	26.103515625	26.103515625	0	0	0	0	90.307617188	90.307617188	0	0	0	0	0	0	0	0	0	0	0	0	0	0	0	0	0	0	0	0	0	0	0	0	0	0	0	0	0	0	0	0	0	0	0	0	0	0	0	0	0	0	0	0	0	0	0	0
1789546943350	46659	2063	7	288	12	0	0	3	0	0	0	0	26.103515625	26.103515625	0	0	0	0	90.307617188	90.307617188	0	0	0	0	0	0	0	0	0	0	0	0	0	0	0	0	0	0	0	0	0	0	0	0	0	0	0	0	0	0	0	0	0	0	0	0	0	0	0	0	0	0	0	0	0	0	0	0
1789546943376	46681	2064	7	288	12	0	0	3	0	0	0	0	26.103515625	26.103515625	0	0	0	0	90.307617188	90.307617188	0	0	0	0	0	0	0	0	0	0	0	0	0	0	0	0	0	0	0	0	0	0	0	0	0	0	0	0	0	0	0	0	0	0	0	0	0	0	0	0	0	0	0	0	0	0	0	0
1789546943396	46703	2065	7	288	12	0	0	3	0	0	0	0	26.103515625	26.103515625	0	0	0	0	90.307617188	90.307617188	0	0	0	0	0	0	0	0	0	0	0	0	0	0	0	0	0	0	0	0	0	0	0	0	0	0	0	0	0	0	0	0	0	0	0	0	0	0	0	0	0	0	0	0	0	0	0	0
1789546943416	46725	2066	7	288	12	0	0	3	0	0	0	0	26.103515625	26.103515625	0	0	0	0	90.307617188	90.307617188	0	0	0	0	0	0	0	0	0	0	0	0	0	0	0	0	0	0	0	0	0	0	0	0	0	0	0	0	0	0	0	0	0	0	0	0	0	0	0	0	0	0	0	0	0	0	0	0
1789546943436	46747	2067	7	288	12	0	0	3	0	0	0	0	26.103515625	26.103515625	0	0	0	0	90.307617188	90.307617188	0	0	0	0	0	0	0	0	0	0	0	0	0	0	0	0	0	0	0	0	0	0	0	0	0	0	0	0	0	0	0	0	0	0	0	0	0	0	0	0	0	0	0	0	0	0	0	0
1789546943462	46769	2068	7	288	12	0	0	3	0	0	0	0	26.103515625	26.103515625	0	0	0	0	90.307617188	90.307617188	0	0	0	0	0	0	0	0	0	0	0	0	0	0	0	0	0	0	0	0	0	0	0	0	0	0	0	0	0	0	0	0	0	0	0	0	0	0	0	0	0	0	0	0	0	0	0	0
1789546943482	46791	2069	7	288	12	0	0	3	0	0	0	0	26.103515625	26.103515625	0	0	0	0	90.307617188	90.307617188	0	0	0	0	0	0	0	0	0	0	0	0	0	0	0	0	0	0	0	0	0	0	0	0	0	0	0	0	0	0	0	0	0	0	0	0	0	0	0	0	0	0	0	0	0	0	0	0
1789546943502	46813	2070	7	288	12	0	0	3	0	0	0	0	26.147460938	26.147460938	0	0	0	0	90.307617188	90.307617188	0	0	0	0	0	0	0	0	0	0	0	0	0	0	0	0	0	0	0	0	0	0	0	0	0	0	0	0	0	0	0	0	0	0	0	0	0	0	0	0	0	0	0	0	0	0	0	0
1789546943528	46835	2071	7	288	12	0	0	3	0	0	0	0	26.103515625	26.103515625	0	0	0	0	90.307617188	90.307617188	0	0	0	0	0	0	0	0	0	0	0	0	0	0	0	0	0	0	0	0	0	0	0	0	0	0	0	0	0	0	0	0	0	0	0	0	0	0	0	0	0	0	0	0	0	0	0	0
1789546943549	46857	2072	7	288	12	0	0	3	0	0	0	0	26.103515625	26.103515625	0	0	0	0	90.307617188	90.307617188	0	0	0	0	0	0	0	0	0	0	0	0	0	0	0	0	0	0	0	0	0	0	0	0	0	0	0	0	0	0	0	0	0	0	0	0	0	0	0	0	0	0	0	0	0	0	0	0
1789546943569	46879	2073	7	288	12	0	0	3	0	0	0	0	26.103515625	26.103515625	0	0	0	0	90.307617188	90.307617188	0	0	0	0	0	0	0	0	0	0	0	0	0	0	0	0	0	0	0	0	0	0	0	0	0	0	0	0	0	0	0	0	0	0	0	0	0	0	0	0	0	0	0	0	0	0	0	0
1789546943595	46901	2074	7	288	12	0	0	3	0	0	0	0	26.103515625	26.103515625	0	0	0	0	90.307617188	90.307617188	0	0	0	0	0	0	0	0	0	0	0	0	0	0	0	0	0	0	0	0	0	0	0	0	0	0	0	0	0	0	0	0	0	0	0	0	0	0	0	0	0	0	0	0	0	0	0	0
1789546943615	46923	2075	7	288	12	0	0	3	0	0	0	0	26.103515625	26.103515625	0	0	0	0	90.307617188	90.307617188	0	0	0	0	0	0	0	0	0	0	0	0	0	0	0	0	0	0	0	0	0	0	0	0	0	0	0	0	0	0	0	0	0	0	0	0	0	0	0	0	0	0	0	0	0	0	0	0
1789546943635	46945	2076	7	288	12	0	0	3	0	0	0	0	26.103515625	26.103515625	0	0	0	0	90.307617188	90.307617188	0	0	0	0	0	0	0	0	0	0	0	0	0	0	0	0	0	0	0	0	0	0	0	0	0	0	0	0	0	0	0	0	0	0	0	0	0	0	0	0	0	0	0	0	0	0	0	0
1789546943661	46967	2077	7	288	12	0	0	3	0	0	0	0	26.103515625	26.103515625	0	0	0	0	90.307617188	90.307617188	0	0	0	0	0	0	0	0	0	0	0	0	0	0	0	0	0	0	0	0	0	0	0	0	0	0	0	0	0	0	0	0	0	0	0	0	0	0	0	0	0	0	0	0	0	0	0	0
1789546943681	46989	2078	7	288	12	0	0	3	0	0	0	0	26.103515625	26.103515625	0	0	0	0	90.307617188	90.307617188	0	0	0	0	0	0	0	0	0	0	0	0	0	0	0	0	0	0	0	0	0	0	0	0	0	0	0	0	0	0	0	0	0	0	0	0	0	0	0	0	0	0	0	0	0	0	0	0
1789546943701	47011	2079	7	288	12	0	0	3	0	0	0	0	26.103515625	26.103515625	0	0	0	0	90.307617188	90.307617188	0	0	0	0	0	0	0	0	0	0	0	0	0	0	0	0	0	0	0	0	0	0	0	0	0	0	0	0	0	0	0	0	0	0	0	0	0	0	0	0	0	0	0	0	0	0	0	0
1789546943728	47033	2080	7	288	12	0	0	3	0	0	0	0	26.103515625	26.103515625	0	0	0	0	90.307617188	90.307617188	0	0	0	0	0	0	0	0	0	0	0	0	0	0	0	0	0	0	0	0	0	0	0	0	0	0	0	0	0	0	0	0	0	0	0	0	0	0	0	0	0	0	0	0	0	0	0	0
1789546943747	47055	2081	7	288	12	0	0	3	0	0	0	0	26.103515625	26.103515625	0	0	0	0	90.307617188	90.307617188	0	0	0	0	0	0	0	0	0	0	0	0	0	0	0	0	0	0	0	0	0	0	0	0	0	0	0	0	0	0	0	0	0	0	0	0	0	0	0	0	0	0	0	0	0	0	0	0
1789546943767	47077	2082	7	288	12	0	0	3	0	0	0	0	26.103515625	26.103515625	0	0	0	0	90.307617188	90.307617188	0	0	0	0	0	0	0	0	0	0	0	0	0	0	0	0	0	0	0	0	0	0	0	0	0	0	0	0	0	0	0	0	0	0	0	0	0	0	0	0	0	0	0	0	0	0	0	0
1789546943794	47099	2083	7	288	12	0	0	3	0	0	0	0	26.103515625	26.103515625	0	0	0	0	90.307617188	90.307617188	0	0	0	0	0	0	0	0	0	0	0	0	0	0	0	0	0	0	0	0	0	0	0	0	0	0	0	0	0	0	0	0	0	0	0	0	0	0	0	0	0	0	0	0	0	0	0	0
1789546943814	47121	2084	7	288	12	0	0	3	0	0	0	0	26.103515625	26.103515625	0	0	0	0	90.307617188	90.307617188	0	0	0	0	0	0	0	0	0	0	0	0	0	0	0	0	0	0	0	0	0	0	0	0	0	0	0	0	0	0	0	0	0	0	0	0	0	0	0	0	0	0	0	0	0	0	0	0
1789546943834	47143	2085	7	288	12	0	0	3	0	0	0	0	26.103515625	26.103515625	0	0	0	0	90.307617188	90.307617188	0	0	0	0	0	0	0	0	0	0	0	0	0	0	0	0	0	0	0	0	0	0	0	0	0	0	0	0	0	0	0	0	0	0	0	0	0	0	0	0	0	0	0	0	0	0	0	0
1789546943861	47165	2086	7	288	12	0	0	3	0	0	0	0	26.103515625	26.103515625	0	0	0	0	90.307617188	90.307617188	0	0	0	0	0	0	0	0	0	0	0	0	0	0	0	0	0	0	0	0	0	0	0	0	0	0	0	0	0	0	0	0	0	0	0	0	0	0	0	0	0	0	0	0	0	0	0	0
1789546943881	47187	2087	7	288	12	0	0	3	0	0	0	0	26.103515625	26.103515625	0	0	0	0	90.307617188	90.307617188	0	0	0	0	0	0	0	0	0	0	0	0	0	0	0	0	0	0	0	0	0	0	0	0	0	0	0	0	0	0	0	0	0	0	0	0	0	0	0	0	0	0	0	0	0	0	0	0
1789546943901	47209	2088	7	288	12	0	0	3	0	0	0	0	26.103515625	26.103515625	0	0	0	0	90.307617188	90.307617188	0	0	0	0	0	0	0	0	0	0	0	0	0	0	0	0	0	0	0	0	0	0	0	0	0	0	0	0	0	0	0	0	0	0	0	0	0	0	0	0	0	0	0	0	0	0	0	0
1789546943921	47231	2089	7	288	12	0	0	3	0	0	0	0	26.103515625	26.103515625	0	0	0	0	90.307617188	90.307617188	0	0	0	0	0	0	0	0	0	0	0	0	0	0	0	0	0	0	0	0	0	0	0	0	0	0	0	0	0	0	0	0	0	0	0	0	0	0	0	0	0	0	0	0	0	0	0	0
1789546943947	47253	2090	7	288	12	0	0	3	0	0	0	0	26.103515625	26.103515625	0	0	0	0	90.307617188	90.307617188	0	0	0	0	0	0	0	0	0	0	0	0	0	0	0	0	0	0	0	0	0	0	0	0	0	0	0	0	0	0	0	0	0	0	0	0	0	0	0	0	0	0	0	0	0	0	0	0
1789546943967	47275	2091	7	288	12	0	0	3	0	0	0	0	26.103515625	26.103515625	0	0	0	0	90.307617188	90.307617188	0	0	0	0	0	0	0	0	0	0	0	0	0	0	0	0	0	0	0	0	0	0	0	0	0	0	0	0	0	0	0	0	0	0	0	0	0	0	0	0	0	0	0	0	0	0	0	0
1789546943987	47297	2092	7	288	12	0	0	3	0	0	0	0	26.103515625	26.103515625	0	0	0	0	90.307617188	90.307617188	0	0	0	0	0	0	0	0	0	0	0	0	0	0	0	0	0	0	0	0	0	0	0	0	0	0	0	0	0	0	0	0	0	0	0	0	0	0	0	0	0	0	0	0	0	0	0	0
1789546944014	47319	2093	7	288	12	0	0	3	0	0	0	0	26.103515625	26.103515625	0	0	0	0	90.307617188	90.307617188	0	0	0	0	0	0	0	0	0	0	0	0	0	0	0	0	0	0	0	0	0	0	0	0	0	0	0	0	0	0	0	0	0	0	0	0	0	0	0	0	0	0	0	0	0	0	0	0
1789546944033	47341	2094	7	288	12	0	0	3	0	0	0	0	26.103515625	26.103515625	0	0	0	0	90.307617188	90.307617188	0	0	0	0	0	0	0	0	0	0	0	0	0	0	0	0	0	0	0	0	0	0	0	0	0	0	0	0	0	0	0	0	0	0	0	0	0	0	0	0	0	0	0	0	0	0	0	0
1789546944053	47363	2095	7	288	12	0	0	3	0	0	0	0	26.103515625	26.103515625	0	0	0	0	90.307617188	90.307617188	0	0	0	0	0	0	0	0	0	0	0	0	0	0	0	0	0	0	0	0	0	0	0	0	0	0	0	0	0	0	0	0	0	0	0	0	0	0	0	0	0	0	0	0	0	0	0	0
1789546944080	47385	2096	7	288	12	0	0	3	0	0	0	0	26.103515625	26.103515625	0	0	0	0	90.307617188	90.307617188	0	0	0	0	0	0	0	0	0	0	0	0	0	0	0	0	0	0	0	0	0	0	0	0	0	0	0	0	0	0	0	0	0	0	0	0	0	0	0	0	0	0	0	0	0	0	0	0
1789546944099	47407	2097	7	288	12	0	0	3	0	0	0	0	26.103515625	26.103515625	0	0	0	0	90.307617188	90.307617188	0	0	0	0	0	0	0	0	0	0	0	0	0	0	0	0	0	0	0	0	0	0	0	0	0	0	0	0	0	0	0	0	0	0	0	0	0	0	0	0	0	0	0	0	0	0	0	0
1789546944120	47429	2098	7	288	12	0	0	3	0	0	0	0	26.103515625	26.103515625	0	0	0	0	90.307617188	90.307617188	0	0	0	0	0	0	0	0	0	0	0	0	0	0	0	0	0	0	0	0	0	0	0	0	0	0	0	0	0	0	0	0	0	0	0	0	0	0	0	0	0	0	0	0	0	0	0	0
1789546944146	47451	2099	7	288	12	0	0	3	0	0	0	0	26.103515625	26.103515625	0	0	0	0	90.307617188	90.307617188	0	0	0	0	0	0	0	0	0	0	0	0	0	0	0	0	0	0	0	0	0	0	0	0	0	0	0	0	0	0	0	0	0	0	0	0	0	0	0	0	0	0	0	0	0	0	0	0
1789546944166	47473	2100	7	288	12	0	0	3	0	0	0	0	26.103515625	26.103515625	0	0	0	0	90.307617188	90.307617188	0	0	0	0	0	0	0	0	0	0	0	0	0	0	0	0	0	0	0	0	0	0	0	0	0	0	0	0	0	0	0	0	0	0	0	0	0	0	0	0	0	0	0	0	0	0	0	0
1789546944186	47495	2101	7	288	12	0	0	3	0	0	0	0	26.103515625	26.103515625	0	0	0	0	90.307617188	90.307617188	0	0	0	0	0	0	0	0	0	0	0	0	0	0	0	0	0	0	0	0	0	0	0	0	0	0	0	0	0	0	0	0	0	0	0	0	0	0	0	0	0	0	0	0	0	0	0	0
1789546944212	47517	2102	7	288	12	0	0	3	0	0	0	0	26.103515625	26.103515625	0	0	0	0	90.307617188	90.307617188	0	0	0	0	0	0	0	0	0	0	0	0	0	0	0	0	0	0	0	0	0	0	0	0	0	0	0	0	0	0	0	0	0	0	0	0	0	0	0	0	0	0	0	0	0	0	0	0
1789546944232	47539	2103	7	288	12	0	0	3	0	0	0	0	26.103515625	26.103515625	0	0	0	0	90.307617188	90.307617188	0	0	0	0	0	0	0	0	0	0	0	0	0	0	0	0	0	0	0	0	0	0	0	0	0	0	0	0	0	0	0	0	0	0	0	0	0	0	0	0	0	0	0	0	0	0	0	0
1789546944252	47561	2104	7	288	12	0	0	3	0	0	0	0	26.103515625	26.103515625	0	0	0	0	90.307617188	90.307617188	0	0	0	0	0	0	0	0	0	0	0	0	0	0	0	0	0	0	0	0	0	0	0	0	0	0	0	0	0	0	0	0	0	0	0	0	0	0	0	0	0	0	0	0	0	0	0	0
1789546944278	47583	2105	7	288	12	0	0	3	0	0	0	0	26.103515625	26.103515625	0	0	0	0	90.307617188	90.307617188	0	0	0	0	0	0	0	0	0	0	0	0	0	0	0	0	0	0	0	0	0	0	0	0	0	0	0	0	0	0	0	0	0	0	0	0	0	0	0	0	0	0	0	0	0	0	0	0
1789546944299	47605	2106	7	288	12	0	0	3	0	0	0	0	26.103515625	26.103515625	0	0	0	0	90.307617188	90.307617188	0	0	0	0	0	0	0	0	0	0	0	0	0	0	0	0	0	0	0	0	0	0	0	0	0	0	0	0	0	0	0	0	0	0	0	0	0	0	0	0	0	0	0	0	0	0	0	0
1789546944319	47627	2107	7	288	12	0	0	3	0	0	0	0	26.103515625	26.103515625	0	0	0	0	90.307617188	90.307617188	0	0	0	0	0	0	0	0	0	0	0	0	0	0	0	0	0	0	0	0	0	0	0	0	0	0	0	0	0	0	0	0	0	0	0	0	0	0	0	0	0	0	0	0	0	0	0	0
1789546944339	47649	2108	7	288	12	0	0	3	0	0	0	0	26.103515625	26.103515625	0	0	0	0	90.307617188	90.307617188	0	0	0	0	0	0	0	0	0	0	0	0	0	0	0	0	0	0	0	0	0	0	0	0	0	0	0	0	0	0	0	0	0	0	0	0	0	0	0	0	0	0	0	0	0	0	0	0
1789546944366	47671	2109	7	288	12	0	0	3	0	0	0	0	26.103515625	26.103515625	0	0	0	0	90.307617188	90.307617188	0	0	0	0	0	0	0	0	0	0	0	0	0	0	0	0	0	0	0	0	0	0	0	0	0	0	0	0	0	0	0	0	0	0	0	0	0	0	0	0	0	0	0	0	0	0	0	0
1789546944386	47693	2110	7	288	12	0	0	3	0	0	0	0	26.103515625	26.103515625	0	0	0	0	90.307617188	90.307617188	0	0	0	0	0	0	0	0	0	0	0	0	0	0	0	0	0	0	0	0	0	0	0	0	0	0	0	0	0	0	0	0	0	0	0	0	0	0	0	0	0	0	0	0	0	0	0	0
1789546944405	47715	2111	7	288	12	0	0	3	0	0	0	0	26.103515625	26.103515625	0	0	0	0	90.307617188	90.307617188	0	0	0	0	0	0	0	0	0	0	0	0	0	0	0	0	0	0	0	0	0	0	0	0	0	0	0	0	0	0	0	0	0	0	0	0	0	0	0	0	0	0	0	0	0	0	0	0
1789546944432	47737	2112	7	288	12	0	0	3	0	0	0	0	26.103515625	26.103515625	0	0	0	0	90.307617188	90.307617188	0	0	0	0	0	0	0	0	0	0	0	0	0	0	0	0	0	0	0	0	0	0	0	0	0	0	0	0	0	0	0	0	0	0	0	0	0	0	0	0	0	0	0	0	0	0	0	0
1789546944452	47759	2113	7	288	12	0	0	3	0	0	0	0	26.103515625	26.103515625	0	0	0	0	90.307617188	90.307617188	0	0	0	0	0	0	0	0	0	0	0	0	0	0	0	0	0	0	0	0	0	0	0	0	0	0	0	0	0	0	0	0	0	0	0	0	0	0	0	0	0	0	0	0	0	0	0	0
1789546944472	47781	2114	7	288	12	0	0	3	0	0	0	0	26.103515625	26.103515625	0	0	0	0	90.307617188	90.307617188	0	0	0	0	0	0	0	0	0	0	0	0	0	0	0	0	0	0	0	0	0	0	0	0	0	0	0	0	0	0	0	0	0	0	0	0	0	0	0	0	0	0	0	0	0	0	0	0
1789546944499	47803	2115	7	288	12	0	0	3	0	0	0	0	26.103515625	26.103515625	0	0	0	0	90.307617188	90.307617188	0	0	0	0	0	0	0	0	0	0	0	0	0	0	0	0	0	0	0	0	0	0	0	0	0	0	0	0	0	0	0	0	0	0	0	0	0	0	0	0	0	0	0	0	0	0	0	0
1789546944519	47825	2116	7	288	12	0	0	3	0	0	0	0	26.103515625	26.103515625	0	0	0	0	90.307617188	90.307617188	0	0	0	0	0	0	0	0	0	0	0	0	0	0	0	0	0	0	0	0	0	0	0	0	0	0	0	0	0	0	0	0	0	0	0	0	0	0	0	0	0	0	0	0	0	0	0	0
1789546944539	47847	2117	7	288	12	0	0	3	0	0	0	0	26.103515625	26.103515625	0	0	0	0	90.307617188	90.307617188	0	0	0	0	0	0	0	0	0	0	0	0	0	0	0	0	0	0	0	0	0	0	0	0	0	0	0	0	0	0	0	0	0	0	0	0	0	0	0	0	0	0	0	0	0	0	0	0
1789546944559	47869	2118	7	288	12	0	0	3	0	0	0	0	26.103515625	26.103515625	0	0	0	0	90.307617188	90.307617188	0	0	0	0	0	0	0	0	0	0	0	0	0	0	0	0	0	0	0	0	0	0	0	0	0	0	0	0	0	0	0	0	0	0	0	0	0	0	0	0	0	0	0	0	0	0	0	0
1789546944585	47891	2119	7	288	12	0	0	3	0	0	0	0	26.103515625	26.103515625	0	0	0	0	90.307617188	90.307617188	0	0	0	0	0	0	0	0	0	0	0	0	0	0	0	0	0	0	0	0	0	0	0	0	0	0	0	0	0	0	0	0	0	0	0	0	0	0	0	0	0	0	0	0	0	0	0	0
1789546944606	47913	2120	7	288	12	0	0	3	0	0	0	0	26.103515625	26.103515625	0	0	0	0	90.307617188	90.307617188	0	0	0	0	0	0	0	0	0	0	0	0	0	0	0	0	0	0	0	0	0	0	0	0	0	0	0	0	0	0	0	0	0	0	0	0	0	0	0	0	0	0	0	0	0	0	0	0
1789546944625	47935	2121	7	288	12	0	0	3	0	0	0	0	26.103515625	26.103515625	0	0	0	0	90.307617188	90.307617188	0	0	0	0	0	0	0	0	0	0	0	0	0	0	0	0	0	0	0	0	0	0	0	0	0	0	0	0	0	0	0	0	0	0	0	0	0	0	0	0	0	0	0	0	0	0	0	0
1789546944652	47957	2122	7	288	12	0	0	3	0	0	0	0	26.103515625	26.103515625	0	0	0	0	90.307617188	90.307617188	0	0	0	0	0	0	0	0	0	0	0	0	0	0	0	0	0	0	0	0	0	0	0	0	0	0	0	0	0	0	0	0	0	0	0	0	0	0	0	0	0	0	0	0	0	0	0	0
1789546944672	47979	2123	7	288	12	0	0	3	0	0	0	0	26.103515625	26.103515625	0	0	0	0	90.307617188	90.307617188	0	0	0	0	0	0	0	0	0	0	0	0	0	0	0	0	0	0	0	0	0	0	0	0	0	0	0	0	0	0	0	0	0	0	0	0	0	0	0	0	0	0	0	0	0	0	0	0
1789546944691	48001	2124	7	288	12	0	0	3	0	0	0	0	26.103515625	26.103515625	0	0	0	0	90.307617188	90.307617188	0	0	0	0	0	0	0	0	0	0	0	0	0	0	0	0	0	0	0	0	0	0	0	0	0	0	0	0	0	0	0	0	0	0	0	0	0	0	0	0	0	0	0	0	0	0	0	0
1789546944718	48023	2125	7	288	12	0	0	3	0	0	0	0	26.103515625	26.103515625	0	0	0	0	90.307617188	90.307617188	0	0	0	0	0	0	0	0	0	0	0	0	0	0	0	0	0	0	0	0	0	0	0	0	0	0	0	0	0	0	0	0	0	0	0	0	0	0	0	0	0	0	0	0	0	0	0	0
1789546944737	48045	2126	7	288	12	0	0	3	0	0	0	0	26.103515625	26.103515625	0	0	0	0	90.307617188	90.307617188	0	0	0	0	0	0	0	0	0	0	0	0	0	0	0	0	0	0	0	0	0	0	0	0	0	0	0	0	0	0	0	0	0	0	0	0	0	0	0	0	0	0	0	0	0	0	0	0
1789546944758	48067	2127	7	288	12	0	0	3	0	0	0	0	26.103515625	26.103515625	0	0	0	0	90.307617188	90.307617188	0	0	0	0	0	0	0	0	0	0	0	0	0	0	0	0	0	0	0	0	0	0	0	0	0	0	0	0	0	0	0	0	0	0	0	0	0	0	0	0	0	0	0	0	0	0	0	0
1789546944785	48089	2128	7	288	12	0	0	3	0	0	0	0	26.103515625	26.103515625	0	0	0	0	90.307617188	90.307617188	0	0	0	0	0	0	0	0	0	0	0	0	0	0	0	0	0	0	0	0	0	0	0	0	0	0	0	0	0	0	0	0	0	0	0	0	0	0	0	0	0	0	0	0	0	0	0	0
1789546944804	48111	2129	7	288	12	0	0	3	0	0	0	0	26.103515625	26.103515625	0	0	0	0	90.307617188	90.307617188	0	0	0	0	0	0	0	0	0	0	0	0	0	0	0	0	0	0	0	0	0	0	0	0	0	0	0	0	0	0	0	0	0	0	0	0	0	0	0	0	0	0	0	0	0	0	0	0
1789546944827	48133	2130	7	288	12	0	0	3	0	0	0	0	26.103515625	26.103515625	0	0	0	0	90.307617188	90.307617188	0	0	0	0	0	0	0	0	0	0	0	0	0	0	0	0	0	0	0	0	0	0	0	0	0	0	0	0	0	0	0	0	0	0	0	0	0	0	0	0	0	0	0	0	0	0	0	0
1789546944848	48155	2131	7	288	12	0	0	3	0	0	0	0	26.103515625	26.103515625	0	0	0	0	90.307617188	90.307617188	0	0	0	0	0	0	0	0	0	0	0	0	0	0	0	0	0	0	0	0	0	0	0	0	0	0	0	0	0	0	0	0	0	0	0	0	0	0	0	0	0	0	0	0	0	0	0	0
1789546944868	48177	2132	7	288	12	0	0	3	0	0	0	0	26.103515625	26.103515625	0	0	0	0	90.307617188	90.307617188	0	0	0	0	0	0	0	0	0	0	0	0	0	0	0	0	0	0	0	0	0	0	0	0	0	0	0	0	0	0	0	0	0	0	0	0	0	0	0	0	0	0	0	0	0	0	0	0
1789546944888	48199	2133	7	288	12	0	0	3	0	0	0	0	26.103515625	26.103515625	0	0	0	0	90.307617188	90.307617188	0	0	0	0	0	0	0	0	0	0	0	0	0	0	0	0	0	0	0	0	0	0	0	0	0	0	0	0	0	0	0	0	0	0	0	0	0	0	0	0	0	0	0	0	0	0	0	0
1789546944916	48221	2134	7	288	12	0	0	3	0	0	0	0	26.103515625	26.103515625	0	0	0	0	90.307617188	90.307617188	0	0	0	0	0	0	0	0	0	0	0	0	0	0	0	0	0	0	0	0	0	0	0	0	0	0	0	0	0	0	0	0	0	0	0	0	0	0	0	0	0	0	0	0	0	0	0	0
1789546944936	48243	2135	7	288	12	0	0	3	0	0	0	0	26.103515625	26.103515625	0	0	0	0	90.307617188	90.307617188	0	0	0	0	0	0	0	0	0	0	0	0	0	0	0	0	0	0	0	0	0	0	0	0	0	0	0	0	0	0	0	0	0	0	0	0	0	0	0	0	0	0	0	0	0	0	0	0
1789546944957	48265	2136	7	288	12	0	0	3	0	0	0	0	26.103515625	26.103515625	0	0	0	0	90.307617188	90.307617188	0	0	0	0	0	0	0	0	0	0	0	0	0	0	0	0	0	0	0	0	0	0	0	0	0	0	0	0	0	0	0	0	0	0	0	0	0	0	0	0	0	0	0	0	0	0	0	0
1789546944977	48287	2137	7	288	12	0	0	3	0	0	0	0	26.103515625	26.103515625	0	0	0	0	90.307617188	90.307617188	0	0	0	0	0	0	0	0	0	0	0	0	0	0	0	0	0	0	0	0	0	0	0	0	0	0	0	0	0	0	0	0	0	0	0	0	0	0	0	0	0	0	0	0	0	0	0	0
1789546945004	48309	2138	7	288	12	0	0	3	0	0	0	0	26.103515625	26.103515625	0	0	0	0	90.307617188	90.307617188	0	0	0	0	0	0	0	0	0	0	0	0	0	0	0	0	0	0	0	0	0	0	0	0	0	0	0	0	0	0	0	0	0	0	0	0	0	0	0	0	0	0	0	0	0	0	0	0
1789546945024	48331	2139	7	288	12	0	0	3	0	0	0	0	26.103515625	26.103515625	0	0	0	0	90.307617188	90.307617188	0	0	0	0	0	0	0	0	0	0	0	0	0	0	0	0	0	0	0	0	0	0	0	0	0	0	0	0	0	0	0	0	0	0	0	0	0	0	0	0	0	0	0	0	0	0	0	0
1789546945044	48353	2140	7	288	12	0	0	3	0	0	0	0	26.103515625	26.103515625	0	0	0	0	90.307617188	90.307617188	0	0	0	0	0	0	0	0	0	0	0	0	0	0	0	0	0	0	0	0	0	0	0	0	0	0	0	0	0	0	0	0	0	0	0	0	0	0	0	0	0	0	0	0	0	0	0	0
1789546945065	48375	2141	7	288	12	0	0	3	0	0	0	0	26.147460938	26.147460938	0	0	0	0	90.307617188	90.307617188	0	0	0	0	0	0	0	0	0	0	0	0	0	0	0	0	0	0	0	0	0	0	0	0	0	0	0	0	0	0	0	0	0	0	0	0	0	0	0	0	0	0	0	0	0	0	0	0
1789546945092	48397	2142	7	288	12	0	0	3	0	0	0	0	26.103515625	26.103515625	0	0	-6	6	90.307617188	90.307617188	0	0	0	0	0	0	0	0	0	0	0	0	0	0	0	0	0	0	0	0	0	0	0	0	0	0	0	0	0	0	0	0	0	0	0	0	0	0	0	0	0	0	0	0	0	0	0	0
1789546945113	48419	2143	7	288	12	0	0	3	0	0	0	0	26.103515625	26.103515625	0	0	0	0	90.307617188	90.307617188	0	0	0	0	0	0	0	0	0	0	0	0	0	0	0	0	0	0	0	0	0	0	0	0	0	0	0	0	0	0	0	0	0	0	0	0	0	0	0	0	0	0	0	0	0	0	0	0
1789546945133	48441	2144	7	288	12	0	0	3	0	0	0	0	26.103515625	26.103515625	0	0	0	0	90.307617188	90.307617188	0	0	0	0	0	0	0	0	0	0	0	0	0	0	0	0	0	0	0	0	0	0	0	0	0	0	0	0	0	0	0	0	0	0	0	0	0	0	0	0	0	0	0	0	0	0	0	0
1789546945154	48463	2145	7	288	12	0	0	3	0	0	0	0	26.103515625	26.103515625	0	0	-6	6	90.307617188	90.307617188	0	0	0	0	0	0	0	0	0	0	0	0	0	0	0	0	0	0	0	0	0	0	0	0	0	0	0	0	0	0	0	0	0	0	0	0	0	0	0	0	0	0	0	0	0	0	0	0
1789546945174	48485	2146	7	288	12	0	0	3	0	0	0	0	26.103515625	26.103515625	0	0	0	0	90.307617188	90.307617188	0	0	0	0	0	0	0	0	0	0	0	0	0	0	0	0	0	0	0	0	0	0	0	0	0	0	0	0	0	0	0	0	0	0	0	0	0	0	0	0	0	0	0	0	0	0	0	0
1789546945201	48507	2147	7	288	12	0	0	3	0	0	0	0	26.103515625	26.103515625	0	0	0	0	90.307617188	90.307617188	0	0	0	0	0	0	0	0	0	0	0	0	0	0	0	0	0	0	0	0	0	0	0	0	0	0	0	0	0	0	0	0	0	0	0	0	0	0	0	0	0	0	0	0	0	0	0	0
1789546945222	48529	2148	7	288	12	0	0	3	0	0	0	0	26.103515625	26.103515625	0	0	0	0	90.307617188	90.307617188	0	0	0	0	0	0	0	0	0	0	0	0	0	0	0	0	0	0	0	0	0	0	0	0	0	0	0	0	0	0	0	0	0	0	0	0	0	0	0	0	0	0	0	0	0	0	0	0
1789546945242	48551	2149	7	288	12	0	0	3	0	0	0	0	26.103515625	26.103515625	0	0	0	0	90.307617188	90.307617188	0	0	0	0	0	0	0	0	0	0	0	0	0	0	0	0	0	0	0	0	0	0	0	0	0	0	0	0	0	0	0	0	0	0	0	0	0	0	0	0	0	0	0	0	0	0	0	0
1789546945269	48573	2150	7	288	12	0	0	3	0	0	0	0	26.103515625	26.103515625	0	0	0	0	90.307617188	90.307617188	0	0	0	0	0	0	0	0	0	0	0	0	0	0	0	0	0	0	0	0	0	0	0	0	0	0	0	0	0	0	0	0	0	0	0	0	0	0	0	0	0	0	0	0	0	0	0	0
1789546945289	48595	2151	7	288	12	0	0	3	0	0	0	0	26.147460938	26.147460938	0	0	0	0	90.307617188	90.307617188	0	0	0	0	0	0	0	0	0	0	0	0	0	0	0	0	0	0	0	0	0	0	0	0	0	0	0	0	0	0	0	0	0	0	0	0	0	0	0	0	0	0	0	0	0	0	0	0
1789546945309	48617	2152	7	288	12	0	0	3	0	0	0	0	26.103515625	26.103515625	0	0	0	0	90.307617188	90.307617188	0	0	0	0	0	0	0	0	0	0	0	0	0	0	0	0	0	0	0	0	0	0	0	0	0	0	0	0	0	0	0	0	0	0	0	0	0	0	0	0	0	0	0	0	0	0	0	0
1789546945330	48639	2153	7	288	12	0	0	3	0	0	0	0	26.103515625	26.103515625	0	0	0	0	90.307617188	90.307617188	0	0	0	0	0	0	0	0	0	0	0	0	0	0	0	0	0	0	0	0	0	0	0	0	0	0	0	0	0	0	0	0	0	0	0	0	0	0	0	0	0	0	0	0	0	0	0	0
1789546945357	48661	2154	7	288	12	0	0	3	0	0	0	0	26.103515625	26.103515625	0	0	0	0	90.307617188	90.307617188	0	0	0	0	0	0	0	0	0	0	0	0	0	0	0	0	0	0	0	0	0	0	0	0	0	0	0	0	0	0	0	0	0	0	0	0	0	0	0	0	0	0	0	0	0	0	0	0
1789546945377	48683	2155	7	288	12	0	0	3	0	0	0	0	26.103515625	26.103515625	0	0	0	0	90.307617188	90.307617188	0	0	0	0	0	0	0	0	0	0	0	0	0	0	0	0	0	0	0	0	0	0	0	0	0	0	0	0	0	0	0	0	0	0	0	0	0	0	0	0	0	0	0	0	0	0	0	0
1789546945398	48705	2156	7	288	12	0	0	3	0	0	0	0	26.103515625	26.103515625	0	0	0	0	90.307617188	90.307617188	0	0	0	0	0	0	0	0	0	0	0	0	0	0	0	0	0	0	0	0	0	0	0	0	0	0	0	0	0	0	0	0	0	0	0	0	0	0	0	0	0	0	0	0	0	0	0	0
1789546945417	48727	2157	7	288	12	0	0	3	0	0	0	0	26.103515625	26.103515625	0	0	0	0	90.307617188	90.307617188	0	0	0	0	0	0	0	0	0	0	0	0	0	0	0	0	0	0	0	0	0	0	0	0	0	0	0	0	0	0	0	0	0	0	0	0	0	0	0	0	0	0	0	0	0	0	0	0
1789546945444	48749	2158	7	288	12	0	0	3	0	0	0	0	26.103515625	26.103515625	0	0	0	0	90.307617188	90.307617188	0	0	0	0	0	0	0	0	0	0	0	0	0	0	0	0	0	0	0	0	0	0	0	0	0	0	0	0	0	0	0	0	0	0	0	0	0	0	0	0	0	0	0	0	0	0	0	0
1789546945465	48771	2159	7	288	12	0	0	3	0	0	0	0	26.103515625	26.103515625	0	0	0	0	90.307617188	90.307617188	0	0	0	0	0	0	0	0	0	0	0	0	0	0	0	0	0	0	0	0	0	0	0	0	0	0	0	0	0	0	0	0	0	0	0	0	0	0	0	0	0	0	0	0	0	0	0	0
1789546945485	48793	2160	7	288	12	0	0	3	0	0	0	0	26.103515625	26.103515625	0	0	0	0	90.307617188	90.307617188	0	0	0	0	0	0	0	0	0	0	0	0	0	0	0	0	0	0	0	0	0	0	0	0	0	0	0	0	0	0	0	0	0	0	0	0	0	0	0	0	0	0	0	0	0	0	0	0
1789546945505	48815	2161	7	288	12	0	0	3	0	0	0	0	26.103515625	26.103515625	0	0	0	0	90.307617188	90.307617188	0	0	0	0	0	0	0	0	0	0	0	0	0	0	0	0	0	0	0	0	0	0	0	0	0	0	0	0	0	0	0	0	0	0	0	0	0	0	0	0	0	0	0	0	0	0	0	0
1789546945532	48837	2162	7	288	12	0	0	3	0	0	0	0	26.103515625	26.103515625	0	0	0	0	90.307617188	90.307617188	0	0	0	0	0	0	0	0	0	0	0	0	0	0	0	0	0	0	0	0	0	0	0	0	0	0	0	0	0	0	0	0	0	0	0	0	0	0	0	0	0	0	0	0	0	0	0	0
1789546945552	48859	2163	7	288	12	0	0	3	0	0	0	0	26.103515625	26.103515625	0	0	0	0	90.307617188	90.307617188	0	0	0	0	0	0	0	0	0	0	0	0	0	0	0	0	0	0	0	0	0	0	0	0	0	0	0	0	0	0	0	0	0	0	0	0	0	0	0	0	0	0	0	0	0	0	0	0
1789546945572	48881	2164	7	288	12	0	0	3	0	0	0	0	26.103515625	26.103515625	0	0	0	0	90.307617188	90.307617188	0	0	0	0	0	0	0	0	0	0	0	0	0	0	0	0	0	0	0	0	0	0	0	0	0	0	0	0	0	0	0	0	0	0	0	0	0	0	0	0	0	0	0	0	0	0	0	0
1789546945598	48903	2165	7	288	12	0	0	3	0	0	0	0	26.103515625	26.103515625	0	0	0	0	90.307617188	90.307617188	0	0	0	0	0	0	0	0	0	0	0	0	0	0	0	0	0	0	0	0	0	0	0	0	0	0	0	0	0	0	0	0	0	0	0	0	0	0	0	0	0	0	0	0	0	0	0	0
1789546945617	48925	2166	7	288	12	0	0	3	0	0	0	0	26.103515625	26.103515625	0	0	0	0	90.307617188	90.307617188	0	0	0	0	0	0	0	0	0	0	0	0	0	0	0	0	0	0	0	0	0	0	0	0	0	0	0	0	0	0	0	0	0	0	0	0	0	0	0	0	0	0	0	0	0	0	0	0
1789546945637	48947	2167	7	288	12	0	0	3	0	0	0	0	26.103515625	26.103515625	0	0	0	0	90.307617188	90.307617188	0	0	0	0	0	0	0	0	0	0	0	0	0	0	0	0	0	0	0	0	0	0	0	0	0	0	0	0	0	0	0	0	0	0	0	0	0	0	0	0	0	0	0	0	0	0	0	0
1789546945665	48969	2168	7	288	12	0	0	3	0	0	0	0	26.103515625	26.103515625	0	0	0	0	90.307617188	90.307617188	0	0	0	0	0	0	0	0	0	0	0	0	0	0	0	0	0	0	0	0	0	0	0	0	0	0	0	0	0	0	0	0	0	0	0	0	0	0	0	0	0	0	0	0	0	0	0	0
1789546945685	48991	2169	7	288	12	0	0	3	0	0	0	0	26.103515625	26.103515625	0	0	0	0	90.307617188	90.307617188	0	0	0	0	0	0	0	0	0	0	0	0	0	0	0	0	0	0	0	0	0	0	0	0	0	0	0	0	0	0	0	0	0	0	0	0	0	0	0	0	0	0	0	0	0	0	0	0
1789546945705	49013	2170	7	288	12	0	0	3	0	0	0	0	26.103515625	26.103515625	0	0	0	0	90.307617188	90.307617188	0	0	0	0	0	0	0	0	0	0	0	0	0	0	0	0	0	0	0	0	0	0	0	0	0	0	0	0	0	0	0	0	0	0	0	0	0	0	0	0	0	0	0	0	0	0	0	0
1789546945726	49035	2171	7	288	12	0	0	3	0	0	0	0	26.103515625	26.103515625	0	0	0	0	90.307617188	90.307617188	0	0	0	0	0	0	0	0	0	0	0	0	0	0	0	0	0	0	0	0	0	0	0	0	0	0	0	0	0	0	0	0	0	0	0	0	0	0	0	0	0	0	0	0	0	0	0	0
1789546945746	49057	2172	7	288	12	0	0	3	0	0	0	0	26.103515625	26.103515625	0	0	0	0	90.307617188	90.307617188	0	0	0	0	0	0	0	0	0	0	0	0	0	0	0	0	0	0	0	0	0	0	0	0	0	0	0	0	0	0	0	0	0	0	0	0	0	0	0	0	0	0	0	0	0	0	0	0
1789546945773	49079	2173	7	288	12	0	0	3	0	0	0	0	26.103515625	26.103515625	0	0	0	0	90.307617188	90.307617188	0	0	0	0	0	0	0	0	0	0	0	0	0	0	0	0	0	0	0	0	0	0	0	0	0	0	0	0	0	0	0	0	0	0	0	0	0	0	0	0	0	0	0	0	0	0	0	0
1789546945793	49101	2174	7	288	12	0	0	3	0	0	0	0	26.103515625	26.103515625	0	0	0	0	90.307617188	90.307617188	0	0	0	0	0	0	0	0	0	0	0	0	0	0	0	0	0	0	0	0	0	0	0	0	0	0	0	0	0	0	0	0	0	0	0	0	0	0	0	0	0	0	0	0	0	0	0	0
1789546945814	49123	2175	7	288	12	0	0	3	0	0	0	0	26.103515625	26.103515625	0	0	0	0	90.307617188	90.307617188	0	0	0	0	0	0	0	0	0	0	0	0	0	0	0	0	0	0	0	0	0	0	0	0	0	0	0	0	0	0	0	0	0	0	0	0	0	0	0	0	0	0	0	0	0	0	0	0
1789546945834	49145	2176	7	288	12	0	0	3	0	0	0	0	26.103515625	26.103515625	0	0	0	0	90.307617188	90.307617188	0	0	0	0	0	0	0	0	0	0	0	0	0	0	0	0	0	0	0	0	0	0	0	0	0	0	0	0	0	0	0	0	0	0	0	0	0	0	0	0	0	0	0	0	0	0	0	0
1789546945861	49167	2177	7	288	12	0	0	3	0	0	0	0	26.103515625	26.103515625	0	0	0	0	90.307617188	90.307617188	0	0	0	0	0	0	0	0	0	0	0	0	0	0	0	0	0	0	0	0	0	0	0	0	0	0	0	0	0	0	0	0	0	0	0	0	0	0	0	0	0	0	0	0	0	0	0	0
1789546945881	49189	2178	7	288	12	0	0	3	0	0	0	0	26.103515625	26.103515625	0	0	0	0	90.307617188	90.307617188	0	0	0	0	0	0	0	0	0	0	0	0	0	0	0	0	0	0	0	0	0	0	0	0	0	0	0	0	0	0	0	0	0	0	0	0	0	0	0	0	0	0	0	0	0	0	0	0
1789546945901	49211	2179	7	288	12	0	0	3	0	0	0	0	26.103515625	26.103515625	0	0	0	0	90.307617188	90.307617188	0	0	0	0	0	0	0	0	0	0	0	0	0	0	0	0	0	0	0	0	0	0	0	0	0	0	0	0	0	0	0	0	0	0	0	0	0	0	0	0	0	0	0	0	0	0	0	0
1789546945927	49233	2180	7	288	12	0	0	3	0	0	0	0	26.103515625	26.103515625	0	0	0	0	90.307617188	90.307617188	0	0	0	0	0	0	0	0	0	0	0	0	0	0	0	0	0	0	0	0	0	0	0	0	0	0	0	0	0	0	0	0	0	0	0	0	0	0	0	0	0	0	0	0	0	0	0	0
1789546945947	49255	2181	7	288	12	0	0	3	0	0	0	0	26.103515625	26.103515625	0	0	0	0	90.307617188	90.307617188	0	0	0	0	0	0	0	0	0	0	0	0	0	0	0	0	0	0	0	0	0	0	0	0	0	0	0	0	0	0	0	0	0	0	0	0	0	0	0	0	0	0	0	0	0	0	0	0
1789546945968	49277	2182	7	288	12	0	0	3	0	0	0	0	26.103515625	26.103515625	0	0	0	0	90.307617188	90.307617188	0	0	0	0	0	0	0	0	0	0	0	0	0	0	0	0	0	0	0	0	0	0	0	0	0	0	0	0	0	0	0	0	0	0	0	0	0	0	0	0	0	0	0	0	0	0	0	0
1789546945988	49299	2183	7	288	12	0	0	3	0	0	0	0	26.103515625	26.103515625	0	0	0	0	90.307617188	90.307617188	0	0	0	0	0	0	0	0	0	0	0	0	0	0	0	0	0	0	0	0	0	0	0	0	0	0	0	0	0	0	0	0	0	0	0	0	0	0	0	0	0	0	0	0	0	0	0	0
1789546946015	49321	2184	7	288	12	0	0	3	0	0	0	0	26.103515625	26.103515625	0	0	0	0	90.307617188	90.307617188	0	0	0	0	0	0	0	0	0	0	0	0	0	0	0	0	0	0	0	0	0	0	0	0	0	0	0	0	0	0	0	0	0	0	0	0	0	0	0	0	0	0	0	0	0	0	0	0
1789546946036	49343	2185	7	288	12	0	0	3	0	0	0	0	26.103515625	26.103515625	0	0	0	0	90.307617188	90.307617188	0	0	0	0	0	0	0	0	0	0	0	0	0	0	0	0	0	0	0	0	0	0	0	0	0	0	0	0	0	0	0	0	0	0	0	0	0	0	0	0	0	0	0	0	0	0	0	0
1789546946056	49365	2186	7	288	12	0	0	3	0	0	0	0	26.103515625	26.103515625	0	0	0	0	90.307617188	90.307617188	0	0	0	0	0	0	0	0	0	0	0	0	0	0	0	0	0	0	0	0	0	0	0	0	0	0	0	0	0	0	0	0	0	0	0	0	0	0	0	0	0	0	0	0	0	0	0	0
1789546946082	49387	2187	7	288	12	0	0	3	0	0	0	0	26.103515625	26.103515625	0	0	0	0	90.307617188	90.307617188	0	0	0	0	0	0	0	0	0	0	0	0	0	0	0	0	0	0	0	0	0	0	0	0	0	0	0	0	0	0	0	0	0	0	0	0	0	0	0	0	0	0	0	0	0	0	0	0
1789546946103	49409	2188	7	288	12	0	0	3	0	0	0	0	26.103515625	26.103515625	0	0	0	0	90.307617188	90.307617188	0	0	0	0	0	0	0	0	0	0	0	0	0	0	0	0	0	0	0	0	0	0	0	0	0	0	0	0	0	0	0	0	0	0	0	0	0	0	0	0	0	0	0	0	0	0	0	0
1789546946124	49431	2189	7	288	12	0	0	3	0	0	0	0	26.103515625	26.103515625	0	0	0	0	90.307617188	90.307617188	0	0	0	0	0	0	0	0	0	0	0	0	0	0	0	0	0	0	0	0	0	0	0	0	0	0	0	0	0	0	0	0	0	0	0	0	0	0	0	0	0	0	0	0	0	0	0	0
1789546946144	49453	2190	7	288	12	0	0	3	0	0	0	0	26.103515625	26.103515625	0	0	0	0	90.307617188	90.307617188	0	0	0	0	0	0	0	0	0	0	0	0	0	0	0	0	0	0	0	0	0	0	0	0	0	0	0	0	0	0	0	0	0	0	0	0	0	0	0	0	0	0	0	0	0	0	0	0
1789546946164	49475	2191	7	288	12	0	0	3	0	0	0	0	26.103515625	26.103515625	0	0	0	0	90.307617188	90.307617188	0	0	0	0	0	0	0	0	0	0	0	0	0	0	0	0	0	0	0	0	0	0	0	0	0	0	0	0	0	0	0	0	0	0	0	0	0	0	0	0	0	0	0	0	0	0	0	0
1789546946191	49497	2192	7	288	12	0	0	3	0	0	0	0	26.103515625	26.103515625	0	0	0	0	90.307617188	90.307617188	0	0	0	0	0	0	0	0	0	0	0	0	0	0	0	0	0	0	0	0	0	0	0	0	0	0	0	0	0	0	0	0	0	0	0	0	0	0	0	0	0	0	0	0	0	0	0	0
1789546946211	49519	2193	7	288	12	0	0	3	0	0	0	0	26.103515625	26.103515625	0	0	0	0	90.307617188	90.307617188	0	0	0	0	0	0	0	0	0	0	0	0	0	0	0	0	0	0	0	0	0	0	0	0	0	0	0	0	0	0	0	0	0	0	0	0	0	0	0	0	0	0	0	0	0	0	0	0
1789546946231	49541	2194	7	288	12	0	0	3	0	0	0	0	26.103515625	26.103515625	0	0	0	0	90.307617188	90.307617188	0	0	0	0	0	0	0	0	0	0	0	0	0	0	0	0	0	0	0	0	0	0	0	0	0	0	0	0	0	0	0	0	0	0	0	0	0	0	0	0	0	0	0	0	0	0	0	0
1789546946253	49563	2195	7	288	12	0	0	3	0	0	0	0	26.103515625	26.103515625	0	0	0	0	90.307617188	90.307617188	0	0	0	0	0	0	0	0	0	0	0	0	0	0	0	0	0	0	0	0	0	0	0	0	0	0	0	0	0	0	0	0	0	0	0	0	0	0	0	0	0	0	0	0	0	0	0	0
1789546946280	49585	2196	7	288	12	0	0	3	0	0	0	0	26.103515625	26.103515625	0	0	0	0	90.307617188	90.307617188	0	0	0	0	0	0	0	0	0	0	0	0	0	0	0	0	0	0	0	0	0	0	0	0	0	0	0	0	0	0	0	0	0	0	0	0	0	0	0	0	0	0	0	0	0	0	0	0
1789546946300	49607	2197	7	288	12	0	0	3	0	0	0	0	26.103515625	26.103515625	0	0	0	0	90.307617188	90.307617188	0	0	0	0	0	0	0	0	0	0	0	0	0	0	0	0	0	0	0	0	0	0	0	0	0	0	0	0	0	0	0	0	0	0	0	0	0	0	0	0	0	0	0	0	0	0	0	0
1789546946320	49629	2198	7	288	12	0	0	3	0	0	0	0	26.103515625	26.103515625	0	0	0	0	90.307617188	90.307617188	0	0	0	0	0	0	0	0	0	0	0	0	0	0	0	0	0	0	0	0	0	0	0	0	0	0	0	0	0	0	0	0	0	0	0	0	0	0	0	0	0	0	0	0	0	0	0	0
1789546946340	49651	2199	7	288	12	0	0	3	0	0	0	0	26.103515625	26.103515625	0	0	0	0	90.307617188	90.307617188	0	0	0	0	0	0	0	0	0	0	0	0	0	0	0	0	0	0	0	0	0	0	0	0	0	0	0	0	0	0	0	0	0	0	0	0	0	0	0	0	0	0	0	0	0	0	0	0
1789546946367	49673	2200	7	288	12	0	0	3	0	0	0	0	26.103515625	26.103515625	0	0	0	0	90.307617188	90.307617188	0	0	0	0	0	0	0	0	0	0	0	0	0	0	0	0	0	0	0	0	0	0	0	0	0	0	0	0	0	0	0	0	0	0	0	0	0	0	0	0	0	0	0	0	0	0	0	0
1789546946386	49695	2201	7	288	12	0	0	3	0	0	0	0	26.103515625	26.103515625	0	0	0	0	90.307617188	90.307617188	0	0	0	0	0	0	0	0	0	0	0	0	0	0	0	0	0	0	0	0	0	0	0	0	0	0	0	0	0	0	0	0	0	0	0	0	0	0	0	0	0	0	0	0	0	0	0	0
1789546946406	49717	2202	7	288	12	0	0	3	0	0	0	0	26.103515625	26.103515625	0	0	0	0	90.307617188	90.307617188	0	0	0	0	0	0	0	0	0	0	0	0	0	0	0	0	0	0	0	0	0	0	0	0	0	0	0	0	0	0	0	0	0	0	0	0	0	0	0	0	0	0	0	0	0	0	0	0
1789546946433	49739	2203	7	288	12	0	0	3	0	0	0	0	26.103515625	26.103515625	0	0	0	0	90.307617188	90.307617188	0	0	0	0	0	0	0	0	0	0	0	0	0	0	0	0	0	0	0	0	0	0	0	0	0	0	0	0	0	0	0	0	0	0	0	0	0	0	0	0	0	0	0	0	0	0	0	0
1789546946453	49761	2204	7	288	12	0	0	3	0	0	0	0	26.103515625	26.103515625	0	0	0	0	90.307617188	90.307617188	0	0	0	0	0	0	0	0	0	0	0	0	0	0	0	0	0	0	0	0	0	0	0	0	0	0	0	0	0	0	0	0	0	0	0	0	0	0	0	0	0	0	0	0	0	0	0	0
1789546946472	49783	2205	7	288	12	0	0	3	0	0	0	0	26.103515625	26.103515625	0	0	0	0	90.307617188	90.307617188	0	0	0	0	0	0	0	0	0	0	0	0	0	0	0	0	0	0	0	0	0	0	0	0	0	0	0	0	0	0	0	0	0	0	0	0	0	0	0	0	0	0	0	0	0	0	0	0
1789546946500	49805	2206	7	288	12	0	0	3	0	0	0	0	26.103515625	26.103515625	0	0	0	0	90.307617188	90.307617188	0	0	0	0	0	0	0	0	0	0	0	0	0	0	0	0	0	0	0	0	0	0	0	0	0	0	0	0	0	0	0	0	0	0	0	0	0	0	0	0	0	0	0	0	0	0	0	0
1789546946521	49827	2207	7	288	12	0	0	3	0	0	0	0	26.103515625	26.103515625	0	0	0	0	90.307617188	90.307617188	0	0	0	0	0	0	0	0	0	0	0	0	0	0	0	0	0	0	0	0	0	0	0	0	0	0	0	0	0	0	0	0	0	0	0	0	0	0	0	0	0	0	0	0	0	0	0	0
1789546946541	49849	2208	7	288	12	0	0	3	0	0	0	0	26.103515625	26.103515625	0	0	0	0	90.307617188	90.307617188	0	0	0	0	0	0	0	0	0	0	0	0	0	0	0	0	0	0	0	0	0	0	0	0	0	0	0	0	0	0	0	0	0	0	0	0	0	0	0	0	0	0	0	0	0	0	0	0
1789546946561	49871	2209	7	288	12	0	0	3	0	0	0	0	26.103515625	26.103515625	0	0	0	0	90.307617188	90.307617188	0	0	0	0	0	0	0	0	0	0	0	0	0	0	0	0	0	0	0	0	0	0	0	0	0	0	0	0	0	0	0	0	0	0	0	0	0	0	0	0	0	0	0	0	0	0	0	0
1789546946589	49893	2210	7	288	12	0	0	3	0	0	0	0	26.103515625	26.103515625	0	0	0	0	90.307617188	90.307617188	0	0	0	0	0	0	0	0	0	0	0	0	0	0	0	0	0	0	0	0	0	0	0	0	0	0	0	0	0	0	0	0	0	0	0	0	0	0	0	0	0	0	0	0	0	0	0	0
1789546946609	49915	2211	7	288	12	0	0	3	0	0	0	0	26.103515625	26.103515625	0	0	0	0	90.307617188	90.307617188	0	0	0	0	0	0	0	0	0	0	0	0	0	0	0	0	0	0	0	0	0	0	0	0	0	0	0	0	0	0	0	0	0	0	0	0	0	0	0	0	0	0	0	0	0	0	0	0
1789546946629	49937	2212	7	288	12	0	0	3	0	0	0	0	26.103515625	26.103515625	0	0	0	0	90.307617188	90.307617188	0	0	0	0	0	0	0	0	0	0	0	0	0	0	0	0	0	0	0	0	0	0	0	0	0	0	0	0	0	0	0	0	0	0	0	0	0	0	0	0	0	0	0	0	0	0	0	0
1789546946649	49959	2213	7	288	12	0	0	3	0	0	0	0	26.103515625	26.103515625	0	0	0	0	90.307617188	90.307617188	0	0	0	0	0	0	0	0	0	0	0	0	0	0	0	0	0	0	0	0	0	0	0	0	0	0	0	0	0	0	0	0	0	0	0	0	0	0	0	0	0	0	0	0	0	0	0	0
1789546946677	49981	2214	7	288	12	0	0	3	0	0	0	0	26.103515625	26.103515625	0	0	0	0	90.307617188	90.307617188	0	0	0	0	0	0	0	0	0	0	0	0	0	0	0	0	0	0	0	0	0	0	0	0	0	0	0	0	0	0	0	0	0	0	0	0	0	0	0	0	0	0	0	0	0	0	0	0
1789546946697	50003	2215	7	288	12	0	0	3	0	0	0	0	26.103515625	26.103515625	0	0	0	0	90.307617188	90.307617188	0	0	0	0	0	0	0	0	0	0	0	0	0	0	0	0	0	0	0	0	0	0	0	0	0	0	0	0	0	0	0	0	0	0	0	0	0	0	0	0	0	0	0	0	0	0	0	0
1789546946718	50025	2216	7	288	12	0	0	3	0	0	0	0	26.103515625	26.103515625	0	0	0	0	90.307617188	90.307617188	0	0	0	0	0	0	0	0	0	0	0	0	0	0	0	0	0	0	0	0	0	0	0	0	0	0	0	0	0	0	0	0	0	0	0	0	0	0	0	0	0	0	0	0	0	0	0	0
1789546946738	50047	2217	7	288	12	0	0	3	0	0	0	0	26.103515625	26.103515625	0	0	0	0	90.307617188	90.307617188	0	0	0	0	0	0	0	0	0	0	0	0	0	0	0	0	0	0	0	0	0	0	0	0	0	0	0	0	0	0	0	0	0	0	0	0	0	0	0	0	0	0	0	0	0	0	0	0
1789546946758	50069	2218	7	288	12	0	0	3	0	0	0	0	26.103515625	26.103515625	0	0	0	0	90.307617188	90.307617188	0	0	0	0	0	0	0	0	0	0	0	0	0	0	0	0	0	0	0	0	0	0	0	0	0	0	0	0	0	0	0	0	0	0	0	0	0	0	0	0	0	0	0	0	0	0	0	0
1789546946785	50091	2219	7	288	12	0	0	3	0	0	0	0	26.103515625	26.103515625	0	0	0	0	90.307617188	90.307617188	0	0	0	0	0	0	0	0	0	0	0	0	0	0	0	0	0	0	0	0	0	0	0	0	0	0	0	0	0	0	0	0	0	0	0	0	0	0	0	0	0	0	0	0	0	0	0	0
1789546946805	50113	2220	7	288	12	0	0	3	0	0	0	0	26.103515625	26.103515625	0	0	0	0	90.307617188	90.307617188	0	0	0	0	0	0	0	0	0	0	0	0	0	0	0	0	0	0	0	0	0	0	0	0	0	0	0	0	0	0	0	0	0	0	0	0	0	0	0	0	0	0	0	0	0	0	0	0
1789546946824	50135	2221	7	288	12	0	0	3	0	0	0	0	26.103515625	26.103515625	0	0	0	0	90.307617188	90.307617188	0	0	0	0	0	0	0	0	0	0	0	0	0	0	0	0	0	0	0	0	0	0	0	0	0	0	0	0	0	0	0	0	0	0	0	0	0	0	0	0	0	0	0	0	0	0	0	0
1789546946851	50157	2222	7	288	12	0	0	3	0	0	0	0	26.103515625	26.103515625	0	0	0	0	90.307617188	90.307617188	0	0	0	0	0	0	0	0	0	0	0	0	0	0	0	0	0	0	0	0	0	0	0	0	0	0	0	0	0	0	0	0	0	0	0	0	0	0	0	0	0	0	0	0	0	0	0	0
1789546946871	50179	2223	7	288	12	0	0	3	0	0	0	0	26.103515625	26.103515625	0	0	0	0	90.307617188	90.307617188	0	0	0	0	0	0	0	0	0	0	0	0	0	0	0	0	0	0	0	0	0	0	0	0	0	0	0	0	0	0	0	0	0	0	0	0	0	0	0	0	0	0	0	0	0	0	0	0
1789546946891	50201	2224	7	288	12	0	0	3	0	0	0	0	26.103515625	26.103515625	0	0	0	0	90.307617188	90.307617188	0	0	0	0	0	0	0	0	0	0	0	0	0	0	0	0	0	0	0	0	0	0	0	0	0	0	0	0	0	0	0	0	0	0	0	0	0	0	0	0	0	0	0	0	0	0	0	0
1789546946918	50223	2225	7	288	12	0	0	3	0	0	0	0	26.103515625	26.103515625	0	0	0	0	90.307617188	90.307617188	0	0	0	0	0	0	0	0	0	0	0	0	0	0	0	0	0	0	0	0	0	0	0	0	0	0	0	0	0	0	0	0	0	0	0	0	0	0	0	0	0	0	0	0	0	0	0	0
1789546946939	50245	2226	7	288	12	0	0	3	0	0	0	0	26.103515625	26.103515625	0	0	0	0	90.307617188	90.307617188	0	0	0	0	0	0	0	0	0	0	0	0	0	0	0	0	0	0	0	0	0	0	0	0	0	0	0	0	0	0	0	0	0	0	0	0	0	0	0	0	0	0	0	0	0	0	0	0
1789546946959	50267	2227	7	288	12	0	0	3	0	0	0	0	26.103515625	26.103515625	0	0	0	0	90.307617188	90.307617188	0	0	0	0	0	0	0	0	0	0	0	0	0	0	0	0	0	0	0	0	0	0	0	0	0	0	0	0	0	0	0	0	0	0	0	0	0	0	0	0	0	0	0	0	0	0	0	0
1789546946979	50289	2228	7	288	12	0	0	3	0	0	0	0	26.103515625	26.103515625	0	0	0	0	90.307617188	90.307617188	0	0	0	0	0	0	0	0	0	0	0	0	0	0	0	0	0	0	0	0	0	0	0	0	0	0	0	0	0	0	0	0	0	0	0	0	0	0	0	0	0	0	0	0	0	0	0	0
1789546947006	50311	2229	7	288	12	0	0	3	0	0	0	0	26.103515625	26.103515625	0	0	0	0	90.307617188	90.307617188	0	0	0	0	0	0	0	0	0	0	0	0	0	0	0	0	0	0	0	0	0	0	0	0	0	0	0	0	0	0	0	0	0	0	0	0	0	0	0	0	0	0	0	0	0	0	0	0
1789546947026	50333	2230	7	288	12	0	0	3	0	0	0	0	26.103515625	26.103515625	0	0	0	0	90.307617188	90.307617188	0	0	0	0	0	0	0	0	0	0	0	0	0	0	0	0	0	0	0	0	0	0	0	0	0	0	0	0	0	0	0	0	0	0	0	0	0	0	0	0	0	0	0	0	0	0	0	0
1789546947046	50355	2231	7	288	12	0	0	3	0	0	0	0	26.103515625	26.103515625	0	0	0	0	90.307617188	90.307617188	0	0	0	0	0	0	0	0	0	0	0	0	0	0	0	0	0	0	0	0	0	0	0	0	0	0	0	0	0	0	0	0	0	0	0	0	0	0	0	0	0	0	0	0	0	0	0	0
1789546947066	50377	2232	7	288	12	0	0	3	0	0	0	0	26.103515625	26.103515625	0	0	0	0	90.307617188	90.307617188	0	0	0	0	0	0	0	0	0	0	0	0	0	0	0	0	0	0	0	0	0	0	0	0	0	0	0	0	0	0	0	0	0	0	0	0	0	0	0	0	0	0	0	0	0	0	0	0
1789546947094	50399	2233	7	288	12	0	0	3	0	0	0	0	26.103515625	26.103515625	0	0	0	0	90.307617188	90.307617188	0	0	0	0	0	0	0	0	0	0	0	0	0	0	0	0	0	0	0	0	0	0	0	0	0	0	0	0	0	0	0	0	0	0	0	0	0	0	0	0	0	0	0	0	0	0	0	0
1789546947114	50421	2234	7	288	12	0	0	3	0	0	0	0	26.103515625	26.103515625	0	0	0	0	90.307617188	90.307617188	0	0	0	0	0	0	0	0	0	0	0	0	0	0	0	0	0	0	0	0	0	0	0	0	0	0	0	0	0	0	0	0	0	0	0	0	0	0	0	0	0	0	0	0	0	0	0	0
1789546947134	50443	2235	7	288	12	0	0	3	0	0	0	0	26.103515625	26.103515625	0	0	0	0	90.307617188	90.307617188	0	0	0	0	0	0	0	0	0	0	0	0	0	0	0	0	0	0	0	0	0	0	0	0	0	0	0	0	0	0	0	0	0	0	0	0	0	0	0	0	0	0	0	0	0	0	0	0
1789546947155	50465	2236	7	288	12	0	0	3	0	0	0	0	26.103515625	26.103515625	0	0	0	0	90.307617188	90.307617188	0	0	0	0	0	0	0	0	0	0	0	0	0	0	0	0	0	0	0	0	0	0	0	0	0	0	0	0	0	0	0	0	0	0	0	0	0	0	0	0	0	0	0	0	0	0	0	0
1789546947182	50487	2237	7	288	12	0	0	3	0	0	0	0	26.103515625	26.103515625	0	0	0	0	90.307617188	90.307617188	0	0	0	0	0	0	0	0	0	0	0	0	0	0	0	0	0	0	0	0	0	0	0	0	0	0	0	0	0	0	0	0	0	0	0	0	0	0	0	0	0	0	0	0	0	0	0	0
1789546947202	50509	2238	7	288	12	0	0	3	0	0	0	0	26.103515625	26.103515625	0	0	0	0	90.307617188	90.307617188	0	0	0	0	0	0	0	0	0	0	0	0	0	0	0	0	0	0	0	0	0	0	0	0	0	0	0	0	0	0	0	0	0	0	0	0	0	0	0	0	0	0	0	0	0	0	0	0
1789546947223	50531	2239	7	288	12	0	0	3	0	0	0	0	26.103515625	26.103515625	0	0	0	0	90.307617188	90.307617188	0	0	0	0	0	0	0	0	0	0	0	0	0	0	0	0	0	0	0	0	0	0	0	0	0	0	0	0	0	0	0	0	0	0	0	0	0	0	0	0	0	0	0	0	0	0	0	0
1789546947244	50553	2240	7	288	12	0	0	3	0	0	0	0	26.103515625	26.103515625	0	0	0	0	90.307617188	90.307617188	0	0	0	0	0	0	0	0	0	0	0	0	0	0	0	0	0	0	0	0	0	0	0	0	0	0	0	0	0	0	0	0	0	0	0	0	0	0	0	0	0	0	0	0	0	0	0	0
1789546947264	50575	2241	7	288	12	0	0	3	0	0	0	0	26.103515625	26.103515625	0	0	0	0	90.307617188	90.307617188	0	0	0	0	0	0	0	0	0	0	0	0	0	0	0	0	0	0	0	0	0	0	0	0	0	0	0	0	0	0	0	0	0	0	0	0	0	0	0	0	0	0	0	0	0	0	0	0
1789546947291	50597	2242	7	288	12	0	0	3	0	0	0	0	26.103515625	26.103515625	0	0	0	0	90.307617188	90.307617188	0	0	0	0	0	0	0	0	0	0	0	0	0	0	0	0	0	0	0	0	0	0	0	0	0	0	0	0	0	0	0	0	0	0	0	0	0	0	0	0	0	0	0	0	0	0	0	0
1789546947312	50619	2243	7	288	12	0	0	3	0	0	0	0	26.103515625	26.103515625	0	0	0	0	90.307617188	90.307617188	0	0	0	0	0	0	0	0	0	0	0	0	0	0	0	0	0	0	0	0	0	0	0	0	0	0	0	0	0	0	0	0	0	0	0	0	0	0	0	0	0	0	0	0	0	0	0	0
1789546947333	50641	2244	7	288	12	0	0	3	0	0	0	0	26.103515625	26.103515625	0	0	0	0	90.307617188	90.307617188	0	0	0	0	0	0	0	0	0	0	0	0	0	0	0	0	0	0	0	0	0	0	0	0	0	0	0	0	0	0	0	0	0	0	0	0	0	0	0	0	0	0	0	0	0	0	0	0
1789546947353	50663	2245	7	288	12	0	0	3	0	0	0	0	26.103515625	26.103515625	0	0	0	0	90.307617188	90.307617188	0	0	0	0	0	0	0	0	0	0	0	0	0	0	0	0	0	0	0	0	0	0	0	0	0	0	0	0	0	0	0	0	0	0	0	0	0	0	0	0	0	0	0	0	0	0	0	0
1789546947380	50685	2246	7	288	12	0	0	3	0	0	0	0	26.103515625	26.103515625	0	0	0	0	90.307617188	90.307617188	0	0	0	0	0	0	0	0	0	0	0	0	0	0	0	0	0	0	0	0	0	0	0	0	0	0	0	0	0	0	0	0	0	0	0	0	0	0	0	0	0	0	0	0	0	0	0	0
1789546947400	50707	2247	7	288	12	0	0	3	0	0	0	0	26.103515625	26.103515625	0	0	0	0	90.307617188	90.307617188	0	0	0	0	0	0	0	0	0	0	0	0	0	0	0	0	0	0	0	0	0	0	0	0	0	0	0	0	0	0	0	0	0	0	0	0	0	0	0	0	0	0	0	0	0	0	0	0
1789546947419	50729	2248	7	288	12	0	0	3	0	0	0	0	26.103515625	26.103515625	0	0	0	0	90.307617188	90.307617188	0	0	0	0	0	0	0	0	0	0	0	0	0	0	0	0	0	0	0	0	0	0	0	0	0	0	0	0	0	0	0	0	0	0	0	0	0	0	0	0	0	0	0	0	0	0	0	0
1789546947447	50751	2249	7	288	12	0	0	3	0	0	0	0	26.103515625	26.103515625	0	0	0	0	90.307617188	90.307617188	0	0	0	0	0	0	0	0	0	0	0	0	0	0	0	0	0	0	0	0	0	0	0	0	0	0	0	0	0	0	0	0	0	0	0	0	0	0	0	0	0	0	0	0	0	0	0	0
1789546947467	50773	2250	7	288	12	0	0	3	0	0	0	0	26.103515625	26.103515625	0	0	0	0	90.307617188	90.307617188	0	0	0	0	0	0	0	0	0	0	0	0	0	0	0	0	0	0	0	0	0	0	0	0	0	0	0	0	0	0	0	0	0	0	0	0	0	0	0	0	0	0	0	0	0	0	0	0
1789546947487	50795	2251	7	288	12	0	0	3	0	0	0	0	26.103515625	26.103515625	0	0	0	0	90.307617188	90.307617188	0	0	0	0	0	0	0	0	0	0	0	0	0	0	0	0	0	0	0	0	0	0	0	0	0	0	0	0	0	0	0	0	0	0	0	0	0	0	0	0	0	0	0	0	0	0	0	0
1789546947507	50817	2252	7	288	12	0	0	3	0	0	0	0	26.103515625	26.103515625	0	0	0	0	90.307617188	90.307617188	0	0	0	0	0	0	0	0	0	0	0	0	0	0	0	0	0	0	0	0	0	0	0	0	0	0	0	0	0	0	0	0	0	0	0	0	0	0	0	0	0	0	0	0	0	0	0	0
1789546947534	50839	2253	7	288	12	0	0	3	0	0	0	0	26.103515625	26.103515625	0	0	0	0	90.307617188	90.307617188	0	0	0	0	0	0	0	0	0	0	0	0	0	0	0	0	0	0	0	0	0	0	0	0	0	0	0	0	0	0	0	0	0	0	0	0	0	0	0	0	0	0	0	0	0	0	0	0
1789546947554	50861	2254	7	288	12	0	0	3	0	0	0	0	26.103515625	26.103515625	0	0	0	0	90.307617188	90.307617188	0	0	0	0	0	0	0	0	0	0	0	0	0	0	0	0	0	0	0	0	0	0	0	0	0	0	0	0	0	0	0	0	0	0	0	0	0	0	0	0	0	0	0	0	0	0	0	0
1789546947574	50883	2255	7	288	12	0	0	3	0	0	0	0	26.103515625	26.103515625	0	0	0	0	90.307617188	90.307617188	0	0	0	0	0	0	0	0	0	0	0	0	0	0	0	0	0	0	0	0	0	0	0	0	0	0	0	0	0	0	0	0	0	0	0	0	0	0	0	0	0	0	0	0	0	0	0	0
1789546947600	50905	2256	7	288	12	0	0	3	0	0	0	0	26.103515625	26.103515625	0	0	0	0	90.307617188	90.307617188	0	0	0	0	0	0	0	0	0	0	0	0	0	0	0	0	0	0	0	0	0	0	0	0	0	0	0	0	0	0	0	0	0	0	0	0	0	0	0	0	0	0	0	0	0	0	0	0
1789546947621	50927	2257	7	288	12	0	0	3	0	0	0	0	26.103515625	26.103515625	0	0	0	0	90.307617188	90.307617188	0	0	0	0	0	0	0	0	0	0	0	0	0	0	0	0	0	0	0	0	0	0	0	0	0	0	0	0	0	0	0	0	0	0	0	0	0	0	0	0	0	0	0	0	0	0	0	0
1789546947641	50949	2258	7	288	12	0	0	3	0	0	0	0	26.103515625	26.103515625	0	0	0	0	90.307617188	90.307617188	0	0	0	0	0	0	0	0	0	0	0	0	0	0	0	0	0	0	0	0	0	0	0	0	0	0	0	0	0	0	0	0	0	0	0	0	0	0	0	0	0	0	0	0	0	0	0	0
1789546947661	50971	2259	7	288	12	0	0	3	0	0	0	0	26.103515625	26.103515625	0	0	0	0	90.307617188	90.307617188	0	0	0	0	0	0	0	0	0	0	0	0	0	0	0	0	0	0	0	0	0	0	0	0	0	0	0	0	0	0	0	0	0	0	0	0	0	0	0	0	0	0	0	0	0	0	0	0
1789546947688	50993	2260	7	288	12	0	0	3	0	0	0	0	26.103515625	26.103515625	0	0	0	0	90.307617188	90.307617188	0	0	0	0	0	0	0	0	0	0	0	0	0	0	0	0	0	0	0	0	0	0	0	0	0	0	0	0	0	0	0	0	0	0	0	0	0	0	0	0	0	0	0	0	0	0	0	0
1789546947708	51015	2261	7	288	12	0	0	3	0	0	0	0	26.103515625	26.103515625	0	0	0	0	90.307617188	90.307617188	0	0	0	0	0	0	0	0	0	0	0	0	0	0	0	0	0	0	0	0	0	0	0	0	0	0	0	0	0	0	0	0	0	0	0	0	0	0	0	0	0	0	0	0	0	0	0	0
1789546947728	51037	2262	7	288	12	0	0	3	0	0	0	0	26.103515625	26.103515625	0	0	0	0	90.307617188	90.307617188	0	0	0	0	0	0	0	0	0	0	0	0	0	0	0	0	0	0	0	0	0	0	0	0	0	0	0	0	0	0	0	0	0	0	0	0	0	0	0	0	0	0	0	0	0	0	0	0
1789546947754	51059	2263	7	288	12	0	0	3	0	0	0	0	26.103515625	26.103515625	0	0	0	0	90.307617188	90.307617188	0	0	0	0	0	0	0	0	0	0	0	0	0	0	0	0	0	0	0	0	0	0	0	0	0	0	0	0	0	0	0	0	0	0	0	0	0	0	0	0	0	0	0	0	0	0	0	0
1789546947774	51081	2264	7	288	12	0	0	3	0	0	0	0	26.103515625	26.103515625	0	0	0	0	90.307617188	90.307617188	0	0	0	0	0	0	0	0	0	0	0	0	0	0	0	0	0	0	0	0	0	0	0	0	0	0	0	0	0	0	0	0	0	0	0	0	0	0	0	0	0	0	0	0	0	0	0	0
1789546947793	51103	2265	7	288	12	0	0	3	0	0	0	0	26.103515625	26.103515625	0	0	0	0	90.307617188	90.307617188	0	0	0	0	0	0	0	0	0	0	0	0	0	0	0	0	0	0	0	0	0	0	0	0	0	0	0	0	0	0	0	0	0	0	0	0	0	0	0	0	0	0	0	0	0	0	0	0
1789546947819	51125	2266	7	288	12	0	0	3	0	0	0	0	26.103515625	26.103515625	0	0	0	0	90.307617188	90.307617188	0	0	0	0	0	0	0	0	0	0	0	0	0	0	0	0	0	0	0	0	0	0	0	0	0	0	0	0	0	0	0	0	0	0	0	0	0	0	0	0	0	0	0	0	0	0	0	0
1789546947838	51147	2267	7	288	12	0	0	3	0	0	0	0	26.103515625	26.103515625	0	0	-6	6	90.307617188	90.307617188	0	0	0	0	0	0	0	0	0	0	0	0	0	0	0	0	0	0	0	0	0	0	0	0	0	0	0	0	0	0	0	0	0	0	0	0	0	0	0	0	0	0	0	0	0	0	0	0
1789546947859	51169	2268	7	288	12	0	0	3	0	0	0	0	26.103515625	26.103515625	0	0	0	0	90.307617188	90.307617188	0	0	0	0	0	0	0	0	0	0	0	0	0	0	0	0	0	0	0	0	0	0	0	0	0	0	0	0	0	0	0	0	0	0	0	0	0	0	0	0	0	0	0	0	0	0	0	0
1789546947886	51191	2269	7	288	12	0	0	3	0	0	0	0	26.103515625	26.103515625	0	0	0	0	90.307617188	90.307617188	0	0	0	0	0	0	0	0	0	0	0	0	0	0	0	0	0	0	0	0	0	0	0	0	0	0	0	0	0	0	0	0	0	0	0	0	0	0	0	0	0	0	0	0	0	0	0	0
1789546947906	51213	2270	7	288	12	0	0	3	0	0	0	0	26.103515625	26.103515625	0	0	0	0	90.307617188	90.307617188	0	0	0	0	0	0	0	0	0	0	0	0	0	0	0	0	0	0	0	0	0	0	0	0	0	0	0	0	0	0	0	0	0	0	0	0	0	0	0	0	0	0	0	0	0	0	0	0
1789546947926	51235	2271	7	288	12	0	0	3	0	0	0	0	26.103515625	26.103515625	0	0	0	0	90.307617188	90.307617188	0	0	0	0	0	0	0	0	0	0	0	0	0	0	0	0	0	0	0	0	0	0	0	0	0	0	0	0	0	0	0	0	0	0	0	0	0	0	0	0	0	0	0	0	0	0	0	0
1789546947946	51257	2272	7	288	12	0	0	3	0	0	0	0	26.103515625	26.103515625	0	0	0	0	90.307617188	90.307617188	0	0	0	0	0	0	0	0	0	0	0	0	0	0	0	0	0	0	0	0	0	0	0	0	0	0	0	0	0	0	0	0	0	0	0	0	0	0	0	0	0	0	0	0	0	0	0	0
1789546947973	51279	2273	7	288	12	0	0	3	0	0	0	0	26.103515625	26.103515625	0	0	0	0	90.307617188	90.307617188	0	0	0	0	0	0	0	0	0	0	0	0	0	0	0	0	0	0	0	0	0	0	0	0	0	0	0	0	0	0	0	0	0	0	0	0	0	0	0	0	0	0	0	0	0	0	0	0
1789546947993	51301	2274	7	288	12	0	0	3	0	0	0	0	26.103515625	26.103515625	0	0	0	0	90.307617188	90.307617188	0	0	0	0	0	0	0	0	0	0	0	0	0	0	0	0	0	0	0	0	0	0	0	0	0	0	0	0	0	0	0	0	0	0	0	0	0	0	0	0	0	0	0	0	0	0	0	0
1789546948013	51323	2275	7	288	12	0	0	3	0	0	0	0	26.103515625	26.103515625	0	0	0	0	90.307617188	90.307617188	0	0	0	0	0	0	0	0	0	0	0	0	0	0	0	0	0	0	0	0	0	0	0	0	0	0	0	0	0	0	0	0	0	0	0	0	0	0	0	0	0	0	0	0	0	0	0	0
1789546948040	51345	2276	7	288	12	0	0	3	0	0	0	0	26.103515625	26.103515625	0	0	0	0	90.307617188	90.307617188	0	0	0	0	0	0	0	0	0	0	0	0	0	0	0	0	0	0	0	0	0	0	0	0	0	0	0	0	0	0	0	0	0	0	0	0	0	0	0	0	0	0	0	0	0	0	0	0
1789546948061	51367	2277	7	288	12	0	0	3	0	0	0	0	26.103515625	26.103515625	0	0	0	0	90.307617188	90.307617188	0	0	0	0	0	0	0	0	0	0	0	0	0	0	0	0	0	0	0	0	0	0	0	0	0	0	0	0	0	0	0	0	0	0	0	0	0	0	0	0	0	0	0	0	0	0	0	0
1789546948081	51389	2278	7	288	12	0	0	3	0	0	0	0	26.103515625	26.103515625	0	0	0	0	90.307617188	90.307617188	0	0	0	0	0	0	0	0	0	0	0	0	0	0	0	0	0	0	0	0	0	0	0	0	0	0	0	0	0	0	0	0	0	0	0	0	0	0	0	0	0	0	0	0	0	0	0	0
1789546948101	51411	2279	7	288	12	0	0	3	0	0	0	0	26.103515625	26.103515625	0	0	0	0	90.307617188	90.307617188	0	0	0	0	0	0	0	0	0	0	0	0	0	0	0	0	0	0	0	0	0	0	0	0	0	0	0	0	0	0	0	0	0	0	0	0	0	0	0	0	0	0	0	0	0	0	0	0
1789546948128	51433	2280	7	288	12	0	0	3	0	0	0	0	26.103515625	26.103515625	0	0	0	0	90.307617188	90.307617188	0	0	0	0	0	0	0	0	0	0	0	0	0	0	0	0	0	0	0	0	0	0	0	0	0	0	0	0	0	0	0	0	0	0	0	0	0	0	0	0	0	0	0	0	0	0	0	0
1789546948148	51455	2281	7	288	12	0	0	3	0	0	0	0	26.103515625	26.103515625	0	0	0	0	90.307617188	90.307617188	0	0	0	0	0	0	0	0	0	0	0	0	0	0	0	0	0	0	0	0	0	0	0	0	0	0	0	0	0	0	0	0	0	0	0	0	0	0	0	0	0	0	0	0	0	0	0	0
1789546948168	51477	2282	7	288	12	0	0	3	0	0	0	0	26.103515625	26.103515625	0	0	0	0	90.307617188	90.307617188	0	0	0	0	0	0	0	0	0	0	0	0	0	0	0	0	0	0	0	0	0	0	0	0	0	0	0	0	0	0	0	0	0	0	0	0	0	0	0	0	0	0	0	0	0	0	0	0
1789546948188	51499	2283	7	288	12	0	0	3	0	0	0	0	26.103515625	26.103515625	0	0	0	0	90.307617188	90.307617188	0	0	0	0	0	0	0	0	0	0	0	0	0	0	0	0	0	0	0	0	0	0	0	0	0	0	0	0	0	0	0	0	0	0	0	0	0	0	0	0	0	0	0	0	0	0	0	0
1789546948215	51521	2284	7	288	12	0	0	3	0	0	0	0	26.103515625	26.103515625	0	0	0	0	90.307617188	90.307617188	0	0	0	0	0	0	0	0	0	0	0	0	0	0	0	0	0	0	0	0	0	0	0	0	0	0	0	0	0	0	0	0	0	0	0	0	0	0	0	0	0	0	0	0	0	0	0	0
1789546948234	51543	2285	7	288	12	0	0	3	0	0	0	0	26.103515625	26.103515625	0	0	0	0	90.307617188	90.307617188	0	0	0	0	0	0	0	0	0	0	0	0	0	0	0	0	0	0	0	0	0	0	0	0	0	0	0	0	0	0	0	0	0	0	0	0	0	0	0	0	0	0	0	0	0	0	0	0
1789546948255	51565	2286	7	288	12	0	0	3	0	0	0	0	26.103515625	26.103515625	0	0	0	0	90.307617188	90.307617188	0	0	0	0	0	0	0	0	0	0	0	0	0	0	0	0	0	0	0	0	0	0	0	0	0	0	0	0	0	0	0	0	0	0	0	0	0	0	0	0	0	0	0	0	0	0	0	0
1789546948283	51587	2287	7	288	12	0	0	3	0	0	0	0	26.103515625	26.103515625	0	0	0	0	90.307617188	90.307617188	0	0	0	0	0	0	0	0	0	0	0	0	0	0	0	0	0	0	0	0	0	0	0	0	0	0	0	0	0	0	0	0	0	0	0	0	0	0	0	0	0	0	0	0	0	0	0	0
1789546948303	51609	2288	7	288	12	0	0	3	0	0	0	0	26.103515625	26.103515625	0	0	0	0	90.307617188	90.307617188	0	0	0	0	0	0	0	0	0	0	0	0	0	0	0	0	0	0	0	0	0	0	0	0	0	0	0	0	0	0	0	0	0	0	0	0	0	0	0	0	0	0	0	0	0	0	0	0
1789546948323	51631	2289	7	288	12	0	0	3	0	0	0	0	26.103515625	26.103515625	0	0	0	0	90.307617188	90.307617188	0	0	0	0	0	0	0	0	0	0	0	0	0	0	0	0	0	0	0	0	0	0	0	0	0	0	0	0	0	0	0	0	0	0	0	0	0	0	0	0	0	0	0	0	0	0	0	0
1789546948343	51653	2290	7	288	12	0	0	3	0	0	0	0	26.103515625	26.103515625	0	0	0	0	90.307617188	90.307617188	0	0	0	0	0	0	0	0	0	0	0	0	0	0	0	0	0	0	0	0	0	0	0	0	0	0	0	0	0	0	0	0	0	0	0	0	0	0	0	0	0	0	0	0	0	0	0	0
1789546948370	51675	2291	7	288	12	0	0	3	0	0	0	0	26.103515625	26.103515625	0	0	0	0	90.307617188	90.307617188	0	0	0	0	0	0	0	0	0	0	0	0	0	0	0	0	0	0	0	0	0	0	0	0	0	0	0	0	0	0	0	0	0	0	0	0	0	0	0	0	0	0	0	0	0	0	0	0
1789546948391	51697	2292	7	288	12	0	0	3	0	0	0	0	26.103515625	26.103515625	0	0	0	0	90.307617188	90.307617188	0	0	0	0	0	0	0	0	0	0	0	0	0	0	0	0	0	0	0	0	0	0	0	0	0	0	0	0	0	0	0	0	0	0	0	0	0	0	0	0	0	0	0	0	0	0	0	0
1789546948411	51719	2293	7	288	12	0	0	3	0	0	0	0	26.103515625	26.103515625	0	0	0	0	90.307617188	90.307617188	0	0	0	0	0	0	0	0	0	0	0	0	0	0	0	0	0	0	0	0	0	0	0	0	0	0	0	0	0	0	0	0	0	0	0	0	0	0	0	0	0	0	0	0	0	0	0	0
1789546948431	51741	2294	7	288	12	0	0	3	0	0	0	0	26.103515625	26.103515625	0	0	0	0	90.307617188	90.307617188	0	0	0	0	0	0	0	0	0	0	0	0	0	0	0	0	0	0	0	0	0	0	0	0	0	0	0	0	0	0	0	0	0	0	0	0	0	0	0	0	0	0	0	0	0	0	0	0
1789546948458	51763	2295	7	288	12	0	0	3	0	0	0	0	26.103515625	26.103515625	0	0	0	0	90.307617188	90.307617188	0	0	0	0	0	0	0	0	0	0	0	0	0	0	0	0	0	0	0	0	0	0	0	0	0	0	0	0	0	0	0	0	0	0	0	0	0	0	0	0	0	0	0	0	0	0	0	0
1789546948477	51785	2296	7	288	12	0	0	3	0	0	0	0	26.103515625	26.103515625	0	0	0	0	90.307617188	90.307617188	0	0	0	0	0	0	0	0	0	0	0	0	0	0	0	0	0	0	0	0	0	0	0	0	0	0	0	0	0	0	0	0	0	0	0	0	0	0	0	0	0	0	0	0	0	0	0	0
1789546948497	51807	2297	7	288	12	0	0	3	0	0	0	0	26.103515625	26.103515625	0	0	0	0	90.307617188	90.307617188	0	0	0	0	0	0	0	0	0	0	0	0	0	0	0	0	0	0	0	0	0	0	0	0	0	0	0	0	0	0	0	0	0	0	0	0	0	0	0	0	0	0	0	0	0	0	0	0
1789546948523	51829	2298	7	288	12	0	0	3	0	0	0	0	26.103515625	26.103515625	0	0	0	0	90.307617188	90.307617188	0	0	0	0	0	0	0	0	0	0	0	0	0	0	0	0	0	0	0	0	0	0	0	0	0	0	0	0	0	0	0	0	0	0	0	0	0	0	0	0	0	0	0	0	0	0	0	0
1789546948544	51851	2299	7	288	12	0	0	3	0	0	0	0	26.103515625	26.103515625	0	0	0	0	90.307617188	90.307617188	0	0	0	0	0	0	0	0	0	0	0	0	0	0	0	0	0	0	0	0	0	0	0	0	0	0	0	0	0	0	0	0	0	0	0	0	0	0	0	0	0	0	0	0	0	0	0	0
1789546948563	51873	2300	7	288	12	0	0	3	0	0	0	0	26.103515625	26.103515625	0	0	0	0	90.307617188	90.307617188	0	0	0	0	0	0	0	0	0	0	0	0	0	0	0	0	0	0	0	0	0	0	0	0	0	0	0	0	0	0	0	0	0	0	0	0	0	0	0	0	0	0	0	0	0	0	0	0
1789546948590	51895	2301	7	288	12	0	0	3	0	0	0	0	26.103515625	26.103515625	0	0	0	0	90.307617188	90.307617188	0	0	0	0	0	0	0	0	0	0	0	0	0	0	0	0	0	0	0	0	0	0	0	0	0	0	0	0	0	0	0	0	0	0	0	0	0	0	0	0	0	0	0	0	0	0	0	0
1789546948610	51917	2302	7	288	12	0	0	3	0	0	0	0	26.103515625	26.103515625	0	0	0	0	90.307617188	90.307617188	0	0	0	0	0	0	0	0	0	0	0	0	0	0	0	0	0	0	0	0	0	0	0	0	0	0	0	0	0	0	0	0	0	0	0	0	0	0	0	0	0	0	0	0	0	0	0	0
1789546948630	51939	2303	7	288	12	0	0	3	0	0	0	0	26.103515625	26.103515625	0	0	0	0	90.307617188	90.307617188	0	0	0	0	0	0	0	0	0	0	0	0	0	0	0	0	0	0	0	0	0	0	0	0	0	0	0	0	0	0	0	0	0	0	0	0	0	0	0	0	0	0	0	0	0	0	0	0
1789546948650	51961	2304	7	288	12	0	0	3	0	0	0	0	26.103515625	26.103515625	0	0	0	0	90.307617188	90.307617188	0	0	0	0	0	0	0	0	0	0	0	0	0	0	0	0	0	0	0	0	0	0	0	0	0	0	0	0	0	0	0	0	0	0	0	0	0	0	0	0	0	0	0	0	0	0	0	0
1789546948676	51983	2305	7	288	12	0	0	3	0	0	0	0	26.103515625	26.103515625	0	0	0	0	90.307617188	90.307617188	0	0	0	0	0	0	0	0	0	0	0	0	0	0	0	0	0	0	0	0	0	0	0	0	0	0	0	0	0	0	0	0	0	0	0	0	0	0	0	0	0	0	0	0	0	0	0	0
1789546948697	52005	2306	7	288	12	0	0	3	0	0	0	0	26.103515625	26.103515625	0	0	0	0	90.307617188	90.307617188	0	0	0	0	0	0	0	0	0	0	0	0	0	0	0	0	0	0	0	0	0	0	0	0	0	0	0	0	0	0	0	0	0	0	0	0	0	0	0	0	0	0	0	0	0	0	0	0
1789546948717	52027	2307	7	288	12	0	0	3	0	0	0	0	26.103515625	26.103515625	0	0	0	0	90.307617188	90.307617188	0	0	0	0	0	0	0	0	0	0	0	0	0	0	0	0	0	0	0	0	0	0	0	0	0	0	0	0	0	0	0	0	0	0	0	0	0	0	0	0	0	0	0	0	0	0	0	0
1789546948742	52049	2308	7	288	12	0	0	3	0	0	0	0	26.103515625	26.103515625	0	0	0	0	90.307617188	90.307617188	0	0	0	0	0	0	0	0	0	0	0	0	0	0	0	0	0	0	0	0	0	0	0	0	0	0	0	0	0	0	0	0	0	0	0	0	0	0	0	0	0	0	0	0	0	0	0	0
1789546948762	52071	2309	7	288	12	0	0	3	0	0	0	0	26.103515625	26.103515625	0	0	0	0	90.307617188	90.307617188	0	0	0	0	0	0	0	0	0	0	0	0	0	0	0	0	0	0	0	0	0	0	0	0	0	0	0	0	0	0	0	0	0	0	0	0	0	0	0	0	0	0	0	0	0	0	0	0
1789546948790	52093	2310	7	288	12	0	0	3	0	0	0	0	26.103515625	26.103515625	0	0	0	0	90.307617188	90.307617188	0	0	0	0	0	0	0	0	0	0	0	0	0	0	0	0	0	0	0	0	0	0	0	0	0	0	0	0	0	0	0	0	0	0	0	0	0	0	0	0	0	0	0	0	0	0	0	0
1789546948809	52115	2311	7	288	12	0	0	3	0	0	0	0	26.103515625	26.103515625	0	0	0	0	90.307617188	90.307617188	0	0	0	0	0	0	0	0	0	0	0	0	0	0	0	0	0	0	0	0	0	0	0	0	0	0	0	0	0	0	0	0	0	0	0	0	0	0	0	0	0	0	0	0	0	0	0	0
1789546948830	52137	2312	7	288	12	0	0	3	0	0	0	0	26.103515625	26.103515625	0	0	0	0	90.307617188	90.307617188	0	0	0	0	0	0	0	0	0	0	0	0	0	0	0	0	0	0	0	0	0	0	0	0	0	0	0	0	0	0	0	0	0	0	0	0	0	0	0	0	0	0	0	0	0	0	0	0
1789546948849	52159	2313	7	288	12	0	0	3	0	0	0	0	26.103515625	26.103515625	0	0	0	0	90.307617188	90.307617188	0	0	0	0	0	0	0	0	0	0	0	0	0	0	0	0	0	0	0	0	0	0	0	0	0	0	0	0	0	0	0	0	0	0	0	0	0	0	0	0	0	0	0	0	0	0	0	0
1789546948875	52181	2314	7	288	12	0	0	3	0	0	0	0	26.103515625	26.103515625	0	0	0	0	90.307617188	90.307617188	0	0	0	0	0	0	0	0	0	0	0	0	0	0	0	0	0	0	0	0	0	0	0	0	0	0	0	0	0	0	0	0	0	0	0	0	0	0	0	0	0	0	0	0	0	0	0	0
1789546948895	52203	2315	7	288	12	0	0	3	0	0	0	0	26.103515625	26.103515625	0	0	0	0	90.307617188	90.307617188	0	0	0	0	0	0	0	0	0	0	0	0	0	0	0	0	0	0	0	0	0	0	0	0	0	0	0	0	0	0	0	0	0	0	0	0	0	0	0	0	0	0	0	0	0	0	0	0
1789546948914	52225	2316	7	288	12	0	0	3	0	0	0	0	26.103515625	26.103515625	0	0	0	0	90.307617188	90.307617188	0	0	0	0	0	0	0	0	0	0	0	0	0	0	0	0	0	0	0	0	0	0	0	0	0	0	0	0	0	0	0	0	0	0	0	0	0	0	0	0	0	0	0	0	0	0	0	0
1789546948939	52247	2317	7	288	12	0	0	3	0	0	0	0	26.103515625	26.103515625	0	0	0	0	90.307617188	90.307617188	0	0	0	0	0	0	0	0	0	0	0	0	0	0	0	0	0	0	0	0	0	0	0	0	0	0	0	0	0	0	0	0	0	0	0	0	0	0	0	0	0	0	0	0	0	0	0	0
1789546948959	52269	2318	7	288	12	0	0	3	0	0	0	0	26.103515625	26.103515625	0	0	0	0	90.307617188	90.307617188	0	0	0	0	0	0	0	0	0	0	0	0	0	0	0	0	0	0	0	0	0	0	0	0	0	0	0	0	0	0	0	0	0	0	0	0	0	0	0	0	0	0	0	0	0	0	0	0
1789546948985	52291	2319	7	288	12	0	0	3	0	0	0	0	26.103515625	26.103515625	0	0	0	0	90.307617188	90.307617188	0	0	0	0	0	0	0	0	0	0	0	0	0	0	0	0	0	0	0	0	0	0	0	0	0	0	0	0	0	0	0	0	0	0	0	0	0	0	0	0	0	0	0	0	0	0	0	0
1789546949005	52313	2320	7	288	12	0	0	3	0	0	0	0	26.103515625	26.103515625	0	0	0	0	90.307617188	90.307617188	0	0	0	0	0	0	0	0	0	0	0	0	0	0	0	0	0	0	0	0	0	0	0	0	0	0	0	0	0	0	0	0	0	0	0	0	0	0	0	0	0	0	0	0	0	0	0	0
1789546949026	52335	2321	7	288	12	0	0	3	0	0	0	0	26.103515625	26.103515625	0	0	0	0	90.307617188	90.307617188	0	0	0	0	0	0	0	0	0	0	0	0	0	0	0	0	0	0	0	0	0	0	0	0	0	0	0	0	0	0	0	0	0	0	0	0	0	0	0	0	0	0	0	0	0	0	0	0
1789546949052	52357	2322	7	288	12	0	0	3	0	0	0	0	26.103515625	26.103515625	0	0	0	0	90.307617188	90.307617188	0	0	0	0	0	0	0	0	0	0	0	0	0	0	0	0	0	0	0	0	0	0	0	0	0	0	0	0	0	0	0	0	0	0	0	0	0	0	0	0	0	0	0	0	0	0	0	0
1789546949072	52379	2323	7	288	12	0	0	3	0	0	0	0	26.103515625	26.103515625	0	0	0	0	90.307617188	90.307617188	0	0	0	0	0	0	0	0	0	0	0	0	0	0	0	0	0	0	0	0	0	0	0	0	0	0	0	0	0	0	0	0	0	0	0	0	0	0	0	0	0	0	0	0	0	0	0	0
1789546949093	52401	2324	7	288	12	0	0	3	0	0	0	0	26.103515625	26.103515625	0	0	0	0	90.307617188	90.307617188	0	0	0	0	0	0	0	0	0	0	0	0	0	0	0	0	0	0	0	0	0	0	0	0	0	0	0	0	0	0	0	0	0	0	0	0	0	0	0	0	0	0	0	0	0	0	0	0
1789546949113	52423	2325	7	288	12	0	0	3	0	0	0	0	26.103515625	26.103515625	0	0	0	0	90.307617188	90.307617188	0	0	0	0	0	0	0	0	0	0	0	0	0	0	0	0	0	0	0	0	0	0	0	0	0	0	0	0	0	0	0	0	0	0	0	0	0	0	0	0	0	0	0	0	0	0	0	0
1789546949140	52445	2326	7	288	12	0	0	3	0	0	0	0	26.103515625	26.103515625	0	0	0	0	90.307617188	90.307617188	0	0	0	0	0	0	0	0	0	0	0	0	0	0	0	0	0	0	0	0	0	0	0	0	0	0	0	0	0	0	0	0	0	0	0	0	0	0	0	0	0	0	0	0	0	0	0	0
1789546949161	52467	2327	7	288	12	0	0	3	0	0	0	0	26.103515625	26.103515625	0	0	0	0	90.307617188	90.307617188	0	0	0	0	0	0	0	0	0	0	0	0	0	0	0	0	0	0	0	0	0	0	0	0	0	0	0	0	0	0	0	0	0	0	0	0	0	0	0	0	0	0	0	0	0	0	0	0
1789546949182	52489	2328	7	288	12	0	0	3	0	0	0	0	26.103515625	26.103515625	0	0	0	0	90.307617188	90.307617188	0	0	0	0	0	0	0	0	0	0	0	0	0	0	0	0	0	0	0	0	0	0	0	0	0	0	0	0	0	0	0	0	0	0	0	0	0	0	0	0	0	0	0	0	0	0	0	0
1789546949203	52511	2329	7	288	12	0	0	3	0	0	0	0	26.103515625	26.103515625	0	0	0	0	90.307617188	90.307617188	0	0	0	0	0	0	0	0	0	0	0	0	0	0	0	0	0	0	0	0	0	0	0	0	0	0	0	0	0	0	0	0	0	0	0	0	0	0	0	0	0	0	0	0	0	0	0	0
1789546949224	52533	2330	7	288	12	0	0	3	0	0	0	0	26.103515625	26.103515625	0	0	0	0	90.307617188	90.307617188	0	0	0	0	0	0	0	0	0	0	0	0	0	0	0	0	0	0	0	0	0	0	0	0	0	0	0	0	0	0	0	0	0	0	0	0	0	0	0	0	0	0	0	0	0	0	0	0
1789546949244	52555	2331	7	288	12	0	0	3	0	0	0	0	26.103515625	26.103515625	0	0	0	0	90.307617188	90.307617188	0	0	0	0	0	0	0	0	0	0	0	0	0	0	0	0	0	0	0	0	0	0	0	0	0	0	0	0	0	0	0	0	0	0	0	0	0	0	0	0	0	0	0	0	0	0	0	0
1789546949276	52577	2332	7	288	12	0	0	3	0	0	0	0	26.103515625	26.103515625	0	0	0	0	90.307617188	90.307617188	0	0	0	0	0	0	0	0	0	0	0	0	0	0	0	0	0	0	0	0	0	0	0	0	0	0	0	0	0	0	0	0	0	0	0	0	0	0	0	0	0	0	0	0	0	0	0	0
1789546949290	52599	2333	7	288	12	0	0	3	0	0	0	0	26.103515625	26.103515625	0	0	0	0	90.307617188	90.307617188	0	0	0	0	0	0	0	0	0	0	0	0	0	0	0	0	0	0	0	0	0	0	0	0	0	0	0	0	0	0	0	0	0	0	0	0	0	0	0	0	0	0	0	0	0	0	0	0
1789546949315	52621	2334	7	288	12	0	0	3	0	0	0	0	26.103515625	26.103515625	0	0	0	0	90.307617188	90.307617188	0	0	0	0	0	0	0	0	0	0	0	0	0	0	0	0	0	0	0	0	0	0	0	0	0	0	0	0	0	0	0	0	0	0	0	0	0	0	0	0	0	0	0	0	0	0	0	0
1789546949336	52643	2335	7	288	12	0	0	3	0	0	0	0	26.103515625	26.103515625	0	0	0	0	90.307617188	90.307617188	0	0	0	0	0	0	0	0	0	0	0	0	0	0	0	0	0	0	0	0	0	0	0	0	0	0	0	0	0	0	0	0	0	0	0	0	0	0	0	0	0	0	0	0	0	0	0	0
1789546949355	52665	2336	7	288	12	0	0	3	0	0	0	0	26.103515625	26.103515625	0	0	0	0	90.307617188	90.307617188	0	0	0	0	0	0	0	0	0	0	0	0	0	0	0	0	0	0	0	0	0	0	0	0	0	0	0	0	0	0	0	0	0	0	0	0	0	0	0	0	0	0	0	0	0	0	0	0
1789546949381	52687	2337	7	288	12	0	0	3	0	0	0	0	26.103515625	26.103515625	0	0	0	0	90.307617188	90.307617188	0	0	0	0	0	0	0	0	0	0	0	0	0	0	0	0	0	0	0	0	0	0	0	0	0	0	0	0	0	0	0	0	0	0	0	0	0	0	0	0	0	0	0	0	0	0	0	0
1789546949400	52709	2338	7	288	12	0	0	3	0	0	0	0	26.103515625	26.103515625	0	0	0	0	90.307617188	90.307617188	0	0	0	0	0	0	0	0	0	0	0	0	0	0	0	0	0	0	0	0	0	0	0	0	0	0	0	0	0	0	0	0	0	0	0	0	0	0	0	0	0	0	0	0	0	0	0	0
1789546949425	52731	2339	7	288	12	0	0	3	0	0	0	0	26.103515625	26.103515625	0	0	0	0	90.307617188	90.307617188	0	0	0	0	0	0	0	0	0	0	0	0	0	0	0	0	0	0	0	0	0	0	0	0	0	0	0	0	0	0	0	0	0	0	0	0	0	0	0	0	0	0	0	0	0	0	0	0
1789546949444	52753	2340	7	288	12	0	0	3	0	0	0	0	26.103515625	26.103515625	0	0	0	0	90.307617188	90.307617188	0	0	0	0	0	0	0	0	0	0	0	0	0	0	0	0	0	0	0	0	0	0	0	0	0	0	0	0	0	0	0	0	0	0	0	0	0	0	0	0	0	0	0	0	0	0	0	0
1789546949464	52775	2341	7	288	12	0	0	3	0	0	0	0	26.103515625	26.103515625	0	0	0	0	90.307617188	90.307617188	0	0	0	0	0	0	0	0	0	0	0	0	0	0	0	0	0	0	0	0	0	0	0	0	0	0	0	0	0	0	0	0	0	0	0	0	0	0	0	0	0	0	0	0	0	0	0	0
1789546949489	52797	2342	7	288	12	0	0	3	0	0	0	0	26.103515625	26.103515625	0	0	0	0	90.307617188	90.307617188	0	0	0	0	0	0	0	0	0	0	0	0	0	0	0	0	0	0	0	0	0	0	0	0	0	0	0	0	0	0	0	0	0	0	0	0	0	0	0	0	0	0	0	0	0	0	0	0
1789546949508	52819	2343	7	288	12	0	0	3	0	0	0	0	26.103515625	26.103515625	0	0	0	0	90.307617188	90.307617188	0	0	0	0	0	0	0	0	0	0	0	0	0	0	0	0	0	0	0	0	0	0	0	0	0	0	0	0	0	0	0	0	0	0	0	0	0	0	0	0	0	0	0	0	0	0	0	0
1789546949534	52841	2344	7	288	12	0	0	3	0	0	0	0	26.103515625	26.103515625	0	0	0	0	90.307617188	90.307617188	0	0	0	0	0	0	0	0	0	0	0	0	0	0	0	0	0	0	0	0	0	0	0	0	0	0	0	0	0	0	0	0	0	0	0	0	0	0	0	0	0	0	0	0	0	0	0	0
1789546949554	52863	2345	7	288	12	0	0	3	0	0	0	0	26.103515625	26.103515625	0	0	0	0	90.307617188	90.307617188	0	0	0	0	0	0	0	0	0	0	0	0	0	0	0	0	0	0	0	0	0	0	0	0	0	0	0	0	0	0	0	0	0	0	0	0	0	0	0	0	0	0	0	0	0	0	0	0
1789546949575	52885	2346	7	288	12	0	0	3	0	0	0	0	26.103515625	26.103515625	0	0	0	0	90.307617188	90.307617188	0	0	0	0	0	0	0	0	0	0	0	0	0	0	0	0	0	0	0	0	0	0	0	0	0	0	0	0	0	0	0	0	0	0	0	0	0	0	0	0	0	0	0	0	0	0	0	0
1789546949601	52907	2347	7	288	12	0	0	3	0	0	0	0	26.103515625	26.103515625	0	0	0	0	90.307617188	90.307617188	0	0	0	0	0	0	0	0	0	0	0	0	0	0	0	0	0	0	0	0	0	0	0	0	0	0	0	0	0	0	0	0	0	0	0	0	0	0	0	0	0	0	0	0	0	0	0	0
1789546949621	52929	2348	7	288	12	0	0	3	0	0	0	0	26.103515625	26.103515625	0	0	0	0	90.307617188	90.307617188	0	0	0	0	0	0	0	0	0	0	0	0	0	0	0	0	0	0	0	0	0	0	0	0	0	0	0	0	0	0	0	0	0	0	0	0	0	0	0	0	0	0	0	0	0	0	0	0
1789546949640	52951	2349	7	288	12	0	0	3	0	0	0	0	26.103515625	26.103515625	0	0	0	0	90.307617188	90.307617188	0	0	0	0	0	0	0	0	0	0	0	0	0	0	0	0	0	0	0	0	0	0	0	0	0	0	0	0	0	0	0	0	0	0	0	0	0	0	0	0	0	0	0	0	0	0	0	0
1789546949666	52973	2350	7	288	12	0	0	3	0	0	0	0	26.103515625	26.103515625	0	0	0	0	90.307617188	90.307617188	0	0	0	0	0	0	0	0	0	0	0	0	0	0	0	0	0	0	0	0	0	0	0	0	0	0	0	0	0	0	0	0	0	0	0	0	0	0	0	0	0	0	0	0	0	0	0	0
1789546949686	52995	2351	7	288	12	0	0	3	0	0	0	0	26.103515625	26.103515625	0	0	0	0	90.307617188	90.307617188	0	0	0	0	0	0	0	0	0	0	0	0	0	0	0	0	0	0	0	0	0	0	0	0	0	0	0	0	0	0	0	0	0	0	0	0	0	0	0	0	0	0	0	0	0	0	0	0
1789546949706	53017	2352	7	288	12	0	0	3	0	0	0	0	26.103515625	26.103515625	0	0	0	0	90.307617188	90.307617188	0	0	0	0	0	0	0	0	0	0	0	0	0	0	0	0	0	0	0	0	0	0	0	0	0	0	0	0	0	0	0	0	0	0	0	0	0	0	0	0	0	0	0	0	0	0	0	0
1789546949733	53039	2353	7	288	12	0	0	3	0	0	0	0	26.103515625	26.103515625	0	0	0	0	90.307617188	90.307617188	0	0	0	0	0	0	0	0	0	0	0	0	0	0	0	0	0	0	0	0	0	0	0	0	0	0	0	0	0	0	0	0	0	0	0	0	0	0	0	0	0	0	0	0	0	0	0	0
1789546949754	53061	2354	7	288	12	0	0	3	0	0	0	0	26.103515625	26.103515625	0	0	0	0	90.307617188	90.307617188	0	0	0	0	0	0	0	0	0	0	0	0	0	0	0	0	0	0	0	0	0	0	0	0	0	0	0	0	0	0	0	0	0	0	0	0	0	0	0	0	0	0	0	0	0	0	0	0
1789546949774	53083	2355	7	288	12	0	0	3	0	0	0	0	26.103515625	26.103515625	0	0	0	0	90.307617188	90.307617188	0	0	0	0	0	0	0	0	0	0	0	0	0	0	0	0	0	0	0	0	0	0	0	0	0	0	0	0	0	0	0	0	0	0	0	0	0	0	0	0	0	0	0	0	0	0	0	0
1789546949800	53105	2356	7	288	12	0	0	3	0	0	0	0	26.147460938	26.147460938	0	0	0	0	90.307617188	90.307617188	0	0	0	0	0	0	0	0	0	0	0	0	0	0	0	0	0	0	0	0	0	0	0	0	0	0	0	0	0	0	0	0	0	0	0	0	0	0	0	0	0	0	0	0	0	0	0	0
1789546949820	53127	2357	7	288	12	0	0	3	0	0	0	0	26.103515625	26.103515625	0	0	0	0	90.307617188	90.307617188	0	0	0	0	0	0	0	0	0	0	0	0	0	0	0	0	0	0	0	0	0	0	0	0	0	0	0	0	0	0	0	0	0	0	0	0	0	0	0	0	0	0	0	0	0	0	0	0
1789546949839	53149	2358	7	288	12	0	0	3	0	0	0	0	26.103515625	26.103515625	0	0	0	0	90.307617188	90.307617188	0	0	0	0	0	0	0	0	0	0	0	0	0	0	0	0	0	0	0	0	0	0	0	0	0	0	0	0	0	0	0	0	0	0	0	0	0	0	0	0	0	0	0	0	0	0	0	0
1789546949866	53171	2359	7	288	12	0	0	3	0	0	0	0	26.103515625	26.103515625	0	0	0	0	90.307617188	90.307617188	0	0	0	0	0	0	0	0	0	0	0	0	0	0	0	0	0	0	0	0	0	0	0	0	0	0	0	0	0	0	0	0	0	0	0	0	0	0	0	0	0	0	0	0	0	0	0	0
1789546949885	53193	2360	7	288	12	0	0	3	0	0	0	0	26.103515625	26.103515625	0	0	0	0	90.307617188	90.307617188	0	0	0	0	0	0	0	0	0	0	0	0	0	0	0	0	0	0	0	0	0	0	0	0	0	0	0	0	0	0	0	0	0	0	0	0	0	0	0	0	0	0	0	0	0	0	0	0
1789546949906	53215	2361	7	288	12	0	0	3	0	0	0	0	26.103515625	26.103515625	0	0	0	0	90.307617188	90.307617188	0	0	0	0	0	0	0	0	0	0	0	0	0	0	0	0	0	0	0	0	0	0	0	0	0	0	0	0	0	0	0	0	0	0	0	0	0	0	0	0	0	0	0	0	0	0	0	0
1789546949932	53237	2362	7	288	12	0	0	3	0	0	0	0	26.103515625	26.103515625	0	0	0	0	90.307617188	90.307617188	0	0	0	0	0	0	0	0	0	0	0	0	0	0	0	0	0	0	0	0	0	0	0	0	0	0	0	0	0	0	0	0	0	0	0	0	0	0	0	0	0	0	0	0	0	0	0	0
1789546949952	53259	2363	7	288	12	0	0	3	0	0	0	0	26.103515625	26.103515625	0	0	0	0	90.307617188	90.307617188	0	0	0	0	0	0	0	0	0	0	0	0	0	0	0	0	0	0	0	0	0	0	0	0	0	0	0	0	0	0	0	0	0	0	0	0	0	0	0	0	0	0	0	0	0	0	0	0
1789546949971	53281	2364	7	288	12	0	0	3	0	0	0	0	26.103515625	26.103515625	0	0	0	0	90.307617188	90.307617188	0	0	0	0	0	0	0	0	0	0	0	0	0	0	0	0	0	0	0	0	0	0	0	0	0	0	0	0	0	0	0	0	0	0	0	0	0	0	0	0	0	0	0	0	0	0	0	0
1789546949998	53303	2365	7	288	12	0	0	3	0	0	0	0	26.103515625	26.103515625	0	0	0	0	90.307617188	90.307617188	0	0	0	0	0	0	0	0	0	0	0	0	0	0	0	0	0	0	0	0	0	0	0	0	0	0	0	0	0	0	0	0	0	0	0	0	0	0	0	0	0	0	0	0	0	0	0	0
1789546950018	53325	2366	7	288	12	0	0	3	0	0	0	0	26.103515625	26.103515625	0	0	0	0	90.307617188	90.307617188	0	0	0	0	0	0	0	0	0	0	0	0	0	0	0	0	0	0	0	0	0	0	0	0	0	0	0	0	0	0	0	0	0	0	0	0	0	0	0	0	0	0	0	0	0	0	0	0
1789546950038	53347	2367	7	288	12	0	0	3	0	0	0	0	26.103515625	26.103515625	0	0	0	0	90.307617188	90.307617188	0	0	0	0	0	0	0	0	0	0	0	0	0	0	0	0	0	0	0	0	0	0	0	0	0	0	0	0	0	0	0	0	0	0	0	0	0	0	0	0	0	0	0	0	0	0	0	0
1789546950058	53369	2368	7	288	12	0	0	3	0	0	0	0	26.103515625	26.103515625	0	0	0	0	90.307617188	90.307617188	0	0	0	0	0	0	0	0	0	0	0	0	0	0	0	0	0	0	0	0	0	0	0	0	0	0	0	0	0	0	0	0	0	0	0	0	0	0	0	0	0	0	0	0	0	0	0	0
1789546950085	53391	2369	7	288	12	0	0	3	0	0	0	0	26.103515625	26.103515625	0	0	0	0	90.307617188	90.307617188	0	0	0	0	0	0	0	0	0	0	0	0	0	0	0	0	0	0	0	0	0	0	0	0	0	0	0	0	0	0	0	0	0	0	0	0	0	0	0	0	0	0	0	0	0	0	0	0
1789546950105	53413	2370	7	288	12	0	0	3	0	0	0	0	26.103515625	26.103515625	0	0	0	0	90.307617188	90.307617188	0	0	0	0	0	0	0	0	0	0	0	0	0	0	0	0	0	0	0	0	0	0	0	0	0	0	0	0	0	0	0	0	0	0	0	0	0	0	0	0	0	0	0	0	0	0	0	0
1789546950124	53435	2371	7	288	12	0	0	3	0	0	0	0	26.103515625	26.103515625	0	0	0	0	90.307617188	90.307617188	0	0	0	0	0	0	0	0	0	0	0	0	0	0	0	0	0	0	0	0	0	0	0	0	0	0	0	0	0	0	0	0	0	0	0	0	0	0	0	0	0	0	0	0	0	0	0	0
1789546950151	53457	2372	7	288	12	0	0	3	0	0	0	0	26.103515625	26.103515625	0	0	0	0	90.307617188	90.307617188	0	0	0	0	0	0	0	0	0	0	0	0	0	0	0	0	0	0	0	0	0	0	0	0	0	0	0	0	0	0	0	0	0	0	0	0	0	0	0	0	0	0	0	0	0	0	0	0
1789546950171	53479	2373	7	288	12	0	0	3	0	0	0	0	26.103515625	26.103515625	0	0	0	0	90.307617188	90.307617188	0	0	0	0	0	0	0	0	0	0	0	0	0	0	0	0	0	0	0	0	0	0	0	0	0	0	0	0	0	0	0	0	0	0	0	0	0	0	0	0	0	0	0	0	0	0	0	0
1789546950191	53501	2374	7	288	12	0	0	3	0	0	0	0	26.103515625	26.103515625	0	0	0	0	90.307617188	90.307617188	0	0	0	0	0	0	0	0	0	0	0	0	0	0	0	0	0	0	0	0	0	0	0	0	0	0	0	0	0	0	0	0	0	0	0	0	0	0	0	0	0	0	0	0	0	0	0	0
1789546950217	53523	2375	7	288	12	0	0	3	0	0	0	0	26.103515625	26.103515625	0	0	0	0	90.307617188	90.307617188	0	0	0	0	0	0	0	0	0	0	0	0	0	0	0	0	0	0	0	0	0	0	0	0	0	0	0	0	0	0	0	0	0	0	0	0	0	0	0	0	0	0	0	0	0	0	0	0
1789546950237	53545	2376	7	288	12	0	0	3	0	0	0	0	26.103515625	26.103515625	0	0	0	0	90.307617188	90.307617188	0	0	0	0	0	0	0	0	0	0	0	0	0	0	0	0	0	0	0	0	0	0	0	0	0	0	0	0	0	0	0	0	0	0	0	0	0	0	0	0	0	0	0	0	0	0	0	0
1789546950257	53567	2377	7	288	12	0	0	3	0	0	0	0	26.103515625	26.103515625	0	0	0	0	90.307617188	90.307617188	0	0	0	0	0	0	0	0	0	0	0	0	0	0	0	0	0	0	0	0	0	0	0	0	0	0	0	0	0	0	0	0	0	0	0	0	0	0	0	0	0	0	0	0	0	0	0	0
1789546950283	53589	2378	7	288	12	0	0	3	0	0	0	0	26.103515625	26.103515625	0	0	0	0	90.307617188	90.307617188	0	0	0	0	0	0	0	0	0	0	0	0	0	0	0	0	0	0	0	0	0	0	0	0	0	0	0	0	0	0	0	0	0	0	0	0	0	0	0	0	0	0	0	0	0	0	0	0
1789546950303	53611	2379	7	288	12	0	0	3	0	0	0	0	26.103515625	26.103515625	0	0	0	0	90.307617188	90.307617188	0	0	0	0	0	0	0	0	0	0	0	0	0	0	0	0	0	0	0	0	0	0	0	0	0	0	0	0	0	0	0	0	0	0	0	0	0	0	0	0	0	0	0	0	0	0	0	0
1789546950323	53633	2380	7	288	12	0	0	3	0	0	0	0	26.103515625	26.103515625	0	0	0	0	90.307617188	90.307617188	0	0	0	0	0	0	0	0	0	0	0	0	0	0	0	0	0	0	0	0	0	0	0	0	0	0	0	0	0	0	0	0	0	0	0	0	0	0	0	0	0	0	0	0	0	0	0	0
1789546950349	53655	2381	7	288	12	0	0	3	0	0	0	0	26.103515625	26.103515625	0	0	0	0	90.307617188	90.307617188	0	0	0	0	0	0	0	0	0	0	0	0	0	0	0	0	0	0	0	0	0	0	0	0	0	0	0	0	0	0	0	0	0	0	0	0	0	0	0	0	0	0	0	0	0	0	0	0
1789546950369	53677	2382	7	288	12	0	0	3	0	0	0	0	26.103515625	26.103515625	0	0	0	0	90.307617188	90.307617188	0	0	0	0	0	0	0	0	0	0	0	0	0	0	0	0	0	0	0	0	0	0	0	0	0	0	0	0	0	0	0	0	0	0	0	0	0	0	0	0	0	0	0	0	0	0	0	0
1789546950389	53699	2383	7	288	12	0	0	3	0	0	0	0	26.103515625	26.103515625	0	0	0	0	90.307617188	90.307617188	0	0	0	0	0	0	0	0	0	0	0	0	0	0	0	0	0	0	0	0	0	0	0	0	0	0	0	0	0	0	0	0	0	0	0	0	0	0	0	0	0	0	0	0	0	0	0	0
1789546950415	53721	2384	7	288	12	0	0	3	0	0	0	0	26.103515625	26.103515625	0	0	0	0	90.307617188	90.307617188	0	0	0	0	0	0	0	0	0	0	0	0	0	0	0	0	0	0	0	0	0	0	0	0	0	0	0	0	0	0	0	0	0	0	0	0	0	0	0	0	0	0	0	0	0	0	0	0
1789546950435	53743	2385	7	288	12	0	0	3	0	0	0	0	26.103515625	26.103515625	0	0	0	0	90.307617188	90.307617188	0	0	0	0	0	0	0	0	0	0	0	0	0	0	0	0	0	0	0	0	0	0	0	0	0	0	0	0	0	0	0	0	0	0	0	0	0	0	0	0	0	0	0	0	0	0	0	0
1789546950455	53765	2386	7	288	12	0	0	3	0	0	0	0	26.103515625	26.103515625	0	0	0	0	90.307617188	90.307617188	0	0	0	0	0	0	0	0	0	0	0	0	0	0	0	0	0	0	0	0	0	0	0	0	0	0	0	0	0	0	0	0	0	0	0	0	0	0	0	0	0	0	0	0	0	0	0	0
1789546950481	53787	2387	7	288	12	0	0	3	0	0	0	0	26.103515625	26.103515625	0	0	0	0	90.307617188	90.307617188	0	0	0	0	0	0	0	0	0	0	0	0	0	0	0	0	0	0	0	0	0	0	0	0	0	0	0	0	0	0	0	0	0	0	0	0	0	0	0	0	0	0	0	0	0	0	0	0
1789546950502	53809	2388	7	288	12	0	0	3	0	0	0	0	26.103515625	26.103515625	0	0	0	0	90.307617188	90.307617188	0	0	0	0	0	0	0	0	0	0	0	0	0	0	0	0	0	0	0	0	0	0	0	0	0	0	0	0	0	0	0	0	0	0	0	0	0	0	0	0	0	0	0	0	0	0	0	0
1789546950521	53831	2389	7	288	12	0	0	3	0	0	0	0	26.103515625	26.103515625	0	0	0	0	90.307617188	90.307617188	0	0	0	0	0	0	0	0	0	0	0	0	0	0	0	0	0	0	0	0	0	0	0	0	0	0	0	0	0	0	0	0	0	0	0	0	0	0	0	0	0	0	0	0	0	0	0	0
1789546950548	53853	2390	7	288	12	0	0	3	0	0	0	0	26.103515625	26.103515625	0	0	0	0	90.307617188	90.307617188	0	0	0	0	0	0	0	0	0	0	0	0	0	0	0	0	0	0	0	0	0	0	0	0	0	0	0	0	0	0	0	0	0	0	0	0	0	0	0	0	0	0	0	0	0	0	0	0
1789546950568	53875	2391	7	288	12	0	0	3	0	0	0	0	26.103515625	26.103515625	0	0	0	0	90.307617188	90.307617188	0	0	0	0	0	0	0	0	0	0	0	0	0	0	0	0	0	0	0	0	0	0	0	0	0	0	0	0	0	0	0	0	0	0	0	0	0	0	0	0	0	0	0	0	0	0	0	0
1789546950587	53897	2392	7	288	12	0	0	3	0	0	0	0	26.103515625	26.103515625	0	0	0	0	90.307617188	90.307617188	0	0	0	0	0	0	0	0	0	0	0	0	0	0	0	0	0	0	0	0	0	0	0	0	0	0	0	0	0	0	0	0	0	0	0	0	0	0	0	0	0	0	0	0	0	0	0	0
1789546950614	53919	2393	7	288	12	0	0	3	0	0	0	0	26.103515625	26.103515625	0	0	0	0	90.307617188	90.307617188	0	0	0	0	0	0	0	0	0	0	0	0	0	0	0	0	0	0	0	0	0	0	0	0	0	0	0	0	0	0	0	0	0	0	0	0	0	0	0	0	0	0	0	0	0	0	0	0
1789546950634	53941	2394	7	288	12	0	0	3	0	0	0	0	26.103515625	26.103515625	0	0	0	0	90.307617188	90.307617188	0	0	0	0	0	0	0	0	0	0	0	0	0	0	0	0	0	0	0	0	0	0	0	0	0	0	0	0	0	0	0	0	0	0	0	0	0	0	0	0	0	0	0	0	0	0	0	0
1789546950654	53963	2395	7	288	12	0	0	3	0	0	0	0	26.103515625	26.103515625	0	0	0	0	90.307617188	90.307617188	0	0	0	0	0	0	0	0	0	0	0	0	0	0	0	0	0	0	0	0	0	0	0	0	0	0	0	0	0	0	0	0	0	0	0	0	0	0	0	0	0	0	0	0	0	0	0	0
1789546950680	53985	2396	7	288	12	0	0	3	0	0	0	0	26.103515625	26.103515625	0	0	0	0	90.307617188	90.307617188	0	0	0	0	0	0	0	0	0	0	0	0	0	0	0	0	0	0	0	0	0	0	0	0	0	0	0	0	0	0	0	0	0	0	0	0	0	0	0	0	0	0	0	0	0	0	0	0
1789546950700	54007	2397	7	288	12	0	0	3	0	0	0	0	26.103515625	26.103515625	0	0	0	0	90.307617188	90.307617188	0	0	0	0	0	0	0	0	0	0	0	0	0	0	0	0	0	0	0	0	0	0	0	0	0	0	0	0	0	0	0	0	0	0	0	0	0	0	0	0	0	0	0	0	0	0	0	0
1789546950720	54029	2398	7	288	12	0	0	3	0	0	0	0	26.103515625	26.103515625	0	0	0	0	90.307617188	90.307617188	0	0	0	0	0	0	0	0	0	0	0	0	0	0	0	0	0	0	0	0	0	0	0	0	0	0	0	0	0	0	0	0	0	0	0	0	0	0	0	0	0	0	0	0	0	0	0	0
1789546950746	54051	2399	7	288	12	0	0	3	0	0	0	0	26.103515625	26.103515625	0	0	0	0	90.307617188	90.307617188	0	0	0	0	0	0	0	0	0	0	0	0	0	0	0	0	0	0	0	0	0	0	0	0	0	0	0	0	0	0	0	0	0	0	0	0	0	0	0	0	0	0	0	0	0	0	0	0
1789546950766	54073	2400	7	288	12	0	0	3	0	0	0	0	26.103515625	26.103515625	0	0	0	0	90.3515625	90.3515625	0	0	0	0	0	0	0	0	0	0	0	0	0	0	0	0	0	0	0	0	0	0	0	0	0	0	0	0	0	0	0	0	0	0	0	0	0	0	0	0	0	0	0	0	0	0	0	0
1789546950786	54095	2401	7	288	12	0	0	3	0	0	0	0	26.103515625	26.103515625	0	0	0	0	90.307617188	90.307617188	0	0	0	0	0	0	0	0	0	0	0	0	0	0	0	0	0	0	0	0	0	0	0	0	0	0	0	0	0	0	0	0	0	0	0	0	0	0	0	0	0	0	0	0	0	0	0	0
1789546950813	54117	2402	7	288	12	0	0	3	0	0	0	0	26.103515625	26.103515625	0	0	0	0	90.307617188	90.307617188	0	0	0	0	0	0	0	0	0	0	0	0	0	0	0	0	0	0	0	0	0	0	0	0	0	0	0	0	0	0	0	0	0	0	0	0	0	0	0	0	0	0	0	0	0	0	0	0
1789546950833	54139	2403	7	288	12	0	0	3	0	0	0	0	26.103515625	26.103515625	0	0	0	0	90.307617188	90.307617188	0	0	0	0	0	0	0	0	0	0	0	0	0	0	0	0	0	0	0	0	0	0	0	0	0	0	0	0	0	0	0	0	0	0	0	0	0	0	0	0	0	0	0	0	0	0	0	0
1789546950853	54161	2404	7	288	12	0	0	3	0	0	0	0	26.103515625	26.103515625	0	0	0	0	90.307617188	90.307617188	0	0	0	0	0	0	0	0	0	0	0	0	0	0	0	0	0	0	0	0	0	0	0	0	0	0	0	0	0	0	0	0	0	0	0	0	0	0	0	0	0	0	0	0	0	0	0	0
1789546950873	54183	2405	7	288	12	0	0	3	0	0	0	0	26.103515625	26.103515625	0	0	0	0	90.307617188	90.307617188	0	0	0	0	0	0	0	0	0	0	0	0	0	0	0	0	0	0	0	0	0	0	0	0	0	0	0	0	0	0	0	0	0	0	0	0	0	0	0	0	0	0	0	0	0	0	0	0
1789546950899	54205	2406	7	288	12	0	0	3	0	0	0	0	26.103515625	26.103515625	0	0	0	0	90.307617188	90.307617188	0	0	0	0	0	0	0	0	0	0	0	0	0	0	0	0	0	0	0	0	0	0	0	0	0	0	0	0	0	0	0	0	0	0	0	0	0	0	0	0	0	0	0	0	0	0	0	0
1789546950918	54227	2407	7	288	12	0	0	3	0	0	0	0	26.103515625	26.103515625	0	0	0	0	90.307617188	90.307617188	0	0	0	0	0	0	0	0	0	0	0	0	0	0	0	0	0	0	0	0	0	0	0	0	0	0	0	0	0	0	0	0	0	0	0	0	0	0	0	0	0	0	0	0	0	0	0	0
1789546950938	54249	2408	7	288	12	0	0	3	0	0	0	0	26.103515625	26.103515625	0	0	0	0	90.307617188	90.307617188	0	0	0	0	0	0	0	0	0	0	0	0	0	0	0	0	0	0	0	0	0	0	0	0	0	0	0	0	0	0	0	0	0	0	0	0	0	0	0	0	0	0	0	0	0	0	0	0
1789546950965	54271	2409	7	288	12	0	0	3	0	0	0	0	26.103515625	26.103515625	0	0	0	0	90.307617188	90.307617188	0	0	0	0	0	0	0	0	0	0	0	0	0	0	0	0	0	0	0	0	0	0	0	0	0	0	0	0	0	0	0	0	0	0	0	0	0	0	0	0	0	0	0	0	0	0	0	0
1789546950985	54293	2410	7	288	12	0	0	3	0	0	0	0	26.103515625	26.103515625	0	0	0	0	90.3515625	90.3515625	0	0	0	0	0	0	0	0	0	0	0	0	0	0	0	0	0	0	0	0	0	0	0	0	0	0	0	0	0	0	0	0	0	0	0	0	0	0	0	0	0	0	0	0	0	0	0	0
1789546951004	54315	2411	7	288	12	0	0	3	0	0	0	0	26.103515625	26.103515625	0	0	0	0	90.307617188	90.307617188	0	0	0	0	0	0	0	0	0	0	0	0	0	0	0	0	0	0	0	0	0	0	0	0	0	0	0	0	0	0	0	0	0	0	0	0	0	0	0	0	0	0	0	0	0	0	0	0
1789546951031	54337	2412	7	288	12	0	0	3	0	0	0	0	26.103515625	26.103515625	0	0	0	0	90.307617188	90.307617188	0	0	0	0	0	0	0	0	0	0	0	0	0	0	0	0	0	0	0	0	0	0	0	0	0	0	0	0	0	0	0	0	0	0	0	0	0	0	0	0	0	0	0	0	0	0	0	0
1789546951050	54359	2413	7	288	12	0	0	3	0	0	0	0	26.103515625	26.103515625	0	0	0	0	90.307617188	90.307617188	0	0	0	0	0	0	0	0	0	0	0	0	0	0	0	0	0	0	0	0	0	0	0	0	0	0	0	0	0	0	0	0	0	0	0	0	0	0	0	0	0	0	0	0	0	0	0	0
1789546951070	54381	2414	7	288	12	0	0	3	0	0	0	0	26.103515625	26.103515625	0	0	0	0	90.307617188	90.307617188	0	0	0	0	0	0	0	0	0	0	0	0	0	0	0	0	0	0	0	0	0	0	0	0	0	0	0	0	0	0	0	0	0	0	0	0	0	0	0	0	0	0	0	0	0	0	0	0
1789546951097	54403	2415	7	288	12	0	0	3	0	0	0	0	26.103515625	26.103515625	0	0	0	0	90.307617188	90.307617188	0	0	0	0	0	0	0	0	0	0	0	0	0	0	0	0	0	0	0	0	0	0	0	0	0	0	0	0	0	0	0	0	0	0	0	0	0	0	0	0	0	0	0	0	0	0	0	0
1789546951117	54425	2416	7	288	12	0	0	3	0	0	0	0	26.103515625	26.103515625	0	0	0	0	90.307617188	90.307617188	0	0	0	0	0	0	0	0	0	0	0	0	0	0	0	0	0	0	0	0	0	0	0	0	0	0	0	0	0	0	0	0	0	0	0	0	0	0	0	0	0	0	0	0	0	0	0	0
1789546951137	54447	2417	7	288	12	0	0	3	0	0	0	0	26.103515625	26.103515625	0	0	0	0	90.307617188	90.307617188	0	0	0	0	0	0	0	0	0	0	0	0	0	0	0	0	0	0	0	0	0	0	0	0	0	0	0	0	0	0	0	0	0	0	0	0	0	0	0	0	0	0	0	0	0	0	0	0
1789546951163	54469	2418	7	288	12	0	0	3	0	0	0	0	26.103515625	26.103515625	0	0	0	0	90.307617188	90.307617188	0	0	0	0	0	0	0	0	0	0	0	0	0	0	0	0	0	0	0	0	0	0	0	0	0	0	0	0	0	0	0	0	0	0	0	0	0	0	0	0	0	0	0	0	0	0	0	0
1789546951183	54491	2419	7	288	12	0	0	3	0	0	0	0	26.103515625	26.103515625	0	0	0	0	90.307617188	90.307617188	0	0	0	0	0	0	0	0	0	0	0	0	0	0	0	0	0	0	0	0	0	0	0	0	0	0	0	0	0	0	0	0	0	0	0	0	0	0	0	0	0	0	0	0	0	0	0	0
1789546951202	54513	2420	7	288	12	0	0	3	0	0	0	0	26.103515625	26.103515625	0	0	0	0	90.307617188	90.307617188	0	0	0	0	0	0	0	0	0	0	0	0	0	0	0	0	0	0	0	0	0	0	0	0	0	0	0	0	0	0	0	0	0	0	0	0	0	0	0	0	0	0	0	0	0	0	0	0
1789546951229	54535	2421	7	288	12	0	0	3	0	0	0	0	26.103515625	26.103515625	0	0	0	0	90.307617188	90.307617188	0	0	0	0	0	0	0	0	0	0	0	0	0	0	0	0	0	0	0	0	0	0	0	0	0	0	0	0	0	0	0	0	0	0	0	0	0	0	0	0	0	0	0	0	0	0	0	0
1789546951249	54557	2422	7	288	12	0	0	3	0	0	0	0	26.103515625	26.103515625	0	0	0	0	90.307617188	90.307617188	0	0	0	0	0	0	0	0	0	0	0	0	0	0	0	0	0	0	0	0	0	0	0	0	0	0	0	0	0	0	0	0	0	0	0	0	0	0	0	0	0	0	0	0	0	0	0	0
1789546951269	54579	2423	7	288	12	0	0	3	0	0	0	0	26.103515625	26.103515625	0	0	0	0	90.307617188	90.307617188	0	0	0	0	0	0	0	0	0	0	0	0	0	0	0	0	0	0	0	0	0	0	0	0	0	0	0	0	0	0	0	0	0	0	0	0	0	0	0	0	0	0	0	0	0	0	0	0
1789546951295	54601	2424	7	288	12	0	0	3	0	0	0	0	26.103515625	26.103515625	0	0	0	0	90.307617188	90.307617188	0	0	0	0	0	0	0	0	0	0	0	0	0	0	0	0	0	0	0	0	0	0	0	0	0	0	0	0	0	0	0	0	0	0	0	0	0	0	0	0	0	0	0	0	0	0	0	0
1789546951315	54623	2425	7	288	12	0	0	3	0	0	0	0	26.103515625	26.103515625	0	0	0	0	90.307617188	90.307617188	0	0	0	0	0	0	0	0	0	0	0	0	0	0	0	0	0	0	0	0	0	0	0	0	0	0	0	0	0	0	0	0	0	0	0	0	0	0	0	0	0	0	0	0	0	0	0	0
1789546951335	54645	2426	7	288	12	0	0	3	0	0	0	0	26.103515625	26.103515625	0	0	0	0	90.307617188	90.307617188	0	0	0	0	0	0	0	0	0	0	0	0	0	0	0	0	0	0	0	0	0	0	0	0	0	0	0	0	0	0	0	0	0	0	0	0	0	0	0	0	0	0	0	0	0	0	0	0
1789546951362	54667	2427	7	288	12	0	0	3	0	0	0	0	26.103515625	26.103515625	0	0	0	0	90.307617188	90.307617188	0	0	0	0	0	0	0	0	0	0	0	0	0	0	0	0	0	0	0	0	0	0	0	0	0	0	0	0	0	0	0	0	0	0	0	0	0	0	0	0	0	0	0	0	0	0	0	0
1789546951382	54689	2428	7	288	12	0	0	3	0	0	0	0	26.103515625	26.103515625	0	0	0	0	90.307617188	90.307617188	0	0	0	0	0	0	0	0	0	0	0	0	0	0	0	0	0	0	0	0	0	0	0	0	0	0	0	0	0	0	0	0	0	0	0	0	0	0	0	0	0	0	0	0	0	0	0	0
1789546951402	54711	2429	7	288	12	0	0	3	0	0	0	0	26.103515625	26.103515625	0	0	0	0	90.307617188	90.307617188	0	0	0	0	0	0	0	0	0	0	0	0	0	0	0	0	0	0	0	0	0	0	0	0	0	0	0	0	0	0	0	0	0	0	0	0	0	0	0	0	0	0	0	0	0	0	0	0
1789546951422	54733	2430	7	288	12	0	0	3	0	0	0	0	26.103515625	26.103515625	0	0	0	0	90.307617188	90.307617188	0	0	0	0	0	0	0	0	0	0	0	0	0	0	0	0	0	0	0	0	0	0	0	0	0	0	0	0	0	0	0	0	0	0	0	0	0	0	0	0	0	0	0	0	0	0	0	0
1789546951448	54755	2431	7	288	12	0	0	3	0	0	0	0	26.103515625	26.103515625	0	0	0	0	90.307617188	90.307617188	0	0	0	0	0	0	0	0	0	0	0	0	0	0	0	0	0	0	0	0	0	0	0	0	0	0	0	0	0	0	0	0	0	0	0	0	0	0	0	0	0	0	0	0	0	0	0	0
1789546951468	54777	2432	7	288	12	0	0	3	0	0	0	0	26.103515625	26.103515625	0	0	0	0	90.307617188	90.307617188	0	0	0	0	0	0	0	0	0	0	0	0	0	0	0	0	0	0	0	0	0	0	0	0	0	0	0	0	0	0	0	0	0	0	0	0	0	0	0	0	0	0	0	0	0	0	0	0
1789546951488	54799	2433	7	288	12	0	0	3	0	0	0	0	26.103515625	26.103515625	0	0	0	0	90.307617188	90.307617188	0	0	0	0	0	0	0	0	0	0	0	0	0	0	0	0	0	0	0	0	0	0	0	0	0	0	0	0	0	0	0	0	0	0	0	0	0	0	0	0	0	0	0	0	0	0	0	0
1789546951514	54821	2434	7	288	12	0	0	3	0	0	0	0	26.103515625	26.103515625	0	0	0	0	90.307617188	90.307617188	0	0	0	0	0	0	0	0	0	0	0	0	0	0	0	0	0	0	0	0	0	0	0	0	0	0	0	0	0	0	0	0	0	0	0	0	0	0	0	0	0	0	0	0	0	0	0	0
1789546951534	54843	2435	7	288	12	0	0	3	0	0	0	0	26.103515625	26.103515625	0	0	0	0	90.307617188	90.307617188	0	0	0	0	0	0	0	0	0	0	0	0	0	0	0	0	0	0	0	0	0	0	0	0	0	0	0	0	0	0	0	0	0	0	0	0	0	0	0	0	0	0	0	0	0	0	0	0
1789546951554	54865	2436	7	288	12	0	0	3	0	0	0	0	26.103515625	26.103515625	0	0	0	0	90.307617188	90.307617188	0	0	0	0	0	0	0	0	0	0	0	0	0	0	0	0	0	0	0	0	0	0	0	0	0	0	0	0	0	0	0	0	0	0	0	0	0	0	0	0	0	0	0	0	0	0	0	0
1789546951581	54887	2437	7	288	12	0	0	3	0	0	0	0	26.103515625	26.103515625	0	0	-6	6	90.307617188	90.307617188	0	0	0	0	0	0	0	0	0	0	0	0	0	0	0	0	0	0	0	0	0	0	0	0	0	0	0	0	0	0	0	0	0	0	0	0	0	0	0	0	0	0	0	0	0	0	0	0
1789546951600	54909	2438	7	288	12	0	0	3	0	0	0	0	26.103515625	26.103515625	0	0	0	0	90.307617188	90.307617188	0	0	0	0	0	0	0	0	0	0	0	0	0	0	0	0	0	0	0	0	0	0	0	0	0	0	0	0	0	0	0	0	0	0	0	0	0	0	0	0	0	0	0	0	0	0	0	0
1789546951620	54931	2439	7	288	12	0	0	3	0	0	0	0	26.147460938	26.147460938	0	0	0	0	90.307617188	90.307617188	0	0	0	0	0	0	0	0	0	0	0	0	0	0	0	0	0	0	0	0	0	0	0	0	0	0	0	0	0	0	0	0	0	0	0	0	0	0	0	0	0	0	0	0	0	0	0	0
1789546951647	54953	2440	7	288	12	0	0	3	0	0	0	0	26.103515625	26.103515625	0	0	0	0	90.307617188	90.307617188	0	0	0	0	0	0	0	0	0	0	0	0	0	0	0	0	0	0	0	0	0	0	0	0	0	0	0	0	0	0	0	0	0	0	0	0	0	0	0	0	0	0	0	0	0	0	0	0
1789546951666	54975	2441	7	288	12	0	0	3	0	0	0	0	26.103515625	26.103515625	0	0	0	0	90.307617188	90.307617188	0	0	0	0	0	0	0	0	0	0	0	0	0	0	0	0	0	0	0	0	0	0	0	0	0	0	0	0	0	0	0	0	0	0	0	0	0	0	0	0	0	0	0	0	0	0	0	0
1789546951686	54997	2442	7	288	12	0	0	3	0	0	0	0	26.103515625	26.103515625	0	0	0	0	90.307617188	90.307617188	0	0	0	0	0	0	0	0	0	0	0	0	0	0	0	0	0	0	0	0	0	0	0	0	0	0	0	0	0	0	0	0	0	0	0	0	0	0	0	0	0	0	0	0	0	0	0	0
1789546951713	55019	2443	7	288	12	0	0	3	0	0	0	0	26.103515625	26.103515625	0	0	0	0	90.307617188	90.307617188	0	0	0	0	0	0	0	0	0	0	0	0	0	0	0	0	0	0	0	0	0	0	0	0	0	0	0	0	0	0	0	0	0	0	0	0	0	0	0	0	0	0	0	0	0	0	0	0
1789546951733	55041	2444	7	288	12	0	0	3	0	0	0	0	26.103515625	26.103515625	0	0	0	0	90.307617188	90.307617188	0	0	0	0	0	0	0	0	0	0	0	0	0	0	0	0	0	0	0	0	0	0	0	0	0	0	0	0	0	0	0	0	0	0	0	0	0	0	0	0	0	0	0	0	0	0	0	0
1789546951753	55063	2445	7	288	12	0	0	3	0	0	0	0	26.103515625	26.103515625	0	0	0	0	90.307617188	90.307617188	0	0	0	0	0	0	0	0	0	0	0	0	0	0	0	0	0	0	0	0	0	0	0	0	0	0	0	0	0	0	0	0	0	0	0	0	0	0	0	0	0	0	0	0	0	0	0	0
1789546951779	55085	2446	7	288	12	0	0	3	0	0	0	0	26.103515625	26.103515625	0	0	0	0	90.307617188	90.307617188	0	0	0	0	0	0	0	0	0	0	0	0	0	0	0	0	0	0	0	0	0	0	0	0	0	0	0	0	0	0	0	0	0	0	0	0	0	0	0	0	0	0	0	0	0	0	0	0
1789546951799	55107	2447	7	288	12	0	0	3	0	0	0	0	26.103515625	26.103515625	0	0	0	0	90.307617188	90.307617188	0	0	0	0	0	0	0	0	0	0	0	0	0	0	0	0	0	0	0	0	0	0	0	0	0	0	0	0	0	0	0	0	0	0	0	0	0	0	0	0	0	0	0	0	0	0	0	0
1789546951819	55129	2448	7	288	12	0	0	3	0	0	0	0	26.103515625	26.103515625	0	0	0	0	90.307617188	90.307617188	0	0	0	0	0	0	0	0	0	0	0	0	0	0	0	0	0	0	0	0	0	0	0	0	0	0	0	0	0	0	0	0	0	0	0	0	0	0	0	0	0	0	0	0	0	0	0	0
1789546951845	55151	2449	7	288	12	0	0	3	0	0	0	0	26.103515625	26.103515625	0	0	0	0	90.307617188	90.307617188	0	0	0	0	0	0	0	0	0	0	0	0	0	0	0	0	0	0	0	0	0	0	0	0	0	0	0	0	0	0	0	0	0	0	0	0	0	0	0	0	0	0	0	0	0	0	0	0
1789546951866	55173	2450	7	288	12	0	0	3	0	0	0	0	26.103515625	26.103515625	0	0	0	0	90.307617188	90.307617188	0	0	0	0	0	0	0	0	0	0	0	0	0	0	0	0	0	0	0	0	0	0	0	0	0	0	0	0	0	0	0	0	0	0	0	0	0	0	0	0	0	0	0	0	0	0	0	0
1789546951886	55195	2451	7	288	12	0	0	3	0	0	0	0	26.103515625	26.103515625	0	0	0	0	90.307617188	90.307617188	0	0	0	0	0	0	0	0	0	0	0	0	0	0	0	0	0	0	0	0	0	0	0	0	0	0	0	0	0	0	0	0	0	0	0	0	0	0	0	0	0	0	0	0	0	0	0	0
1789546951912	55217	2452	7	288	12	0	0	3	0	0	0	0	26.103515625	26.103515625	0	0	0	0	90.307617188	90.307617188	0	0	0	0	0	0	0	0	0	0	0	0	0	0	0	0	0	0	0	0	0	0	0	0	0	0	0	0	0	0	0	0	0	0	0	0	0	0	0	0	0	0	0	0	0	0	0	0
1789546951932	55239	2453	7	288	12	0	0	3	0	0	0	0	26.103515625	26.103515625	0	0	0	0	90.307617188	90.307617188	0	0	0	0	0	0	0	0	0	0	0	0	0	0	0	0	0	0	0	0	0	0	0	0	0	0	0	0	0	0	0	0	0	0	0	0	0	0	0	0	0	0	0	0	0	0	0	0
1789546951952	55261	2454	7	288	12	0	0	3	0	0	0	0	26.147460938	26.147460938	0	0	0	0	90.307617188	90.307617188	0	0	0	0	0	0	0	0	0	0	0	0	0	0	0	0	0	0	0	0	0	0	0	0	0	0	0	0	0	0	0	0	0	0	0	0	0	0	0	0	0	0	0	0	0	0	0	0
1789546951972	55283	2455	7	288	12	0	0	3	0	0	0	0	26.103515625	26.103515625	0	0	0	0	90.307617188	90.307617188	0	0	0	0	0	0	0	0	0	0	0	0	0	0	0	0	0	0	0	0	0	0	0	0	0	0	0	0	0	0	0	0	0	0	0	0	0	0	0	0	0	0	0	0	0	0	0	0
1789546951999	55305	2456	7	288	12	0	0	3	0	0	0	0	26.103515625	26.103515625	0	0	0	0	90.307617188	90.307617188	0	0	0	0	0	0	0	0	0	0	0	0	0	0	0	0	0	0	0	0	0	0	0	0	0	0	0	0	0	0	0	0	0	0	0	0	0	0	0	0	0	0	0	0	0	0	0	0
1789546952019	55327	2457	7	288	12	0	0	3	0	0	0	0	26.103515625	26.103515625	0	0	0	0	90.307617188	90.307617188	0	0	0	0	0	0	0	0	0	0	0	0	0	0	0	0	0	0	0	0	0	0	0	0	0	0	0	0	0	0	0	0	0	0	0	0	0	0	0	0	0	0	0	0	0	0	0	0
1789546952039	55349	2458	7	288	12	0	0	3	0	0	0	0	26.103515625	26.103515625	0	0	0	0	90.307617188	90.307617188	0	0	0	0	0	0	0	0	0	0	0	0	0	0	0	0	0	0	0	0	0	0	0	0	0	0	0	0	0	0	0	0	0	0	0	0	0	0	0	0	0	0	0	0	0	0	0	0
1789546952066	55371	2459	7	288	12	0	0	3	0	0	0	0	26.103515625	26.103515625	0	0	-6	6	90.307617188	90.307617188	0	0	0	0	0	0	0	0	0	0	0	0	0	0	0	0	0	0	0	0	0	0	0	0	0	0	0	0	0	0	0	0	0	0	0	0	0	0	0	0	0	0	0	0	0	0	0	0
1789546952085	55393	2460	7	288	12	0	0	3	0	0	0	0	26.103515625	26.103515625	0	0	0	0	90.307617188	90.307617188	0	0	0	0	0	0	0	0	0	0	0	0	0	0	0	0	0	0	0	0	0	0	0	0	0	0	0	0	0	0	0	0	0	0	0	0	0	0	0	0	0	0	0	0	0	0	0	0
1789546952105	55415	2461	7	288	12	0	0	3	0	0	0	0	26.103515625	26.103515625	0	0	0	0	90.307617188	90.307617188	0	0	0	0	0	0	0	0	0	0	0	0	0	0	0	0	0	0	0	0	0	0	0	0	0	0	0	0	0	0	0	0	0	0	0	0	0	0	0	0	0	0	0	0	0	0	0	0
1789546952131	55437	2462	7	288	12	0	0	3	0	0	0	0	26.103515625	26.103515625	0	0	0	0	90.307617188	90.307617188	0	0	0	0	0	0	0	0	0	0	0	0	0	0	0	0	0	0	0	0	0	0	0	0	0	0	0	0	0	0	0	0	0	0	0	0	0	0	0	0	0	0	0	0	0	0	0	0
1789546952151	55459	2463	7	288	12	0	0	3	0	0	0	0	26.103515625	26.103515625	0	0	0	0	90.307617188	90.307617188	0	0	0	0	0	0	0	0	0	0	0	0	0	0	0	0	0	0	0	0	0	0	0	0	0	0	0	0	0	0	0	0	0	0	0	0	0	0	0	0	0	0	0	0	0	0	0	0
1789546952171	55481	2464	7	288	12	0	0	3	0	0	0	0	26.103515625	26.103515625	0	0	0	0	90.307617188	90.307617188	0	0	0	0	0	0	0	0	0	0	0	0	0	0	0	0	0	0	0	0	0	0	0	0	0	0	0	0	0	0	0	0	0	0	0	0	0	0	0	0	0	0	0	0	0	0	0	0
1789546952198	55503	2465	7	288	12	0	0	3	0	0	0	0	26.103515625	26.103515625	0	0	0	0	90.307617188	90.307617188	0	0	0	0	0	0	0	0	0	0	0	0	0	0	0	0	0	0	0	0	0	0	0	0	0	0	0	0	0	0	0	0	0	0	0	0	0	0	0	0	0	0	0	0	0	0	0	0
1789546952218	55525	2466	7	288	12	0	0	3	0	0	0	0	26.103515625	26.103515625	0	0	0	0	90.307617188	90.307617188	0	0	0	0	0	0	0	0	0	0	0	0	0	0	0	0	0	0	0	0	0	0	0	0	0	0	0	0	0	0	0	0	0	0	0	0	0	0	0	0	0	0	0	0	0	0	0	0
1789546952238	55547	2467	7	288	12	0	0	3	0	0	0	0	26.103515625	26.103515625	0	0	0	0	90.307617188	90.307617188	0	0	0	0	0	0	0	0	0	0	0	0	0	0	0	0	0	0	0	0	0	0	0	0	0	0	0	0	0	0	0	0	0	0	0	0	0	0	0	0	0	0	0	0	0	0	0	0
1789546952264	55569	2468	7	288	12	0	0	3	0	0	0	0	26.103515625	26.103515625	0	0	0	0	90.307617188	90.307617188	0	0	0	0	0	0	0	0	0	0	0	0	0	0	0	0	0	0	0	0	0	0	0	0	0	0	0	0	0	0	0	0	0	0	0	0	0	0	0	0	0	0	0	0	0	0	0	0
1789546952284	55591	2469	7	288	12	0	0	3	0	0	0	0	26.103515625	26.103515625	0	0	0	0	90.307617188	90.307617188	0	0	0	0	0	0	0	0	0	0	0	0	0	0	0	0	0	0	0	0	0	0	0	0	0	0	0	0	0	0	0	0	0	0	0	0	0	0	0	0	0	0	0	0	0	0	0	0
1789546952304	55613	2470	7	288	12	0	0	3	0	0	0	0	26.103515625	26.103515625	0	0	0	0	90.307617188	90.307617188	0	0	0	0	0	0	0	0	0	0	0	0	0	0	0	0	0	0	0	0	0	0	0	0	0	0	0	0	0	0	0	0	0	0	0	0	0	0	0	0	0	0	0	0	0	0	0	0
1789546952331	55635	2471	7	288	12	0	0	3	0	0	0	0	26.103515625	26.103515625	0	0	0	0	90.307617188	90.307617188	0	0	0	0	0	0	0	0	0	0	0	0	0	0	0	0	0	0	0	0	0	0	0	0	0	0	0	0	0	0	0	0	0	0	0	0	0	0	0	0	0	0	0	0	0	0	0	0
1789546952351	55657	2472	7	288	12	0	0	3	0	0	0	0	26.103515625	26.103515625	0	0	0	0	90.307617188	90.307617188	0	0	0	0	0	0	0	0	0	0	0	0	0	0	0	0	0	0	0	0	0	0	0	0	0	0	0	0	0	0	0	0	0	0	0	0	0	0	0	0	0	0	0	0	0	0	0	0
1789546952370	55679	2473	7	288	12	0	0	3	0	0	0	0	26.103515625	26.103515625	0	0	0	0	90.307617188	90.307617188	0	0	0	0	0	0	0	0	0	0	0	0	0	0	0	0	0	0	0	0	0	0	0	0	0	0	0	0	0	0	0	0	0	0	0	0	0	0	0	0	0	0	0	0	0	0	0	0
1789546952390	55701	2474	7	288	12	0	0	3	0	0	0	0	26.103515625	26.103515625	0	0	0	0	90.307617188	90.307617188	0	0	0	0	0	0	0	0	0	0	0	0	0	0	0	0	0	0	0	0	0	0	0	0	0	0	0	0	0	0	0	0	0	0	0	0	0	0	0	0	0	0	0	0	0	0	0	0
1789546952417	55723	2475	7	288	12	0	0	3	0	0	0	0	26.103515625	26.103515625	0	0	0	0	90.307617188	90.307617188	0	0	0	0	0	0	0	0	0	0	0	0	0	0	0	0	0	0	0	0	0	0	0	0	0	0	0	0	0	0	0	0	0	0	0	0	0	0	0	0	0	0	0	0	0	0	0	0
1789546952437	55745	2476	7	288	12	0	0	3	0	0	0	0	26.147460938	26.147460938	0	0	0	0	90.307617188	90.307617188	0	0	0	0	0	0	0	0	0	0	0	0	0	0	0	0	0	0	0	0	0	0	0	0	0	0	0	0	0	0	0	0	0	0	0	0	0	0	0	0	0	0	0	0	0	0	0	0
1789546952457	55767	2477	7	288	12	0	0	3	0	0	0	0	26.103515625	26.103515625	0	0	0	0	90.307617188	90.307617188	0	0	0	0	0	0	0	0	0	0	0	0	0	0	0	0	0	0	0	0	0	0	0	0	0	0	0	0	0	0	0	0	0	0	0	0	0	0	0	0	0	0	0	0	0	0	0	0
1789546952483	55789	2478	7	288	12	0	0	3	0	0	0	0	26.103515625	26.103515625	0	0	0	0	90.307617188	90.307617188	0	0	0	0	0	0	0	0	0	0	0	0	0	0	0	0	0	0	0	0	0	0	0	0	0	0	0	0	0	0	0	0	0	0	0	0	0	0	0	0	0	0	0	0	0	0	0	0
1789546952503	55811	2479	7	288	12	0	0	3	0	0	0	0	26.103515625	26.103515625	0	0	0	0	90.307617188	90.307617188	0	0	0	0	0	0	0	0	0	0	0	0	0	0	0	0	0	0	0	0	0	0	0	0	0	0	0	0	0	0	0	0	0	0	0	0	0	0	0	0	0	0	0	0	0	0	0	0
1789546952523	55833	2480	7	288	12	0	0	3	0	0	0	0	26.103515625	26.103515625	0	0	0	0	90.307617188	90.307617188	0	0	0	0	0	0	0	0	0	0	0	0	0	0	0	0	0	0	0	0	0	0	0	0	0	0	0	0	0	0	0	0	0	0	0	0	0	0	0	0	0	0	0	0	0	0	0	0
1789546952549	55855	2481	7	288	12	0	0	3	0	0	0	0	26.103515625	26.103515625	0	0	0	0	90.307617188	90.307617188	0	0	0	0	0	0	0	0	0	0	0	0	0	0	0	0	0	0	0	0	0	0	0	0	0	0	0	0	0	0	0	0	0	0	0	0	0	0	0	0	0	0	0	0	0	0	0	0
1789546952569	55877	2482	7	288	12	0	0	3	0	0	0	0	26.103515625	26.103515625	0	0	0	0	90.307617188	90.307617188	0	0	0	0	0	0	0	0	0	0	0	0	0	0	0	0	0	0	0	0	0	0	0	0	0	0	0	0	0	0	0	0	0	0	0	0	0	0	0	0	0	0	0	0	0	0	0	0
1789546952589	55899	2483	7	288	12	0	0	3	0	0	0	0	26.103515625	26.103515625	0	0	0	0	90.307617188	90.307617188	0	0	0	0	0	0	0	0	0	0	0	0	0	0	0	0	0	0	0	0	0	0	0	0	0	0	0	0	0	0	0	0	0	0	0	0	0	0	0	0	0	0	0	0	0	0	0	0
1789546952616	55921	2484	7	288	12	0	0	3	0	0	0	0	26.103515625	26.103515625	0	0	0	0	90.307617188	90.307617188	0	0	0	0	0	0	0	0	0	0	0	0	0	0	0	0	0	0	0	0	0	0	0	0	0	0	0	0	0	0	0	0	0	0	0	0	0	0	0	0	0	0	0	0	0	0	0	0
1789546952636	55943	2485	7	288	12	0	0	3	0	0	0	0	26.103515625	26.103515625	0	0	0	0	90.307617188	90.307617188	0	0	0	0	0	0	0	0	0	0	0	0	0	0	0	0	0	0	0	0	0	0	0	0	0	0	0	0	0	0	0	0	0	0	0	0	0	0	0	0	0	0	0	0	0	0	0	0
1789546952655	55965	2486	7	288	12	0	0	3	0	0	0	0	26.103515625	26.103515625	0	0	0	0	90.307617188	90.307617188	0	0	0	0	0	0	0	0	0	0	0	0	0	0	0	0	0	0	0	0	0	0	0	0	0	0	0	0	0	0	0	0	0	0	0	0	0	0	0	0	0	0	0	0	0	0	0	0
1789546952682	55987	2487	7	288	12	0	0	3	0	0	0	0	26.103515625	26.103515625	0	0	0	0	90.307617188	90.307617188	0	0	0	0	0	0	0	0	0	0	0	0	0	0	0	0	0	0	0	0	0	0	0	0	0	0	0	0	0	0	0	0	0	0	0	0	0	0	0	0	0	0	0	0	0	0	0	0
1789546952702	56009	2488	7	288	12	0	0	3	0	0	0	0	26.103515625	26.103515625	0	0	0	0	90.307617188	90.307617188	0	0	0	0	0	0	0	0	0	0	0	0	0	0	0	0	0	0	0	0	0	0	0	0	0	0	0	0	0	0	0	0	0	0	0	0	0	0	0	0	0	0	0	0	0	0	0	0
1789546952722	56031	2489	7	288	12	0	0	3	0	0	0	0	26.103515625	26.103515625	0	0	0	0	90.307617188	90.307617188	0	0	0	0	0	0	0	0	0	0	0	0	0	0	0	0	0	0	0	0	0	0	0	0	0	0	0	0	0	0	0	0	0	0	0	0	0	0	0	0	0	0	0	0	0	0	0	0
1789546952742	56053	2490	7	288	12	0	0	3	0	0	0	0	26.103515625	26.103515625	0	0	0	0	90.307617188	90.307617188	0	0	0	0	0	0	0	0	0	0	0	0	0	0	0	0	0	0	0	0	0	0	0	0	0	0	0	0	0	0	0	0	0	0	0	0	0	0	0	0	0	0	0	0	0	0	0	0
1789546952769	56075	2491	7	288	12	0	0	3	0	0	0	0	26.103515625	26.103515625	0	0	0	0	90.307617188	90.307617188	0	0	0	0	0	0	0	0	0	0	0	0	0	0	0	0	0	0	0	0	0	0	0	0	0	0	0	0	0	0	0	0	0	0	0	0	0	0	0	0	0	0	0	0	0	0	0	0
1789546952789	56097	2492	7	288	12	0	0	3	0	0	0	0	26.103515625	26.103515625	0	0	0	0	90.307617188	90.307617188	0	0	0	0	0	0	0	0	0	0	0	0	0	0	0	0	0	0	0	0	0	0	0	0	0	0	0	0	0	0	0	0	0	0	0	0	0	0	0	0	0	0	0	0	0	0	0	0
1789546952808	56119	2493	7	288	12	0	0	3	0	0	0	0	26.103515625	26.103515625	0	0	0	0	90.307617188	90.307617188	0	0	0	0	0	0	0	0	0	0	0	0	0	0	0	0	0	0	0	0	0	0	0	0	0	0	0	0	0	0	0	0	0	0	0	0	0	0	0	0	0	0	0	0	0	0	0	0
1789546952835	56141	2494	7	288	12	0	0	3	0	0	0	0	26.103515625	26.103515625	0	0	0	0	90.307617188	90.307617188	0	0	0	0	0	0	0	0	0	0	0	0	0	0	0	0	0	0	0	0	0	0	0	0	0	0	0	0	0	0	0	0	0	0	0	0	0	0	0	0	0	0	0	0	0	0	0	0
1789546952855	56163	2495	7	288	12	0	0	3	0	0	0	0	26.103515625	26.103515625	0	0	0	0	90.307617188	90.307617188	0	0	0	0	0	0	0	0	0	0	0	0	0	0	0	0	0	0	0	0	0	0	0	0	0	0	0	0	0	0	0	0	0	0	0	0	0	0	0	0	0	0	0	0	0	0	0	0
1789546952874	56185	2496	7	288	12	0	0	3	0	0	0	0	26.103515625	26.103515625	0	0	0	0	90.307617188	90.307617188	0	0	0	0	0	0	0	0	0	0	0	0	0	0	0	0	0	0	0	0	0	0	0	0	0	0	0	0	0	0	0	0	0	0	0	0	0	0	0	0	0	0	0	0	0	0	0	0
1789546952901	56207	2497	7	288	12	0	0	3	0	0	0	0	26.103515625	26.103515625	0	0	0	0	90.307617188	90.307617188	0	0	0	0	0	0	0	0	0	0	0	0	0	0	0	0	0	0	0	0	0	0	0	0	0	0	0	0	0	0	0	0	0	0	0	0	0	0	0	0	0	0	0	0	0	0	0	0
1789546952922	56229	2498	7	288	12	0	0	3	0	0	0	0	26.103515625	26.103515625	0	0	0	0	90.307617188	90.307617188	0	0	0	0	0	0	0	0	0	0	0	0	0	0	0	0	0	0	0	0	0	0	0	0	0	0	0	0	0	0	0	0	0	0	0	0	0	0	0	0	0	0	0	0	0	0	0	0
1789546952942	56251	2499	7	288	12	0	0	3	0	0	0	0	26.103515625	26.103515625	0	0	0	0	90.307617188	90.307617188	0	0	0	0	0	0	0	0	0	0	0	0	0	0	0	0	0	0	0	0	0	0	0	0	0	0	0	0	0	0	0	0	0	0	0	0	0	0	0	0	0	0	0	0	0	0	0	0
1789546952962	56273	2500	7	288	12	0	0	3	0	0	0	0	26.103515625	26.103515625	0	0	0	0	90.307617188	90.307617188	0	0	0	0	0	0	0	0	0	0	0	0	0	0	0	0	0	0	0	0	0	0	0	0	0	0	0	0	0	0	0	0	0	0	0	0	0	0	0	0	0	0	0	0	0	0	0	0
1789546952988	56295	2501	7	288	12	0	0	3	0	0	0	0	26.103515625	26.103515625	0	0	0	0	90.307617188	90.307617188	0	0	0	0	0	0	0	0	0	0	0	0	0	0	0	0	0	0	0	0	0	0	0	0	0	0	0	0	0	0	0	0	0	0	0	0	0	0	0	0	0	0	0	0	0	0	0	0
1789546953008	56317	2502	7	288	12	0	0	3	0	0	0	0	26.103515625	26.103515625	0	0	0	0	90.307617188	90.307617188	0	0	0	0	0	0	0	0	0	0	0	0	0	0	0	0	0	0	0	0	0	0	0	0	0	0	0	0	0	0	0	0	0	0	0	0	0	0	0	0	0	0	0	0	0	0	0	0
1789546953028	56339	2503	7	288	12	0	0	3	0	0	0	0	26.103515625	26.103515625	0	0	0	0	90.307617188	90.307617188	0	0	0	0	0	0	0	0	0	0	0	0	0	0	0	0	0	0	0	0	0	0	0	0	0	0	0	0	0	0	0	0	0	0	0	0	0	0	0	0	0	0	0	0	0	0	0	0
1789546953055	56361	2504	7	288	12	0	0	3	0	0	0	0	26.103515625	26.103515625	0	0	0	0	90.307617188	90.307617188	0	0	0	0	0	0	0	0	0	0	0	0	0	0	0	0	0	0	0	0	0	0	0	0	0	0	0	0	0	0	0	0	0	0	0	0	0	0	0	0	0	0	0	0	0	0	0	0
1789546953075	56383	2505	7	288	12	0	0	3	0	0	0	0	26.103515625	26.103515625	0	0	0	0	90.307617188	90.307617188	0	0	0	0	0	0	0	0	0	0	0	0	0	0	0	0	0	0	0	0	0	0	0	0	0	0	0	0	0	0	0	0	0	0	0	0	0	0	0	0	0	0	0	0	0	0	0	0
1789546953095	56405	2506	7	288	12	0	0	3	0	0	0	0	26.103515625	26.103515625	0	0	0	0	90.307617188	90.307617188	0	0	0	0	0	0	0	0	0	0	0	0	0	0	0	0	0	0	0	0	0	0	0	0	0	0	0	0	0	0	0	0	0	0	0	0	0	0	0	0	0	0	0	0	0	0	0	0
1789546953121	56427	2507	7	288	12	0	0	3	0	0	0	0	26.103515625	26.103515625	0	0	0	0	90.307617188	90.307617188	0	0	0	0	0	0	0	0	0	0	0	0	0	0	0	0	0	0	0	0	0	0	0	0	0	0	0	0	0	0	0	0	0	0	0	0	0	0	0	0	0	0	0	0	0	0	0	0
1789546953141	56449	2508	7	288	12	0	0	3	0	0	0	0	26.103515625	26.103515625	0	0	0	0	90.307617188	90.307617188	0	0	0	0	0	0	0	0	0	0	0	0	0	0	0	0	0	0	0	0	0	0	0	0	0	0	0	0	0	0	0	0	0	0	0	0	0	0	0	0	0	0	0	0	0	0	0	0
1789546953161	56471	2509	7	288	12	0	0	3	0	0	0	0	26.103515625	26.103515625	0	0	0	0	90.307617188	90.307617188	0	0	0	0	0	0	0	0	0	0	0	0	0	0	0	0	0	0	0	0	0	0	0	0	0	0	0	0	0	0	0	0	0	0	0	0	0	0	0	0	0	0	0	0	0	0	0	0
1789546953187	56493	2510	7	288	12	0	0	3	0	0	0	0	26.103515625	26.103515625	0	0	0	0	90.307617188	90.307617188	0	0	0	0	0	0	0	0	0	0	0	0	0	0	0	0	0	0	0	0	0	0	0	0	0	0	0	0	0	0	0	0	0	0	0	0	0	0	0	0	0	0	0	0	0	0	0	0
1789546953207	56515	2511	7	288	12	0	0	3	0	0	0	0	26.103515625	26.103515625	0	0	0	0	90.307617188	90.307617188	0	0	0	0	0	0	0	0	0	0	0	0	0	0	0	0	0	0	0	0	0	0	0	0	0	0	0	0	0	0	0	0	0	0	0	0	0	0	0	0	0	0	0	0	0	0	0	0
1789546953227	56537	2512	7	288	12	0	0	3	0	0	0	0	26.103515625	26.103515625	0	0	0	0	90.307617188	90.307617188	0	0	0	0	0	0	0	0	0	0	0	0	0	0	0	0	0	0	0	0	0	0	0	0	0	0	0	0	0	0	0	0	0	0	0	0	0	0	0	0	0	0	0	0	0	0	0	0
1789546953254	56559	2513	7	288	12	0	0	3	0	0	0	0	26.103515625	26.103515625	0	0	0	0	90.307617188	90.307617188	0	0	0	0	0	0	0	0	0	0	0	0	0	0	0	0	0	0	0	0	0	0	0	0	0	0	0	0	0	0	0	0	0	0	0	0	0	0	0	0	0	0	0	0	0	0	0	0
1789546953274	56581	2514	7	288	12	0	0	3	0	0	0	0	26.103515625	26.103515625	0	0	0	0	90.307617188	90.307617188	0	0	0	0	0	0	0	0	0	0	0	0	0	0	0	0	0	0	0	0	0	0	0	0	0	0	0	0	0	0	0	0	0	0	0	0	0	0	0	0	0	0	0	0	0	0	0	0
1789546953294	56603	2515	7	288	12	0	0	3	0	0	0	0	26.147460938	26.147460938	0	0	0	0	90.307617188	90.307617188	0	0	0	0	0	0	0	0	0	0	0	0	0	0	0	0	0	0	0	0	0	0	0	0	0	0	0	0	0	0	0	0	0	0	0	0	0	0	0	0	0	0	0	0	0	0	0	0
1789546953314	56625	2516	7	288	12	0	0	3	0	0	0	0	26.103515625	26.103515625	0	0	0	0	90.307617188	90.307617188	0	0	0	0	0	0	0	0	0	0	0	0	0	0	0	0	0	0	0	0	0	0	0	0	0	0	0	0	0	0	0	0	0	0	0	0	0	0	0	0	0	0	0	0	0	0	0	0
1789546953340	56647	2517	7	288	12	0	0	3	0	0	0	0	26.103515625	26.103515625	0	0	0	0	90.307617188	90.307617188	0	0	0	0	0	0	0	0	0	0	0	0	0	0	0	0	0	0	0	0	0	0	0	0	0	0	0	0	0	0	0	0	0	0	0	0	0	0	0	0	0	0	0	0	0	0	0	0
1789546953360	56669	2518	7	288	12	0	0	3	0	0	0	0	26.103515625	26.103515625	0	0	0	0	90.307617188	90.307617188	0	0	0	0	0	0	0	0	0	0	0	0	0	0	0	0	0	0	0	0	0	0	0	0	0	0	0	0	0	0	0	0	0	0	0	0	0	0	0	0	0	0	0	0	0	0	0	0
1789546953380	56691	2519	7	288	12	0	0	3	0	0	0	0	26.103515625	26.103515625	0	0	0	0	90.307617188	90.307617188	0	0	0	0	0	0	0	0	0	0	0	0	0	0	0	0	0	0	0	0	0	0	0	0	0	0	0	0	0	0	0	0	0	0	0	0	0	0	0	0	0	0	0	0	0	0	0	0
1789546953407	56713	2520	7	288	12	0	0	3	0	0	0	0	26.103515625	26.103515625	0	0	0	0	90.307617188	90.307617188	0	0	0	0	0	0	0	0	0	0	0	0	0	0	0	0	0	0	0	0	0	0	0	0	0	0	0	0	0	0	0	0	0	0	0	0	0	0	0	0	0	0	0	0	0	0	0	0
1789546953427	56735	2521	7	288	12	0	0	3	0	0	0	0	26.103515625	26.103515625	0	0	0	0	90.307617188	90.307617188	0	0	0	0	0	0	0	0	0	0	0	0	0	0	0	0	0	0	0	0	0	0	0	0	0	0	0	0	0	0	0	0	0	0	0	0	0	0	0	0	0	0	0	0	0	0	0	0
1789546953446	56757	2522	7	288	12	0	0	3	0	0	0	0	26.103515625	26.103515625	0	0	0	0	90.307617188	90.307617188	0	0	0	0	0	0	0	0	0	0	0	0	0	0	0	0	0	0	0	0	0	0	0	0	0	0	0	0	0	0	0	0	0	0	0	0	0	0	0	0	0	0	0	0	0	0	0	0
1789546953473	56779	2523	7	288	12	0	0	3	0	0	0	0	26.103515625	26.103515625	0	0	0	0	90.307617188	90.307617188	0	0	0	0	0	0	0	0	0	0	0	0	0	0	0	0	0	0	0	0	0	0	0	0	0	0	0	0	0	0	0	0	0	0	0	0	0	0	0	0	0	0	0	0	0	0	0	0
1789546953492	56801	2524	7	288	12	0	0	3	0	0	0	0	26.103515625	26.103515625	0	0	0	0	90.307617188	90.307617188	0	0	0	0	0	0	0	0	0	0	0	0	0	0	0	0	0	0	0	0	0	0	0	0	0	0	0	0	0	0	0	0	0	0	0	0	0	0	0	0	0	0	0	0	0	0	0	0
1789546953512	56823	2525	7	288	12	0	0	3	0	0	0	0	26.103515625	26.103515625	0	0	0	0	90.307617188	90.307617188	0	0	0	0	0	0	0	0	0	0	0	0	0	0	0	0	0	0	0	0	0	0	0	0	0	0	0	0	0	0	0	0	0	0	0	0	0	0	0	0	0	0	0	0	0	0	0	0
1789546953539	56845	2526	7	288	12	0	0	3	0	0	0	0	26.103515625	26.103515625	0	0	0	0	90.307617188	90.307617188	0	0	0	0	0	0	0	0	0	0	0	0	0	0	0	0	0	0	0	0	0	0	0	0	0	0	0	0	0	0	0	0	0	0	0	0	0	0	0	0	0	0	0	0	0	0	0	0
1789546953559	56867	2527	7	288	12	0	0	3	0	0	0	0	26.103515625	26.103515625	0	0	0	0	90.307617188	90.307617188	0	0	0	0	0	0	0	0	0	0	0	0	0	0	0	0	0	0	0	0	0	0	0	0	0	0	0	0	0	0	0	0	0	0	0	0	0	0	0	0	0	0	0	0	0	0	0	0
1789546953578	56889	2528	7	288	12	0	0	3	0	0	0	0	26.103515625	26.103515625	0	0	0	0	90.307617188	90.307617188	0	0	0	0	0	0	0	0	0	0	0	0	0	0	0	0	0	0	0	0	0	0	0	0	0	0	0	0	0	0	0	0	0	0	0	0	0	0	0	0	0	0	0	0	0	0	0	0
1789546953605	56911	2529	7	288	12	0	0	3	0	0	0	0	26.103515625	26.103515625	0	0	0	0	90.307617188	90.307617188	0	0	0	0	0	0	0	0	0	0	0	0	0	0	0	0	0	0	0	0	0	0	0	0	0	0	0	0	0	0	0	0	0	0	0	0	0	0	0	0	0	0	0	0	0	0	0	0
1789546953625	56933	2530	7	288	12	0	0	3	0	0	0	0	26.103515625	26.103515625	0	0	0	0	90.307617188	90.307617188	0	0	0	0	0	0	0	0	0	0	0	0	0	0	0	0	0	0	0	0	0	0	0	0	0	0	0	0	0	0	0	0	0	0	0	0	0	0	0	0	0	0	0	0	0	0	0	0
1789546953645	56955	2531	7	288	12	0	0	3	0	0	0	0	26.103515625	26.103515625	0	0	0	0	90.307617188	90.307617188	0	0	0	0	0	0	0	0	0	0	0	0	0	0	0	0	0	0	0	0	0	0	0	0	0	0	0	0	0	0	0	0	0	0	0	0	0	0	0	0	0	0	0	0	0	0	0	0
1789546953672	56977	2532	7	288	12	0	0	3	0	0	0	0	26.103515625	26.103515625	0	0	0	0	90.307617188	90.307617188	0	0	0	0	0	0	0	0	0	0	0	0	0	0	0	0	0	0	0	0	0	0	0	0	0	0	0	0	0	0	0	0	0	0	0	0	0	0	0	0	0	0	0	0	0	0	0	0
1789546953691	56999	2533	7	288	12	0	0	3	0	0	0	0	26.103515625	26.103515625	0	0	0	0	90.307617188	90.307617188	0	0	0	0	0	0	0	0	0	0	0	0	0	0	0	0	0	0	0	0	0	0	0	0	0	0	0	0	0	0	0	0	0	0	0	0	0	0	0	0	0	0	0	0	0	0	0	0
1789546953711	57021	2534	7	288	12	0	0	3	0	0	0	0	26.103515625	26.103515625	0	0	0	0	90.307617188	90.307617188	0	0	0	0	0	0	0	0	0	0	0	0	0	0	0	0	0	0	0	0	0	0	0	0	0	0	0	0	0	0	0	0	0	0	0	0	0	0	0	0	0	0	0	0	0	0	0	0
1789546953737	57043	2535	7	288	12	0	0	3	0	0	0	0	26.103515625	26.103515625	0	0	0	0	90.307617188	90.307617188	0	0	0	0	0	0	0	0	0	0	0	0	0	0	0	0	0	0	0	0	0	0	0	0	0	0	0	0	0	0	0	0	0	0	0	0	0	0	0	0	0	0	0	0	0	0	0	0
1789546953760	57065	2536	7	288	12	0	0	3	0	0	0	0	26.103515625	26.103515625	0	0	0	0	90.307617188	90.307617188	0	0	0	0	0	0	0	0	0	0	0	0	0	0	0	0	0	0	0	0	0	0	0	0	0	0	0	0	0	0	0	0	0	0	0	0	0	0	0	0	0	0	0	0	0	0	0	0
1789546953779	57087	2537	7	288	12	0	0	3	0	0	0	0	26.103515625	26.103515625	0	0	0	0	90.307617188	90.307617188	0	0	0	0	0	0	0	0	0	0	0	0	0	0	0	0	0	0	0	0	0	0	0	0	0	0	0	0	0	0	0	0	0	0	0	0	0	0	0	0	0	0	0	0	0	0	0	0
1789546953799	57109	2538	7	288	12	0	0	3	0	0	0	0	26.103515625	26.103515625	0	0	0	0	90.307617188	90.307617188	0	0	0	0	0	0	0	0	0	0	0	0	0	0	0	0	0	0	0	0	0	0	0	0	0	0	0	0	0	0	0	0	0	0	0	0	0	0	0	0	0	0	0	0	0	0	0	0
1789546953827	57131	2539	7	288	12	0	0	3	0	0	0	0	26.103515625	26.103515625	0	0	0	0	90.307617188	90.307617188	0	0	0	0	0	0	0	0	0	0	0	0	0	0	0	0	0	0	0	0	0	0	0	0	0	0	0	0	0	0	0	0	0	0	0	0	0	0	0	0	0	0	0	0	0	0	0	0
1789546953847	57153	2540	7	288	12	0	0	3	0	0	0	0	26.103515625	26.103515625	0	0	-6	6	90.307617188	90.307617188	0	0	0	0	0	0	0	0	0	0	0	0	0	0	0	0	0	0	0	0	0	0	0	0	0	0	0	0	0	0	0	0	0	0	0	0	0	0	0	0	0	0	0	0	0	0	0	0
1789546953867	57175	2541	7	288	12	0	0	3	0	0	0	0	26.103515625	26.103515625	0	0	0	0	90.307617188	90.307617188	0	0	0	0	0	0	0	0	0	0	0	0	0	0	0	0	0	0	0	0	0	0	0	0	0	0	0	0	0	0	0	0	0	0	0	0	0	0	0	0	0	0	0	0	0	0	0	0
1789546953886	57197	2542	7	288	12	0	0	3	0	0	0	0	26.103515625	26.103515625	0	0	0	0	90.307617188	90.307617188	0	0	0	0	0	0	0	0	0	0	0	0	0	0	0	0	0	0	0	0	0	0	0	0	0	0	0	0	0	0	0	0	0	0	0	0	0	0	0	0	0	0	0	0	0	0	0	0
1789546953913	57219	2543	7	288	12	0	0	3	0	0	0	0	26.103515625	26.103515625	0	0	0	0	90.307617188	90.307617188	0	0	0	0	0	0	0	0	0	0	0	0	0	0	0	0	0	0	0	0	0	0	0	0	0	0	0	0	0	0	0	0	0	0	0	0	0	0	0	0	0	0	0	0	0	0	0	0
1789546953933	57241	2544	7	288	12	0	0	3	0	0	0	0	26.103515625	26.103515625	0	0	0	0	90.307617188	90.307617188	0	0	0	0	0	0	0	0	0	0	0	0	0	0	0	0	0	0	0	0	0	0	0	0	0	0	0	0	0	0	0	0	0	0	0	0	0	0	0	0	0	0	0	0	0	0	0	0
1789546953953	57263	2545	7	288	12	0	0	3	0	0	0	0	26.103515625	26.103515625	0	0	0	0	90.307617188	90.307617188	0	0	0	0	0	0	0	0	0	0	0	0	0	0	0	0	0	0	0	0	0	0	0	0	0	0	0	0	0	0	0	0	0	0	0	0	0	0	0	0	0	0	0	0	0	0	0	0
1789546953980	57285	2546	7	288	12	0	0	3	0	0	0	0	26.103515625	26.103515625	0	0	0	0	90.307617188	90.307617188	0	0	0	0	0	0	0	0	0	0	0	0	0	0	0	0	0	0	0	0	0	0	0	0	0	0	0	0	0	0	0	0	0	0	0	0	0	0	0	0	0	0	0	0	0	0	0	0
1789546953999	57307	2547	7	288	12	0	0	3	0	0	0	0	26.103515625	26.103515625	0	0	0	0	90.307617188	90.307617188	0	0	0	0	0	0	0	0	0	0	0	0	0	0	0	0	0	0	0	0	0	0	0	0	0	0	0	0	0	0	0	0	0	0	0	0	0	0	0	0	0	0	0	0	0	0	0	0
1789546954019	57329	2548	7	288	12	0	0	3	0	0	0	0	26.103515625	26.103515625	0	0	0	0	90.307617188	90.307617188	0	0	0	0	0	0	0	0	0	0	0	0	0	0	0	0	0	0	0	0	0	0	0	0	0	0	0	0	0	0	0	0	0	0	0	0	0	0	0	0	0	0	0	0	0	0	0	0
1789546954046	57351	2549	7	288	12	0	0	3	0	0	0	0	26.103515625	26.103515625	0	0	0	0	90.307617188	90.307617188	0	0	0	0	0	0	0	0	0	0	0	0	0	0	0	0	0	0	0	0	0	0	0	0	0	0	0	0	0	0	0	0	0	0	0	0	0	0	0	0	0	0	0	0	0	0	0	0
1789546954065	57373	2550	7	288	12	0	0	3	0	0	0	0	26.103515625	26.103515625	0	0	0	0	90.307617188	90.307617188	0	0	0	0	0	0	0	0	0	0	0	0	0	0	0	0	0	0	0	0	0	0	0	0	0	0	0	0	0	0	0	0	0	0	0	0	0	0	0	0	0	0	0	0	0	0	0	0
1789546954085	57395	2551	7	288	12	0	0	3	0	0	0	0	26.103515625	26.103515625	0	0	0	0	90.307617188	90.307617188	0	0	0	0	0	0	0	0	0	0	0	0	0	0	0	0	0	0	0	0	0	0	0	0	0	0	0	0	0	0	0	0	0	0	0	0	0	0	0	0	0	0	0	0	0	0	0	0
1789546954111	57417	2552	7	288	12	0	0	3	0	0	0	0	26.103515625	26.103515625	0	0	0	0	90.307617188	90.307617188	0	0	0	0	0	0	0	0	0	0	0	0	0	0	0	0	0	0	0	0	0	0	0	0	0	0	0	0	0	0	0	0	0	0	0	0	0	0	0	0	0	0	0	0	0	0	0	0
1789546954132	57439	2553	7	288	12	0	0	3	0	0	0	0	26.103515625	26.103515625	0	0	0	0	90.307617188	90.307617188	0	0	0	0	0	0	0	0	0	0	0	0	0	0	0	0	0	0	0	0	0	0	0	0	0	0	0	0	0	0	0	0	0	0	0	0	0	0	0	0	0	0	0	0	0	0	0	0
1789546954151	57461	2554	7	288	12	0	0	3	0	0	0	0	26.103515625	26.103515625	0	0	0	0	90.3515625	90.3515625	0	0	0	0	0	0	0	0	0	0	0	0	0	0	0	0	0	0	0	0	0	0	0	0	0	0	0	0	0	0	0	0	0	0	0	0	0	0	0	0	0	0	0	0	0	0	0	0
1789546954178	57483	2555	7	288	12	0	0	3	0	0	0	0	26.103515625	26.103515625	0	0	0	0	90.307617188	90.307617188	0	0	0	0	0	0	0	0	0	0	0	0	0	0	0	0	0	0	0	0	0	0	0	0	0	0	0	0	0	0	0	0	0	0	0	0	0	0	0	0	0	0	0	0	0	0	0	0
1789546954197	57505	2556	7	288	12	0	0	3	0	0	0	0	26.103515625	26.103515625	0	0	0	0	90.307617188	90.307617188	0	0	0	0	0	0	0	0	0	0	0	0	0	0	0	0	0	0	0	0	0	0	0	0	0	0	0	0	0	0	0	0	0	0	0	0	0	0	0	0	0	0	0	0	0	0	0	0
1789546954217	57527	2557	7	288	12	0	0	3	0	0	0	0	26.103515625	26.103515625	0	0	0	0	90.307617188	90.307617188	0	0	0	0	0	0	0	0	0	0	0	0	0	0	0	0	0	0	0	0	0	0	0	0	0	0	0	0	0	0	0	0	0	0	0	0	0	0	0	0	0	0	0	0	0	0	0	0
1789546954244	57549	2558	7	288	12	0	0	3	0	0	0	0	26.103515625	26.103515625	0	0	0	0	90.307617188	90.307617188	0	0	0	0	0	0	0	0	0	0	0	0	0	0	0	0	0	0	0	0	0	0	0	0	0	0	0	0	0	0	0	0	0	0	0	0	0	0	0	0	0	0	0	0	0	0	0	0
1789546954264	57571	2559	7	288	12	0	0	3	0	0	0	0	26.103515625	26.103515625	0	0	0	0	90.307617188	90.307617188	0	0	0	0	0	0	0	0	0	0	0	0	0	0	0	0	0	0	0	0	0	0	0	0	0	0	0	0	0	0	0	0	0	0	0	0	0	0	0	0	0	0	0	0	0	0	0	0
1789546954285	57593	2560	7	288	12	0	0	3	0	0	0	0	26.103515625	26.103515625	0	0	0	0	90.307617188	90.307617188	0	0	0	0	0	0	0	0	0	0	0	0	0	0	0	0	0	0	0	0	0	0	0	0	0	0	0	0	0	0	0	0	0	0	0	0	0	0	0	0	0	0	0	0	0	0	0	0
1789546954304	57615	2561	7	288	12	0	0	3	0	0	0	0	26.103515625	26.103515625	0	0	0	0	90.307617188	90.307617188	0	0	0	0	0	0	0	0	0	0	0	0	0	0	0	0	0	0	0	0	0	0	0	0	0	0	0	0	0	0	0	0	0	0	0	0	0	0	0	0	0	0	0	0	0	0	0	0
1789546954331	57637	2562	7	288	12	0	0	3	0	0	0	0	26.103515625	26.103515625	0	0	0	0	90.307617188	90.307617188	0	0	0	0	0	0	0	0	0	0	0	0	0	0	0	0	0	0	0	0	0	0	0	0	0	0	0	0	0	0	0	0	0	0	0	0	0	0	0	0	0	0	0	0	0	0	0	0
1789546954351	57659	2563	7	288	12	0	0	3	0	0	0	0	26.103515625	26.103515625	0	0	0	0	90.307617188	90.307617188	0	0	0	0	0	0	0	0	0	0	0	0	0	0	0	0	0	0	0	0	0	0	0	0	0	0	0	0	0	0	0	0	0	0	0	0	0	0	0	0	0	0	0	0	0	0	0	0
1789546954371	57681	2564	7	288	12	0	0	3	0	0	0	0	26.103515625	26.103515625	0	0	0	0	90.307617188	90.307617188	0	0	0	0	0	0	0	0	0	0	0	0	0	0	0	0	0	0	0	0	0	0	0	0	0	0	0	0	0	0	0	0	0	0	0	0	0	0	0	0	0	0	0	0	0	0	0	0
1789546954397	57703	2565	7	288	12	0	0	3	0	0	0	0	26.103515625	26.103515625	0	0	0	0	90.307617188	90.307617188	0	0	0	0	0	0	0	0	0	0	0	0	0	0	0	0	0	0	0	0	0	0	0	0	0	0	0	0	0	0	0	0	0	0	0	0	0	0	0	0	0	0	0	0	0	0	0	0
1789546954417	57725	2566	7	288	12	0	0	3	0	0	0	0	26.103515625	26.103515625	0	0	0	0	90.307617188	90.307617188	0	0	0	0	0	0	0	0	0	0	0	0	0	0	0	0	0	0	0	0	0	0	0	0	0	0	0	0	0	0	0	0	0	0	0	0	0	0	0	0	0	0	0	0	0	0	0	0
1789546954437	57747	2567	7	288	12	0	0	3	0	0	0	0	26.103515625	26.103515625	0	0	0	0	90.307617188	90.307617188	0	0	0	0	0	0	0	0	0	0	0	0	0	0	0	0	0	0	0	0	0	0	0	0	0	0	0	0	0	0	0	0	0	0	0	0	0	0	0	0	0	0	0	0	0	0	0	0
1789546954464	57769	2568	7	288	12	0	0	3	0	0	0	0	26.103515625	26.103515625	0	0	0	0	90.307617188	90.307617188	0	0	0	0	0	0	0	0	0	0	0	0	0	0	0	0	0	0	0	0	0	0	0	0	0	0	0	0	0	0	0	0	0	0	0	0	0	0	0	0	0	0	0	0	0	0	0	0
1789546954483	57791	2569	7	288	12	0	0	3	0	0	0	0	26.147460938	26.147460938	0	0	0	0	90.307617188	90.307617188	0	0	0	0	0	0	0	0	0	0	0	0	0	0	0	0	0	0	0	0	0	0	0	0	0	0	0	0	0	0	0	0	0	0	0	0	0	0	0	0	0	0	0	0	0	0	0	0
1789546954503	57813	2570	7	288	12	0	0	3	0	0	0	0	26.103515625	26.103515625	0	0	0	0	90.307617188	90.307617188	0	0	0	0	0	0	0	0	0	0	0	0	0	0	0	0	0	0	0	0	0	0	0	0	0	0	0	0	0	0	0	0	0	0	0	0	0	0	0	0	0	0	0	0	0	0	0	0
1789546954529	57835	2571	7	288	12	0	0	3	0	0	0	0	26.103515625	26.103515625	0	0	0	0	90.307617188	90.307617188	0	0	0	0	0	0	0	0	0	0	0	0	0	0	0	0	0	0	0	0	0	0	0	0	0	0	0	0	0	0	0	0	0	0	0	0	0	0	0	0	0	0	0	0	0	0	0	0
1789546954549	57857	2572	7	288	12	0	0	3	0	0	0	0	26.103515625	26.103515625	0	0	0	0	90.307617188	90.307617188	0	0	0	0	0	0	0	0	0	0	0	0	0	0	0	0	0	0	0	0	0	0	0	0	0	0	0	0	0	0	0	0	0	0	0	0	0	0	0	0	0	0	0	0	0	0	0	0
1789546954569	57879	2573	7	288	12	0	0	3	0	0	0	0	26.103515625	26.103515625	0	0	0	0	90.307617188	90.307617188	0	0	0	0	0	0	0	0	0	0	0	0	0	0	0	0	0	0	0	0	0	0	0	0	0	0	0	0	0	0	0	0	0	0	0	0	0	0	0	0	0	0	0	0	0	0	0	0
1789546954598	57901	2574	7	288	12	0	0	3	0	0	0	0	26.103515625	26.103515625	0	0	0	0	90.307617188	90.307617188	0	0	0	0	0	0	0	0	0	0	0	0	0	0	0	0	0	0	0	0	0	0	0	0	0	0	0	0	0	0	0	0	0	0	0	0	0	0	0	0	0	0	0	0	0	0	0	0
1789546954617	57923	2575	7	288	12	0	0	3	0	0	0	0	26.103515625	26.103515625	0	0	0	0	90.307617188	90.307617188	0	0	0	0	0	0	0	0	0	0	0	0	0	0	0	0	0	0	0	0	0	0	0	0	0	0	0	0	0	0	0	0	0	0	0	0	0	0	0	0	0	0	0	0	0	0	0	0
1789546954637	57945	2576	7	288	12	0	0	3	0	0	0	0	26.103515625	26.103515625	0	0	0	0	90.307617188	90.307617188	0	0	0	0	0	0	0	0	0	0	0	0	0	0	0	0	0	0	0	0	0	0	0	0	0	0	0	0	0	0	0	0	0	0	0	0	0	0	0	0	0	0	0	0	0	0	0	0
1789546954657	57967	2577	7	288	12	0	0	3	0	0	0	0	26.103515625	26.103515625	0	0	0	0	90.307617188	90.307617188	0	0	0	0	0	0	0	0	0	0	0	0	0	0	0	0	0	0	0	0	0	0	0	0	0	0	0	0	0	0	0	0	0	0	0	0	0	0	0	0	0	0	0	0	0	0	0	0
1789546954683	57989	2578	7	288	12	0	0	3	0	0	0	0	26.103515625	26.103515625	0	0	0	0	90.307617188	90.307617188	0	0	0	0	0	0	0	0	0	0	0	0	0	0	0	0	0	0	0	0	0	0	0	0	0	0	0	0	0	0	0	0	0	0	0	0	0	0	0	0	0	0	0	0	0	0	0	0
1789546954703	58011	2579	7	288	12	0	0	3	0	0	0	0	26.103515625	26.103515625	0	0	0	0	90.307617188	90.307617188	0	0	0	0	0	0	0	0	0	0	0	0	0	0	0	0	0	0	0	0	0	0	0	0	0	0	0	0	0	0	0	0	0	0	0	0	0	0	0	0	0	0	0	0	0	0	0	0
1789546954724	58033	2580	7	288	12	0	0	3	0	0	0	0	26.103515625	26.103515625	0	0	0	0	90.307617188	90.307617188	0	0	0	0	0	0	0	0	0	0	0	0	0	0	0	0	0	0	0	0	0	0	0	0	0	0	0	0	0	0	0	0	0	0	0	0	0	0	0	0	0	0	0	0	0	0	0	0
1789546954750	58055	2581	7	288	12	0	0	3	0	0	0	0	26.103515625	26.103515625	0	0	0	0	90.307617188	90.307617188	0	0	0	0	0	0	0	0	0	0	0	0	0	0	0	0	0	0	0	0	0	0	0	0	0	0	0	0	0	0	0	0	0	0	0	0	0	0	0	0	0	0	0	0	0	0	0	0
1789546954770	58077	2582	7	288	12	0	0	3	0	0	0	0	26.103515625	26.103515625	0	0	0	0	90.307617188	90.307617188	0	0	0	0	0	0	0	0	0	0	0	0	0	0	0	0	0	0	0	0	0	0	0	0	0	0	0	0	0	0	0	0	0	0	0	0	0	0	0	0	0	0	0	0	0	0	0	0
1789546954790	58099	2583	7	288	12	0	0	3	0	0	0	0	26.103515625	26.103515625	0	0	0	0	90.307617188	90.307617188	0	0	0	0	0	0	0	0	0	0	0	0	0	0	0	0	0	0	0	0	0	0	0	0	0	0	0	0	0	0	0	0	0	0	0	0	0	0	0	0	0	0	0	0	0	0	0	0
1789546954816	58121	2584	7	288	12	0	0	3	0	0	0	0	26.103515625	26.103515625	0	0	0	0	90.307617188	90.307617188	0	0	0	0	0	0	0	0	0	0	0	0	0	0	0	0	0	0	0	0	0	0	0	0	0	0	0	0	0	0	0	0	0	0	0	0	0	0	0	0	0	0	0	0	0	0	0	0
1789546954836	58143	2585	7	288	12	0	0	3	0	0	0	0	26.103515625	26.103515625	0	0	0	0	90.307617188	90.307617188	0	0	0	0	0	0	0	0	0	0	0	0	0	0	0	0	0	0	0	0	0	0	0	0	0	0	0	0	0	0	0	0	0	0	0	0	0	0	0	0	0	0	0	0	0	0	0	0
1789546954856	58165	2586	7	288	12	0	0	3	0	0	0	0	26.103515625	26.103515625	0	0	0	0	90.307617188	90.307617188	0	0	0	0	0	0	0	0	0	0	0	0	0	0	0	0	0	0	0	0	0	0	0	0	0	0	0	0	0	0	0	0	0	0	0	0	0	0	0	0	0	0	0	0	0	0	0	0
1789546954882	58187	2587	7	288	12	0	0	3	0	0	0	0	26.147460938	26.147460938	0	0	0	0	90.307617188	90.307617188	0	0	0	0	0	0	0	0	0	0	0	0	0	0	0	0	0	0	0	0	0	0	0	0	0	0	0	0	0	0	0	0	0	0	0	0	0	0	0	0	0	0	0	0	0	0	0	0
1789546954902	58209	2588	7	288	12	0	0	3	0	0	0	0	26.103515625	26.103515625	0	0	0	0	90.307617188	90.307617188	0	0	0	0	0	0	0	0	0	0	0	0	0	0	0	0	0	0	0	0	0	0	0	0	0	0	0	0	0	0	0	0	0	0	0	0	0	0	0	0	0	0	0	0	0	0	0	0
1789546954922	58231	2589	7	288	12	0	0	3	0	0	0	0	26.103515625	26.103515625	0	0	0	0	90.307617188	90.307617188	0	0	0	0	0	0	0	0	0	0	0	0	0	0	0	0	0	0	0	0	0	0	0	0	0	0	0	0	0	0	0	0	0	0	0	0	0	0	0	0	0	0	0	0	0	0	0	0
1789546954942	58253	2590	7	288	12	0	0	3	0	0	0	0	26.103515625	26.103515625	0	0	0	0	90.307617188	90.307617188	0	0	0	0	0	0	0	0	0	0	0	0	0	0	0	0	0	0	0	0	0	0	0	0	0	0	0	0	0	0	0	0	0	0	0	0	0	0	0	0	0	0	0	0	0	0	0	0
1789546954968	58275	2591	7	288	12	0	0	3	0	0	0	0	26.103515625	26.103515625	0	0	0	0	90.307617188	90.307617188	0	0	0	0	0	0	0	0	0	0	0	0	0	0	0	0	0	0	0	0	0	0	0	0	0	0	0	0	0	0	0	0	0	0	0	0	0	0	0	0	0	0	0	0	0	0	0	0
1789546954988	58297	2592	7	288	12	0	0	3	0	0	0	0	26.103515625	26.103515625	0	0	0	0	90.307617188	90.307617188	0	0	0	0	0	0	0	0	0	0	0	0	0	0	0	0	0	0	0	0	0	0	0	0	0	0	0	0	0	0	0	0	0	0	0	0	0	0	0	0	0	0	0	0	0	0	0	0
1789546955008	58319	2593	7	288	12	0	0	3	0	0	0	0	26.103515625	26.103515625	0	0	0	0	90.307617188	90.307617188	0	0	0	0	0	0	0	0	0	0	0	0	0	0	0	0	0	0	0	0	0	0	0	0	0	0	0	0	0	0	0	0	0	0	0	0	0	0	0	0	0	0	0	0	0	0	0	0
1789546955035	58341	2594	7	288	12	0	0	3	0	0	0	0	26.103515625	26.103515625	0	0	0	0	90.307617188	90.307617188	0	0	0	0	0	0	0	0	0	0	0	0	0	0	0	0	0	0	0	0	0	0	0	0	0	0	0	0	0	0	0	0	0	0	0	0	0	0	0	0	0	0	0	0	0	0	0	0
1789546955055	58363	2595	7	288	12	0	0	3	0	0	0	0	26.103515625	26.103515625	0	0	0	0	90.307617188	90.307617188	0	0	0	0	0	0	0	0	0	0	0	0	0	0	0	0	0	0	0	0	0	0	0	0	0	0	0	0	0	0	0	0	0	0	0	0	0	0	0	0	0	0	0	0	0	0	0	0
1789546955074	58385	2596	7	288	12	0	0	3	0	0	0	0	26.103515625	26.103515625	0	0	0	0	90.307617188	90.307617188	0	0	0	0	0	0	0	0	0	0	0	0	0	0	0	0	0	0	0	0	0	0	0	0	0	0	0	0	0	0	0	0	0	0	0	0	0	0	0	0	0	0	0	0	0	0	0	0
1789546955101	58407	2597	7	288	12	0	0	3	0	0	0	0	26.103515625	26.103515625	0	0	0	0	90.307617188	90.307617188	0	0	0	0	0	0	0	0	0	0	0	0	0	0	0	0	0	0	0	0	0	0	0	0	0	0	0	0	0	0	0	0	0	0	0	0	0	0	0	0	0	0	0	0	0	0	0	0
1789546955121	58429	2598	7	288	12	0	0	3	0	0	0	0	26.103515625	26.103515625	0	0	0	0	90.307617188	90.307617188	0	0	0	0	0	0	0	0	0	0	0	0	0	0	0	0	0	0	0	0	0	0	0	0	0	0	0	0	0	0	0	0	0	0	0	0	0	0	0	0	0	0	0	0	0	0	0	0
1789546955141	58451	2599	7	288	12	0	0	3	0	0	0	0	26.103515625	26.103515625	0	0	0	0	90.307617188	90.307617188	0	0	0	0	0	0	0	0	0	0	0	0	0	0	0	0	0	0	0	0	0	0	0	0	0	0	0	0	0	0	0	0	0	0	0	0	0	0	0	0	0	0	0	0	0	0	0	0
1789546955167	58473	2600	7	288	12	0	0	3	0	0	0	0	26.103515625	26.103515625	0	0	0	0	90.307617188	90.307617188	0	0	0	0	0	0	0	0	0	0	0	0	0	0	0	0	0	0	0	0	0	0	0	0	0	0	0	0	0	0	0	0	0	0	0	0	0	0	0	0	0	0	0	0	0	0	0	0
1789546955188	58495	2601	7	288	12	0	0	3	0	0	0	0	26.103515625	26.103515625	0	0	0	0	90.307617188	90.307617188	0	0	0	0	0	0	0	0	0	0	0	0	0	0	0	0	0	0	0	0	0	0	0	0	0	0	0	0	0	0	0	0	0	0	0	0	0	0	0	0	0	0	0	0	0	0	0	0
1789546955208	58517	2602	7	288	12	0	0	3	0	0	0	0	26.103515625	26.103515625	0	0	0	0	90.307617188	90.307617188	0	0	0	0	0	0	0	0	0	0	0	0	0	0	0	0	0	0	0	0	0	0	0	0	0	0	0	0	0	0	0	0	0	0	0	0	0	0	0	0	0	0	0	0	0	0	0	0
1789546955228	58539	2603	7	288	12	0	0	3	0	0	0	0	26.103515625	26.103515625	0	0	0	0	90.307617188	90.307617188	0	0	0	0	0	0	0	0	0	0	0	0	0	0	0	0	0	0	0	0	0	0	0	0	0	0	0	0	0	0	0	0	0	0	0	0	0	0	0	0	0	0	0	0	0	0	0	0
1789546955254	58561	2604	7	288	12	0	0	3	0	0	0	0	26.103515625	26.103515625	0	0	0	0	90.307617188	90.307617188	0	0	0	0	0	0	0	0	0	0	0	0	0	0	0	0	0	0	0	0	0	0	0	0	0	0	0	0	0	0	0	0	0	0	0	0	0	0	0	0	0	0	0	0	0	0	0	0
1789546955274	58583	2605	7	288	12	0	0	3	0	0	0	0	26.103515625	26.103515625	0	0	0	0	90.307617188	90.307617188	0	0	0	0	0	0	0	0	0	0	0	0	0	0	0	0	0	0	0	0	0	0	0	0	0	0	0	0	0	0	0	0	0	0	0	0	0	0	0	0	0	0	0	0	0	0	0	0
1789546955294	58605	2606	7	288	12	0	0	3	0	0	0	0	26.103515625	26.103515625	0	0	0	0	90.307617188	90.307617188	0	0	0	0	0	0	0	0	0	0	0	0	0	0	0	0	0	0	0	0	0	0	0	0	0	0	0	0	0	0	0	0	0	0	0	0	0	0	0	0	0	0	0	0	0	0	0	0
1789546955320	58627	2607	7	288	12	0	0	3	0	0	0	0	26.103515625	26.103515625	0	0	0	0	90.307617188	90.307617188	0	0	0	0	0	0	0	0	0	0	0	0	0	0	0	0	0	0	0	0	0	0	0	0	0	0	0	0	0	0	0	0	0	0	0	0	0	0	0	0	0	0	0	0	0	0	0	0
1789546955341	58649	2608	7	288	12	0	0	3	0	0	0	0	26.103515625	26.103515625	0	0	0	0	90.307617188	90.307617188	0	0	0	0	0	0	0	0	0	0	0	0	0	0	0	0	0	0	0	0	0	0	0	0	0	0	0	0	0	0	0	0	0	0	0	0	0	0	0	0	0	0	0	0	0	0	0	0
1789546955361	58671	2609	7	288	12	0	0	3	0	0	0	0	26.103515625	26.103515625	0	0	0	0	90.307617188	90.307617188	0	0	0	0	0	0	0	0	0	0	0	0	0	0	0	0	0	0	0	0	0	0	0	0	0	0	0	0	0	0	0	0	0	0	0	0	0	0	0	0	0	0	0	0	0	0	0	0
1789546955387	58693	2610	7	288	12	0	0	3	0	0	0	0	26.103515625	26.103515625	0	0	0	0	90.307617188	90.307617188	0	0	0	0	0	0	0	0	0	0	0	0	0	0	0	0	0	0	0	0	0	0	0	0	0	0	0	0	0	0	0	0	0	0	0	0	0	0	0	0	0	0	0	0	0	0	0	0
1789546955407	58715	2611	7	288	12	0	0	3	0	0	0	0	26.103515625	26.103515625	0	0	0	0	90.307617188	90.307617188	0	0	0	0	0	0	0	0	0	0	0	0	0	0	0	0	0	0	0	0	0	0	0	0	0	0	0	0	0	0	0	0	0	0	0	0	0	0	0	0	0	0	0	0	0	0	0	0
1789546955426	58737	2612	7	288	12	0	0	3	0	0	0	0	26.103515625	26.103515625	0	0	0	0	90.307617188	90.307617188	0	0	0	0	0	0	0	0	0	0	0	0	0	0	0	0	0	0	0	0	0	0	0	0	0	0	0	0	0	0	0	0	0	0	0	0	0	0	0	0	0	0	0	0	0	0	0	0
1789546955453	58759	2613	7	288	12	0	0	3	0	0	0	0	26.103515625	26.103515625	0	0	0	0	90.307617188	90.307617188	0	0	0	0	0	0	0	0	0	0	0	0	0	0	0	0	0	0	0	0	0	0	0	0	0	0	0	0	0	0	0	0	0	0	0	0	0	0	0	0	0	0	0	0	0	0	0	0
1789546955473	58781	2614	7	288	12	0	0	3	0	0	0	0	26.103515625	26.103515625	0	0	0	0	90.307617188	90.307617188	0	0	0	0	0	0	0	0	0	0	0	0	0	0	0	0	0	0	0	0	0	0	0	0	0	0	0	0	0	0	0	0	0	0	0	0	0	0	0	0	0	0	0	0	0	0	0	0
1789546955493	58803	2615	7	288	12	0	0	3	0	0	0	0	26.103515625	26.103515625	0	0	0	0	90.307617188	90.307617188	0	0	0	0	0	0	0	0	0	0	0	0	0	0	0	0	0	0	0	0	0	0	0	0	0	0	0	0	0	0	0	0	0	0	0	0	0	0	0	0	0	0	0	0	0	0	0	0
1789546955519	58825	2616	7	288	12	0	0	3	0	0	0	0	26.103515625	26.103515625	0	0	0	0	90.307617188	90.307617188	0	0	0	0	0	0	0	0	0	0	0	0	0	0	0	0	0	0	0	0	0	0	0	0	0	0	0	0	0	0	0	0	0	0	0	0	0	0	0	0	0	0	0	0	0	0	0	0
1789546955539	58847	2617	7	288	12	0	0	3	0	0	0	0	26.103515625	26.103515625	0	0	0	0	90.307617188	90.307617188	0	0	0	0	0	0	0	0	0	0	0	0	0	0	0	0	0	0	0	0	0	0	0	0	0	0	0	0	0	0	0	0	0	0	0	0	0	0	0	0	0	0	0	0	0	0	0	0
1789546955559	58869	2618	7	288	12	0	0	3	0	0	0	0	26.103515625	26.103515625	0	0	0	0	90.307617188	90.307617188	0	0	0	0	0	0	0	0	0	0	0	0	0	0	0	0	0	0	0	0	0	0	0	0	0	0	0	0	0	0	0	0	0	0	0	0	0	0	0	0	0	0	0	0	0	0	0	0
1789546955586	58891	2619	7	288	12	0	0	3	0	0	0	0	26.103515625	26.103515625	0	0	0	0	90.307617188	90.307617188	0	0	0	0	0	0	0	0	0	0	0	0	0	0	0	0	0	0	0	0	0	0	0	0	0	0	0	0	0	0	0	0	0	0	0	0	0	0	0	0	0	0	0	0	0	0	0	0
1789546955606	58913	2620	7	288	12	0	0	3	0	0	0	0	26.103515625	26.103515625	0	0	0	0	90.307617188	90.307617188	0	0	0	0	0	0	0	0	0	0	0	0	0	0	0	0	0	0	0	0	0	0	0	0	0	0	0	0	0	0	0	0	0	0	0	0	0	0	0	0	0	0	0	0	0	0	0	0
1789546955626	58935	2621	7	288	12	0	0	3	0	0	0	0	26.103515625	26.103515625	0	0	0	0	90.307617188	90.307617188	0	0	0	0	0	0	0	0	0	0	0	0	0	0	0	0	0	0	0	0	0	0	0	0	0	0	0	0	0	0	0	0	0	0	0	0	0	0	0	0	0	0	0	0	0	0	0	0
1789546955647	58957	2622	7	288	12	0	0	3	0	0	0	0	26.103515625	26.103515625	0	0	0	0	90.307617188	90.307617188	0	0	0	0	0	0	0	0	0	0	0	0	0	0	0	0	0	0	0	0	0	0	0	0	0	0	0	0	0	0	0	0	0	0	0	0	0	0	0	0	0	0	0	0	0	0	0	0
1789546955673	58979	2623	7	288	12	0	0	3	0	0	0	0	26.103515625	26.103515625	0	0	0	0	90.307617188	90.307617188	0	0	0	0	0	0	0	0	0	0	0	0	0	0	0	0	0	0	0	0	0	0	0	0	0	0	0	0	0	0	0	0	0	0	0	0	0	0	0	0	0	0	0	0	0	0	0	0
1789546955693	59001	2624	7	288	12	0	0	3	0	0	0	0	26.103515625	26.103515625	0	0	0	0	90.307617188	90.307617188	0	0	0	0	0	0	0	0	0	0	0	0	0	0	0	0	0	0	0	0	0	0	0	0	0	0	0	0	0	0	0	0	0	0	0	0	0	0	0	0	0	0	0	0	0	0	0	0
1789546955713	59023	2625	7	288	12	0	0	3	0	0	0	0	26.103515625	26.103515625	0	0	0	0	90.307617188	90.307617188	0	0	0	0	0	0	0	0	0	0	0	0	0	0	0	0	0	0	0	0	0	0	0	0	0	0	0	0	0	0	0	0	0	0	0	0	0	0	0	0	0	0	0	0	0	0	0	0
1789546955740	59045	2626	7	288	12	0	0	3	0	0	0	0	26.103515625	26.103515625	0	0	0	0	90.307617188	90.307617188	0	0	0	0	0	0	0	0	0	0	0	0	0	0	0	0	0	0	0	0	0	0	0	0	0	0	0	0	0	0	0	0	0	0	0	0	0	0	0	0	0	0	0	0	0	0	0	0
1789546955760	59067	2627	7	288	12	0	0	3	0	0	0	0	26.103515625	26.103515625	0	0	0	0	90.307617188	90.307617188	0	0	0	0	0	0	0	0	0	0	0	0	0	0	0	0	0	0	0	0	0	0	0	0	0	0	0	0	0	0	0	0	0	0	0	0	0	0	0	0	0	0	0	0	0	0	0	0
1789546955779	59089	2628	7	288	12	0	0	3	0	0	0	0	26.103515625	26.103515625	0	0	0	0	90.307617188	90.307617188	0	0	0	0	0	0	0	0	0	0	0	0	0	0	0	0	0	0	0	0	0	0	0	0	0	0	0	0	0	0	0	0	0	0	0	0	0	0	0	0	0	0	0	0	0	0	0	0
1789546955807	59111	2629	7	288	12	0	0	3	0	0	0	0	26.103515625	26.103515625	0	0	0	0	90.307617188	90.307617188	0	0	0	0	0	0	0	0	0	0	0	0	0	0	0	0	0	0	0	0	0	0	0	0	0	0	0	0	0	0	0	0	0	0	0	0	0	0	0	0	0	0	0	0	0	0	0	0
1789546955826	59133	2630	7	288	12	0	0	3	0	0	0	0	26.103515625	26.103515625	0	0	0	0	90.307617188	90.307617188	0	0	0	0	0	0	0	0	0	0	0	0	0	0	0	0	0	0	0	0	0	0	0	0	0	0	0	0	0	0	0	0	0	0	0	0	0	0	0	0	0	0	0	0	0	0	0	0
1789546955846	59155	2631	7	288	12	0	0	3	0	0	0	0	26.103515625	26.103515625	0	0	0	0	90.307617188	90.307617188	0	0	0	0	0	0	0	0	0	0	0	0	0	0	0	0	0	0	0	0	0	0	0	0	0	0	0	0	0	0	0	0	0	0	0	0	0	0	0	0	0	0	0	0	0	0	0	0
1789546955866	59177	2632	7	288	12	0	0	3	0	0	0	0	26.103515625	26.103515625	0	0	0	0	90.307617188	90.307617188	0	0	0	0	0	0	0	0	0	0	0	0	0	0	0	0	0	0	0	0	0	0	0	0	0	0	0	0	0	0	0	0	0	0	0	0	0	0	0	0	0	0	0	0	0	0	0	0
1789546955892	59199	2633	7	288	12	0	0	3	0	0	0	0	26.103515625	26.103515625	0	0	0	0	90.307617188	90.307617188	0	0	0	0	0	0	0	0	0	0	0	0	0	0	0	0	0	0	0	0	0	0	0	0	0	0	0	0	0	0	0	0	0	0	0	0	0	0	0	0	0	0	0	0	0	0	0	0
1789546955912	59221	2634	7	288	12	0	0	3	0	0	0	0	26.103515625	26.103515625	0	0	0	0	90.307617188	90.307617188	0	0	0	0	0	0	0	0	0	0	0	0	0	0	0	0	0	0	0	0	0	0	0	0	0	0	0	0	0	0	0	0	0	0	0	0	0	0	0	0	0	0	0	0	0	0	0	0
1789546955939	59243	2635	7	288	12	0	0	3	0	0	0	0	26.103515625	26.103515625	0	0	0	0	90.307617188	90.307617188	0	0	0	0	0	0	0	0	0	0	0	0	0	0	0	0	0	0	0	0	0	0	0	0	0	0	0	0	0	0	0	0	0	0	0	0	0	0	0	0	0	0	0	0	0	0	0	0
1789546955958	59265	2636	7	288	12	0	0	3	0	0	0	0	26.103515625	26.103515625	0	0	0	0	90.307617188	90.307617188	0	0	0	0	0	0	0	0	0	0	0	0	0	0	0	0	0	0	0	0	0	0	0	0	0	0	0	0	0	0	0	0	0	0	0	0	0	0	0	0	0	0	0	0	0	0	0	0
1789546955978	59287	2637	7	288	12	0	0	3	0	0	0	0	26.103515625	26.103515625	0	0	0	0	90.307617188	90.307617188	0	0	0	0	0	0	0	0	0	0	0	0	0	0	0	0	0	0	0	0	0	0	0	0	0	0	0	0	0	0	0	0	0	0	0	0	0	0	0	0	0	0	0	0	0	0	0	0
1789546955998	59309	2638	7	288	12	0	0	3	0	0	0	0	26.103515625	26.103515625	0	0	0	0	90.307617188	90.307617188	0	0	0	0	0	0	0	0	0	0	0	0	0	0	0	0	0	0	0	0	0	0	0	0	0	0	0	0	0	0	0	0	0	0	0	0	0	0	0	0	0	0	0	0	0	0	0	0
1789546956024	59331	2639	7	288	12	0	0	3	0	0	0	0	26.103515625	26.103515625	0	0	0	0	90.307617188	90.307617188	0	0	0	0	0	0	0	0	0	0	0	0	0	0	0	0	0	0	0	0	0	0	0	0	0	0	0	0	0	0	0	0	0	0	0	0	0	0	0	0	0	0	0	0	0	0	0	0
1789546956044	59353	2640	7	288	12	0	0	3	0	0	0	0	26.103515625	26.103515625	0	0	0	0	90.307617188	90.307617188	0	0	0	0	0	0	0	0	0	0	0	0	0	0	0	0	0	0	0	0	0	0	0	0	0	0	0	0	0	0	0	0	0	0	0	0	0	0	0	0	0	0	0	0	0	0	0	0
1789546956064	59375	2641	7	288	12	0	0	3	0	0	0	0	26.103515625	26.103515625	0	0	0	0	90.307617188	90.307617188	0	0	0	0	0	0	0	0	0	0	0	0	0	0	0	0	0	0	0	0	0	0	0	0	0	0	0	0	0	0	0	0	0	0	0	0	0	0	0	0	0	0	0	0	0	0	0	0
1789546956091	59397	2642	7	288	12	0	0	3	0	0	0	0	26.103515625	26.103515625	0	0	0	0	90.307617188	90.307617188	0	0	0	0	0	0	0	0	0	0	0	0	0	0	0	0	0	0	0	0	0	0	0	0	0	0	0	0	0	0	0	0	0	0	0	0	0	0	0	0	0	0	0	0	0	0	0	0
1789546956110	59419	2643	7	288	12	0	0	3	0	0	0	0	26.103515625	26.103515625	0	0	0	0	90.307617188	90.307617188	0	0	0	0	0	0	0	0	0	0	0	0	0	0	0	0	0	0	0	0	0	0	0	0	0	0	0	0	0	0	0	0	0	0	0	0	0	0	0	0	0	0	0	0	0	0	0	0
1789546956130	59441	2644	7	288	12	0	0	3	0	0	0	0	26.103515625	26.103515625	0	0	0	0	90.307617188	90.307617188	0	0	0	0	0	0	0	0	0	0	0	0	0	0	0	0	0	0	0	0	0	0	0	0	0	0	0	0	0	0	0	0	0	0	0	0	0	0	0	0	0	0	0	0	0	0	0	0
1789546956156	59463	2645	7	288	12	0	0	3	0	0	0	0	26.103515625	26.103515625	0	0	0	0	90.307617188	90.307617188	0	0	0	0	0	0	0	0	0	0	0	0	0	0	0	0	0	0	0	0	0	0	0	0	0	0	0	0	0	0	0	0	0	0	0	0	0	0	0	0	0	0	0	0	0	0	0	0
1789546956176	59485	2646	7	288	12	0	0	3	0	0	0	0	26.103515625	26.103515625	0	0	0	0	90.307617188	90.307617188	0	0	0	0	0	0	0	0	0	0	0	0	0	0	0	0	0	0	0	0	0	0	0	0	0	0	0	0	0	0	0	0	0	0	0	0	0	0	0	0	0	0	0	0	0	0	0	0
1789546956196	59507	2647	7	288	12	0	0	3	0	0	0	0	26.103515625	26.103515625	0	0	0	0	90.307617188	90.307617188	0	0	0	0	0	0	0	0	0	0	0	0	0	0	0	0	0	0	0	0	0	0	0	0	0	0	0	0	0	0	0	0	0	0	0	0	0	0	0	0	0	0	0	0	0	0	0	0
1789546956222	59529	2648	7	288	12	0	0	3	0	0	0	0	26.103515625	26.103515625	0	0	0	0	90.307617188	90.307617188	0	0	0	0	0	0	0	0	0	0	0	0	0	0	0	0	0	0	0	0	0	0	0	0	0	0	0	0	0	0	0	0	0	0	0	0	0	0	0	0	0	0	0	0	0	0	0	0
1789546956242	59551	2649	7	288	12	0	0	3	0	0	0	0	26.103515625	26.103515625	0	0	0	0	90.307617188	90.307617188	0	0	0	0	0	0	0	0	0	0	0	0	0	0	0	0	0	0	0	0	0	0	0	0	0	0	0	0	0	0	0	0	0	0	0	0	0	0	0	0	0	0	0	0	0	0	0	0
1789546956262	59573	2650	7	288	12	0	0	3	0	0	0	0	26.103515625	26.103515625	0	0	0	0	90.307617188	90.307617188	0	0	0	0	0	0	0	0	0	0	0	0	0	0	0	0	0	0	0	0	0	0	0	0	0	0	0	0	0	0	0	0	0	0	0	0	0	0	0	0	0	0	0	0	0	0	0	0
1789546956288	59595	2651	7	288	12	0	0	3	0	0	0	0	26.103515625	26.103515625	0	0	0	0	90.307617188	90.307617188	0	0	0	0	0	0	0	0	0	0	0	0	0	0	0	0	0	0	0	0	0	0	0	0	0	0	0	0	0	0	0	0	0	0	0	0	0	0	0	0	0	0	0	0	0	0	0	0
1789546956308	59617	2652	7	288	12	0	0	3	0	0	0	0	26.103515625	26.103515625	0	0	0	0	90.307617188	90.307617188	0	0	0	0	0	0	0	0	0	0	0	0	0	0	0	0	0	0	0	0	0	0	0	0	0	0	0	0	0	0	0	0	0	0	0	0	0	0	0	0	0	0	0	0	0	0	0	0
1789546956328	59639	2653	7	288	12	0	0	3	0	0	0	0	26.103515625	26.103515625	0	0	0	0	90.307617188	90.307617188	0	0	0	0	0	0	0	0	0	0	0	0	0	0	0	0	0	0	0	0	0	0	0	0	0	0	0	0	0	0	0	0	0	0	0	0	0	0	0	0	0	0	0	0	0	0	0	0
1789546956354	59661	2654	7	288	12	0	0	3	0	0	0	0	26.103515625	26.103515625	0	0	0	0	90.307617188	90.307617188	0	0	0	0	0	0	0	0	0	0	0	0	0	0	0	0	0	0	0	0	0	0	0	0	0	0	0	0	0	0	0	0	0	0	0	0	0	0	0	0	0	0	0	0	0	0	0	0
1789546956374	59683	2655	7	288	12	0	0	3	0	0	0	0	26.103515625	26.103515625	0	0	0	0	90.307617188	90.307617188	0	0	0	0	0	0	0	0	0	0	0	0	0	0	0	0	0	0	0	0	0	0	0	0	0	0	0	0	0	0	0	0	0	0	0	0	0	0	0	0	0	0	0	0	0	0	0	0
1789546956394	59705	2656	7	288	12	0	0	3	0	0	0	0	26.103515625	26.103515625	0	0	0	0	90.307617188	90.307617188	0	0	0	0	0	0	0	0	0	0	0	0	0	0	0	0	0	0	0	0	0	0	0	0	0	0	0	0	0	0	0	0	0	0	0	0	0	0	0	0	0	0	0	0	0	0	0	0
1789546956420	59727	2657	7	288	12	0	0	3	0	0	0	0	26.103515625	26.103515625	0	0	0	0	90.307617188	90.307617188	0	0	0	0	0	0	0	0	0	0	0	0	0	0	0	0	0	0	0	0	0	0	0	0	0	0	0	0	0	0	0	0	0	0	0	0	0	0	0	0	0	0	0	0	0	0	0	0
1789546956440	59749	2658	7	288	12	0	0	3	0	0	0	0	26.103515625	26.103515625	0	0	0	0	90.307617188	90.307617188	0	0	0	0	0	0	0	0	0	0	0	0	0	0	0	0	0	0	0	0	0	0	0	0	0	0	0	0	0	0	0	0	0	0	0	0	0	0	0	0	0	0	0	0	0	0	0	0
1789546956460	59771	2659	7	288	12	0	0	3	0	0	0	0	26.103515625	26.103515625	0	0	0	0	90.307617188	90.307617188	0	0	0	0	0	0	0	0	0	0	0	0	0	0	0	0	0	0	0	0	0	0	0	0	0	0	0	0	0	0	0	0	0	0	0	0	0	0	0	0	0	0	0	0	0	0	0	0
1789546956486	59793	2660	7	288	12	0	0	3	0	0	0	0	26.103515625	26.103515625	0	0	0	0	90.307617188	90.307617188	0	0	0	0	0	0	0	0	0	0	0	0	0	0	0	0	0	0	0	0	0	0	0	0	0	0	0	0	0	0	0	0	0	0	0	0	0	0	0	0	0	0	0	0	0	0	0	0
1789546956506	59815	2661	7	288	12	0	0	3	0	0	0	0	26.103515625	26.103515625	0	0	0	0	90.307617188	90.307617188	0	0	0	0	0	0	0	0	0	0	0	0	0	0	0	0	0	0	0	0	0	0	0	0	0	0	0	0	0	0	0	0	0	0	0	0	0	0	0	0	0	0	0	0	0	0	0	0
1789546956526	59837	2662	7	288	12	0	0	3	0	0	0	0	26.103515625	26.103515625	0	0	0	0	90.307617188	90.307617188	0	0	0	0	0	0	0	0	0	0	0	0	0	0	0	0	0	0	0	0	0	0	0	0	0	0	0	0	0	0	0	0	0	0	0	0	0	0	0	0	0	0	0	0	0	0	0	0
1789546956553	59859	2663	7	288	12	0	0	3	0	0	0	0	26.103515625	26.103515625	0	0	0	0	90.307617188	90.307617188	0	0	0	0	0	0	0	0	0	0	0	0	0	0	0	0	0	0	0	0	0	0	0	0	0	0	0	0	0	0	0	0	0	0	0	0	0	0	0	0	0	0	0	0	0	0	0	0
1789546956573	59881	2664	7	288	12	0	0	3	0	0	0	0	26.103515625	26.103515625	0	0	0	0	90.307617188	90.307617188	0	0	0	0	0	0	0	0	0	0	0	0	0	0	0	0	0	0	0	0	0	0	0	0	0	0	0	0	0	0	0	0	0	0	0	0	0	0	0	0	0	0	0	0	0	0	0	0
1789546956592	59903	2665	7	288	12	0	0	3	0	0	0	0	26.103515625	26.103515625	0	0	0	0	90.307617188	90.307617188	0	0	0	0	0	0	0	0	0	0	0	0	0	0	0	0	0	0	0	0	0	0	0	0	0	0	0	0	0	0	0	0	0	0	0	0	0	0	0	0	0	0	0	0	0	0	0	0
1789546956619	59925	2666	7	288	12	0	0	3	0	0	0	0	26.103515625	26.103515625	0	0	0	0	90.307617188	90.307617188	0	0	0	0	0	0	0	0	0	0	0	0	0	0	0	0	0	0	0	0	0	0	0	0	0	0	0	0	0	0	0	0	0	0	0	0	0	0	0	0	0	0	0	0	0	0	0	0
1789546956639	59947	2667	7	288	12	0	0	3	0	0	0	0	26.103515625	26.103515625	0	0	0	0	90.307617188	90.307617188	0	0	0	0	0	0	0	0	0	0	0	0	0	0	0	0	0	0	0	0	0	0	0	0	0	0	0	0	0	0	0	0	0	0	0	0	0	0	0	0	0	0	0	0	0	0	0	0
1789546956659	59969	2668	7	288	12	0	0	3	0	0	0	0	26.103515625	26.103515625	0	0	0	0	90.307617188	90.307617188	0	0	0	0	0	0	0	0	0	0	0	0	0	0	0	0	0	0	0	0	0	0	0	0	0	0	0	0	0	0	0	0	0	0	0	0	0	0	0	0	0	0	0	0	0	0	0	0
1789546956685	59991	2669	7	288	12	0	0	3	0	0	0	0	26.103515625	26.103515625	0	0	0	0	90.307617188	90.307617188	0	0	0	0	0	0	0	0	0	0	0	0	0	0	0	0	0	0	0	0	0	0	0	0	0	0	0	0	0	0	0	0	0	0	0	0	0	0	0	0	0	0	0	0	0	0	0	0
1789546956705	60013	2670	7	288	12	0	0	3	0	0	0	0	26.103515625	26.103515625	0	0	0	0	90.307617188	90.307617188	0	0	0	0	0	0	0	0	0	0	0	0	0	0	0	0	0	0	0	0	0	0	0	0	0	0	0	0	0	0	0	0	0	0	0	0	0	0	0	0	0	0	0	0	0	0	0	0
1789546956726	60035	2671	7	288	12	0	0	3	0	0	0	0	26.103515625	26.103515625	0	0	0	0	90.307617188	90.307617188	0	0	0	0	0	0	0	0	0	0	0	0	0	0	0	0	0	0	0	0	0	0	0	0	0	0	0	0	0	0	0	0	0	0	0	0	0	0	0	0	0	0	0	0	0	0	0	0
1789546956746	60057	2672	7	288	12	0	0	3	0	0	0	0	26.103515625	26.103515625	0	0	0	0	90.307617188	90.307617188	0	0	0	0	0	0	0	0	0	0	0	0	0	0	0	0	0	0	0	0	0	0	0	0	0	0	0	0	0	0	0	0	0	0	0	0	0	0	0	0	0	0	0	0	0	0	0	0
1789546956772	60079	2673	7	288	12	0	0	3	0	0	0	0	26.103515625	26.103515625	0	0	0	0	90.307617188	90.307617188	0	0	0	0	0	0	0	0	0	0	0	0	0	0	0	0	0	0	0	0	0	0	0	0	0	0	0	0	0	0	0	0	0	0	0	0	0	0	0	0	0	0	0	0	0	0	0	0
1789546956792	60101	2674	7	288	12	0	0	3	0	0	0	0	26.103515625	26.103515625	0	0	0	0	90.307617188	90.307617188	0	0	0	0	0	0	0	0	0	0	0	0	0	0	0	0	0	0	0	0	0	0	0	0	0	0	0	0	0	0	0	0	0	0	0	0	0	0	0	0	0	0	0	0	0	0	0	0
1789546956818	60123	2675	7	288	12	0	0	3	0	0	0	0	26.103515625	26.103515625	0	0	0	0	90.307617188	90.307617188	0	0	0	0	0	0	0	0	0	0	0	0	0	0	0	0	0	0	0	0	0	0	0	0	0	0	0	0	0	0	0	0	0	0	0	0	0	0	0	0	0	0	0	0	0	0	0	0
1789546956838	60145	2676	7	288	12	0	0	3	0	0	0	0	26.103515625	26.103515625	0	0	0	0	90.307617188	90.307617188	0	0	0	0	0	0	0	0	0	0	0	0	0	0	0	0	0	0	0	0	0	0	0	0	0	0	0	0	0	0	0	0	0	0	0	0	0	0	0	0	0	0	0	0	0	0	0	0
1789546956858	60167	2677	7	288	12	0	0	3	0	0	0	0	26.103515625	26.103515625	0	0	0	0	90.307617188	90.307617188	0	0	0	0	0	0	0	0	0	0	0	0	0	0	0	0	0	0	0	0	0	0	0	0	0	0	0	0	0	0	0	0	0	0	0	0	0	0	0	0	0	0	0	0	0	0	0	0
1789546956878	60189	2678	7	288	12	0	0	3	0	0	0	0	26.103515625	26.103515625	0	0	0	0	90.307617188	90.307617188	0	0	0	0	0	0	0	0	0	0	0	0	0	0	0	0	0	0	0	0	0	0	0	0	0	0	0	0	0	0	0	0	0	0	0	0	0	0	0	0	0	0	0	0	0	0	0	0
1789546956904	60211	2679	7	288	12	0	0	3	0	0	0	0	26.103515625	26.103515625	0	0	0	0	90.307617188	90.307617188	0	0	0	0	0	0	0	0	0	0	0	0	0	0	0	0	0	0	0	0	0	0	0	0	0	0	0	0	0	0	0	0	0	0	0	0	0	0	0	0	0	0	0	0	0	0	0	0
1789546956924	60233	2680	7	288	12	0	0	3	0	0	0	0	26.103515625	26.103515625	0	0	0	0	90.307617188	90.307617188	0	0	0	0	0	0	0	0	0	0	0	0	0	0	0	0	0	0	0	0	0	0	0	0	0	0	0	0	0	0	0	0	0	0	0	0	0	0	0	0	0	0	0	0	0	0	0	0
1789546956944	60255	2681	7	288	12	0	0	3	0	0	0	0	26.147460938	26.147460938	0	0	0	0	90.307617188	90.307617188	0	0	0	0	0	0	0	0	0	0	0	0	0	0	0	0	0	0	0	0	0	0	0	0	0	0	0	0	0	0	0	0	0	0	0	0	0	0	0	0	0	0	0	0	0	0	0	0
1789546956970	60277	2682	7	288	12	0	0	3	0	0	0	0	26.103515625	26.103515625	0	0	0	0	90.307617188	90.307617188	0	0	0	0	0	0	0	0	0	0	0	0	0	0	0	0	0	0	0	0	0	0	0	0	0	0	0	0	0	0	0	0	0	0	0	0	0	0	0	0	0	0	0	0	0	0	0	0
1789546956990	60299	2683	7	288	12	0	0	3	0	0	0	0	26.103515625	26.103515625	0	0	0	0	90.307617188	90.307617188	0	0	0	0	0	0	0	0	0	0	0	0	0	0	0	0	0	0	0	0	0	0	0	0	0	0	0	0	0	0	0	0	0	0	0	0	0	0	0	0	0	0	0	0	0	0	0	0
1789546957010	60321	2684	7	288	12	0	0	3	0	0	0	0	26.103515625	26.103515625	0	0	0	0	90.307617188	90.307617188	0	0	0	0	0	0	0	0	0	0	0	0	0	0	0	0	0	0	0	0	0	0	0	0	0	0	0	0	0	0	0	0	0	0	0	0	0	0	0	0	0	0	0	0	0	0	0	0
1789546957037	60343	2685	7	288	12	0	0	3	0	0	0	0	26.103515625	26.103515625	0	0	0	0	90.3515625	90.3515625	0	0	0	0	0	0	0	0	0	0	0	0	0	0	0	0	0	0	0	0	0	0	0	0	0	0	0	0	0	0	0	0	0	0	0	0	0	0	0	0	0	0	0	0	0	0	0	0
1789546957056	60365	2686	7	288	12	0	0	3	0	0	0	0	26.103515625	26.103515625	0	0	0	0	90.307617188	90.307617188	0	0	0	0	0	0	0	0	0	0	0	0	0	0	0	0	0	0	0	0	0	0	0	0	0	0	0	0	0	0	0	0	0	0	0	0	0	0	0	0	0	0	0	0	0	0	0	0
1789546957076	60387	2687	7	288	12	0	0	3	0	0	0	0	26.103515625	26.103515625	0	0	0	0	90.307617188	90.307617188	0	0	0	0	0	0	0	0	0	0	0	0	0	0	0	0	0	0	0	0	0	0	0	0	0	0	0	0	0	0	0	0	0	0	0	0	0	0	0	0	0	0	0	0	0	0	0	0
1789546957103	60409	2688	7	288	12	0	0	3	0	0	0	0	26.103515625	26.103515625	0	0	0	0	90.307617188	90.307617188	0	0	0	0	0	0	0	0	0	0	0	0	0	0	0	0	0	0	0	0	0	0	0	0	0	0	0	0	0	0	0	0	0	0	0	0	0	0	0	0	0	0	0	0	0	0	0	0
1789546957123	60431	2689	7	288	12	0	0	3	0	0	0	0	26.103515625	26.103515625	0	0	0	0	90.307617188	90.307617188	0	0	0	0	0	0	0	0	0	0	0	0	0	0	0	0	0	0	0	0	0	0	0	0	0	0	0	0	0	0	0	0	0	0	0	0	0	0	0	0	0	0	0	0	0	0	0	0
1789546957143	60453	2690	7	288	12	0	0	3	0	0	0	0	26.103515625	26.103515625	0	0	0	0	90.307617188	90.307617188	0	0	0	0	0	0	0	0	0	0	0	0	0	0	0	0	0	0	0	0	0	0	0	0	0	0	0	0	0	0	0	0	0	0	0	0	0	0	0	0	0	0	0	0	0	0	0	0
1789546957169	60475	2691	7	288	12	0	0	3	0	0	0	0	26.103515625	26.103515625	0	0	0	0	90.307617188	90.307617188	0	0	0	0	0	0	0	0	0	0	0	0	0	0	0	0	0	0	0	0	0	0	0	0	0	0	0	0	0	0	0	0	0	0	0	0	0	0	0	0	0	0	0	0	0	0	0	0
1789546957189	60497	2692	7	288	12	0	0	3	0	0	0	0	26.103515625	26.103515625	0	0	0	0	90.307617188	90.307617188	0	0	0	0	0	0	0	0	0	0	0	0	0	0	0	0	0	0	0	0	0	0	0	0	0	0	0	0	0	0	0	0	0	0	0	0	0	0	0	0	0	0	0	0	0	0	0	0
1789546957209	60519	2693	7	288	12	0	0	3	0	0	0	0	26.103515625	26.103515625	0	0	0	0	90.307617188	90.307617188	0	0	0	0	0	0	0	0	0	0	0	0	0	0	0	0	0	0	0	0	0	0	0	0	0	0	0	0	0	0	0	0	0	0	0	0	0	0	0	0	0	0	0	0	0	0	0	0
1789546957235	60541	2694	7	288	12	0	0	3	0	0	0	0	26.103515625	26.103515625	0	0	0	0	90.307617188	90.307617188	0	0	0	0	0	0	0	0	0	0	0	0	0	0	0	0	0	0	0	0	0	0	0	0	0	0	0	0	0	0	0	0	0	0	0	0	0	0	0	0	0	0	0	0	0	0	0	0
1789546957255	60563	2695	7	288	12	0	0	3	0	0	0	0	26.103515625	26.103515625	0	0	0	0	90.307617188	90.307617188	0	0	0	0	0	0	0	0	0	0	0	0	0	0	0	0	0	0	0	0	0	0	0	0	0	0	0	0	0	0	0	0	0	0	0	0	0	0	0	0	0	0	0	0	0	0	0	0
1789546957275	60585	2696	7	288	12	0	0	3	0	0	0	0	26.103515625	26.103515625	0	0	0	0	90.307617188	90.307617188	0	0	0	0	0	0	0	0	0	0	0	0	0	0	0	0	0	0	0	0	0	0	0	0	0	0	0	0	0	0	0	0	0	0	0	0	0	0	0	0	0	0	0	0	0	0	0	0
1789546957302	60607	2697	7	288	12	0	0	3	0	0	0	0	26.103515625	26.103515625	0	0	0	0	90.307617188	90.307617188	0	0	0	0	0	0	0	0	0	0	0	0	0	0	0	0	0	0	0	0	0	0	0	0	0	0	0	0	0	0	0	0	0	0	0	0	0	0	0	0	0	0	0	0	0	0	0	0
1789546957321	60629	2698	7	288	12	0	0	3	0	0	0	0	26.103515625	26.103515625	0	0	0	0	90.307617188	90.307617188	0	0	0	0	0	0	0	0	0	0	0	0	0	0	0	0	0	0	0	0	0	0	0	0	0	0	0	0	0	0	0	0	0	0	0	0	0	0	0	0	0	0	0	0	0	0	0	0
1789546957341	60651	2699	7	288	12	0	0	3	0	0	0	0	26.103515625	26.103515625	0	0	0	0	90.307617188	90.307617188	0	0	0	0	0	0	0	0	0	0	0	0	0	0	0	0	0	0	0	0	0	0	0	0	0	0	0	0	0	0	0	0	0	0	0	0	0	0	0	0	0	0	0	0	0	0	0	0
1789546957367	60673	2700	7	288	12	0	0	3	0	0	0	0	26.103515625	26.103515625	0	0	0	0	90.307617188	90.307617188	0	0	0	0	0	0	0	0	0	0	0	0	0	0	0	0	0	0	0	0	0	0	0	0	0	0	0	0	0	0	0	0	0	0	0	0	0	0	0	0	0	0	0	0	0	0	0	0
1789546957387	60695	2701	7	288	12	0	0	3	0	0	0	0	26.103515625	26.103515625	0	0	0	0	90.307617188	90.307617188	0	0	0	0	0	0	0	0	0	0	0	0	0	0	0	0	0	0	0	0	0	0	0	0	0	0	0	0	0	0	0	0	0	0	0	0	0	0	0	0	0	0	0	0	0	0	0	0
1789546957407	60717	2702	7	288	12	0	0	3	0	0	0	0	26.103515625	26.103515625	0	0	0	0	90.307617188	90.307617188	0	0	0	0	0	0	0	0	0	0	0	0	0	0	0	0	0	0	0	0	0	0	0	0	0	0	0	0	0	0	0	0	0	0	0	0	0	0	0	0	0	0	0	0	0	0	0	0
1789546957433	60739	2703	7	288	12	0	0	3	0	0	0	0	26.103515625	26.103515625	0	0	0	0	90.307617188	90.307617188	0	0	0	0	0	0	0	0	0	0	0	0	0	0	0	0	0	0	0	0	0	0	0	0	0	0	0	0	0	0	0	0	0	0	0	0	0	0	0	0	0	0	0	0	0	0	0	0
1789546957454	60761	2704	7	288	12	0	0	3	0	0	0	0	26.103515625	26.103515625	0	0	0	0	90.307617188	90.307617188	0	0	0	0	0	0	0	0	0	0	0	0	0	0	0	0	0	0	0	0	0	0	0	0	0	0	0	0	0	0	0	0	0	0	0	0	0	0	0	0	0	0	0	0	0	0	0	0
1789546957473	60783	2705	7	288	12	0	0	3	0	0	0	0	26.103515625	26.103515625	0	0	0	0	90.307617188	90.307617188	0	0	0	0	0	0	0	0	0	0	0	0	0	0	0	0	0	0	0	0	0	0	0	0	0	0	0	0	0	0	0	0	0	0	0	0	0	0	0	0	0	0	0	0	0	0	0	0
1789546957500	60805	2706	7	288	12	0	0	3	0	0	0	0	26.103515625	26.103515625	0	0	0	0	90.307617188	90.307617188	0	0	0	0	0	0	0	0	0	0	0	0	0	0	0	0	0	0	0	0	0	0	0	0	0	0	0	0	0	0	0	0	0	0	0	0	0	0	0	0	0	0	0	0	0	0	0	0
1789546957520	60827	2707	7	288	12	0	0	3	0	0	0	0	26.103515625	26.103515625	0	0	0	0	90.307617188	90.307617188	0	0	0	0	0	0	0	0	0	0	0	0	0	0	0	0	0	0	0	0	0	0	0	0	0	0	0	0	0	0	0	0	0	0	0	0	0	0	0	0	0	0	0	0	0	0	0	0
1789546957539	60849	2708	7	288	12	0	0	3	0	0	0	0	26.103515625	26.103515625	0	0	0	0	90.307617188	90.307617188	0	0	0	0	0	0	0	0	0	0	0	0	0	0	0	0	0	0	0	0	0	0	0	0	0	0	0	0	0	0	0	0	0	0	0	0	0	0	0	0	0	0	0	0	0	0	0	0
1789546957566	60871	2709	7	288	12	0	0	3	0	0	0	0	26.103515625	26.103515625	0	0	0	0	90.307617188	90.307617188	0	0	0	0	0	0	0	0	0	0	0	0	0	0	0	0	0	0	0	0	0	0	0	0	0	0	0	0	0	0	0	0	0	0	0	0	0	0	0	0	0	0	0	0	0	0	0	0
1789546957586	60893	2710	7	288	12	0	0	3	0	0	0	0	26.103515625	26.103515625	0	0	0	0	90.307617188	90.307617188	0	0	0	0	0	0	0	0	0	0	0	0	0	0	0	0	0	0	0	0	0	0	0	0	0	0	0	0	0	0	0	0	0	0	0	0	0	0	0	0	0	0	0	0	0	0	0	0
1789546957606	60915	2711	7	288	12	0	0	3	0	0	0	0	26.103515625	26.103515625	0	0	0	0	90.307617188	90.307617188	0	0	0	0	0	0	0	0	0	0	0	0	0	0	0	0	0	0	0	0	0	0	0	0	0	0	0	0	0	0	0	0	0	0	0	0	0	0	0	0	0	0	0	0	0	0	0	0
1789546957626	60937	2712	7	288	12	0	0	3	0	0	0	0	26.103515625	26.103515625	0	0	0	0	90.307617188	90.307617188	0	0	0	0	0	0	0	0	0	0	0	0	0	0	0	0	0	0	0	0	0	0	0	0	0	0	0	0	0	0	0	0	0	0	0	0	0	0	0	0	0	0	0	0	0	0	0	0
1789546957652	60959	2713	7	288	12	0	0	3	0	0	0	0	26.103515625	26.103515625	0	0	0	0	90.307617188	90.307617188	0	0	0	0	0	0	0	0	0	0	0	0	0	0	0	0	0	0	0	0	0	0	0	0	0	0	0	0	0	0	0	0	0	0	0	0	0	0	0	0	0	0	0	0	0	0	0	0
1789546957672	60981	2714	7	288	12	0	0	3	0	0	0	0	26.103515625	26.103515625	0	0	0	0	90.307617188	90.307617188	0	0	0	0	0	0	0	0	0	0	0	0	0	0	0	0	0	0	0	0	0	0	0	0	0	0	0	0	0	0	0	0	0	0	0	0	0	0	0	0	0	0	0	0	0	0	0	0
1789546957692	61003	2715	7	288	12	0	0	3	0	0	0	0	26.103515625	26.103515625	0	0	0	0	90.307617188	90.307617188	0	0	0	0	0	0	0	0	0	0	0	0	0	0	0	0	0	0	0	0	0	0	0	0	0	0	0	0	0	0	0	0	0	0	0	0	0	0	0	0	0	0	0	0	0	0	0	0
1789546957718	61025	2716	7	288	12	0	0	3	0	0	0	0	26.103515625	26.103515625	0	0	0	0	90.307617188	90.307617188	0	0	0	0	0	0	0	0	0	0	0	0	0	0	0	0	0	0	0	0	0	0	0	0	0	0	0	0	0	0	0	0	0	0	0	0	0	0	0	0	0	0	0	0	0	0	0	0
1789546957738	61047	2717	7	288	12	0	0	3	0	0	0	0	26.103515625	26.103515625	0	0	0	0	90.307617188	90.307617188	0	0	0	0	0	0	0	0	0	0	0	0	0	0	0	0	0	0	0	0	0	0	0	0	0	0	0	0	0	0	0	0	0	0	0	0	0	0	0	0	0	0	0	0	0	0	0	0
1789546957758	61069	2718	7	288	12	0	0	3	0	0	0	0	26.103515625	26.103515625	0	0	0	0	90.307617188	90.307617188	0	0	0	0	0	0	0	0	0	0	0	0	0	0	0	0	0	0	0	0	0	0	0	0	0	0	0	0	0	0	0	0	0	0	0	0	0	0	0	0	0	0	0	0	0	0	0	0
1789546957784	61091	2719	7	288	12	0	0	3	0	0	0	0	26.103515625	26.103515625	0	0	0	0	90.307617188	90.307617188	0	0	0	0	0	0	0	0	0	0	0	0	0	0	0	0	0	0	0	0	0	0	0	0	0	0	0	0	0	0	0	0	0	0	0	0	0	0	0	0	0	0	0	0	0	0	0	0
1789546957805	61113	2720	7	288	12	0	0	3	0	0	0	0	26.103515625	26.103515625	0	0	0	0	90.307617188	90.307617188	0	0	0	0	0	0	0	0	0	0	0	0	0	0	0	0	0	0	0	0	0	0	0	0	0	0	0	0	0	0	0	0	0	0	0	0	0	0	0	0	0	0	0	0	0	0	0	0
1789546957824	61135	2721	7	288	12	0	0	3	0	0	0	0	26.103515625	26.103515625	0	0	0	0	90.307617188	90.307617188	0	0	0	0	0	0	0	0	0	0	0	0	0	0	0	0	0	0	0	0	0	0	0	0	0	0	0	0	0	0	0	0	0	0	0	0	0	0	0	0	0	0	0	0	0	0	0	0
1789546957851	61157	2722	7	288	12	0	0	3	0	0	0	0	26.103515625	26.103515625	0	0	0	0	90.307617188	90.307617188	0	0	0	0	0	0	0	0	0	0	0	0	0	0	0	0	0	0	0	0	0	0	0	0	0	0	0	0	0	0	0	0	0	0	0	0	0	0	0	0	0	0	0	0	0	0	0	0
1789546957871	61179	2723	7	288	12	0	0	3	0	0	0	0	26.103515625	26.103515625	0	0	0	0	90.307617188	90.307617188	0	0	0	0	0	0	0	0	0	0	0	0	0	0	0	0	0	0	0	0	0	0	0	0	0	0	0	0	0	0	0	0	0	0	0	0	0	0	0	0	0	0	0	0	0	0	0	0
1789546957891	61201	2724	7	288	12	0	0	3	0	0	0	0	26.103515625	26.103515625	0	0	0	0	90.307617188	90.307617188	0	0	0	0	0	0	0	0	0	0	0	0	0	0	0	0	0	0	0	0	0	0	0	0	0	0	0	0	0	0	0	0	0	0	0	0	0	0	0	0	0	0	0	0	0	0	0	0
1789546957918	61223	2725	7	288	12	0	0	3	0	0	0	0	26.103515625	26.103515625	0	0	0	0	90.307617188	90.307617188	0	0	0	0	0	0	0	0	0	0	0	0	0	0	0	0	0	0	0	0	0	0	0	0	0	0	0	0	0	0	0	0	0	0	0	0	0	0	0	0	0	0	0	0	0	0	0	0
1789546957937	61245	2726	7	288	12	0	0	3	0	0	0	0	26.103515625	26.103515625	0	0	0	0	90.307617188	90.307617188	0	0	0	0	0	0	0	0	0	0	0	0	0	0	0	0	0	0	0	0	0	0	0	0	0	0	0	0	0	0	0	0	0	0	0	0	0	0	0	0	0	0	0	0	0	0	0	0
1789546957957	61267	2727	7	288	12	0	0	3	0	0	0	0	26.103515625	26.103515625	0	0	0	0	90.307617188	90.307617188	0	0	0	0	0	0	0	0	0	0	0	0	0	0	0	0	0	0	0	0	0	0	0	0	0	0	0	0	0	0	0	0	0	0	0	0	0	0	0	0	0	0	0	0	0	0	0	0
1789546957983	61289	2728	7	288	12	0	0	3	0	0	0	0	26.103515625	26.103515625	0	0	0	0	90.307617188	90.307617188	0	0	0	0	0	0	0	0	0	0	0	0	0	0	0	0	0	0	0	0	0	0	0	0	0	0	0	0	0	0	0	0	0	0	0	0	0	0	0	0	0	0	0	0	0	0	0	0
1789546958003	61311	2729	7	288	12	0	0	3	0	0	0	0	26.103515625	26.103515625	0	0	0	0	90.307617188	90.307617188	0	0	0	0	0	0	0	0	0	0	0	0	0	0	0	0	0	0	0	0	0	0	0	0	0	0	0	0	0	0	0	0	0	0	0	0	0	0	0	0	0	0	0	0	0	0	0	0
1789546958023	61333	2730	7	288	12	0	0	3	0	0	0	0	26.103515625	26.103515625	0	0	0	0	90.307617188	90.307617188	0	0	0	0	0	0	0	0	0	0	0	0	0	0	0	0	0	0	0	0	0	0	0	0	0	0	0	0	0	0	0	0	0	0	0	0	0	0	0	0	0	0	0	0	0	0	0	0
1789546958049	61355	2731	7	288	12	0	0	3	0	0	0	0	26.103515625	26.103515625	0	0	0	0	90.307617188	90.307617188	0	0	0	0	0	0	0	0	0	0	0	0	0	0	0	0	0	0	0	0	0	0	0	0	0	0	0	0	0	0	0	0	0	0	0	0	0	0	0	0	0	0	0	0	0	0	0	0
1789546958070	61377	2732	7	288	12	0	0	3	0	0	0	0	26.103515625	26.103515625	0	0	0	0	90.307617188	90.307617188	0	0	0	0	0	0	0	0	0	0	0	0	0	0	0	0	0	0	0	0	0	0	0	0	0	0	0	0	0	0	0	0	0	0	0	0	0	0	0	0	0	0	0	0	0	0	0	0
1789546958090	61399	2733	7	288	12	0	0	3	0	0	0	0	26.103515625	26.103515625	0	0	0	0	90.307617188	90.307617188	0	0	0	0	0	0	0	0	0	0	0	0	0	0	0	0	0	0	0	0	0	0	0	0	0	0	0	0	0	0	0	0	0	0	0	0	0	0	0	0	0	0	0	0	0	0	0	0
1789546958116	61421	2734	7	288	12	0	0	3	0	0	0	0	26.103515625	26.103515625	0	0	0	0	90.307617188	90.307617188	0	0	0	0	0	0	0	0	0	0	0	0	0	0	0	0	0	0	0	0	0	0	0	0	0	0	0	0	0	0	0	0	0	0	0	0	0	0	0	0	0	0	0	0	0	0	0	0
1789546958136	61443	2735	7	288	12	0	0	3	0	0	0	0	26.147460938	26.147460938	0	0	0	0	90.307617188	90.307617188	0	0	0	0	0	0	0	0	0	0	0	0	0	0	0	0	0	0	0	0	0	0	0	0	0	0	0	0	0	0	0	0	0	0	0	0	0	0	0	0	0	0	0	0	0	0	0	0
1789546958155	61465	2736	7	288	12	0	0	3	0	0	0	0	26.103515625	26.103515625	0	0	0	0	90.307617188	90.307617188	0	0	0	0	0	0	0	0	0	0	0	0	0	0	0	0	0	0	0	0	0	0	0	0	0	0	0	0	0	0	0	0	0	0	0	0	0	0	0	0	0	0	0	0	0	0	0	0
1789546958182	61487	2737	7	288	12	0	0	3	0	0	0	0	26.103515625	26.103515625	0	0	0	0	90.307617188	90.307617188	0	0	0	0	0	0	0	0	0	0	0	0	0	0	0	0	0	0	0	0	0	0	0	0	0	0	0	0	0	0	0	0	0	0	0	0	0	0	0	0	0	0	0	0	0	0	0	0
1789546958201	61509	2738	7	288	12	0	0	3	0	0	0	0	26.103515625	26.103515625	0	0	0	0	90.307617188	90.307617188	0	0	0	0	0	0	0	0	0	0	0	0	0	0	0	0	0	0	0	0	0	0	0	0	0	0	0	0	0	0	0	0	0	0	0	0	0	0	0	0	0	0	0	0	0	0	0	0
1789546958222	61531	2739	7	288	12	0	0	3	0	0	0	0	26.103515625	26.103515625	0	0	0	0	90.307617188	90.307617188	0	0	0	0	0	0	0	0	0	0	0	0	0	0	0	0	0	0	0	0	0	0	0	0	0	0	0	0	0	0	0	0	0	0	0	0	0	0	0	0	0	0	0	0	0	0	0	0
1789546958242	61553	2740	7	288	12	0	0	3	0	0	0	0	26.103515625	26.103515625	0	0	0	0	90.307617188	90.307617188	0	0	0	0	0	0	0	0	0	0	0	0	0	0	0	0	0	0	0	0	0	0	0	0	0	0	0	0	0	0	0	0	0	0	0	0	0	0	0	0	0	0	0	0	0	0	0	0
1789546958268	61575	2741	7	288	12	0	0	3	0	0	0	0	26.103515625	26.103515625	0	0	0	0	90.307617188	90.307617188	0	0	0	0	0	0	0	0	0	0	0	0	0	0	0	0	0	0	0	0	0	0	0	0	0	0	0	0	0	0	0	0	0	0	0	0	0	0	0	0	0	0	0	0	0	0	0	0
1789546958288	61597	2742	7	288	12	0	0	3	0	0	0	0	26.103515625	26.103515625	0	0	0	0	90.307617188	90.307617188	0	0	0	0	0	0	0	0	0	0	0	0	0	0	0	0	0	0	0	0	0	0	0	0	0	0	0	0	0	0	0	0	0	0	0	0	0	0	0	0	0	0	0	0	0	0	0	0
1789546958314	61619	2743	7	288	12	0	0	3	0	0	0	0	26.103515625	26.103515625	0	0	0	0	90.307617188	90.307617188	0	0	0	0	0	0	0	0	0	0	0	0	0	0	0	0	0	0	0	0	0	0	0	0	0	0	0	0	0	0	0	0	0	0	0	0	0	0	0	0	0	0	0	0	0	0	0	0
1789546958334	61641	2744	7	288	12	0	0	3	0	0	0	0	26.103515625	26.103515625	0	0	0	0	90.307617188	90.307617188	0	0	0	0	0	0	0	0	0	0	0	0	0	0	0	0	0	0	0	0	0	0	0	0	0	0	0	0	0	0	0	0	0	0	0	0	0	0	0	0	0	0	0	0	0	0	0	0
1789546958355	61663	2745	7	288	12	0	0	3	0	0	0	0	26.103515625	26.103515625	0	0	0	0	90.307617188	90.307617188	0	0	0	0	0	0	0	0	0	0	0	0	0	0	0	0	0	0	0	0	0	0	0	0	0	0	0	0	0	0	0	0	0	0	0	0	0	0	0	0	0	0	0	0	0	0	0	0
1789546958374	61685	2746	7	288	12	0	0	3	0	0	0	0	26.103515625	26.103515625	0	0	0	0	90.307617188	90.307617188	0	0	0	0	0	0	0	0	0	0	0	0	0	0	0	0	0	0	0	0	0	0	0	0	0	0	0	0	0	0	0	0	0	0	0	0	0	0	0	0	0	0	0	0	0	0	0	0
1789546958401	61707	2747	7	288	12	0	0	3	0	0	0	0	26.103515625	26.103515625	0	0	0	0	90.307617188	90.307617188	0	0	0	0	0	0	0	0	0	0	0	0	0	0	0	0	0	0	0	0	0	0	0	0	0	0	0	0	0	0	0	0	0	0	0	0	0	0	0	0	0	0	0	0	0	0	0	0
1789546958421	61729	2748	7	288	12	0	0	3	0	0	0	0	26.103515625	26.103515625	0	0	0	0	90.307617188	90.307617188	0	0	0	0	0	0	0	0	0	0	0	0	0	0	0	0	0	0	0	0	0	0	0	0	0	0	0	0	0	0	0	0	0	0	0	0	0	0	0	0	0	0	0	0	0	0	0	0
1789546958440	61751	2749	7	288	12	0	0	3	0	0	0	0	26.103515625	26.103515625	0	0	0	0	90.307617188	90.307617188	0	0	0	0	0	0	0	0	0	0	0	0	0	0	0	0	0	0	0	0	0	0	0	0	0	0	0	0	0	0	0	0	0	0	0	0	0	0	0	0	0	0	0	0	0	0	0	0
1789546958467	61773	2750	7	288	12	0	0	3	0	0	0	0	26.103515625	26.103515625	0	0	0	0	90.307617188	90.307617188	0	0	0	0	0	0	0	0	0	0	0	0	0	0	0	0	0	0	0	0	0	0	0	0	0	0	0	0	0	0	0	0	0	0	0	0	0	0	0	0	0	0	0	0	0	0	0	0
1789546958486	61795	2751	7	288	12	0	0	3	0	0	0	0	26.103515625	26.103515625	0	0	0	0	90.307617188	90.307617188	0	0	0	0	0	0	0	0	0	0	0	0	0	0	0	0	0	0	0	0	0	0	0	0	0	0	0	0	0	0	0	0	0	0	0	0	0	0	0	0	0	0	0	0	0	0	0	0
1789546958507	61817	2752	7	288	12	0	0	3	0	0	0	0	26.103515625	26.103515625	0	0	0	0	90.307617188	90.307617188	0	0	0	0	0	0	0	0	0	0	0	0	0	0	0	0	0	0	0	0	0	0	0	0	0	0	0	0	0	0	0	0	0	0	0	0	0	0	0	0	0	0	0	0	0	0	0	0
1789546958533	61839	2753	7	288	12	0	0	3	0	0	0	0	26.103515625	26.103515625	0	0	0	0	90.307617188	90.307617188	0	0	0	0	0	0	0	0	0	0	0	0	0	0	0	0	0	0	0	0	0	0	0	0	0	0	0	0	0	0	0	0	0	0	0	0	0	0	0	0	0	0	0	0	0	0	0	0
1789546958553	61861	2754	7	288	12	0	0	3	0	0	0	0	26.103515625	26.103515625	0	0	0	0	90.307617188	90.307617188	0	0	0	0	0	0	0	0	0	0	0	0	0	0	0	0	0	0	0	0	0	0	0	0	0	0	0	0	0	0	0	0	0	0	0	0	0	0	0	0	0	0	0	0	0	0	0	0
1789546958573	61883	2755	7	288	12	0	0	3	0	0	0	0	26.103515625	26.103515625	0	0	0	0	90.307617188	90.307617188	0	0	0	0	0	0	0	0	0	0	0	0	0	0	0	0	0	0	0	0	0	0	0	0	0	0	0	0	0	0	0	0	0	0	0	0	0	0	0	0	0	0	0	0	0	0	0	0
1789546958599	61905	2756	7	288	12	0	0	3	0	0	0	0	26.103515625	26.103515625	0	0	0	0	90.307617188	90.307617188	0	0	0	0	0	0	0	0	0	0	0	0	0	0	0	0	0	0	0	0	0	0	0	0	0	0	0	0	0	0	0	0	0	0	0	0	0	0	0	0	0	0	0	0	0	0	0	0
1789546958619	61927	2757	7	288	12	0	0	3	0	0	0	0	26.103515625	26.103515625	0	0	0	0	90.307617188	90.307617188	0	0	0	0	0	0	0	0	0	0	0	0	0	0	0	0	0	0	0	0	0	0	0	0	0	0	0	0	0	0	0	0	0	0	0	0	0	0	0	0	0	0	0	0	0	0	0	0
1789546958638	61949	2758	7	288	12	0	0	3	0	0	0	0	26.103515625	26.103515625	0	0	0	0	90.307617188	90.307617188	0	0	0	0	0	0	0	0	0	0	0	0	0	0	0	0	0	0	0	0	0	0	0	0	0	0	0	0	0	0	0	0	0	0	0	0	0	0	0	0	0	0	0	0	0	0	0	0
1789546958665	61971	2759	7	288	12	0	0	3	0	0	0	0	26.103515625	26.103515625	0	0	0	0	90.307617188	90.307617188	0	0	0	0	0	0	0	0	0	0	0	0	0	0	0	0	0	0	0	0	0	0	0	0	0	0	0	0	0	0	0	0	0	0	0	0	0	0	0	0	0	0	0	0	0	0	0	0
1789546958685	61993	2760	7	288	12	0	0	3	0	0	0	0	26.103515625	26.103515625	0	0	0	0	90.307617188	90.307617188	0	0	0	0	0	0	0	0	0	0	0	0	0	0	0	0	0	0	0	0	0	0	0	0	0	0	0	0	0	0	0	0	0	0	0	0	0	0	0	0	0	0	0	0	0	0	0	0
1789546958705	62015	2761	7	288	12	0	0	3	0	0	0	0	26.103515625	26.103515625	0	0	0	0	90.307617188	90.307617188	0	0	0	0	0	0	0	0	0	0	0	0	0	0	0	0	0	0	0	0	0	0	0	0	0	0	0	0	0	0	0	0	0	0	0	0	0	0	0	0	0	0	0	0	0	0	0	0
1789546958731	62037	2762	7	288	12	0	0	3	0	0	0	0	26.103515625	26.103515625	0	0	0	0	90.307617188	90.307617188	0	0	0	0	0	0	0	0	0	0	0	0	0	0	0	0	0	0	0	0	0	0	0	0	0	0	0	0	0	0	0	0	0	0	0	0	0	0	0	0	0	0	0	0	0	0	0	0
1789546958751	62059	2763	7	288	12	0	0	3	0	0	0	0	26.103515625	26.103515625	0	0	0	0	90.307617188	90.307617188	0	0	0	0	0	0	0	0	0	0	0	0	0	0	0	0	0	0	0	0	0	0	0	0	0	0	0	0	0	0	0	0	0	0	0	0	0	0	0	0	0	0	0	0	0	0	0	0
1789546958771	62081	2764	7	288	12	0	0	3	0	0	0	0	26.103515625	26.103515625	0	0	0	0	90.307617188	90.307617188	0	0	0	0	0	0	0	0	0	0	0	0	0	0	0	0	0	0	0	0	0	0	0	0	0	0	0	0	0	0	0	0	0	0	0	0	0	0	0	0	0	0	0	0	0	0	0	0
1789546958797	62103	2765	7	288	12	0	0	3	0	0	0	0	26.103515625	26.103515625	0	0	0	0	90.307617188	90.307617188	0	0	0	0	0	0	0	0	0	0	0	0	0	0	0	0	0	0	0	0	0	0	0	0	0	0	0	0	0	0	0	0	0	0	0	0	0	0	0	0	0	0	0	0	0	0	0	0
1789546958818	62125	2766	7	288	12	0	0	3	0	0	0	0	26.103515625	26.103515625	0	0	0	0	90.307617188	90.307617188	0	0	0	0	0	0	0	0	0	0	0	0	0	0	0	0	0	0	0	0	0	0	0	0	0	0	0	0	0	0	0	0	0	0	0	0	0	0	0	0	0	0	0	0	0	0	0	0
1789546958837	62147	2767	7	288	12	0	0	3	0	0	0	0	26.103515625	26.103515625	0	0	0	0	90.307617188	90.307617188	0	0	0	0	0	0	0	0	0	0	0	0	0	0	0	0	0	0	0	0	0	0	0	0	0	0	0	0	0	0	0	0	0	0	0	0	0	0	0	0	0	0	0	0	0	0	0	0
1789546958864	62169	2768	7	288	12	0	0	3	0	0	0	0	26.103515625	26.103515625	0	0	0	0	90.307617188	90.307617188	0	0	0	0	0	0	0	0	0	0	0	0	0	0	0	0	0	0	0	0	0	0	0	0	0	0	0	0	0	0	0	0	0	0	0	0	0	0	0	0	0	0	0	0	0	0	0	0
1789546958884	62191	2769	7	288	12	0	0	3	0	0	0	0	26.103515625	26.103515625	0	0	0	0	90.307617188	90.307617188	0	0	0	0	0	0	0	0	0	0	0	0	0	0	0	0	0	0	0	0	0	0	0	0	0	0	0	0	0	0	0	0	0	0	0	0	0	0	0	0	0	0	0	0	0	0	0	0
1789546958904	62213	2770	7	288	12	0	0	3	0	0	0	0	26.103515625	26.103515625	0	0	0	0	90.307617188	90.307617188	0	0	0	0	0	0	0	0	0	0	0	0	0	0	0	0	0	0	0	0	0	0	0	0	0	0	0	0	0	0	0	0	0	0	0	0	0	0	0	0	0	0	0	0	0	0	0	0
1789546958930	62235	2771	7	288	12	0	0	3	0	0	0	0	26.103515625	26.103515625	0	0	0	0	90.307617188	90.307617188	0	0	0	0	0	0	0	0	0	0	0	0	0	0	0	0	0	0	0	0	0	0	0	0	0	0	0	0	0	0	0	0	0	0	0	0	0	0	0	0	0	0	0	0	0	0	0	0
1789546958950	62257	2772	7	288	12	0	0	3	0	0	0	0	26.103515625	26.103515625	0	0	0	0	90.307617188	90.307617188	0	0	0	0	0	0	0	0	0	0	0	0	0	0	0	0	0	0	0	0	0	0	0	0	0	0	0	0	0	0	0	0	0	0	0	0	0	0	0	0	0	0	0	0	0	0	0	0
1789546958970	62279	2773	7	288	12	0	0	3	0	0	0	0	26.103515625	26.103515625	0	0	0	0	90.307617188	90.307617188	0	0	0	0	0	0	0	0	0	0	0	0	0	0	0	0	0	0	0	0	0	0	0	0	0	0	0	0	0	0	0	0	0	0	0	0	0	0	0	0	0	0	0	0	0	0	0	0
1789546958990	62301	2774	7	288	12	0	0	3	0	0	0	0	26.103515625	26.103515625	0	0	0	0	90.307617188	90.307617188	0	0	0	0	0	0	0	0	0	0	0	0	0	0	0	0	0	0	0	0	0	0	0	0	0	0	0	0	0	0	0	0	0	0	0	0	0	0	0	0	0	0	0	0	0	0	0	0
1789546959016	62323	2775	7	288	12	0	0	3	0	0	0	0	26.103515625	26.103515625	0	0	0	0	90.307617188	90.307617188	0	0	0	0	0	0	0	0	0	0	0	0	0	0	0	0	0	0	0	0	0	0	0	0	0	0	0	0	0	0	0	0	0	0	0	0	0	0	0	0	0	0	0	0	0	0	0	0
1789546959036	62345	2776	7	288	12	0	0	3	0	0	0	0	26.103515625	26.103515625	0	0	0	0	90.307617188	90.307617188	0	0	0	0	0	0	0	0	0	0	0	0	0	0	0	0	0	0	0	0	0	0	0	0	0	0	0	0	0	0	0	0	0	0	0	0	0	0	0	0	0	0	0	0	0	0	0	0
1789546959055	62367	2777	7	288	12	0	0	3	0	0	0	0	26.103515625	26.103515625	0	0	0	0	90.307617188	90.307617188	0	0	0	0	0	0	0	0	0	0	0	0	0	0	0	0	0	0	0	0	0	0	0	0	0	0	0	0	0	0	0	0	0	0	0	0	0	0	0	0	0	0	0	0	0	0	0	0
1789546959082	62389	2778	7	288	12	0	0	3	0	0	0	0	26.103515625	26.103515625	0	0	0	0	90.307617188	90.307617188	0	0	0	0	0	0	0	0	0	0	0	0	0	0	0	0	0	0	0	0	0	0	0	0	0	0	0	0	0	0	0	0	0	0	0	0	0	0	0	0	0	0	0	0	0	0	0	0
1789546959102	62411	2779	7	288	12	0	0	3	0	0	0	0	26.103515625	26.103515625	0	0	0	0	90.307617188	90.307617188	0	0	0	0	0	0	0	0	0	0	0	0	0	0	0	0	0	0	0	0	0	0	0	0	0	0	0	0	0	0	0	0	0	0	0	0	0	0	0	0	0	0	0	0	0	0	0	0
1789546959122	62433	2780	7	288	12	0	0	3	0	0	0	0	26.103515625	26.103515625	0	0	0	0	90.307617188	90.307617188	0	0	0	0	0	0	0	0	0	0	0	0	0	0	0	0	0	0	0	0	0	0	0	0	0	0	0	0	0	0	0	0	0	0	0	0	0	0	0	0	0	0	0	0	0	0	0	0
1789546959149	62455	2781	7	288	12	0	0	3	0	0	0	0	26.103515625	26.103515625	0	0	0	0	90.307617188	90.307617188	0	0	0	0	0	0	0	0	0	0	0	0	0	0	0	0	0	0	0	0	0	0	0	0	0	0	0	0	0	0	0	0	0	0	0	0	0	0	0	0	0	0	0	0	0	0	0	0
1789546959169	62477	2782	7	288	12	0	0	3	0	0	0	0	26.103515625	26.103515625	0	0	0	0	90.307617188	90.307617188	0	0	0	0	0	0	0	0	0	0	0	0	0	0	0	0	0	0	0	0	0	0	0	0	0	0	0	0	0	0	0	0	0	0	0	0	0	0	0	0	0	0	0	0	0	0	0	0
1789546959189	62499	2783	7	288	12	0	0	3	0	0	0	0	26.103515625	26.103515625	0	0	0	0	90.307617188	90.307617188	0	0	0	0	0	0	0	0	0	0	0	0	0	0	0	0	0	0	0	0	0	0	0	0	0	0	0	0	0	0	0	0	0	0	0	0	0	0	0	0	0	0	0	0	0	0	0	0
1789546959215	62521	2784	7	288	12	0	0	3	0	0	0	0	26.103515625	26.103515625	0	0	0	0	90.307617188	90.307617188	0	0	0	0	0	0	0	0	0	0	0	0	0	0	0	0	0	0	0	0	0	0	0	0	0	0	0	0	0	0	0	0	0	0	0	0	0	0	0	0	0	0	0	0	0	0	0	0
1789546959235	62543	2785	7	288	12	0	0	3	0	0	0	0	26.103515625	26.103515625	0	0	0	0	90.307617188	90.307617188	0	0	0	0	0	0	0	0	0	0	0	0	0	0	0	0	0	0	0	0	0	0	0	0	0	0	0	0	0	0	0	0	0	0	0	0	0	0	0	0	0	0	0	0	0	0	0	0
1789546959255	62565	2786	7	288	12	0	0	3	0	0	0	0	26.103515625	26.103515625	0	0	0	0	90.307617188	90.307617188	0	0	0	0	0	0	0	0	0	0	0	0	0	0	0	0	0	0	0	0	0	0	0	0	0	0	0	0	0	0	0	0	0	0	0	0	0	0	0	0	0	0	0	0	0	0	0	0
1789546959282	62587	2787	7	288	12	0	0	3	0	0	0	0	26.103515625	26.103515625	0	0	0	0	90.307617188	90.307617188	0	0	0	0	0	0	0	0	0	0	0	0	0	0	0	0	0	0	0	0	0	0	0	0	0	0	0	0	0	0	0	0	0	0	0	0	0	0	0	0	0	0	0	0	0	0	0	0
1789546959302	62609	2788	7	288	12	0	0	3	0	0	0	0	26.103515625	26.103515625	0	0	0	0	90.307617188	90.307617188	0	0	0	0	0	0	0	0	0	0	0	0	0	0	0	0	0	0	0	0	0	0	0	0	0	0	0	0	0	0	0	0	0	0	0	0	0	0	0	0	0	0	0	0	0	0	0	0
1789546959322	62631	2789	7	288	12	0	0	3	0	0	0	0	26.103515625	26.103515625	0	0	0	0	90.307617188	90.307617188	0	0	0	0	0	0	0	0	0	0	0	0	0	0	0	0	0	0	0	0	0	0	0	0	0	0	0	0	0	0	0	0	0	0	0	0	0	0	0	0	0	0	0	0	0	0	0	0
1789546959342	62653	2790	7	288	12	0	0	3	0	0	0	0	26.103515625	26.103515625	0	0	0	0	90.307617188	90.307617188	0	0	0	0	0	0	0	0	0	0	0	0	0	0	0	0	0	0	0	0	0	0	0	0	0	0	0	0	0	0	0	0	0	0	0	0	0	0	0	0	0	0	0	0	0	0	0	0
1789546959368	62675	2791	7	288	12	0	0	3	0	0	0	0	26.103515625	26.103515625	0	0	0	0	90.307617188	90.307617188	0	0	0	0	0	0	0	0	0	0	0	0	0	0	0	0	0	0	0	0	0	0	0	0	0	0	0	0	0	0	0	0	0	0	0	0	0	0	0	0	0	0	0	0	0	0	0	0
1789546959388	62697	2792	7	288	12	0	0	3	0	0	0	0	26.103515625	26.103515625	0	0	0	0	90.307617188	90.307617188	0	0	0	0	0	0	0	0	0	0	0	0	0	0	0	0	0	0	0	0	0	0	0	0	0	0	0	0	0	0	0	0	0	0	0	0	0	0	0	0	0	0	0	0	0	0	0	0
1789546959408	62719	2793	7	288	12	0	0	3	0	0	0	0	26.103515625	26.103515625	0	0	0	0	90.307617188	90.307617188	0	0	0	0	0	0	0	0	0	0	0	0	0	0	0	0	0	0	0	0	0	0	0	0	0	0	0	0	0	0	0	0	0	0	0	0	0	0	0	0	0	0	0	0	0	0	0	0
1789546959435	62741	2794	7	288	12	0	0	3	0	0	0	0	26.103515625	26.103515625	0	0	0	0	90.307617188	90.307617188	0	0	0	0	0	0	0	0	0	0	0	0	0	0	0	0	0	0	0	0	0	0	0	0	0	0	0	0	0	0	0	0	0	0	0	0	0	0	0	0	0	0	0	0	0	0	0	0
1789546959454	62763	2795	7	288	12	0	0	3	0	0	0	0	26.147460938	26.147460938	0	0	0	0	90.307617188	90.307617188	0	0	0	0	0	0	0	0	0	0	0	0	0	0	0	0	0	0	0	0	0	0	0	0	0	0	0	0	0	0	0	0	0	0	0	0	0	0	0	0	0	0	0	0	0	0	0	0
1789546959474	62785	2796	7	288	12	0	0	3	0	0	0	0	26.103515625	26.103515625	0	0	0	0	90.307617188	90.307617188	0	0	0	0	0	0	0	0	0	0	0	0	0	0	0	0	0	0	0	0	0	0	0	0	0	0	0	0	0	0	0	0	0	0	0	0	0	0	0	0	0	0	0	0	0	0	0	0
1789546959501	62807	2797	7	288	12	0	0	3	0	0	0	0	26.103515625	26.103515625	0	0	0	0	90.307617188	90.307617188	0	0	0	0	0	0	0	0	0	0	0	0	0	0	0	0	0	0	0	0	0	0	0	0	0	0	0	0	0	0	0	0	0	0	0	0	0	0	0	0	0	0	0	0	0	0	0	0
1789546959520	62829	2798	7	288	12	0	0	3	0	0	0	0	26.103515625	26.103515625	0	0	0	0	90.307617188	90.307617188	0	0	0	0	0	0	0	0	0	0	0	0	0	0	0	0	0	0	0	0	0	0	0	0	0	0	0	0	0	0	0	0	0	0	0	0	0	0	0	0	0	0	0	0	0	0	0	0
1789546959540	62851	2799	7	288	12	0	0	3	0	0	0	0	26.103515625	26.103515625	0	0	0	0	90.307617188	90.307617188	0	0	0	0	0	0	0	0	0	0	0	0	0	0	0	0	0	0	0	0	0	0	0	0	0	0	0	0	0	0	0	0	0	0	0	0	0	0	0	0	0	0	0	0	0	0	0	0
1789546959567	62873	2800	7	288	12	0	0	3	0	0	0	0	26.103515625	26.103515625	0	0	0	0	90.307617188	90.307617188	0	0	0	0	0	0	0	0	0	0	0	0	0	0	0	0	0	0	0	0	0	0	0	0	0	0	0	0	0	0	0	0	0	0	0	0	0	0	0	0	0	0	0	0	0	0	0	0
1789546959587	62895	2801	7	288	12	0	0	3	0	0	0	0	26.103515625	26.103515625	0	0	0	0	90.307617188	90.307617188	0	0	0	0	0	0	0	0	0	0	0	0	0	0	0	0	0	0	0	0	0	0	0	0	0	0	0	0	0	0	0	0	0	0	0	0	0	0	0	0	0	0	0	0	0	0	0	0
1789546959607	62917	2802	7	288	12	0	0	3	0	0	0	0	26.103515625	26.103515625	0	0	0	0	90.307617188	90.307617188	0	0	0	0	0	0	0	0	0	0	0	0	0	0	0	0	0	0	0	0	0	0	0	0	0	0	0	0	0	0	0	0	0	0	0	0	0	0	0	0	0	0	0	0	0	0	0	0
1789546959634	62939	2803	7	288	12	0	0	3	0	0	0	0	26.103515625	26.103515625	0	0	0	0	90.307617188	90.307617188	0	0	0	0	0	0	0	0	0	0	0	0	0	0	0	0	0	0	0	0	0	0	0	0	0	0	0	0	0	0	0	0	0	0	0	0	0	0	0	0	0	0	0	0	0	0	0	0
1789546959653	62961	2804	7	288	12	0	0	3	0	0	0	0	26.103515625	26.103515625	0	0	0	0	90.307617188	90.307617188	0	0	0	0	0	0	0	0	0	0	0	0	0	0	0	0	0	0	0	0	0	0	0	0	0	0	0	0	0	0	0	0	0	0	0	0	0	0	0	0	0	0	0	0	0	0	0	0
1789546959673	62983	2805	7	288	12	0	0	3	0	0	0	0	26.103515625	26.103515625	0	0	0	0	90.307617188	90.307617188	0	0	0	0	0	0	0	0	0	0	0	0	0	0	0	0	0	0	0	0	0	0	0	0	0	0	0	0	0	0	0	0	0	0	0	0	0	0	0	0	0	0	0	0	0	0	0	0
1789546959700	63005	2806	7	288	12	0	0	3	0	0	0	0	26.103515625	26.103515625	0	0	0	0	90.307617188	90.307617188	0	0	0	0	0	0	0	0	0	0	0	0	0	0	0	0	0	0	0	0	0	0	0	0	0	0	0	0	0	0	0	0	0	0	0	0	0	0	0	0	0	0	0	0	0	0	0	0
1789546959720	63027	2807	7	288	12	0	0	3	0	0	0	0	26.103515625	26.103515625	0	0	0	0	90.307617188	90.307617188	0	0	0	0	0	0	0	0	0	0	0	0	0	0	0	0	0	0	0	0	0	0	0	0	0	0	0	0	0	0	0	0	0	0	0	0	0	0	0	0	0	0	0	0	0	0	0	0
1789546959740	63049	2808	7	288	12	0	0	3	0	0	0	0	26.103515625	26.103515625	0	0	0	0	90.307617188	90.307617188	0	0	0	0	0	0	0	0	0	0	0	0	0	0	0	0	0	0	0	0	0	0	0	0	0	0	0	0	0	0	0	0	0	0	0	0	0	0	0	0	0	0	0	0	0	0	0	0
1789546959766	63071	2809	7	288	12	0	0	3	0	0	0	0	26.103515625	26.103515625	0	0	0	0	90.307617188	90.307617188	0	0	0	0	0	0	0	0	0	0	0	0	0	0	0	0	0	0	0	0	0	0	0	0	0	0	0	0	0	0	0	0	0	0	0	0	0	0	0	0	0	0	0	0	0	0	0	0
1789546959786	63093	2810	7	288	12	0	0	3	0	0	0	0	26.103515625	26.103515625	0	0	0	0	90.307617188	90.307617188	0	0	0	0	0	0	0	0	0	0	0	0	0	0	0	0	0	0	0	0	0	0	0	0	0	0	0	0	0	0	0	0	0	0	0	0	0	0	0	0	0	0	0	0	0	0	0	0
1789546959805	63115	2811	7	288	12	0	0	3	0	0	0	0	26.103515625	26.103515625	0	0	0	0	90.307617188	90.307617188	0	0	0	0	0	0	0	0	0	0	0	0	0	0	0	0	0	0	0	0	0	0	0	0	0	0	0	0	0	0	0	0	0	0	0	0	0	0	0	0	0	0	0	0	0	0	0	0
1789546959832	63137	2812	7	288	12	0	0	3	0	0	0	0	26.103515625	26.103515625	0	0	0	0	90.307617188	90.307617188	0	0	0	0	0	0	0	0	0	0	0	0	0	0	0	0	0	0	0	0	0	0	0	0	0	0	0	0	0	0	0	0	0	0	0	0	0	0	0	0	0	0	0	0	0	0	0	0
1789546959852	63159	2813	7	288	12	0	0	3	0	0	0	0	26.103515625	26.103515625	0	0	0	0	90.307617188	90.307617188	0	0	0	0	0	0	0	0	0	0	0	0	0	0	0	0	0	0	0	0	0	0	0	0	0	0	0	0	0	0	0	0	0	0	0	0	0	0	0	0	0	0	0	0	0	0	0	0
1789546959872	63181	2814	7	288	12	0	0	3	0	0	0	0	26.103515625	26.103515625	0	0	0	0	90.307617188	90.307617188	0	0	0	0	0	0	0	0	0	0	0	0	0	0	0	0	0	0	0	0	0	0	0	0	0	0	0	0	0	0	0	0	0	0	0	0	0	0	0	0	0	0	0	0	0	0	0	0
1789546959892	63203	2815	7	288	12	0	0	3	0	0	0	0	26.103515625	26.103515625	0	0	0	0	90.307617188	90.307617188	0	0	0	0	0	0	0	0	0	0	0	0	0	0	0	0	0	0	0	0	0	0	0	0	0	0	0	0	0	0	0	0	0	0	0	0	0	0	0	0	0	0	0	0	0	0	0	0
1789546959919	63225	2816	7	288	12	0	0	3	0	0	0	0	26.103515625	26.103515625	0	0	0	0	90.307617188	90.307617188	0	0	0	0	0	0	0	0	0	0	0	0	0	0	0	0	0	0	0	0	0	0	0	0	0	0	0	0	0	0	0	0	0	0	0	0	0	0	0	0	0	0	0	0	0	0	0	0
1789546959938	63247	2817	7	288	12	0	0	3	0	0	0	0	26.103515625	26.103515625	0	0	0	0	90.307617188	90.307617188	0	0	0	0	0	0	0	0	0	0	0	0	0	0	0	0	0	0	0	0	0	0	0	0	0	0	0	0	0	0	0	0	0	0	0	0	0	0	0	0	0	0	0	0	0	0	0	0
1789546959958	63269	2818	7	288	12	0	0	3	0	0	0	0	26.103515625	26.103515625	0	0	0	0	90.307617188	90.307617188	0	0	0	0	0	0	0	0	0	0	0	0	0	0	0	0	0	0	0	0	0	0	0	0	0	0	0	0	0	0	0	0	0	0	0	0	0	0	0	0	0	0	0	0	0	0	0	0
1789546959984	63291	2819	7	288	12	0	0	3	0	0	0	0	26.103515625	26.103515625	0	0	0	0	90.307617188	90.307617188	0	0	0	0	0	0	0	0	0	0	0	0	0	0	0	0	0	0	0	0	0	0	0	0	0	0	0	0	0	0	0	0	0	0	0	0	0	0	0	0	0	0	0	0	0	0	0	0
1789546960004	63313	2820	7	288	12	0	0	3	0	0	0	0	26.103515625	26.103515625	0	0	0	0	90.307617188	90.307617188	0	0	0	0	0	0	0	0	0	0	0	0	0	0	0	0	0	0	0	0	0	0	0	0	0	0	0	0	0	0	0	0	0	0	0	0	0	0	0	0	0	0	0	0	0	0	0	0
1789546960025	63335	2821	7	288	12	0	0	3	0	0	0	0	26.103515625	26.103515625	0	0	0	0	90.307617188	90.307617188	0	0	0	0	0	0	0	0	0	0	0	0	0	0	0	0	0	0	0	0	0	0	0	0	0	0	0	0	0	0	0	0	0	0	0	0	0	0	0	0	0	0	0	0	0	0	0	0
1789546960051	63357	2822	7	288	12	0	0	3	0	0	0	0	26.103515625	26.103515625	0	0	0	0	90.307617188	90.307617188	0	0	0	0	0	0	0	0	0	0	0	0	0	0	0	0	0	0	0	0	0	0	0	0	0	0	0	0	0	0	0	0	0	0	0	0	0	0	0	0	0	0	0	0	0	0	0	0
1789546960071	63379	2823	7	288	12	0	0	3	0	0	0	0	26.103515625	26.103515625	0	0	0	0	90.307617188	90.307617188	0	0	0	0	0	0	0	0	0	0	0	0	0	0	0	0	0	0	0	0	0	0	0	0	0	0	0	0	0	0	0	0	0	0	0	0	0	0	0	0	0	0	0	0	0	0	0	0
1789546960090	63401	2824	7	288	12	0	0	3	0	0	0	0	26.103515625	26.103515625	0	0	0	0	90.307617188	90.307617188	0	0	0	0	0	0	0	0	0	0	0	0	0	0	0	0	0	0	0	0	0	0	0	0	0	0	0	0	0	0	0	0	0	0	0	0	0	0	0	0	0	0	0	0	0	0	0	0
1789546960117	63423	2825	7	288	12	0	0	3	0	0	0	0	26.103515625	26.103515625	0	0	0	0	90.307617188	90.307617188	0	0	0	0	0	0	0	0	0	0	0	0	0	0	0	0	0	0	0	0	0	0	0	0	0	0	0	0	0	0	0	0	0	0	0	0	0	0	0	0	0	0	0	0	0	0	0	0
1789546960137	63445	2826	7	288	12	0	0	3	0	0	0	0	26.103515625	26.103515625	0	0	0	0	90.307617188	90.307617188	0	0	0	0	0	0	0	0	0	0	0	0	0	0	0	0	0	0	0	0	0	0	0	0	0	0	0	0	0	0	0	0	0	0	0	0	0	0	0	0	0	0	0	0	0	0	0	0
1789546960156	63467	2827	7	288	12	0	0	3	0	0	0	0	26.103515625	26.103515625	0	0	0	0	90.307617188	90.307617188	0	0	0	0	0	0	0	0	0	0	0	0	0	0	0	0	0	0	0	0	0	0	0	0	0	0	0	0	0	0	0	0	0	0	0	0	0	0	0	0	0	0	0	0	0	0	0	0
1789546960183	63489	2828	7	288	12	0	0	3	0	0	0	0	26.103515625	26.103515625	0	0	0	0	90.307617188	90.307617188	0	0	0	0	0	0	0	0	0	0	0	0	0	0	0	0	0	0	0	0	0	0	0	0	0	0	0	0	0	0	0	0	0	0	0	0	0	0	0	0	0	0	0	0	0	0	0	0
1789546960203	63511	2829	7	288	12	0	0	3	0	0	0	0	26.103515625	26.103515625	0	0	0	0	90.307617188	90.307617188	0	0	0	0	0	0	0	0	0	0	0	0	0	0	0	0	0	0	0	0	0	0	0	0	0	0	0	0	0	0	0	0	0	0	0	0	0	0	0	0	0	0	0	0	0	0	0	0
1789546960223	63533	2830	7	288	12	0	0	3	0	0	0	0	26.103515625	26.103515625	0	0	0	0	90.307617188	90.307617188	0	0	0	0	0	0	0	0	0	0	0	0	0	0	0	0	0	0	0	0	0	0	0	0	0	0	0	0	0	0	0	0	0	0	0	0	0	0	0	0	0	0	0	0	0	0	0	0
1789546960249	63555	2831	7	288	12	0	0	3	0	0	0	0	26.103515625	26.103515625	0	0	0	0	90.307617188	90.307617188	0	0	0	0	0	0	0	0	0	0	0	0	0	0	0	0	0	0	0	0	0	0	0	0	0	0	0	0	0	0	0	0	0	0	0	0	0	0	0	0	0	0	0	0	0	0	0	0
1789546960269	63577	2832	7	288	12	0	0	3	0	0	0	0	26.103515625	26.103515625	0	0	0	0	90.307617188	90.307617188	0	0	0	0	0	0	0	0	0	0	0	0	0	0	0	0	0	0	0	0	0	0	0	0	0	0	0	0	0	0	0	0	0	0	0	0	0	0	0	0	0	0	0	0	0	0	0	0
1789546960288	63599	2833	7	288	12	0	0	3	0	0	0	0	26.103515625	26.103515625	0	0	0	0	90.307617188	90.307617188	0	0	0	0	0	0	0	0	0	0	0	0	0	0	0	0	0	0	0	0	0	0	0	0	0	0	0	0	0	0	0	0	0	0	0	0	0	0	0	0	0	0	0	0	0	0	0	0
1789546960315	63621	2834	7	288	12	0	0	3	0	0	0	0	26.103515625	26.103515625	0	0	0	0	90.307617188	90.307617188	0	0	0	0	0	0	0	0	0	0	0	0	0	0	0	0	0	0	0	0	0	0	0	0	0	0	0	0	0	0	0	0	0	0	0	0	0	0	0	0	0	0	0	0	0	0	0	0
1789546960335	63643	2835	7	288	12	0	0	3	0	0	0	0	26.103515625	26.103515625	0	0	0	0	90.307617188	90.307617188	0	0	0	0	0	0	0	0	0	0	0	0	0	0	0	0	0	0	0	0	0	0	0	0	0	0	0	0	0	0	0	0	0	0	0	0	0	0	0	0	0	0	0	0	0	0	0	0
1789546960355	63665	2836	7	288	12	0	0	3	0	0	0	0	26.103515625	26.103515625	0	0	0	0	90.307617188	90.307617188	0	0	0	0	0	0	0	0	0	0	0	0	0	0	0	0	0	0	0	0	0	0	0	0	0	0	0	0	0	0	0	0	0	0	0	0	0	0	0	0	0	0	0	0	0	0	0	0
1789546960382	63687	2837	7	288	12	0	0	3	0	0	0	0	26.103515625	26.103515625	0	0	0	0	90.307617188	90.307617188	0	0	0	0	0	0	0	0	0	0	0	0	0	0	0	0	0	0	0	0	0	0	0	0	0	0	0	0	0	0	0	0	0	0	0	0	0	0	0	0	0	0	0	0	0	0	0	0
1789546960402	63709	2838	7	288	12	0	0	3	0	0	0	0	26.103515625	26.103515625	0	0	0	0	90.307617188	90.307617188	0	0	0	0	0	0	0	0	0	0	0	0	0	0	0	0	0	0	0	0	0	0	0	0	0	0	0	0	0	0	0	0	0	0	0	0	0	0	0	0	0	0	0	0	0	0	0	0
1789546960421	63731	2839	7	288	12	0	0	3	0	0	0	0	26.103515625	26.103515625	0	0	0	0	90.307617188	90.307617188	0	0	0	0	0	0	0	0	0	0	0	0	0	0	0	0	0	0	0	0	0	0	0	0	0	0	0	0	0	0	0	0	0	0	0	0	0	0	0	0	0	0	0	0	0	0	0	0
1789546960448	63753	2840	7	288	12	0	0	3	0	0	0	0	26.103515625	26.103515625	0	0	0	0	90.307617188	90.307617188	0	0	0	0	0	0	0	0	0	0	0	0	0	0	0	0	0	0	0	0	0	0	0	0	0	0	0	0	0	0	0	0	0	0	0	0	0	0	0	0	0	0	0	0	0	0	0	0
1789546960468	63775	2841	7	288	12	0	0	3	0	0	0	0	26.103515625	26.103515625	0	0	0	0	90.307617188	90.307617188	0	0	0	0	0	0	0	0	0	0	0	0	0	0	0	0	0	0	0	0	0	0	0	0	0	0	0	0	0	0	0	0	0	0	0	0	0	0	0	0	0	0	0	0	0	0	0	0
1789546960488	63797	2842	7	288	12	0	0	3	0	0	0	0	26.103515625	26.103515625	0	0	0	0	90.307617188	90.307617188	0	0	0	0	0	0	0	0	0	0	0	0	0	0	0	0	0	0	0	0	0	0	0	0	0	0	0	0	0	0	0	0	0	0	0	0	0	0	0	0	0	0	0	0	0	0	0	0
1789546960508	63819	2843	7	288	12	0	0	3	0	0	0	0	26.103515625	26.103515625	0	0	0	0	90.307617188	90.307617188	0	0	0	0	0	0	0	0	0	0	0	0	0	0	0	0	0	0	0	0	0	0	0	0	0	0	0	0	0	0	0	0	0	0	0	0	0	0	0	0	0	0	0	0	0	0	0	0
1789546960534	63841	2844	7	288	12	0	0	3	0	0	0	0	26.103515625	26.103515625	0	0	0	0	90.307617188	90.307617188	0	0	0	0	0	0	0	0	0	0	0	0	0	0	0	0	0	0	0	0	0	0	0	0	0	0	0	0	0	0	0	0	0	0	0	0	0	0	0	0	0	0	0	0	0	0	0	0
1789546960554	63863	2845	7	288	12	0	0	3	0	0	0	0	26.103515625	26.103515625	0	0	0	0	90.307617188	90.307617188	0	0	0	0	0	0	0	0	0	0	0	0	0	0	0	0	0	0	0	0	0	0	0	0	0	0	0	0	0	0	0	0	0	0	0	0	0	0	0	0	0	0	0	0	0	0	0	0
1789546960574	63885	2846	7	288	12	0	0	3	0	0	0	0	26.103515625	26.103515625	0	0	0	0	90.307617188	90.307617188	0	0	0	0	0	0	0	0	0	0	0	0	0	0	0	0	0	0	0	0	0	0	0	0	0	0	0	0	0	0	0	0	0	0	0	0	0	0	0	0	0	0	0	0	0	0	0	0
1789546960600	63907	2847	7	288	12	0	0	3	0	0	0	0	26.103515625	26.103515625	0	0	0	0	90.307617188	90.307617188	0	0	0	0	0	0	0	0	0	0	0	0	0	0	0	0	0	0	0	0	0	0	0	0	0	0	0	0	0	0	0	0	0	0	0	0	0	0	0	0	0	0	0	0	0	0	0	0
1789546960620	63929	2848	7	288	12	0	0	3	0	0	0	0	26.103515625	26.103515625	0	0	0	0	90.307617188	90.307617188	0	0	0	0	0	0	0	0	0	0	0	0	0	0	0	0	0	0	0	0	0	0	0	0	0	0	0	0	0	0	0	0	0	0	0	0	0	0	0	0	0	0	0	0	0	0	0	0
1789546960640	63951	2849	7	288	12	0	0	3	0	0	0	0	26.103515625	26.103515625	0	0	0	0	90.307617188	90.307617188	0	0	0	0	0	0	0	0	0	0	0	0	0	0	0	0	0	0	0	0	0	0	0	0	0	0	0	0	0	0	0	0	0	0	0	0	0	0	0	0	0	0	0	0	0	0	0	0
1789546960667	63973	2850	7	288	12	0	0	3	0	0	0	0	26.103515625	26.103515625	0	0	0	0	90.3515625	90.3515625	0	0	0	0	0	0	0	0	0	0	0	0	0	0	0	0	0	0	0	0	0	0	0	0	0	0	0	0	0	0	0	0	0	0	0	0	0	0	0	0	0	0	0	0	0	0	0	0
1789546960687	63995	2851	7	288	12	0	0	3	0	0	0	0	26.147460938	26.147460938	0	0	0	0	90.307617188	90.307617188	0	0	0	0	0	0	0	0	0	0	0	0	0	0	0	0	0	0	0	0	0	0	0	0	0	0	0	0	0	0	0	0	0	0	0	0	0	0	0	0	0	0	0	0	0	0	0	0
1789546960706	64017	2852	7	288	12	0	0	3	0	0	0	0	26.103515625	26.103515625	0	0	0	0	90.307617188	90.307617188	0	0	0	0	0	0	0	0	0	0	0	0	0	0	0	0	0	0	0	0	0	0	0	0	0	0	0	0	0	0	0	0	0	0	0	0	0	0	0	0	0	0	0	0	0	0	0	0
1789546960733	64039	2853	7	288	12	0	0	3	0	0	0	0	26.103515625	26.103515625	0	0	0	0	90.307617188	90.307617188	0	0	0	0	0	0	0	0	0	0	0	0	0	0	0	0	0	0	0	0	0	0	0	0	0	0	0	0	0	0	0	0	0	0	0	0	0	0	0	0	0	0	0	0	0	0	0	0
1789546960753	64061	2854	7	288	12	0	0	3	0	0	0	0	26.103515625	26.103515625	0	0	0	0	90.307617188	90.307617188	0	0	0	0	0	0	0	0	0	0	0	0	0	0	0	0	0	0	0	0	0	0	0	0	0	0	0	0	0	0	0	0	0	0	0	0	0	0	0	0	0	0	0	0	0	0	0	0
1789546960773	64083	2855	7	288	12	0	0	3	0	0	0	0	26.103515625	26.103515625	0	0	0	0	90.307617188	90.307617188	0	0	0	0	0	0	0	0	0	0	0	0	0	0	0	0	0	0	0	0	0	0	0	0	0	0	0	0	0	0	0	0	0	0	0	0	0	0	0	0	0	0	0	0	0	0	0	0
1789546960799	64105	2856	7	288	12	0	0	3	0	0	0	0	26.103515625	26.103515625	0	0	0	0	90.307617188	90.307617188	0	0	0	0	0	0	0	0	0	0	0	0	0	0	0	0	0	0	0	0	0	0	0	0	0	0	0	0	0	0	0	0	0	0	0	0	0	0	0	0	0	0	0	0	0	0	0	0
1789546960819	64127	2857	7	288	12	0	0	3	0	0	0	0	26.103515625	26.103515625	0	0	0	0	90.307617188	90.307617188	0	0	0	0	0	0	0	0	0	0	0	0	0	0	0	0	0	0	0	0	0	0	0	0	0	0	0	0	0	0	0	0	0	0	0	0	0	0	0	0	0	0	0	0	0	0	0	0
1789546960839	64149	2858	7	288	12	0	0	3	0	0	0	0	26.103515625	26.103515625	0	0	0	0	90.307617188	90.307617188	0	0	0	0	0	0	0	0	0	0	0	0	0	0	0	0	0	0	0	0	0	0	0	0	0	0	0	0	0	0	0	0	0	0	0	0	0	0	0	0	0	0	0	0	0	0	0	0
1789546960865	64171	2859	7	288	12	0	0	3	0	0	0	0	26.103515625	26.103515625	0	0	0	0	90.307617188	90.307617188	0	0	0	0	0	0	0	0	0	0	0	0	0	0	0	0	0	0	0	0	0	0	0	0	0	0	0	0	0	0	0	0	0	0	0	0	0	0	0	0	0	0	0	0	0	0	0	0
1789546960885	64193	2860	7	288	12	0	0	3	0	0	0	0	26.103515625	26.103515625	0	0	0	0	90.307617188	90.307617188	0	0	0	0	0	0	0	0	0	0	0	0	0	0	0	0	0	0	0	0	0	0	0	0	0	0	0	0	0	0	0	0	0	0	0	0	0	0	0	0	0	0	0	0	0	0	0	0
1789546960905	64215	2861	7	288	12	0	0	3	0	0	0	0	26.103515625	26.103515625	0	0	0	0	90.307617188	90.307617188	0	0	0	0	0	0	0	0	0	0	0	0	0	0	0	0	0	0	0	0	0	0	0	0	0	0	0	0	0	0	0	0	0	0	0	0	0	0	0	0	0	0	0	0	0	0	0	0
1789546960932	64237	2862	7	288	12	0	0	3	0	0	0	0	26.103515625	26.103515625	0	0	0	0	90.307617188	90.307617188	0	0	0	0	0	0	0	0	0	0	0	0	0	0	0	0	0	0	0	0	0	0	0	0	0	0	0	0	0	0	0	0	0	0	0	0	0	0	0	0	0	0	0	0	0	0	0	0
1789546960952	64259	2863	7	288	12	0	0	3	0	0	0	0	26.103515625	26.103515625	0	0	0	0	90.307617188	90.307617188	0	0	0	0	0	0	0	0	0	0	0	0	0	0	0	0	0	0	0	0	0	0	0	0	0	0	0	0	0	0	0	0	0	0	0	0	0	0	0	0	0	0	0	0	0	0	0	0
1789546960971	64281	2864	7	288	12	0	0	3	0	0	0	0	26.103515625	26.103515625	0	0	0	0	90.307617188	90.307617188	0	0	0	0	0	0	0	0	0	0	0	0	0	0	0	0	0	0	0	0	0	0	0	0	0	0	0	0	0	0	0	0	0	0	0	0	0	0	0	0	0	0	0	0	0	0	0	0
1789546960998	64303	2865	7	288	12	0	0	3	0	0	0	0	26.103515625	26.103515625	0	0	0	0	90.307617188	90.307617188	0	0	0	0	0	0	0	0	0	0	0	0	0	0	0	0	0	0	0	0	0	0	0	0	0	0	0	0	0	0	0	0	0	0	0	0	0	0	0	0	0	0	0	0	0	0	0	0
1789546961018	64325	2866	7	288	12	0	0	3	0	0	0	0	26.103515625	26.103515625	0	0	0	0	90.307617188	90.307617188	0	0	0	0	0	0	0	0	0	0	0	0	0	0	0	0	0	0	0	0	0	0	0	0	0	0	0	0	0	0	0	0	0	0	0	0	0	0	0	0	0	0	0	0	0	0	0	0
1789546961037	64347	2867	7	288	12	0	0	3	0	0	0	0	26.103515625	26.103515625	0	0	0	0	90.307617188	90.307617188	0	0	0	0	0	0	0	0	0	0	0	0	0	0	0	0	0	0	0	0	0	0	0	0	0	0	0	0	0	0	0	0	0	0	0	0	0	0	0	0	0	0	0	0	0	0	0	0
1789546961064	64369	2868	7	288	12	0	0	3	0	0	0	0	26.103515625	26.103515625	0	0	0	0	90.307617188	90.307617188	0	0	0	0	0	0	0	0	0	0	0	0	0	0	0	0	0	0	0	0	0	0	0	0	0	0	0	0	0	0	0	0	0	0	0	0	0	0	0	0	0	0	0	0	0	0	0	0
1789546961084	64391	2869	7	288	12	0	0	3	0	0	0	0	26.103515625	26.103515625	0	0	0	0	90.307617188	90.307617188	0	0	0	0	0	0	0	0	0	0	0	0	0	0	0	0	0	0	0	0	0	0	0	0	0	0	0	0	0	0	0	0	0	0	0	0	0	0	0	0	0	0	0	0	0	0	0	0
1789546961104	64413	2870	7	288	12	0	0	3	0	0	0	0	26.103515625	26.103515625	0	0	0	0	90.307617188	90.307617188	0	0	0	0	0	0	0	0	0	0	0	0	0	0	0	0	0	0	0	0	0	0	0	0	0	0	0	0	0	0	0	0	0	0	0	0	0	0	0	0	0	0	0	0	0	0	0	0
1789546961124	64435	2871	7	288	12	0	0	3	0	0	0	0	26.103515625	26.103515625	0	0	0	0	90.307617188	90.307617188	0	0	0	0	0	0	0	0	0	0	0	0	0	0	0	0	0	0	0	0	0	0	0	0	0	0	0	0	0	0	0	0	0	0	0	0	0	0	0	0	0	0	0	0	0	0	0	0
1789546961150	64457	2872	7	288	12	0	0	3	0	0	0	0	26.103515625	26.103515625	0	0	0	0	90.307617188	90.307617188	0	0	0	0	0	0	0	0	0	0	0	0	0	0	0	0	0	0	0	0	0	0	0	0	0	0	0	0	0	0	0	0	0	0	0	0	0	0	0	0	0	0	0	0	0	0	0	0
1789546961170	64479	2873	7	288	12	0	0	3	0	0	0	0	26.103515625	26.103515625	0	0	0	0	90.307617188	90.307617188	0	0	0	0	0	0	0	0	0	0	0	0	0	0	0	0	0	0	0	0	0	0	0	0	0	0	0	0	0	0	0	0	0	0	0	0	0	0	0	0	0	0	0	0	0	0	0	0
1789546961190	64501	2874	7	288	12	0	0	3	0	0	0	0	26.103515625	26.103515625	0	0	0	0	90.307617188	90.307617188	0	0	0	0	0	0	0	0	0	0	0	0	0	0	0	0	0	0	0	0	0	0	0	0	0	0	0	0	0	0	0	0	0	0	0	0	0	0	0	0	0	0	0	0	0	0	0	0
1789546961216	64523	2875	7	288	12	0	0	3	0	0	0	0	26.103515625	26.103515625	0	0	0	0	90.307617188	90.307617188	0	0	0	0	0	0	0	0	0	0	0	0	0	0	0	0	0	0	0	0	0	0	0	0	0	0	0	0	0	0	0	0	0	0	0	0	0	0	0	0	0	0	0	0	0	0	0	0
1789546961236	64545	2876	7	288	12	0	0	3	0	0	0	0	26.103515625	26.103515625	0	0	0	0	90.307617188	90.307617188	0	0	0	0	0	0	0	0	0	0	0	0	0	0	0	0	0	0	0	0	0	0	0	0	0	0	0	0	0	0	0	0	0	0	0	0	0	0	0	0	0	0	0	0	0	0	0	0
1789546961256	64567	2877	7	288	12	0	0	3	0	0	0	0	26.103515625	26.103515625	0	0	0	0	90.307617188	90.307617188	0	0	0	0	0	0	0	0	0	0	0	0	0	0	0	0	0	0	0	0	0	0	0	0	0	0	0	0	0	0	0	0	0	0	0	0	0	0	0	0	0	0	0	0	0	0	0	0
1789546961282	64589	2878	7	288	12	0	0	3	0	0	0	0	26.103515625	26.103515625	0	0	0	0	90.307617188	90.307617188	0	0	0	0	0	0	0	0	0	0	0	0	0	0	0	0	0	0	0	0	0	0	0	0	0	0	0	0	0	0	0	0	0	0	0	0	0	0	0	0	0	0	0	0	0	0	0	0
1789546961302	64611	2879	7	288	12	0	0	3	0	0	0	0	26.103515625	26.103515625	0	0	0	0	90.307617188	90.307617188	0	0	0	0	0	0	0	0	0	0	0	0	0	0	0	0	0	0	0	0	0	0	0	0	0	0	0	0	0	0	0	0	0	0	0	0	0	0	0	0	0	0	0	0	0	0	0	0
1789546961322	64633	2880	7	288	12	0	0	3	0	0	0	0	26.103515625	26.103515625	0	0	0	0	90.307617188	90.307617188	0	0	0	0	0	0	0	0	0	0	0	0	0	0	0	0	0	0	0	0	0	0	0	0	0	0	0	0	0	0	0	0	0	0	0	0	0	0	0	0	0	0	0	0	0	0	0	0
1789546961348	64655	2881	7	288	12	0	0	3	0	0	0	0	26.103515625	26.103515625	0	0	0	0	90.307617188	90.307617188	0	0	0	0	0	0	0	0	0	0	0	0	0	0	0	0	0	0	0	0	0	0	0	0	0	0	0	0	0	0	0	0	0	0	0	0	0	0	0	0	0	0	0	0	0	0	0	0
1789546961368	64677	2882	7	288	12	0	0	3	0	0	0	0	26.103515625	26.103515625	0	0	0	0	90.307617188	90.307617188	0	0	0	0	0	0	0	0	0	0	0	0	0	0	0	0	0	0	0	0	0	0	0	0	0	0	0	0	0	0	0	0	0	0	0	0	0	0	0	0	0	0	0	0	0	0	0	0
1789546961388	64699	2883	7	288	12	0	0	3	0	0	0	0	26.103515625	26.103515625	0	0	0	0	90.307617188	90.307617188	0	0	0	0	0	0	0	0	0	0	0	0	0	0	0	0	0	0	0	0	0	0	0	0	0	0	0	0	0	0	0	0	0	0	0	0	0	0	0	0	0	0	0	0	0	0	0	0
1789546961415	64721	2884	7	288	12	0	0	3	0	0	0	0	26.103515625	26.103515625	0	0	0	0	90.307617188	90.307617188	0	0	0	0	0	0	0	0	0	0	0	0	0	0	0	0	0	0	0	0	0	0	0	0	0	0	0	0	0	0	0	0	0	0	0	0	0	0	0	0	0	0	0	0	0	0	0	0
1789546961435	64743	2885	7	288	12	0	0	3	0	0	0	0	26.103515625	26.103515625	0	0	0	0	90.307617188	90.307617188	0	0	0	0	0	0	0	0	0	0	0	0	0	0	0	0	0	0	0	0	0	0	0	0	0	0	0	0	0	0	0	0	0	0	0	0	0	0	0	0	0	0	0	0	0	0	0	0
1789546961454	64765	2886	7	288	12	0	0	3	0	0	0	0	26.103515625	26.103515625	0	0	0	0	90.307617188	90.307617188	0	0	0	0	0	0	0	0	0	0	0	0	0	0	0	0	0	0	0	0	0	0	0	0	0	0	0	0	0	0	0	0	0	0	0	0	0	0	0	0	0	0	0	0	0	0	0	0
1789546961481	64787	2887	7	288	12	0	0	3	0	0	0	0	26.103515625	26.103515625	0	0	0	0	90.307617188	90.307617188	0	0	0	0	0	0	0	0	0	0	0	0	0	0	0	0	0	0	0	0	0	0	0	0	0	0	0	0	0	0	0	0	0	0	0	0	0	0	0	0	0	0	0	0	0	0	0	0
1789546961501	64809	2888	7	288	12	0	0	3	0	0	0	0	26.103515625	26.103515625	0	0	0	0	90.307617188	90.307617188	0	0	0	0	0	0	0	0	0	0	0	0	0	0	0	0	0	0	0	0	0	0	0	0	0	0	0	0	0	0	0	0	0	0	0	0	0	0	0	0	0	0	0	0	0	0	0	0
1789546961520	64831	2889	7	288	12	0	0	3	0	0	0	0	26.103515625	26.103515625	0	0	0	0	90.307617188	90.307617188	0	0	0	0	0	0	0	0	0	0	0	0	0	0	0	0	0	0	0	0	0	0	0	0	0	0	0	0	0	0	0	0	0	0	0	0	0	0	0	0	0	0	0	0	0	0	0	0
1789546961547	64853	2890	7	288	12	0	0	3	0	0	0	0	26.103515625	26.103515625	0	0	0	0	90.307617188	90.307617188	0	0	0	0	0	0	0	0	0	0	0	0	0	0	0	0	0	0	0	0	0	0	0	0	0	0	0	0	0	0	0	0	0	0	0	0	0	0	0	0	0	0	0	0	0	0	0	0
1789546961567	64875	2891	7	288	12	0	0	3	0	0	0	0	26.103515625	26.103515625	0	0	0	0	90.307617188	90.307617188	0	0	0	0	0	0	0	0	0	0	0	0	0	0	0	0	0	0	0	0	0	0	0	0	0	0	0	0	0	0	0	0	0	0	0	0	0	0	0	0	0	0	0	0	0	0	0	0
1789546961587	64897	2892	7	288	12	0	0	3	0	0	0	0	26.103515625	26.103515625	0	0	0	0	90.307617188	90.307617188	0	0	0	0	0	0	0	0	0	0	0	0	0	0	0	0	0	0	0	0	0	0	0	0	0	0	0	0	0	0	0	0	0	0	0	0	0	0	0	0	0	0	0	0	0	0	0	0
1789546961613	64919	2893	7	288	12	0	0	3	0	0	0	0	26.103515625	26.103515625	0	0	0	0	90.3515625	90.3515625	0	0	0	0	0	0	0	0	0	0	0	0	0	0	0	0	0	0	0	0	0	0	0	0	0	0	0	0	0	0	0	0	0	0	0	0	0	0	0	0	0	0	0	0	0	0	0	0
1789546961633	64941	2894	7	288	12	0	0	3	0	0	0	0	26.103515625	26.103515625	0	0	0	0	90.307617188	90.307617188	0	0	0	0	0	0	0	0	0	0	0	0	0	0	0	0	0	0	0	0	0	0	0	0	0	0	0	0	0	0	0	0	0	0	0	0	0	0	0	0	0	0	0	0	0	0	0	0
1789546961653	64963	2895	7	288	12	0	0	3	0	0	0	0	26.103515625	26.103515625	0	0	0	0	90.307617188	90.307617188	0	0	0	0	0	0	0	0	0	0	0	0	0	0	0	0	0	0	0	0	0	0	0	0	0	0	0	0	0	0	0	0	0	0	0	0	0	0	0	0	0	0	0	0	0	0	0	0
1789546961679	64985	2896	7	288	12	0	0	3	0	0	0	0	26.103515625	26.103515625	0	0	0	0	90.307617188	90.307617188	0	0	0	0	0	0	0	0	0	0	0	0	0	0	0	0	0	0	0	0	0	0	0	0	0	0	0	0	0	0	0	0	0	0	0	0	0	0	0	0	0	0	0	0	0	0	0	0
1789546961699	65007	2897	7	288	12	0	0	3	0	0	0	0	26.103515625	26.103515625	0	0	0	0	90.307617188	90.307617188	0	0	0	0	0	0	0	0	0	0	0	0	0	0	0	0	0	0	0	0	0	0	0	0	0	0	0	0	0	0	0	0	0	0	0	0	0	0	0	0	0	0	0	0	0	0	0	0
1789546961719	65029	2898	7	288	12	0	0	3	0	0	0	0	26.103515625	26.103515625	0	0	0	0	90.307617188	90.307617188	0	0	0	0	0	0	0	0	0	0	0	0	0	0	0	0	0	0	0	0	0	0	0	0	0	0	0	0	0	0	0	0	0	0	0	0	0	0	0	0	0	0	0	0	0	0	0	0
1789546961746	65051	2899	7	288	12	0	0	3	0	0	0	0	26.103515625	26.103515625	0	0	0	0	90.307617188	90.307617188	0	0	0	0	0	0	0	0	0	0	0	0	0	0	0	0	0	0	0	0	0	0	0	0	0	0	0	0	0	0	0	0	0	0	0	0	0	0	0	0	0	0	0	0	0	0	0	0
1789546961765	65073	2900	7	288	12	0	0	3	0	0	0	0	26.103515625	26.103515625	0	0	0	0	90.307617188	90.307617188	0	0	0	0	0	0	0	0	0	0	0	0	0	0	0	0	0	0	0	0	0	0	0	0	0	0	0	0	0	0	0	0	0	0	0	0	0	0	0	0	0	0	0	0	0	0	0	0
1789546961785	65095	2901	7	288	12	0	0	3	0	0	0	0	26.103515625	26.103515625	0	0	0	0	90.307617188	90.307617188	0	0	0	0	0	0	0	0	0	0	0	0	0	0	0	0	0	0	0	0	0	0	0	0	0	0	0	0	0	0	0	0	0	0	0	0	0	0	0	0	0	0	0	0	0	0	0	0
1789546961811	65117	2902	7	288	12	0	0	3	0	0	0	0	26.103515625	26.103515625	0	0	0	0	90.307617188	90.307617188	0	0	0	0	0	0	0	0	0	0	0	0	0	0	0	0	0	0	0	0	0	0	0	0	0	0	0	0	0	0	0	0	0	0	0	0	0	0	0	0	0	0	0	0	0	0	0	0
1789546961831	65139	2903	7	288	12	0	0	3	0	0	0	0	26.103515625	26.103515625	0	0	0	0	90.307617188	90.307617188	0	0	0	0	0	0	0	0	0	0	0	0	0	0	0	0	0	0	0	0	0	0	0	0	0	0	0	0	0	0	0	0	0	0	0	0	0	0	0	0	0	0	0	0	0	0	0	0
1789546961851	65161	2904	7	288	12	0	0	3	0	0	0	0	26.103515625	26.103515625	0	0	0	0	90.307617188	90.307617188	0	0	0	0	0	0	0	0	0	0	0	0	0	0	0	0	0	0	0	0	0	0	0	0	0	0	0	0	0	0	0	0	0	0	0	0	0	0	0	0	0	0	0	0	0	0	0	0
1789546961878	65183	2905	7	288	12	0	0	3	0	0	0	0	26.103515625	26.103515625	0	0	0	0	90.307617188	90.307617188	0	0	0	0	0	0	0	0	0	0	0	0	0	0	0	0	0	0	0	0	0	0	0	0	0	0	0	0	0	0	0	0	0	0	0	0	0	0	0	0	0	0	0	0	0	0	0	0
1789546961898	65205	2906	7	288	12	0	0	3	0	0	0	0	26.103515625	26.103515625	0	0	0	0	90.307617188	90.307617188	0	0	0	0	0	0	0	0	0	0	0	0	0	0	0	0	0	0	0	0	0	0	0	0	0	0	0	0	0	0	0	0	0	0	0	0	0	0	0	0	0	0	0	0	0	0	0	0
1789546961919	65227	2907	7	288	12	0	0	3	0	0	0	0	26.103515625	26.103515625	0	0	0	0	90.307617188	90.307617188	0	0	0	0	0	0	0	0	0	0	0	0	0	0	0	0	0	0	0	0	0	0	0	0	0	0	0	0	0	0	0	0	0	0	0	0	0	0	0	0	0	0	0	0	0	0	0	0
1789546961938	65249	2908	7	288	12	0	0	3	0	0	0	0	26.103515625	26.103515625	0	0	0	0	90.307617188	90.307617188	0	0	0	0	0	0	0	0	0	0	0	0	0	0	0	0	0	0	0	0	0	0	0	0	0	0	0	0	0	0	0	0	0	0	0	0	0	0	0	0	0	0	0	0	0	0	0	0
1789546961965	65271	2909	7	288	12	0	0	3	0	0	0	0	26.103515625	26.103515625	0	0	0	0	90.307617188	90.307617188	0	0	0	0	0	0	0	0	0	0	0	0	0	0	0	0	0	0	0	0	0	0	0	0	0	0	0	0	0	0	0	0	0	0	0	0	0	0	0	0	0	0	0	0	0	0	0	0
1789546961986	65293	2910	7	288	12	0	0	3	0	0	0	0	26.103515625	26.103515625	0	0	0	0	90.3515625	90.3515625	0	0	0	0	0	0	0	0	0	0	0	0	0	0	0	0	0	0	0	0	0	0	0	0	0	0	0	0	0	0	0	0	0	0	0	0	0	0	0	0	0	0	0	0	0	0	0	0
1789546962005	65315	2911	7	288	12	0	0	3	0	0	0	0	26.103515625	26.103515625	0	0	0	0	90.307617188	90.307617188	0	0	0	0	0	0	0	0	0	0	0	0	0	0	0	0	0	0	0	0	0	0	0	0	0	0	0	0	0	0	0	0	0	0	0	0	0	0	0	0	0	0	0	0	0	0	0	0
1789546962032	65337	2912	7	288	12	0	0	3	0	0	0	0	26.103515625	26.103515625	0	0	0	0	90.307617188	90.307617188	0	0	0	0	0	0	0	0	0	0	0	0	0	0	0	0	0	0	0	0	0	0	0	0	0	0	0	0	0	0	0	0	0	0	0	0	0	0	0	0	0	0	0	0	0	0	0	0
1789546962052	65359	2913	7	288	12	0	0	3	0	0	0	0	26.103515625	26.103515625	0	0	0	0	90.307617188	90.307617188	0	0	0	0	0	0	0	0	0	0	0	0	0	0	0	0	0	0	0	0	0	0	0	0	0	0	0	0	0	0	0	0	0	0	0	0	0	0	0	0	0	0	0	0	0	0	0	0
1789546962072	65381	2914	7	288	12	0	0	3	0	0	0	0	26.103515625	26.103515625	0	0	0	0	90.307617188	90.307617188	0	0	0	0	0	0	0	0	0	0	0	0	0	0	0	0	0	0	0	0	0	0	0	0	0	0	0	0	0	0	0	0	0	0	0	0	0	0	0	0	0	0	0	0	0	0	0	0
1789546962098	65403	2915	7	288	12	0	0	3	0	0	0	0	26.103515625	26.103515625	0	0	0	0	90.307617188	90.307617188	0	0	0	0	0	0	0	0	0	0	0	0	0	0	0	0	0	0	0	0	0	0	0	0	0	0	0	0	0	0	0	0	0	0	0	0	0	0	0	0	0	0	0	0	0	0	0	0
1789546962118	65425	2916	7	288	12	0	0	3	0	0	0	0	26.103515625	26.103515625	0	0	0	0	90.307617188	90.307617188	0	0	0	0	0	0	0	0	0	0	0	0	0	0	0	0	0	0	0	0	0	0	0	0	0	0	0	0	0	0	0	0	0	0	0	0	0	0	0	0	0	0	0	0	0	0	0	0
1789546962139	65447	2917	7	288	12	0	0	3	0	0	0	0	26.103515625	26.103515625	0	0	0	0	90.307617188	90.307617188	0	0	0	0	0	0	0	0	0	0	0	0	0	0	0	0	0	0	0	0	0	0	0	0	0	0	0	0	0	0	0	0	0	0	0	0	0	0	0	0	0	0	0	0	0	0	0	0
1789546962158	65469	2918	7	288	12	0	0	3	0	0	0	0	26.103515625	26.103515625	0	0	0	0	90.307617188	90.307617188	0	0	0	0	0	0	0	0	0	0	0	0	0	0	0	0	0	0	0	0	0	0	0	0	0	0	0	0	0	0	0	0	0	0	0	0	0	0	0	0	0	0	0	0	0	0	0	0
1789546962185	65491	2919	7	288	12	0	0	3	0	0	0	0	26.103515625	26.103515625	0	0	0	0	90.307617188	90.307617188	0	0	0	0	0	0	0	0	0	0	0	0	0	0	0	0	0	0	0	0	0	0	0	0	0	0	0	0	0	0	0	0	0	0	0	0	0	0	0	0	0	0	0	0	0	0	0	0
1789546962205	65513	2920	7	288	12	0	0	3	0	0	0	0	26.103515625	26.103515625	0	0	0	0	90.307617188	90.307617188	0	0	0	0	0	0	0	0	0	0	0	0	0	0	0	0	0	0	0	0	0	0	0	0	0	0	0	0	0	0	0	0	0	0	0	0	0	0	0	0	0	0	0	0	0	0	0	0
1789546962225	65535	2921	7	288	12	0	0	3	0	0	0	0	26.103515625	26.103515625	0	0	0	0	90.307617188	90.307617188	0	0	0	0	0	0	0	0	0	0	0	0	0	0	0	0	0	0	0	0	0	0	0	0	0	0	0	0	0	0	0	0	0	0	0	0	0	0	0	0	0	0	0	0	0	0	0	0
1789546962251	65557	2922	7	288	12	0	0	3	0	0	0	0	26.103515625	26.103515625	0	0	0	0	90.307617188	90.307617188	0	0	0	0	0	0	0	0	0	0	0	0	0	0	0	0	0	0	0	0	0	0	0	0	0	0	0	0	0	0	0	0	0	0	0	0	0	0	0	0	0	0	0	0	0	0	0	0
1789546962271	65579	2923	7	288	12	0	0	3	0	0	0	0	26.103515625	26.103515625	0	0	0	0	90.307617188	90.307617188	0	0	0	0	0	0	0	0	0	0	0	0	0	0	0	0	0	0	0	0	0	0	0	0	0	0	0	0	0	0	0	0	0	0	0	0	0	0	0	0	0	0	0	0	0	0	0	0
1789546962291	65601	2924	7	288	12	0	0	3	0	0	0	0	26.103515625	26.103515625	0	0	0	0	90.307617188	90.307617188	0	0	0	0	0	0	0	0	0	0	0	0	0	0	0	0	0	0	0	0	0	0	0	0	0	0	0	0	0	0	0	0	0	0	0	0	0	0	0	0	0	0	0	0	0	0	0	0
1789546962318	65623	2925	7	288	12	0	0	3	0	0	0	0	26.103515625	26.103515625	0	0	0	0	90.307617188	90.307617188	0	0	0	0	0	0	0	0	0	0	0	0	0	0	0	0	0	0	0	0	0	0	0	0	0	0	0	0	0	0	0	0	0	0	0	0	0	0	0	0	0	0	0	0	0	0	0	0
1789546962338	65645	2926	7	288	12	0	0	3	0	0	0	0	26.103515625	26.103515625	0	0	0	0	90.307617188	90.307617188	0	0	0	0	0	0	0	0	0	0	0	0	0	0	0	0	0	0	0	0	0	0	0	0	0	0	0	0	0	0	0	0	0	0	0	0	0	0	0	0	0	0	0	0	0	0	0	0
1789546962357	65667	2927	7	288	12	0	0	3	0	0	0	0	26.103515625	26.103515625	0	0	0	0	90.307617188	90.307617188	0	0	0	0	0	0	0	0	0	0	0	0	0	0	0	0	0	0	0	0	0	0	0	0	0	0	0	0	0	0	0	0	0	0	0	0	0	0	0	0	0	0	0	0	0	0	0	0
1789546962384	65689	2928	7	288	12	0	0	3	0	0	0	0	26.103515625	26.103515625	0	0	0	0	90.307617188	90.307617188	0	0	0	0	0	0	0	0	0	0	0	0	0	0	0	0	0	0	0	0	0	0	0	0	0	0	0	0	0	0	0	0	0	0	0	0	0	0	0	0	0	0	0	0	0	0	0	0
1789546962404	65711	2929	7	288	12	0	0	3	0	0	0	0	26.103515625	26.103515625	0	0	0	0	90.307617188	90.307617188	0	0	0	0	0	0	0	0	0	0	0	0	0	0	0	0	0	0	0	0	0	0	0	0	0	0	0	0	0	0	0	0	0	0	0	0	0	0	0	0	0	0	0	0	0	0	0	0
1789546962424	65733	2930	7	288	12	0	0	3	0	0	0	0	26.103515625	26.103515625	0	0	0	0	90.307617188	90.307617188	0	0	0	0	0	0	0	0	0	0	0	0	0	0	0	0	0	0	0	0	0	0	0	0	0	0	0	0	0	0	0	0	0	0	0	0	0	0	0	0	0	0	0	0	0	0	0	0
1789546962450	65755	2931	7	288	12	0	0	3	0	0	0	0	26.103515625	26.103515625	0	0	0	0	90.307617188	90.307617188	0	0	0	0	0	0	0	0	0	0	0	0	0	0	0	0	0	0	0	0	0	0	0	0	0	0	0	0	0	0	0	0	0	0	0	0	0	0	0	0	0	0	0	0	0	0	0	0
1789546962470	65777	2932	7	288	12	0	0	3	0	0	0	0	26.103515625	26.103515625	0	0	0	0	90.307617188	90.307617188	0	0	0	0	0	0	0	0	0	0	0	0	0	0	0	0	0	0	0	0	0	0	0	0	0	0	0	0	0	0	0	0	0	0	0	0	0	0	0	0	0	0	0	0	0	0	0	0
1789546962490	65799	2933	7	288	12	0	0	3	0	0	0	0	26.103515625	26.103515625	0	0	0	0	90.307617188	90.307617188	0	0	0	0	0	0	0	0	0	0	0	0	0	0	0	0	0	0	0	0	0	0	0	0	0	0	0	0	0	0	0	0	0	0	0	0	0	0	0	0	0	0	0	0	0	0	0	0
1789546962510	65821	2934	7	288	12	0	0	3	0	0	0	0	26.103515625	26.103515625	0	0	0	0	90.307617188	90.307617188	0	0	0	0	0	0	0	0	0	0	0	0	0	0	0	0	0	0	0	0	0	0	0	0	0	0	0	0	0	0	0	0	0	0	0	0	0	0	0	0	0	0	0	0	0	0	0	0
1789546962537	65843	2935	7	288	12	0	0	3	0	0	0	0	26.103515625	26.103515625	0	0	0	0	90.307617188	90.307617188	0	0	0	0	0	0	0	0	0	0	0	0	0	0	0	0	0	0	0	0	0	0	0	0	0	0	0	0	0	0	0	0	0	0	0	0	0	0	0	0	0	0	0	0	0	0	0	0
1789546962557	65865	2936	7	288	12	0	0	3	0	0	0	0	26.103515625	26.103515625	0	0	0	0	90.307617188	90.307617188	0	0	0	0	0	0	0	0	0	0	0	0	0	0	0	0	0	0	0	0	0	0	0	0	0	0	0	0	0	0	0	0	0	0	0	0	0	0	0	0	0	0	0	0	0	0	0	0
1789546962577	65887	2937	7	288	12	0	0	3	0	0	0	0	26.103515625	26.103515625	0	0	0	0	90.307617188	90.307617188	0	0	0	0	0	0	0	0	0	0	0	0	0	0	0	0	0	0	0	0	0	0	0	0	0	0	0	0	0	0	0	0	0	0	0	0	0	0	0	0	0	0	0	0	0	0	0	0
1789546962604	65909	2938	7	288	12	0	0	3	0	0	0	0	26.103515625	26.103515625	0	0	0	0	90.307617188	90.307617188	0	0	0	0	0	0	0	0	0	0	0	0	0	0	0	0	0	0	0	0	0	0	0	0	0	0	0	0	0	0	0	0	0	0	0	0	0	0	0	0	0	0	0	0	0	0	0	0
1789546962623	65931	2939	7	288	12	0	0	3	0	0	0	0	26.103515625	26.103515625	0	0	0	0	90.307617188	90.307617188	0	0	0	0	0	0	0	0	0	0	0	0	0	0	0	0	0	0	0	0	0	0	0	0	0	0	0	0	0	0	0	0	0	0	0	0	0	0	0	0	0	0	0	0	0	0	0	0
1789546962643	65953	2940	7	288	12	0	0	3	0	0	0	0	26.103515625	26.103515625	0	0	0	0	90.307617188	90.307617188	0	0	0	0	0	0	0	0	0	0	0	0	0	0	0	0	0	0	0	0	0	0	0	0	0	0	0	0	0	0	0	0	0	0	0	0	0	0	0	0	0	0	0	0	0	0	0	0
1789546962663	65975	2941	7	288	12	0	0	3	0	0	0	0	26.103515625	26.103515625	0	0	0	0	90.307617188	90.307617188	0	0	0	0	0	0	0	0	0	0	0	0	0	0	0	0	0	0	0	0	0	0	0	0	0	0	0	0	0	0	0	0	0	0	0	0	0	0	0	0	0	0	0	0	0	0	0	0
1789546962690	65997	2942	7	288	12	0	0	3	0	0	0	0	26.103515625	26.103515625	0	0	0	0	90.307617188	90.307617188	0	0	0	0	0	0	0	0	0	0	0	0	0	0	0	0	0	0	0	0	0	0	0	0	0	0	0	0	0	0	0	0	0	0	0	0	0	0	0	0	0	0	0	0	0	0	0	0
1789546962709	66019	2943	7	288	12	0	0	3	0	0	0	0	26.103515625	26.103515625	0	0	0	0	90.307617188	90.307617188	0	0	0	0	0	0	0	0	0	0	0	0	0	0	0	0	0	0	0	0	0	0	0	0	0	0	0	0	0	0	0	0	0	0	0	0	0	0	0	0	0	0	0	0	0	0	0	0
1789546962736	66041	2944	7	288	12	0	0	3	0	0	0	0	26.103515625	26.103515625	0	0	0	0	90.307617188	90.307617188	0	0	0	0	0	0	0	0	0	0	0	0	0	0	0	0	0	0	0	0	0	0	0	0	0	0	0	0	0	0	0	0	0	0	0	0	0	0	0	0	0	0	0	0	0	0	0	0
1789546962756	66063	2945	7	288	12	0	0	3	0	0	0	0	26.103515625	26.103515625	0	0	0	0	90.307617188	90.307617188	0	0	0	0	0	0	0	0	0	0	0	0	0	0	0	0	0	0	0	0	0	0	0	0	0	0	0	0	0	0	0	0	0	0	0	0	0	0	0	0	0	0	0	0	0	0	0	0
1789546962774	66085	2946	7	288	12	0	0	3	0	0	0	0	26.103515625	26.103515625	0	0	0	0	90.307617188	90.307617188	0	0	0	0	0	0	0	0	0	0	0	0	0	0	0	0	0	0	0	0	0	0	0	0	0	0	0	0	0	0	0	0	0	0	0	0	0	0	0	0	0	0	0	0	0	0	0	0
1789546962799	66107	2947	7	288	12	0	0	3	0	0	0	0	26.103515625	26.103515625	0	0	0	0	90.307617188	90.307617188	0	0	0	0	0	0	0	0	0	0	0	0	0	0	0	0	0	0	0	0	0	0	0	0	0	0	0	0	0	0	0	0	0	0	0	0	0	0	0	0	0	0	0	0	0	0	0	0
1789546962818	66129	2948	7	288	12	0	0	3	0	0	0	0	26.103515625	26.103515625	0	0	0	0	90.307617188	90.307617188	0	0	0	0	0	0	0	0	0	0	0	0	0	0	0	0	0	0	0	0	0	0	0	0	0	0	0	0	0	0	0	0	0	0	0	0	0	0	0	0	0	0	0	0	0	0	0	0
1789546962844	66151	2949	7	288	12	0	0	3	0	0	0	0	26.103515625	26.103515625	0	0	0	0	90.307617188	90.307617188	0	0	0	0	0	0	0	0	0	0	0	0	0	0	0	0	0	0	0	0	0	0	0	0	0	0	0	0	0	0	0	0	0	0	0	0	0	0	0	0	0	0	0	0	0	0	0	0
1789546962864	66173	2950	7	288	12	0	0	3	0	0	0	0	26.103515625	26.103515625	0	0	0	0	90.307617188	90.307617188	0	0	0	0	0	0	0	0	0	0	0	0	0	0	0	0	0	0	0	0	0	0	0	0	0	0	0	0	0	0	0	0	0	0	0	0	0	0	0	0	0	0	0	0	0	0	0	0
1789546962884	66195	2951	7	288	12	0	0	3	0	0	0	0	26.103515625	26.103515625	0	0	0	0	90.307617188	90.307617188	0	0	0	0	0	0	0	0	0	0	0	0	0	0	0	0	0	0	0	0	0	0	0	0	0	0	0	0	0	0	0	0	0	0	0	0	0	0	0	0	0	0	0	0	0	0	0	0
1789546962911	66217	2952	7	288	12	0	0	3	0	0	0	0	26.103515625	26.103515625	0	0	0	0	90.307617188	90.307617188	0	0	0	0	0	0	0	0	0	0	0	0	0	0	0	0	0	0	0	0	0	0	0	0	0	0	0	0	0	0	0	0	0	0	0	0	0	0	0	0	0	0	0	0	0	0	0	0
1789546962931	66239	2953	7	288	12	0	0	3	0	0	0	0	26.103515625	26.103515625	0	0	0	0	90.307617188	90.307617188	0	0	0	0	0	0	0	0	0	0	0	0	0	0	0	0	0	0	0	0	0	0	0	0	0	0	0	0	0	0	0	0	0	0	0	0	0	0	0	0	0	0	0	0	0	0	0	0
1789546962951	66261	2954	7	288	12	0	0	3	0	0	0	0	26.103515625	26.103515625	0	0	-6	6	90.307617188	90.307617188	0	0	0	0	0	0	0	0	0	0	0	0	0	0	0	0	0	0	0	0	0	0	0	0	0	0	0	0	0	0	0	0	0	0	0	0	0	0	0	0	0	0	0	0	0	0	0	0
1789546962977	66283	2955	7	288	12	0	0	3	0	0	0	0	26.103515625	26.103515625	0	0	0	0	90.3515625	90.3515625	0	0	0	0	0	0	0	0	0	0	0	0	0	0	0	0	0	0	0	0	0	0	0	0	0	0	0	0	0	0	0	0	0	0	0	0	0	0	0	0	0	0	0	0	0	0	0	0
1789546962997	66305	2956	7	288	12	0	0	3	0	0	0	0	26.103515625	26.103515625	0	0	0	0	90.307617188	90.307617188	0	0	0	0	0	0	0	0	0	0	0	0	0	0	0	0	0	0	0	0	0	0	0	0	0	0	0	0	0	0	0	0	0	0	0	0	0	0	0	0	0	0	0	0	0	0	0	0
1789546963017	66327	2957	7	288	12	0	0	3	0	0	0	0	26.103515625	26.103515625	0	0	0	0	90.307617188	90.307617188	0	0	0	0	0	0	0	0	0	0	0	0	0	0	0	0	0	0	0	0	0	0	0	0	0	0	0	0	0	0	0	0	0	0	0	0	0	0	0	0	0	0	0	0	0	0	0	0
1789546963044	66349	2958	7	288	12	0	0	3	0	0	0	0	26.103515625	26.103515625	0	0	0	0	90.307617188	90.307617188	0	0	0	0	0	0	0	0	0	0	0	0	0	0	0	0	0	0	0	0	0	0	0	0	0	0	0	0	0	0	0	0	0	0	0	0	0	0	0	0	0	0	0	0	0	0	0	0
1789546963064	66371	2959	7	288	12	0	0	3	0	0	0	0	26.103515625	26.103515625	0	0	0	0	90.307617188	90.307617188	0	0	0	0	0	0	0	0	0	0	0	0	0	0	0	0	0	0	0	0	0	0	0	0	0	0	0	0	0	0	0	0	0	0	0	0	0	0	0	0	0	0	0	0	0	0	0	0
1789546963084	66393	2960	7	288	12	0	0	3	0	0	0	0	26.103515625	26.103515625	0	0	0	0	90.307617188	90.307617188	0	0	0	0	0	0	0	0	0	0	0	0	0	0	0	0	0	0	0	0	0	0	0	0	0	0	0	0	0	0	0	0	0	0	0	0	0	0	0	0	0	0	0	0	0	0	0	0
1789546963103	66415	2961	7	288	12	0	0	3	0	0	0	0	26.103515625	26.103515625	0	0	0	0	90.307617188	90.307617188	0	0	0	0	0	0	0	0	0	0	0	0	0	0	0	0	0	0	0	0	0	0	0	0	0	0	0	0	0	0	0	0	0	0	0	0	0	0	0	0	0	0	0	0	0	0	0	0
1789546963130	66437	2962	7	288	12	0	0	3	0	0	0	0	26.103515625	26.103515625	0	0	0	0	90.307617188	90.307617188	0	0	0	0	0	0	0	0	0	0	0	0	0	0	0	0	0	0	0	0	0	0	0	0	0	0	0	0	0	0	0	0	0	0	0	0	0	0	0	0	0	0	0	0	0	0	0	0
1789546963150	66459	2963	7	288	12	0	0	3	0	0	0	0	26.103515625	26.103515625	0	0	0	0	90.307617188	90.307617188	0	0	0	0	0	0	0	0	0	0	0	0	0	0	0	0	0	0	0	0	0	0	0	0	0	0	0	0	0	0	0	0	0	0	0	0	0	0	0	0	0	0	0	0	0	0	0	0
1789546963170	66481	2964	7	288	12	0	0	3	0	0	0	0	26.103515625	26.103515625	0	0	0	0	90.307617188	90.307617188	0	0	0	0	0	0	0	0	0	0	0	0	0	0	0	0	0	0	0	0	0	0	0	0	0	0	0	0	0	0	0	0	0	0	0	0	0	0	0	0	0	0	0	0	0	0	0	0
1789546963197	66503	2965	7	288	12	0	0	3	0	0	0	0	26.103515625	26.103515625	0	0	0	0	90.307617188	90.307617188	0	0	0	0	0	0	0	0	0	0	0	0	0	0	0	0	0	0	0	0	0	0	0	0	0	0	0	0	0	0	0	0	0	0	0	0	0	0	0	0	0	0	0	0	0	0	0	0
1789546963216	66525	2966	7	288	12	0	0	3	0	0	0	0	26.103515625	26.103515625	0	0	0	0	90.307617188	90.307617188	0	0	0	0	0	0	0	0	0	0	0	0	0	0	0	0	0	0	0	0	0	0	0	0	0	0	0	0	0	0	0	0	0	0	0	0	0	0	0	0	0	0	0	0	0	0	0	0
1789546963236	66547	2967	7	288	12	0	0	3	0	0	0	0	26.103515625	26.103515625	0	0	0	0	90.307617188	90.307617188	0	0	0	0	0	0	0	0	0	0	0	0	0	0	0	0	0	0	0	0	0	0	0	0	0	0	0	0	0	0	0	0	0	0	0	0	0	0	0	0	0	0	0	0	0	0	0	0
1789546963263	66569	2968	7	288	12	0	0	3	0	0	0	0	26.103515625	26.103515625	0	0	0	0	90.307617188	90.307617188	0	0	0	0	0	0	0	0	0	0	0	0	0	0	0	0	0	0	0	0	0	0	0	0	0	0	0	0	0	0	0	0	0	0	0	0	0	0	0	0	0	0	0	0	0	0	0	0
1789546963283	66591	2969	7	288	12	0	0	3	0	0	0	0	26.103515625	26.103515625	0	0	0	0	90.307617188	90.307617188	0	0	0	0	0	0	0	0	0	0	0	0	0	0	0	0	0	0	0	0	0	0	0	0	0	0	0	0	0	0	0	0	0	0	0	0	0	0	0	0	0	0	0	0	0	0	0	0
1789546963303	66613	2970	7	288	12	0	0	3	0	0	0	0	26.103515625	26.103515625	0	0	0	0	90.307617188	90.307617188	0	0	0	0	0	0	0	0	0	0	0	0	0	0	0	0	0	0	0	0	0	0	0	0	0	0	0	0	0	0	0	0	0	0	0	0	0	0	0	0	0	0	0	0	0	0	0	0
1789546963329	66635	2971	7	288	12	0	0	3	0	0	0	0	26.103515625	26.103515625	0	0	0	0	90.307617188	90.307617188	0	0	0	0	0	0	0	0	0	0	0	0	0	0	0	0	0	0	0	0	0	0	0	0	0	0	0	0	0	0	0	0	0	0	0	0	0	0	0	0	0	0	0	0	0	0	0	0
1789546963350	66657	2972	7	288	12	0	0	3	0	0	0	0	26.103515625	26.103515625	0	0	0	0	90.307617188	90.307617188	0	0	0	0	0	0	0	0	0	0	0	0	0	0	0	0	0	0	0	0	0	0	0	0	0	0	0	0	0	0	0	0	0	0	0	0	0	0	0	0	0	0	0	0	0	0	0	0
1789546963370	66679	2973	7	288	12	0	0	3	0	0	0	0	26.103515625	26.103515625	0	0	0	0	90.307617188	90.307617188	0	0	0	0	0	0	0	0	0	0	0	0	0	0	0	0	0	0	0	0	0	0	0	0	0	0	0	0	0	0	0	0	0	0	0	0	0	0	0	0	0	0	0	0	0	0	0	0
1789546963390	66701	2974	7	288	12	0	0	3	0	0	0	0	26.103515625	26.103515625	0	0	0	0	90.307617188	90.307617188	0	0	0	0	0	0	0	0	0	0	0	0	0	0	0	0	0	0	0	0	0	0	0	0	0	0	0	0	0	0	0	0	0	0	0	0	0	0	0	0	0	0	0	0	0	0	0	0
1789546963417	66723	2975	7	288	12	0	0	3	0	0	0	0	26.103515625	26.103515625	0	0	0	0	90.307617188	90.307617188	0	0	0	0	0	0	0	0	0	0	0	0	0	0	0	0	0	0	0	0	0	0	0	0	0	0	0	0	0	0	0	0	0	0	0	0	0	0	0	0	0	0	0	0	0	0	0	0
1789546963436	66745	2976	7	288	12	0	0	3	0	0	0	0	26.103515625	26.103515625	0	0	0	0	90.307617188	90.307617188	0	0	0	0	0	0	0	0	0	0	0	0	0	0	0	0	0	0	0	0	0	0	0	0	0	0	0	0	0	0	0	0	0	0	0	0	0	0	0	0	0	0	0	0	0	0	0	0
1789546963456	66767	2977	7	288	12	0	0	3	0	0	0	0	26.103515625	26.103515625	0	0	0	0	90.307617188	90.307617188	0	0	0	0	0	0	0	0	0	0	0	0	0	0	0	0	0	0	0	0	0	0	0	0	0	0	0	0	0	0	0	0	0	0	0	0	0	0	0	0	0	0	0	0	0	0	0	0
1789546963483	66789	2978	7	288	12	0	0	3	0	0	0	0	26.103515625	26.103515625	0	0	0	0	90.307617188	90.307617188	0	0	0	0	0	0	0	0	0	0	0	0	0	0	0	0	0	0	0	0	0	0	0	0	0	0	0	0	0	0	0	0	0	0	0	0	0	0	0	0	0	0	0	0	0	0	0	0
1789546963504	66811	2979	7	288	12	0	0	3	0	0	0	0	26.103515625	26.103515625	0	0	0	0	90.307617188	90.307617188	0	0	0	0	0	0	0	0	0	0	0	0	0	0	0	0	0	0	0	0	0	0	0	0	0	0	0	0	0	0	0	0	0	0	0	0	0	0	0	0	0	0	0	0	0	0	0	0
1789546963523	66833	2980	7	288	12	0	0	3	0	0	0	0	26.103515625	26.103515625	0	0	0	0	90.307617188	90.307617188	0	0	0	0	0	0	0	0	0	0	0	0	0	0	0	0	0	0	0	0	0	0	0	0	0	0	0	0	0	0	0	0	0	0	0	0	0	0	0	0	0	0	0	0	0	0	0	0
1789546963549	66855	2981	7	288	12	0	0	3	0	0	0	0	26.103515625	26.103515625	0	0	0	0	90.307617188	90.307617188	0	0	0	0	0	0	0	0	0	0	0	0	0	0	0	0	0	0	0	0	0	0	0	0	0	0	0	0	0	0	0	0	0	0	0	0	0	0	0	0	0	0	0	0	0	0	0	0
1789546963569	66877	2982	7	288	12	0	0	3	0	0	0	0	26.103515625	26.103515625	0	0	0	0	90.307617188	90.307617188	0	0	0	0	0	0	0	0	0	0	0	0	0	0	0	0	0	0	0	0	0	0	0	0	0	0	0	0	0	0	0	0	0	0	0	0	0	0	0	0	0	0	0	0	0	0	0	0
1789546963589	66899	2983	7	288	12	0	0	3	0	0	0	0	26.103515625	26.103515625	0	0	0	0	90.307617188	90.307617188	0	0	0	0	0	0	0	0	0	0	0	0	0	0	0	0	0	0	0	0	0	0	0	0	0	0	0	0	0	0	0	0	0	0	0	0	0	0	0	0	0	0	0	0	0	0	0	0
1789546963615	66921	2984	7	288	12	0	0	3	0	0	0	0	26.103515625	26.103515625	0	0	0	0	90.307617188	90.307617188	0	0	0	0	0	0	0	0	0	0	0	0	0	0	0	0	0	0	0	0	0	0	0	0	0	0	0	0	0	0	0	0	0	0	0	0	0	0	0	0	0	0	0	0	0	0	0	0
1789546963635	66943	2985	7	288	12	0	0	3	0	0	0	0	26.103515625	26.103515625	0	0	0	0	90.307617188	90.307617188	0	0	0	0	0	0	0	0	0	0	0	0	0	0	0	0	0	0	0	0	0	0	0	0	0	0	0	0	0	0	0	0	0	0	0	0	0	0	0	0	0	0	0	0	0	0	0	0
1789546963655	66965	2986	7	288	12	0	0	3	0	0	0	0	26.103515625	26.103515625	0	0	0	0	90.307617188	90.307617188	0	0	0	0	0	0	0	0	0	0	0	0	0	0	0	0	0	0	0	0	0	0	0	0	0	0	0	0	0	0	0	0	0	0	0	0	0	0	0	0	0	0	0	0	0	0	0	0
1789546963681	66987	2987	7	288	12	0	0	3	0	0	0	0	26.103515625	26.103515625	0	0	0	0	90.307617188	90.307617188	0	0	0	0	0	0	0	0	0	0	0	0	0	0	0	0	0	0	0	0	0	0	0	0	0	0	0	0	0	0	0	0	0	0	0	0	0	0	0	0	0	0	0	0	0	0	0	0
1789546963701	67009	2988	7	288	12	0	0	3	0	0	0	0	26.103515625	26.103515625	0	0	0	0	90.307617188	90.307617188	0	0	0	0	0	0	0	0	0	0	0	0	0	0	0	0	0	0	0	0	0	0	0	0	0	0	0	0	0	0	0	0	0	0	0	0	0	0	0	0	0	0	0	0	0	0	0	0
1789546963721	67031	2989	7	288	12	0	0	3	0	0	0	0	26.103515625	26.103515625	0	0	0	0	90.307617188	90.307617188	0	0	0	0	0	0	0	0	0	0	0	0	0	0	0	0	0	0	0	0	0	0	0	0	0	0	0	0	0	0	0	0	0	0	0	0	0	0	0	0	0	0	0	0	0	0	0	0
1789546963747	67053	2990	7	288	12	0	0	3	0	0	0	0	26.103515625	26.103515625	0	0	0	0	90.307617188	90.307617188	0	0	0	0	0	0	0	0	0	0	0	0	0	0	0	0	0	0	0	0	0	0	0	0	0	0	0	0	0	0	0	0	0	0	0	0	0	0	0	0	0	0	0	0	0	0	0	0
1789546963767	67075	2991	7	288	12	0	0	3	0	0	0	0	26.103515625	26.103515625	0	0	0	0	90.307617188	90.307617188	0	0	0	0	0	0	0	0	0	0	0	0	0	0	0	0	0	0	0	0	0	0	0	0	0	0	0	0	0	0	0	0	0	0	0	0	0	0	0	0	0	0	0	0	0	0	0	0
1789546963786	67097	2992	7	288	12	0	0	3	0	0	0	0	26.103515625	26.103515625	0	0	0	0	90.307617188	90.307617188	0	0	0	0	0	0	0	0	0	0	0	0	0	0	0	0	0	0	0	0	0	0	0	0	0	0	0	0	0	0	0	0	0	0	0	0	0	0	0	0	0	0	0	0	0	0	0	0
1789546963813	67119	2993	7	288	12	0	0	3	0	0	0	0	26.103515625	26.103515625	0	0	0	0	90.307617188	90.307617188	0	0	0	0	0	0	0	0	0	0	0	0	0	0	0	0	0	0	0	0	0	0	0	0	0	0	0	0	0	0	0	0	0	0	0	0	0	0	0	0	0	0	0	0	0	0	0	0
1789546963833	67141	2994	7	288	12	0	0	3	0	0	0	0	26.103515625	26.103515625	0	0	0	0	90.307617188	90.307617188	0	0	0	0	0	0	0	0	0	0	0	0	0	0	0	0	0	0	0	0	0	0	0	0	0	0	0	0	0	0	0	0	0	0	0	0	0	0	0	0	0	0	0	0	0	0	0	0
1789546963853	67163	2995	7	288	12	0	0	3	0	0	0	0	26.103515625	26.103515625	0	0	0	0	90.307617188	90.307617188	0	0	0	0	0	0	0	0	0	0	0	0	0	0	0	0	0	0	0	0	0	0	0	0	0	0	0	0	0	0	0	0	0	0	0	0	0	0	0	0	0	0	0	0	0	0	0	0
1789546963879	67185	2996	7	288	12	0	0	3	0	0	0	0	26.103515625	26.103515625	0	0	0	0	90.307617188	90.307617188	0	0	0	0	0	0	0	0	0	0	0	0	0	0	0	0	0	0	0	0	0	0	0	0	0	0	0	0	0	0	0	0	0	0	0	0	0	0	0	0	0	0	0	0	0	0	0	0
1789546963899	67207	2997	7	288	12	0	0	3	0	0	0	0	26.103515625	26.103515625	0	0	0	0	90.307617188	90.307617188	0	0	0	0	0	0	0	0	0	0	0	0	0	0	0	0	0	0	0	0	0	0	0	0	0	0	0	0	0	0	0	0	0	0	0	0	0	0	0	0	0	0	0	0	0	0	0	0
1789546963919	67229	2998	7	288	12	0	0	3	0	0	0	0	26.103515625	26.103515625	0	0	0	0	90.307617188	90.307617188	0	0	0	0	0	0	0	0	0	0	0	0	0	0	0	0	0	0	0	0	0	0	0	0	0	0	0	0	0	0	0	0	0	0	0	0	0	0	0	0	0	0	0	0	0	0	0	0
1789546963946	67251	2999	7	288	12	0	0	3	0	0	0	0	26.103515625	26.103515625	0	0	0	0	90.307617188	90.307617188	0	0	0	0	0	0	0	0	0	0	0	0	0	0	0	0	0	0	0	0	0	0	0	0	0	0	0	0	0	0	0	0	0	0	0	0	0	0	0	0	0	0	0	0	0	0	0	0
1789546963966	67273	3000	7	288	12	0	0	3	0	0	0	0	26.103515625	26.103515625	0	0	0	0	90.307617188	90.307617188	0	0	0	0	0	0	0	0	0	0	0	0	0	0	0	0	0	0	0	0	0	0	0	0	0	0	0	0	0	0	0	0	0	0	0	0	0	0	0	0	0	0	0	0	0	0	0	0
1789546963986	67295	3001	7	288	12	0	0	3	0	0	0	0	26.103515625	26.103515625	0	0	0	0	90.307617188	90.307617188	0	0	0	0	0	0	0	0	0	0	0	0	0	0	0	0	0	0	0	0	0	0	0	0	0	0	0	0	0	0	0	0	0	0	0	0	0	0	0	0	0	0	0	0	0	0	0	0
1789546964006	67317	3002	7	288	12	0	0	3	0	0	0	0	26.103515625	26.103515625	0	0	0	0	90.307617188	90.307617188	0	0	0	0	0	0	0	0	0	0	0	0	0	0	0	0	0	0	0	0	0	0	0	0	0	0	0	0	0	0	0	0	0	0	0	0	0	0	0	0	0	0	0	0	0	0	0	0
1789546964032	67339	3003	7	288	12	0	0	3	0	0	0	0	26.103515625	26.103515625	0	0	0	0	90.307617188	90.307617188	0	0	0	0	0	0	0	0	0	0	0	0	0	0	0	0	0	0	0	0	0	0	0	0	0	0	0	0	0	0	0	0	0	0	0	0	0	0	0	0	0	0	0	0	0	0	0	0
1789546964052	67361	3004	7	288	12	0	0	3	0	0	0	0	26.103515625	26.103515625	0	0	0	0	90.307617188	90.307617188	0	0	0	0	0	0	0	0	0	0	0	0	0	0	0	0	0	0	0	0	0	0	0	0	0	0	0	0	0	0	0	0	0	0	0	0	0	0	0	0	0	0	0	0	0	0	0	0
1789546964072	67383	3005	7	288	12	0	0	3	0	0	0	0	26.103515625	26.103515625	0	0	0	0	90.307617188	90.307617188	0	0	0	0	0	0	0	0	0	0	0	0	0	0	0	0	0	0	0	0	0	0	0	0	0	0	0	0	0	0	0	0	0	0	0	0	0	0	0	0	0	0	0	0	0	0	0	0
1789546964098	67405	3006	7	288	12	0	0	3	0	0	0	0	26.103515625	26.103515625	0	0	0	0	90.307617188	90.307617188	0	0	0	0	0	0	0	0	0	0	0	0	0	0	0	0	0	0	0	0	0	0	0	0	0	0	0	0	0	0	0	0	0	0	0	0	0	0	0	0	0	0	0	0	0	0	0	0
1789546964118	67427	3007	7	288	12	0	0	3	0	0	0	0	26.103515625	26.103515625	0	0	0	0	90.307617188	90.307617188	0	0	0	0	0	0	0	0	0	0	0	0	0	0	0	0	0	0	0	0	0	0	0	0	0	0	0	0	0	0	0	0	0	0	0	0	0	0	0	0	0	0	0	0	0	0	0	0
1789546964138	67449	3008	7	288	12	0	0	3	0	0	0	0	26.103515625	26.103515625	0	0	0	0	90.307617188	90.307617188	0	0	0	0	0	0	0	0	0	0	0	0	0	0	0	0	0	0	0	0	0	0	0	0	0	0	0	0	0	0	0	0	0	0	0	0	0	0	0	0	0	0	0	0	0	0	0	0
1789546964164	67471	3009	7	288	12	0	0	3	0	0	0	0	26.103515625	26.103515625	0	0	0	0	90.307617188	90.307617188	0	0	0	0	0	0	0	0	0	0	0	0	0	0	0	0	0	0	0	0	0	0	0	0	0	0	0	0	0	0	0	0	0	0	0	0	0	0	0	0	0	0	0	0	0	0	0	0
1789546964183	67493	3010	7	288	12	0	0	3	0	0	0	0	26.103515625	26.103515625	0	0	0	0	90.307617188	90.307617188	0	0	0	0	0	0	0	0	0	0	0	0	0	0	0	0	0	0	0	0	0	0	0	0	0	0	0	0	0	0	0	0	0	0	0	0	0	0	0	0	0	0	0	0	0	0	0	0
1789546964210	67515	3011	7	288	12	0	0	3	0	0	0	0	26.103515625	26.103515625	0	0	0	0	90.307617188	90.307617188	0	0	0	0	0	0	0	0	0	0	0	0	0	0	0	0	0	0	0	0	0	0	0	0	0	0	0	0	0	0	0	0	0	0	0	0	0	0	0	0	0	0	0	0	0	0	0	0
1789546964230	67537	3012	7	288	12	0	0	3	0	0	0	0	26.103515625	26.103515625	0	0	0	0	90.307617188	90.307617188	0	0	0	0	0	0	0	0	0	0	0	0	0	0	0	0	0	0	0	0	0	0	0	0	0	0	0	0	0	0	0	0	0	0	0	0	0	0	0	0	0	0	0	0	0	0	0	0
1789546964250	67559	3013	7	288	12	0	0	3	0	0	0	0	26.103515625	26.103515625	0	0	0	0	90.307617188	90.307617188	0	0	0	0	0	0	0	0	0	0	0	0	0	0	0	0	0	0	0	0	0	0	0	0	0	0	0	0	0	0	0	0	0	0	0	0	0	0	0	0	0	0	0	0	0	0	0	0
1789546964270	67581	3014	7	288	12	0	0	3	0	0	0	0	26.103515625	26.103515625	0	0	0	0	90.307617188	90.307617188	0	0	0	0	0	0	0	0	0	0	0	0	0	0	0	0	0	0	0	0	0	0	0	0	0	0	0	0	0	0	0	0	0	0	0	0	0	0	0	0	0	0	0	0	0	0	0	0
1789546964296	67603	3015	7	288	12	0	0	3	0	0	0	0	26.103515625	26.103515625	0	0	0	0	90.307617188	90.307617188	0	0	0	0	0	0	0	0	0	0	0	0	0	0	0	0	0	0	0	0	0	0	0	0	0	0	0	0	0	0	0	0	0	0	0	0	0	0	0	0	0	0	0	0	0	0	0	0
1789546964316	67625	3016	7	288	12	0	0	3	0	0	0	0	26.103515625	26.103515625	0	0	0	0	90.307617188	90.307617188	0	0	0	0	0	0	0	0	0	0	0	0	0	0	0	0	0	0	0	0	0	0	0	0	0	0	0	0	0	0	0	0	0	0	0	0	0	0	0	0	0	0	0	0	0	0	0	0
1789546964336	67647	3017	7	288	12	0	0	3	0	0	0	0	26.103515625	26.103515625	0	0	0	0	90.307617188	90.307617188	0	0	0	0	0	0	0	0	0	0	0	0	0	0	0	0	0	0	0	0	0	0	0	0	0	0	0	0	0	0	0	0	0	0	0	0	0	0	0	0	0	0	0	0	0	0	0	0
1789546964363	67669	3018	7	288	12	0	0	3	0	0	0	0	26.103515625	26.103515625	0	0	-6	6	90.307617188	90.307617188	0	0	0	0	0	0	0	0	0	0	0	0	0	0	0	0	0	0	0	0	0	0	0	0	0	0	0	0	0	0	0	0	0	0	0	0	0	0	0	0	0	0	0	0	0	0	0	0
1789546964383	67691	3019	7	288	12	0	0	3	0	0	0	0	26.103515625	26.103515625	0	0	0	0	90.307617188	90.307617188	0	0	0	0	0	0	0	0	0	0	0	0	0	0	0	0	0	0	0	0	0	0	0	0	0	0	0	0	0	0	0	0	0	0	0	0	0	0	0	0	0	0	0	0	0	0	0	0
1789546964403	67713	3020	7	288	12	0	0	3	0	0	0	0	26.103515625	26.103515625	0	0	0	0	90.307617188	90.307617188	0	0	0	0	0	0	0	0	0	0	0	0	0	0	0	0	0	0	0	0	0	0	0	0	0	0	0	0	0	0	0	0	0	0	0	0	0	0	0	0	0	0	0	0	0	0	0	0
1789546964429	67735	3021	7	288	12	0	0	3	0	0	0	0	26.103515625	26.103515625	0	0	0	0	90.307617188	90.307617188	0	0	0	0	0	0	0	0	0	0	0	0	0	0	0	0	0	0	0	0	0	0	0	0	0	0	0	0	0	0	0	0	0	0	0	0	0	0	0	0	0	0	0	0	0	0	0	0
1789546964449	67757	3022	7	288	12	0	0	3	0	0	0	0	26.103515625	26.103515625	0	0	-6	6	90.307617188	90.307617188	0	0	0	0	0	0	0	0	0	0	0	0	0	0	0	0	0	0	0	0	0	0	0	0	0	0	0	0	0	0	0	0	0	0	0	0	0	0	0	0	0	0	0	0	0	0	0	0
1789546964469	67779	3023	7	288	12	0	0	3	0	0	0	0	26.103515625	26.103515625	0	0	0	0	90.307617188	90.307617188	0	0	0	0	0	0	0	0	0	0	0	0	0	0	0	0	0	0	0	0	0	0	0	0	0	0	0	0	0	0	0	0	0	0	0	0	0	0	0	0	0	0	0	0	0	0	0	0
1789546964490	67801	3024	7	288	12	0	0	3	0	0	0	0	26.103515625	26.103515625	0	0	0	0	90.307617188	90.307617188	0	0	0	0	0	0	0	0	0	0	0	0	0	0	0	0	0	0	0	0	0	0	0	0	0	0	0	0	0	0	0	0	0	0	0	0	0	0	0	0	0	0	0	0	0	0	0	0
1789546964516	67823	3025	7	288	12	0	0	3	0	0	0	0	26.103515625	26.103515625	0	0	0	0	90.307617188	90.307617188	0	0	0	0	0	0	0	0	0	0	0	0	0	0	0	0	0	0	0	0	0	0	0	0	0	0	0	0	0	0	0	0	0	0	0	0	0	0	0	0	0	0	0	0	0	0	0	0
1789546964537	67845	3026	7	288	12	0	0	3	0	0	0	0	26.103515625	26.103515625	0	0	0	0	90.307617188	90.307617188	0	0	0	0	0	0	0	0	0	0	0	0	0	0	0	0	0	0	0	0	0	0	0	0	0	0	0	0	0	0	0	0	0	0	0	0	0	0	0	0	0	0	0	0	0	0	0	0
1789546964557	67867	3027	7	288	12	0	0	3	0	0	0	0	26.103515625	26.103515625	0	0	0	0	90.307617188	90.307617188	0	0	0	0	0	0	0	0	0	0	0	0	0	0	0	0	0	0	0	0	0	0	0	0	0	0	0	0	0	0	0	0	0	0	0	0	0	0	0	0	0	0	0	0	0	0	0	0
1789546964584	67889	3028	7	288	12	0	0	3	0	0	0	0	26.103515625	26.103515625	0	0	0	0	90.307617188	90.307617188	0	0	0	0	0	0	0	0	0	0	0	0	0	0	0	0	0	0	0	0	0	0	0	0	0	0	0	0	0	0	0	0	0	0	0	0	0	0	0	0	0	0	0	0	0	0	0	0
1789546964604	67911	3029	7	288	12	0	0	3	0	0	0	0	26.103515625	26.103515625	0	0	0	0	90.307617188	90.307617188	0	0	0	0	0	0	0	0	0	0	0	0	0	0	0	0	0	0	0	0	0	0	0	0	0	0	0	0	0	0	0	0	0	0	0	0	0	0	0	0	0	0	0	0	0	0	0	0
1789546964624	67933	3030	7	288	12	0	0	3	0	0	0	0	26.103515625	26.103515625	0	0	0	0	90.307617188	90.307617188	0	0	0	0	0	0	0	0	0	0	0	0	0	0	0	0	0	0	0	0	0	0	0	0	0	0	0	0	0	0	0	0	0	0	0	0	0	0	0	0	0	0	0	0	0	0	0	0
1789546964643	67955	3031	7	288	12	0	0	3	0	0	0	0	26.103515625	26.103515625	0	0	0	0	90.307617188	90.307617188	0	0	0	0	0	0	0	0	0	0	0	0	0	0	0	0	0	0	0	0	0	0	0	0	0	0	0	0	0	0	0	0	0	0	0	0	0	0	0	0	0	0	0	0	0	0	0	0
1789546964670	67977	3032	7	288	12	0	0	3	0	0	0	0	26.103515625	26.103515625	0	0	0	0	90.307617188	90.307617188	0	0	0	0	0	0	0	0	0	0	0	0	0	0	0	0	0	0	0	0	0	0	0	0	0	0	0	0	0	0	0	0	0	0	0	0	0	0	0	0	0	0	0	0	0	0	0	0
1789546964689	67999	3033	7	288	12	0	0	3	0	0	0	0	26.103515625	26.103515625	0	0	0	0	90.307617188	90.307617188	0	0	0	0	0	0	0	0	0	0	0	0	0	0	0	0	0	0	0	0	0	0	0	0	0	0	0	0	0	0	0	0	0	0	0	0	0	0	0	0	0	0	0	0	0	0	0	0
1789546964716	68021	3034	7	288	12	0	0	3	0	0	0	0	26.103515625	26.103515625	0	0	0	0	90.307617188	90.307617188	0	0	0	0	0	0	0	0	0	0	0	0	0	0	0	0	0	0	0	0	0	0	0	0	0	0	0	0	0	0	0	0	0	0	0	0	0	0	0	0	0	0	0	0	0	0	0	0
1789546964736	68043	3035	7	288	12	0	0	3	0	0	0	0	26.103515625	26.103515625	0	0	0	0	90.307617188	90.307617188	0	0	0	0	0	0	0	0	0	0	0	0	0	0	0	0	0	0	0	0	0	0	0	0	0	0	0	0	0	0	0	0	0	0	0	0	0	0	0	0	0	0	0	0	0	0	0	0
1789546964756	68065	3036	7	288	12	0	0	3	0	0	0	0	26.103515625	26.103515625	0	0	-12	12	90.307617188	90.307617188	0	0	0	0	0	0	0	0	0	0	0	0	0	0	0	0	0	0	0	0	0	0	0	0	0	0	0	0	0	0	0	0	0	0	0	0	0	0	0	0	0	0	0	0	0	0	0	0
1789546964775	68087	3037	7	288	12	0	0	3	0	0	0	0	26.103515625	26.103515625	0	0	0	0	90.307617188	90.307617188	0	0	0	0	0	0	0	0	0	0	0	0	0	0	0	0	0	0	0	0	0	0	0	0	0	0	0	0	0	0	0	0	0	0	0	0	0	0	0	0	0	0	0	0	0	0	0	0
1789546964802	68109	3038	7	288	12	0	0	3	0	0	0	0	26.103515625	26.103515625	0	0	0	0	90.307617188	90.307617188	0	0	0	0	0	0	0	0	0	0	0	0	0	0	0	0	0	0	0	0	0	0	0	0	0	0	0	0	0	0	0	0	0	0	0	0	0	0	0	0	0	0	0	0	0	0	0	0
1789546964822	68131	3039	7	288	12	0	0	3	0	0	0	0	26.103515625	26.103515625	0	0	0	0	90.307617188	90.307617188	0	0	0	0	0	0	0	0	0	0	0	0	0	0	0	0	0	0	0	0	0	0	0	0	0	0	0	0	0	0	0	0	0	0	0	0	0	0	0	0	0	0	0	0	0	0	0	0
1789546964842	68153	3040	7	288	12	0	0	3	0	0	0	0	26.103515625	26.103515625	0	0	0	0	90.307617188	90.307617188	0	0	0	0	0	0	0	0	0	0	0	0	0	0	0	0	0	0	0	0	0	0	0	0	0	0	0	0	0	0	0	0	0	0	0	0	0	0	0	0	0	0	0	0	0	0	0	0
1789546964869	68175	3041	7	288	12	0	0	3	0	0	0	0	26.103515625	26.103515625	0	0	0	0	90.307617188	90.307617188	0	0	0	0	0	0	0	0	0	0	0	0	0	0	0	0	0	0	0	0	0	0	0	0	0	0	0	0	0	0	0	0	0	0	0	0	0	0	0	0	0	0	0	0	0	0	0	0
1789546964889	68197	3042	7	288	12	0	0	3	0	0	0	0	26.103515625	26.103515625	0	0	0	0	90.307617188	90.307617188	0	0	0	0	0	0	0	0	0	0	0	0	0	0	0	0	0	0	0	0	0	0	0	0	0	0	0	0	0	0	0	0	0	0	0	0	0	0	0	0	0	0	0	0	0	0	0	0
1789546964908	68219	3043	7	288	12	0	0	3	0	0	0	0	26.103515625	26.103515625	0	0	0	0	90.307617188	90.307617188	0	0	0	0	0	0	0	0	0	0	0	0	0	0	0	0	0	0	0	0	0	0	0	0	0	0	0	0	0	0	0	0	0	0	0	0	0	0	0	0	0	0	0	0	0	0	0	0
1789546964935	68241	3044	7	288	12	0	0	3	0	0	0	0	26.103515625	26.103515625	0	0	0	0	90.307617188	90.307617188	0	0	0	0	0	0	0	0	0	0	0	0	0	0	0	0	0	0	0	0	0	0	0	0	0	0	0	0	0	0	0	0	0	0	0	0	0	0	0	0	0	0	0	0	0	0	0	0
1789546964956	68263	3045	7	288	12	0	0	3	0	0	0	0	26.103515625	26.103515625	0	0	0	0	90.307617188	90.307617188	0	0	0	0	0	0	0	0	0	0	0	0	0	0	0	0	0	0	0	0	0	0	0	0	0	0	0	0	0	0	0	0	0	0	0	0	0	0	0	0	0	0	0	0	0	0	0	0
1789546964976	68285	3046	7	288	12	0	0	3	0	0	0	0	26.103515625	26.103515625	0	0	0	0	90.307617188	90.307617188	0	0	0	0	0	0	0	0	0	0	0	0	0	0	0	0	0	0	0	0	0	0	0	0	0	0	0	0	0	0	0	0	0	0	0	0	0	0	0	0	0	0	0	0	0	0	0	0
1789546964996	68307	3047	7	288	12	0	0	3	0	0	0	0	26.103515625	26.103515625	0	0	0	0	90.307617188	90.307617188	0	0	0	0	0	0	0	0	0	0	0	0	0	0	0	0	0	0	0	0	0	0	0	0	0	0	0	0	0	0	0	0	0	0	0	0	0	0	0	0	0	0	0	0	0	0	0	0
1789546965023	68329	3048	7	288	12	0	0	3	0	0	0	0	26.103515625	26.103515625	0	0	0	0	90.307617188	90.307617188	0	0	0	0	0	0	0	0	0	0	0	0	0	0	0	0	0	0	0	0	0	0	0	0	0	0	0	0	0	0	0	0	0	0	0	0	0	0	0	0	0	0	0	0	0	0	0	0
1789546965043	68351	3049	7	288	12	0	0	3	0	0	0	0	26.103515625	26.103515625	0	0	0	0	90.307617188	90.307617188	0	0	0	0	0	0	0	0	0	0	0	0	0	0	0	0	0	0	0	0	0	0	0	0	0	0	0	0	0	0	0	0	0	0	0	0	0	0	0	0	0	0	0	0	0	0	0	0
1789546965063	68373	3050	7	288	12	0	0	3	0	0	0	0	26.103515625	26.103515625	0	0	0	0	90.307617188	90.307617188	0	0	0	0	0	0	0	0	0	0	0	0	0	0	0	0	0	0	0	0	0	0	0	0	0	0	0	0	0	0	0	0	0	0	0	0	0	0	0	0	0	0	0	0	0	0	0	0
1789546965089	68395	3051	7	288	12	0	0	3	0	0	0	0	26.103515625	26.103515625	0	0	0	0	90.307617188	90.307617188	0	0	0	0	0	0	0	0	0	0	0	0	0	0	0	0	0	0	0	0	0	0	0	0	0	0	0	0	0	0	0	0	0	0	0	0	0	0	0	0	0	0	0	0	0	0	0	0
1789546965109	68417	3052	7	288	12	0	0	3	0	0	0	0	26.103515625	26.103515625	0	0	0	0	90.307617188	90.307617188	0	0	0	0	0	0	0	0	0	0	0	0	0	0	0	0	0	0	0	0	0	0	0	0	0	0	0	0	0	0	0	0	0	0	0	0	0	0	0	0	0	0	0	0	0	0	0	0
1789546965129	68439	3053	7	288	12	0	0	3	0	0	0	0	26.103515625	26.103515625	0	0	0	0	90.307617188	90.307617188	0	0	0	0	0	0	0	0	0	0	0	0	0	0	0	0	0	0	0	0	0	0	0	0	0	0	0	0	0	0	0	0	0	0	0	0	0	0	0	0	0	0	0	0	0	0	0	0
1789546965149	68461	3054	7	288	12	0	0	3	0	0	0	0	26.103515625	26.103515625	0	0	0	0	90.307617188	90.307617188	0	0	0	0	0	0	0	0	0	0	0	0	0	0	0	0	0	0	0	0	0	0	0	0	0	0	0	0	0	0	0	0	0	0	0	0	0	0	0	0	0	0	0	0	0	0	0	0
1789546965176	68483	3055	7	288	12	0	0	3	0	0	0	0	26.103515625	26.103515625	0	0	0	0	90.307617188	90.307617188	0	0	0	0	0	0	0	0	0	0	0	0	0	0	0	0	0	0	0	0	0	0	0	0	0	0	0	0	0	0	0	0	0	0	0	0	0	0	0	0	0	0	0	0	0	0	0	0
1789546965196	68505	3056	7	288	12	0	0	3	0	0	0	0	26.103515625	26.103515625	0	0	0	0	90.307617188	90.307617188	0	0	0	0	0	0	0	0	0	0	0	0	0	0	0	0	0	0	0	0	0	0	0	0	0	0	0	0	0	0	0	0	0	0	0	0	0	0	0	0	0	0	0	0	0	0	0	0
1789546965216	68527	3057	7	288	12	0	0	3	0	0	0	0	26.103515625	26.103515625	0	0	0	0	90.307617188	90.307617188	0	0	0	0	0	0	0	0	0	0	0	0	0	0	0	0	0	0	0	0	0	0	0	0	0	0	0	0	0	0	0	0	0	0	0	0	0	0	0	0	0	0	0	0	0	0	0	0
1789546965242	68549	3058	7	288	12	0	0	3	0	0	0	0	26.103515625	26.103515625	0	0	0	0	90.307617188	90.307617188	0	0	0	0	0	0	0	0	0	0	0	0	0	0	0	0	0	0	0	0	0	0	0	0	0	0	0	0	0	0	0	0	0	0	0	0	0	0	0	0	0	0	0	0	0	0	0	0
1789546965262	68571	3059	7	288	12	0	0	3	0	0	0	0	26.103515625	26.103515625	0	0	0	0	90.307617188	90.307617188	0	0	0	0	0	0	0	0	0	0	0	0	0	0	0	0	0	0	0	0	0	0	0	0	0	0	0	0	0	0	0	0	0	0	0	0	0	0	0	0	0	0	0	0	0	0	0	0
1789546965282	68593	3060	7	288	12	0	0	3	0	0	0	0	26.103515625	26.103515625	0	0	0	0	90.307617188	90.307617188	0	0	0	0	0	0	0	0	0	0	0	0	0	0	0	0	0	0	0	0	0	0	0	0	0	0	0	0	0	0	0	0	0	0	0	0	0	0	0	0	0	0	0	0	0	0	0	0
1789546965309	68615	3061	7	288	12	0	0	3	0	0	0	0	26.103515625	26.103515625	0	0	0	0	90.307617188	90.307617188	0	0	0	0	0	0	0	0	0	0	0	0	0	0	0	0	0	0	0	0	0	0	0	0	0	0	0	0	0	0	0	0	0	0	0	0	0	0	0	0	0	0	0	0	0	0	0	0
1789546965329	68637	3062	7	288	12	0	0	3	0	0	0	0	26.103515625	26.103515625	0	0	0	0	90.307617188	90.307617188	0	0	0	0	0	0	0	0	0	0	0	0	0	0	0	0	0	0	0	0	0	0	0	0	0	0	0	0	0	0	0	0	0	0	0	0	0	0	0	0	0	0	0	0	0	0	0	0
1789546965349	68659	3063	7	288	12	0	0	3	0	0	0	0	26.103515625	26.103515625	0	0	0	0	90.307617188	90.307617188	0	0	0	0	0	0	0	0	0	0	0	0	0	0	0	0	0	0	0	0	0	0	0	0	0	0	0	0	0	0	0	0	0	0	0	0	0	0	0	0	0	0	0	0	0	0	0	0
1789546965375	68681	3064	7	288	12	0	0	3	0	0	0	0	26.103515625	26.103515625	0	0	0	0	90.307617188	90.307617188	0	0	0	0	0	0	0	0	0	0	0	0	0	0	0	0	0	0	0	0	0	0	0	0	0	0	0	0	0	0	0	0	0	0	0	0	0	0	0	0	0	0	0	0	0	0	0	0
1789546965395	68703	3065	7	288	12	0	0	3	0	0	0	0	26.103515625	26.103515625	0	0	0	0	90.307617188	90.307617188	0	0	0	0	0	0	0	0	0	0	0	0	0	0	0	0	0	0	0	0	0	0	0	0	0	0	0	0	0	0	0	0	0	0	0	0	0	0	0	0	0	0	0	0	0	0	0	0
1789546965415	68725	3066	7	288	12	0	0	3	0	0	0	0	26.103515625	26.103515625	0	0	0	0	90.307617188	90.307617188	0	0	0	0	0	0	0	0	0	0	0	0	0	0	0	0	0	0	0	0	0	0	0	0	0	0	0	0	0	0	0	0	0	0	0	0	0	0	0	0	0	0	0	0	0	0	0	0
1789546965441	68747	3067	7	288	12	0	0	3	0	0	0	0	26.103515625	26.103515625	0	0	0	0	90.307617188	90.307617188	0	0	0	0	0	0	0	0	0	0	0	0	0	0	0	0	0	0	0	0	0	0	0	0	0	0	0	0	0	0	0	0	0	0	0	0	0	0	0	0	0	0	0	0	0	0	0	0
1789546965461	68769	3068	7	288	12	0	0	3	0	0	0	0	26.103515625	26.103515625	0	0	0	0	90.307617188	90.307617188	0	0	0	0	0	0	0	0	0	0	0	0	0	0	0	0	0	0	0	0	0	0	0	0	0	0	0	0	0	0	0	0	0	0	0	0	0	0	0	0	0	0	0	0	0	0	0	0
1789546965481	68791	3069	7	288	12	0	0	3	0	0	0	0	26.103515625	26.103515625	0	0	0	0	90.307617188	90.307617188	0	0	0	0	0	0	0	0	0	0	0	0	0	0	0	0	0	0	0	0	0	0	0	0	0	0	0	0	0	0	0	0	0	0	0	0	0	0	0	0	0	0	0	0	0	0	0	0
1789546965508	68813	3070	7	288	12	0	0	3	0	0	0	0	26.103515625	26.103515625	0	0	0	0	90.307617188	90.307617188	0	0	0	0	0	0	0	0	0	0	0	0	0	0	0	0	0	0	0	0	0	0	0	0	0	0	0	0	0	0	0	0	0	0	0	0	0	0	0	0	0	0	0	0	0	0	0	0
1789546965527	68835	3071	7	288	12	0	0	3	0	0	0	0	26.103515625	26.103515625	0	0	0	0	90.307617188	90.307617188	0	0	0	0	0	0	0	0	0	0	0	0	0	0	0	0	0	0	0	0	0	0	0	0	0	0	0	0	0	0	0	0	0	0	0	0	0	0	0	0	0	0	0	0	0	0	0	0
1789546965547	68857	3072	7	288	12	0	0	3	0	0	0	0	26.103515625	26.103515625	0	0	0	0	90.307617188	90.307617188	0	0	0	0	0	0	0	0	0	0	0	0	0	0	0	0	0	0	0	0	0	0	0	0	0	0	0	0	0	0	0	0	0	0	0	0	0	0	0	0	0	0	0	0	0	0	0	0
1789546965574	68879	3073	7	288	12	0	0	3	0	0	0	0	26.103515625	26.103515625	0	0	0	0	90.307617188	90.307617188	0	0	0	0	0	0	0	0	0	0	0	0	0	0	0	0	0	0	0	0	0	0	0	0	0	0	0	0	0	0	0	0	0	0	0	0	0	0	0	0	0	0	0	0	0	0	0	0
1789546965593	68901	3074	7	288	12	0	0	3	0	0	0	0	26.103515625	26.103515625	0	0	0	0	90.307617188	90.307617188	0	0	0	0	0	0	0	0	0	0	0	0	0	0	0	0	0	0	0	0	0	0	0	0	0	0	0	0	0	0	0	0	0	0	0	0	0	0	0	0	0	0	0	0	0	0	0	0
1789546965613	68923	3075	7	288	12	0	0	3	0	0	0	0	26.103515625	26.103515625	0	0	0	0	90.307617188	90.307617188	0	0	0	0	0	0	0	0	0	0	0	0	0	0	0	0	0	0	0	0	0	0	0	0	0	0	0	0	0	0	0	0	0	0	0	0	0	0	0	0	0	0	0	0	0	0	0	0
1789546965640	68945	3076	7	288	12	0	0	3	0	0	0	0	26.103515625	26.103515625	0	0	0	0	90.307617188	90.307617188	0	0	0	0	0	0	0	0	0	0	0	0	0	0	0	0	0	0	0	0	0	0	0	0	0	0	0	0	0	0	0	0	0	0	0	0	0	0	0	0	0	0	0	0	0	0	0	0
1789546965659	68967	3077	7	288	12	0	0	3	0	0	0	0	26.103515625	26.103515625	0	0	0	0	90.307617188	90.307617188	0	0	0	0	0	0	0	0	0	0	0	0	0	0	0	0	0	0	0	0	0	0	0	0	0	0	0	0	0	0	0	0	0	0	0	0	0	0	0	0	0	0	0	0	0	0	0	0
1789546965679	68989	3078	7	288	12	0	0	3	0	0	0	0	26.103515625	26.103515625	0	0	0	0	90.307617188	90.307617188	0	0	0	0	0	0	0	0	0	0	0	0	0	0	0	0	0	0	0	0	0	0	0	0	0	0	0	0	0	0	0	0	0	0	0	0	0	0	0	0	0	0	0	0	0	0	0	0
1789546965705	69011	3079	7	288	12	0	0	3	0	0	0	0	26.103515625	26.103515625	0	0	0	0	90.307617188	90.307617188	0	0	0	0	0	0	0	0	0	0	0	0	0	0	0	0	0	0	0	0	0	0	0	0	0	0	0	0	0	0	0	0	0	0	0	0	0	0	0	0	0	0	0	0	0	0	0	0
1789546965725	69033	3080	7	288	12	0	0	3	0	0	0	0	26.103515625	26.103515625	0	0	0	0	90.307617188	90.307617188	0	0	0	0	0	0	0	0	0	0	0	0	0	0	0	0	0	0	0	0	0	0	0	0	0	0	0	0	0	0	0	0	0	0	0	0	0	0	0	0	0	0	0	0	0	0	0	0
1789546965744	69055	3081	7	288	12	0	0	3	0	0	0	0	26.103515625	26.103515625	0	0	-6	6	90.307617188	90.307617188	0	0	0	0	0	0	0	0	0	0	0	0	0	0	0	0	0	0	0	0	0	0	0	0	0	0	0	0	0	0	0	0	0	0	0	0	0	0	0	0	0	0	0	0	0	0	0	0
1789546965771	69077	3082	7	288	12	0	0	3	0	0	0	0	26.103515625	26.103515625	0	0	0	0	90.307617188	90.307617188	0	0	0	0	0	0	0	0	0	0	0	0	0	0	0	0	0	0	0	0	0	0	0	0	0	0	0	0	0	0	0	0	0	0	0	0	0	0	0	0	0	0	0	0	0	0	0	0
1789546965791	69099	3083	7	288	12	0	0	3	0	0	0	0	26.103515625	26.103515625	0	0	0	0	90.307617188	90.307617188	0	0	0	0	0	0	0	0	0	0	0	0	0	0	0	0	0	0	0	0	0	0	0	0	0	0	0	0	0	0	0	0	0	0	0	0	0	0	0	0	0	0	0	0	0	0	0	0
1789546965810	69121	3084	7	288	12	0	0	3	0	0	0	0	26.103515625	26.103515625	0	0	0	0	90.307617188	90.307617188	0	0	0	0	0	0	0	0	0	0	0	0	0	0	0	0	0	0	0	0	0	0	0	0	0	0	0	0	0	0	0	0	0	0	0	0	0	0	0	0	0	0	0	0	0	0	0	0
1789546965837	69143	3085	7	288	12	0	0	3	0	0	0	0	26.103515625	26.103515625	0	0	0	0	90.307617188	90.307617188	0	0	0	0	0	0	0	0	0	0	0	0	0	0	0	0	0	0	0	0	0	0	0	0	0	0	0	0	0	0	0	0	0	0	0	0	0	0	0	0	0	0	0	0	0	0	0	0
1789546965856	69165	3086	7	288	12	0	0	3	0	0	0	0	26.103515625	26.103515625	0	0	0	0	90.307617188	90.307617188	0	0	0	0	0	0	0	0	0	0	0	0	0	0	0	0	0	0	0	0	0	0	0	0	0	0	0	0	0	0	0	0	0	0	0	0	0	0	0	0	0	0	0	0	0	0	0	0
1789546965876	69187	3087	7	288	12	0	0	3	0	0	0	0	26.103515625	26.103515625	0	0	0	0	90.307617188	90.307617188	0	0	0	0	0	0	0	0	0	0	0	0	0	0	0	0	0	0	0	0	0	0	0	0	0	0	0	0	0	0	0	0	0	0	0	0	0	0	0	0	0	0	0	0	0	0	0	0
1789546965902	69209	3088	7	288	12	0	0	3	0	0	0	0	26.103515625	26.103515625	0	0	0	0	90.307617188	90.307617188	0	0	0	0	0	0	0	0	0	0	0	0	0	0	0	0	0	0	0	0	0	0	0	0	0	0	0	0	0	0	0	0	0	0	0	0	0	0	0	0	0	0	0	0	0	0	0	0
1789546965922	69231	3089	7	288	12	0	0	3	0	0	0	0	26.103515625	26.103515625	0	0	0	0	90.307617188	90.307617188	0	0	0	0	0	0	0	0	0	0	0	0	0	0	0	0	0	0	0	0	0	0	0	0	0	0	0	0	0	0	0	0	0	0	0	0	0	0	0	0	0	0	0	0	0	0	0	0
1789546965942	69253	3090	7	288	12	0	0	3	0	0	0	0	26.103515625	26.103515625	0	0	0	0	90.307617188	90.307617188	0	0	0	0	0	0	0	0	0	0	0	0	0	0	0	0	0	0	0	0	0	0	0	0	0	0	0	0	0	0	0	0	0	0	0	0	0	0	0	0	0	0	0	0	0	0	0	0
1789546965968	69275	3091	7	288	12	0	0	3	0	0	0	0	26.103515625	26.103515625	0	0	0	0	90.307617188	90.307617188	0	0	0	0	0	0	0	0	0	0	0	0	0	0	0	0	0	0	0	0	0	0	0	0	0	0	0	0	0	0	0	0	0	0	0	0	0	0	0	0	0	0	0	0	0	0	0	0
1789546965990	69297	3092	7	288	12	0	0	3	0	0	0	0	26.103515625	26.103515625	0	0	0	0	90.307617188	90.307617188	0	0	0	0	0	0	0	0	0	0	0	0	0	0	0	0	0	0	0	0	0	0	0	0	0	0	0	0	0	0	0	0	0	0	0	0	0	0	0	0	0	0	0	0	0	0	0	0
1789546966010	69319	3093	7	288	12	0	0	3	0	0	0	0	26.103515625	26.103515625	0	0	0	0	90.307617188	90.307617188	0	0	0	0	0	0	0	0	0	0	0	0	0	0	0	0	0	0	0	0	0	0	0	0	0	0	0	0	0	0	0	0	0	0	0	0	0	0	0	0	0	0	0	0	0	0	0	0
1789546966030	69341	3094	7	288	12	0	0	3	0	0	0	0	26.103515625	26.103515625	0	0	0	0	90.307617188	90.307617188	0	0	0	0	0	0	0	0	0	0	0	0	0	0	0	0	0	0	0	0	0	0	0	0	0	0	0	0	0	0	0	0	0	0	0	0	0	0	0	0	0	0	0	0	0	0	0	0
1789546966056	69363	3095	7	288	12	0	0	3	0	0	0	0	26.103515625	26.103515625	0	0	0	0	90.307617188	90.307617188	0	0	0	0	0	0	0	0	0	0	0	0	0	0	0	0	0	0	0	0	0	0	0	0	0	0	0	0	0	0	0	0	0	0	0	0	0	0	0	0	0	0	0	0	0	0	0	0
1789546966076	69385	3096	7	288	12	0	0	3	0	0	0	0	26.103515625	26.103515625	0	0	0	0	90.307617188	90.307617188	0	0	0	0	0	0	0	0	0	0	0	0	0	0	0	0	0	0	0	0	0	0	0	0	0	0	0	0	0	0	0	0	0	0	0	0	0	0	0	0	0	0	0	0	0	0	0	0
1789546966096	69407	3097	7	288	12	0	0	3	0	0	0	0	26.103515625	26.103515625	0	0	0	0	90.307617188	90.307617188	0	0	0	0	0	0	0	0	0	0	0	0	0	0	0	0	0	0	0	0	0	0	0	0	0	0	0	0	0	0	0	0	0	0	0	0	0	0	0	0	0	0	0	0	0	0	0	0
1789546966122	69429	3098	7	288	12	0	0	3	0	0	0	0	26.103515625	26.103515625	0	0	0	0	90.307617188	90.307617188	0	0	0	0	0	0	0	0	0	0	0	0	0	0	0	0	0	0	0	0	0	0	0	0	0	0	0	0	0	0	0	0	0	0	0	0	0	0	0	0	0	0	0	0	0	0	0	0
1789546966142	69451	3099	7	288	12	0	0	3	0	0	0	0	26.103515625	26.103515625	0	0	0	0	90.307617188	90.307617188	0	0	0	0	0	0	0	0	0	0	0	0	0	0	0	0	0	0	0	0	0	0	0	0	0	0	0	0	0	0	0	0	0	0	0	0	0	0	0	0	0	0	0	0	0	0	0	0
1789546966161	69473	3100	7	288	12	0	0	3	0	0	0	0	26.103515625	26.103515625	0	0	0	0	90.307617188	90.307617188	0	0	0	0	0	0	0	0	0	0	0	0	0	0	0	0	0	0	0	0	0	0	0	0	0	0	0	0	0	0	0	0	0	0	0	0	0	0	0	0	0	0	0	0	0	0	0	0
1789546966188	69495	3101	7	288	12	0	0	3	0	0	0	0	26.103515625	26.103515625	0	0	0	0	90.307617188	90.307617188	0	0	0	0	0	0	0	0	0	0	0	0	0	0	0	0	0	0	0	0	0	0	0	0	0	0	0	0	0	0	0	0	0	0	0	0	0	0	0	0	0	0	0	0	0	0	0	0
1789546966207	69517	3102	7	288	12	0	0	3	0	0	0	0	26.103515625	26.103515625	0	0	0	0	90.307617188	90.307617188	0	0	0	0	0	0	0	0	0	0	0	0	0	0	0	0	0	0	0	0	0	0	0	0	0	0	0	0	0	0	0	0	0	0	0	0	0	0	0	0	0	0	0	0	0	0	0	0
1789546966234	69539	3103	7	288	12	0	0	3	0	0	0	0	26.103515625	26.103515625	0	0	0	0	90.307617188	90.307617188	0	0	0	0	0	0	0	0	0	0	0	0	0	0	0	0	0	0	0	0	0	0	0	0	0	0	0	0	0	0	0	0	0	0	0	0	0	0	0	0	0	0	0	0	0	0	0	0
1789546966254	69561	3104	7	288	12	0	0	3	0	0	0	0	26.103515625	26.103515625	0	0	0	0	90.307617188	90.307617188	0	0	0	0	0	0	0	0	0	0	0	0	0	0	0	0	0	0	0	0	0	0	0	0	0	0	0	0	0	0	0	0	0	0	0	0	0	0	0	0	0	0	0	0	0	0	0	0
1789546966273	69583	3105	7	288	12	0	0	3	0	0	0	0	26.103515625	26.103515625	0	0	0	0	90.307617188	90.307617188	0	0	0	0	0	0	0	0	0	0	0	0	0	0	0	0	0	0	0	0	0	0	0	0	0	0	0	0	0	0	0	0	0	0	0	0	0	0	0	0	0	0	0	0	0	0	0	0
1789546966300	69605	3106	7	288	12	0	0	3	0	0	0	0	26.103515625	26.103515625	0	0	0	0	90.307617188	90.307617188	0	0	0	0	0	0	0	0	0	0	0	0	0	0	0	0	0	0	0	0	0	0	0	0	0	0	0	0	0	0	0	0	0	0	0	0	0	0	0	0	0	0	0	0	0	0	0	0
1789546966319	69627	3107	7	288	12	0	0	3	0	0	0	0	26.103515625	26.103515625	0	0	0	0	90.307617188	90.307617188	0	0	0	0	0	0	0	0	0	0	0	0	0	0	0	0	0	0	0	0	0	0	0	0	0	0	0	0	0	0	0	0	0	0	0	0	0	0	0	0	0	0	0	0	0	0	0	0
1789546966339	69649	3108	7	288	12	0	0	3	0	0	0	0	26.103515625	26.103515625	0	0	0	0	90.307617188	90.307617188	0	0	0	0	0	0	0	0	0	0	0	0	0	0	0	0	0	0	0	0	0	0	0	0	0	0	0	0	0	0	0	0	0	0	0	0	0	0	0	0	0	0	0	0	0	0	0	0
1789546966365	69671	3109	7	288	12	0	0	3	0	0	0	0	26.103515625	26.103515625	0	0	0	0	90.307617188	90.307617188	0	0	0	0	0	0	0	0	0	0	0	0	0	0	0	0	0	0	0	0	0	0	0	0	0	0	0	0	0	0	0	0	0	0	0	0	0	0	0	0	0	0	0	0	0	0	0	0
1789546966385	69693	3110	7	288	12	0	0	3	0	0	0	0	26.103515625	26.103515625	0	0	0	0	90.307617188	90.307617188	0	0	0	0	0	0	0	0	0	0	0	0	0	0	0	0	0	0	0	0	0	0	0	0	0	0	0	0	0	0	0	0	0	0	0	0	0	0	0	0	0	0	0	0	0	0	0	0
1789546966405	69715	3111	7	288	12	0	0	3	0	0	0	0	26.103515625	26.103515625	0	0	0	0	90.307617188	90.307617188	0	0	0	0	0	0	0	0	0	0	0	0	0	0	0	0	0	0	0	0	0	0	0	0	0	0	0	0	0	0	0	0	0	0	0	0	0	0	0	0	0	0	0	0	0	0	0	0
1789546966431	69737	3112	7	288	12	0	0	3	0	0	0	0	26.103515625	26.103515625	0	0	0	0	90.307617188	90.307617188	0	0	0	0	0	0	0	0	0	0	0	0	0	0	0	0	0	0	0	0	0	0	0	0	0	0	0	0	0	0	0	0	0	0	0	0	0	0	0	0	0	0	0	0	0	0	0	0
1789546966451	69759	3113	7	288	12	0	0	3	0	0	0	0	26.103515625	26.103515625	0	0	0	0	90.307617188	90.307617188	0	0	0	0	0	0	0	0	0	0	0	0	0	0	0	0	0	0	0	0	0	0	0	0	0	0	0	0	0	0	0	0	0	0	0	0	0	0	0	0	0	0	0	0	0	0	0	0
1789546966471	69781	3114	7	288	12	0	0	3	0	0	0	0	26.103515625	26.103515625	0	0	0	0	90.307617188	90.307617188	0	0	0	0	0	0	0	0	0	0	0	0	0	0	0	0	0	0	0	0	0	0	0	0	0	0	0	0	0	0	0	0	0	0	0	0	0	0	0	0	0	0	0	0	0	0	0	0
1789546966497	69803	3115	7	288	12	0	0	3	0	0	0	0	26.103515625	26.103515625	0	0	0	0	90.307617188	90.307617188	0	0	0	0	0	0	0	0	0	0	0	0	0	0	0	0	0	0	0	0	0	0	0	0	0	0	0	0	0	0	0	0	0	0	0	0	0	0	0	0	0	0	0	0	0	0	0	0
1789546966517	69825	3116	7	288	12	0	0	3	0	0	0	0	26.103515625	26.103515625	0	0	0	0	90.307617188	90.307617188	0	0	0	0	0	0	0	0	0	0	0	0	0	0	0	0	0	0	0	0	0	0	0	0	0	0	0	0	0	0	0	0	0	0	0	0	0	0	0	0	0	0	0	0	0	0	0	0
1789546966537	69847	3117	7	288	12	0	0	3	0	0	0	0	26.103515625	26.103515625	0	0	0	0	90.307617188	90.307617188	0	0	0	0	0	0	0	0	0	0	0	0	0	0	0	0	0	0	0	0	0	0	0	0	0	0	0	0	0	0	0	0	0	0	0	0	0	0	0	0	0	0	0	0	0	0	0	0
1789546966563	69869	3118	7	288	12	0	0	3	0	0	0	0	26.103515625	26.103515625	0	0	0	0	90.307617188	90.307617188	0	0	0	0	0	0	0	0	0	0	0	0	0	0	0	0	0	0	0	0	0	0	0	0	0	0	0	0	0	0	0	0	0	0	0	0	0	0	0	0	0	0	0	0	0	0	0	0
1789546966583	69891	3119	7	288	12	0	0	3	0	0	0	0	26.103515625	26.103515625	0	0	0	0	90.307617188	90.307617188	0	0	0	0	0	0	0	0	0	0	0	0	0	0	0	0	0	0	0	0	0	0	0	0	0	0	0	0	0	0	0	0	0	0	0	0	0	0	0	0	0	0	0	0	0	0	0	0
1789546966603	69913	3120	7	288	12	0	0	3	0	0	0	0	26.103515625	26.103515625	0	0	0	0	90.307617188	90.307617188	0	0	0	0	0	0	0	0	0	0	0	0	0	0	0	0	0	0	0	0	0	0	0	0	0	0	0	0	0	0	0	0	0	0	0	0	0	0	0	0	0	0	0	0	0	0	0	0
1789546966629	69935	3121	7	288	12	0	0	3	0	0	0	0	26.103515625	26.103515625	0	0	0	0	90.307617188	90.307617188	0	0	0	0	0	0	0	0	0	0	0	0	0	0	0	0	0	0	0	0	0	0	0	0	0	0	0	0	0	0	0	0	0	0	0	0	0	0	0	0	0	0	0	0	0	0	0	0
1789546966649	69957	3122	7	288	12	0	0	3	0	0	0	0	26.103515625	26.103515625	0	0	0	0	90.307617188	90.307617188	0	0	0	0	0	0	0	0	0	0	0	0	0	0	0	0	0	0	0	0	0	0	0	0	0	0	0	0	0	0	0	0	0	0	0	0	0	0	0	0	0	0	0	0	0	0	0	0
1789546966669	69979	3123	7	288	12	0	0	3	0	0	0	0	26.103515625	26.103515625	0	0	0	0	90.307617188	90.307617188	0	0	0	0	0	0	0	0	0	0	0	0	0	0	0	0	0	0	0	0	0	0	0	0	0	0	0	0	0	0	0	0	0	0	0	0	0	0	0	0	0	0	0	0	0	0	0	0
1789546966696	70001	3124	7	288	12	0	0	3	0	0	0	0	26.103515625	26.103515625	0	0	0	0	90.307617188	90.307617188	0	0	0	0	0	0	0	0	0	0	0	0	0	0	0	0	0	0	0	0	0	0	0	0	0	0	0	0	0	0	0	0	0	0	0	0	0	0	0	0	0	0	0	0	0	0	0	0
1789546966715	70023	3125	7	288	12	0	0	3	0	0	0	0	26.103515625	26.103515625	0	0	0	0	90.307617188	90.307617188	0	0	0	0	0	0	0	0	0	0	0	0	0	0	0	0	0	0	0	0	0	0	0	0	0	0	0	0	0	0	0	0	0	0	0	0	0	0	0	0	0	0	0	0	0	0	0	0
1789546966735	70045	3126	7	288	12	0	0	3	0	0	0	0	26.103515625	26.103515625	0	0	0	0	90.307617188	90.307617188	0	0	0	0	0	0	0	0	0	0	0	0	0	0	0	0	0	0	0	0	0	0	0	0	0	0	0	0	0	0	0	0	0	0	0	0	0	0	0	0	0	0	0	0	0	0	0	0
1789546966761	70067	3127	7	288	12	0	0	3	0	0	0	0	26.103515625	26.103515625	0	0	0	0	90.307617188	90.307617188	0	0	0	0	0	0	0	0	0	0	0	0	0	0	0	0	0	0	0	0	0	0	0	0	0	0	0	0	0	0	0	0	0	0	0	0	0	0	0	0	0	0	0	0	0	0	0	0
1789546966781	70089	3128	7	288	12	0	0	3	0	0	0	0	26.103515625	26.103515625	0	0	0	0	90.307617188	90.307617188	0	0	0	0	0	0	0	0	0	0	0	0	0	0	0	0	0	0	0	0	0	0	0	0	0	0	0	0	0	0	0	0	0	0	0	0	0	0	0	0	0	0	0	0	0	0	0	0
1789546966800	70111	3129	7	288	12	0	0	3	0	0	0	0	26.103515625	26.103515625	0	0	0	0	90.3515625	90.3515625	0	0	0	0	0	0	0	0	0	0	0	0	0	0	0	0	0	0	0	0	0	0	0	0	0	0	0	0	0	0	0	0	0	0	0	0	0	0	0	0	0	0	0	0	0	0	0	0
1789546966827	70133	3130	7	288	12	0	0	3	0	0	0	0	26.103515625	26.103515625	0	0	0	0	90.307617188	90.307617188	0	0	0	0	0	0	0	0	0	0	0	0	0	0	0	0	0	0	0	0	0	0	0	0	0	0	0	0	0	0	0	0	0	0	0	0	0	0	0	0	0	0	0	0	0	0	0	0
1789546966847	70155	3131	7	288	12	0	0	3	0	0	0	0	26.103515625	26.103515625	0	0	0	0	90.307617188	90.307617188	0	0	0	0	0	0	0	0	0	0	0	0	0	0	0	0	0	0	0	0	0	0	0	0	0	0	0	0	0	0	0	0	0	0	0	0	0	0	0	0	0	0	0	0	0	0	0	0
1789546966866	70177	3132	7	288	12	0	0	3	0	0	0	0	26.103515625	26.103515625	0	0	0	0	90.307617188	90.307617188	0	0	0	0	0	0	0	0	0	0	0	0	0	0	0	0	0	0	0	0	0	0	0	0	0	0	0	0	0	0	0	0	0	0	0	0	0	0	0	0	0	0	0	0	0	0	0	0
1789546966893	70199	3133	7	288	12	0	0	3	0	0	0	0	26.103515625	26.103515625	0	0	0	0	90.307617188	90.307617188	0	0	0	0	0	0	0	0	0	0	0	0	0	0	0	0	0	0	0	0	0	0	0	0	0	0	0	0	0	0	0	0	0	0	0	0	0	0	0	0	0	0	0	0	0	0	0	0
1789546966912	70221	3134	7	288	12	0	0	3	0	0	0	0	26.103515625	26.103515625	0	0	0	0	90.307617188	90.307617188	0	0	0	0	0	0	0	0	0	0	0	0	0	0	0	0	0	0	0	0	0	0	0	0	0	0	0	0	0	0	0	0	0	0	0	0	0	0	0	0	0	0	0	0	0	0	0	0
1789546966932	70243	3135	7	288	12	0	0	3	0	0	0	0	26.103515625	26.103515625	0	0	0	0	90.307617188	90.307617188	0	0	0	0	0	0	0	0	0	0	0	0	0	0	0	0	0	0	0	0	0	0	0	0	0	0	0	0	0	0	0	0	0	0	0	0	0	0	0	0	0	0	0	0	0	0	0	0
1789546966959	70265	3136	7	288	12	0	0	3	0	0	0	0	26.103515625	26.103515625	0	0	0	0	90.307617188	90.307617188	0	0	0	0	0	0	0	0	0	0	0	0	0	0	0	0	0	0	0	0	0	0	0	0	0	0	0	0	0	0	0	0	0	0	0	0	0	0	0	0	0	0	0	0	0	0	0	0
1789546966980	70287	3137	7	288	12	0	0	3	0	0	0	0	26.103515625	26.103515625	0	0	0	0	90.307617188	90.307617188	0	0	0	0	0	0	0	0	0	0	0	0	0	0	0	0	0	0	0	0	0	0	0	0	0	0	0	0	0	0	0	0	0	0	0	0	0	0	0	0	0	0	0	0	0	0	0	0
1789546966999	70309	3138	7	288	12	0	0	3	0	0	0	0	26.103515625	26.103515625	0	0	0	0	90.307617188	90.307617188	0	0	0	0	0	0	0	0	0	0	0	0	0	0	0	0	0	0	0	0	0	0	0	0	0	0	0	0	0	0	0	0	0	0	0	0	0	0	0	0	0	0	0	0	0	0	0	0
1789546967026	70331	3139	7	288	12	0	0	3	0	0	0	0	26.103515625	26.103515625	0	0	0	0	90.307617188	90.307617188	0	0	0	0	0	0	0	0	0	0	0	0	0	0	0	0	0	0	0	0	0	0	0	0	0	0	0	0	0	0	0	0	0	0	0	0	0	0	0	0	0	0	0	0	0	0	0	0
1789546967045	70353	3140	7	288	12	0	0	3	0	0	0	0	26.103515625	26.103515625	0	0	0	0	90.307617188	90.307617188	0	0	0	0	0	0	0	0	0	0	0	0	0	0	0	0	0	0	0	0	0	0	0	0	0	0	0	0	0	0	0	0	0	0	0	0	0	0	0	0	0	0	0	0	0	0	0	0
1789546967065	70375	3141	7	288	12	0	0	3	0	0	0	0	26.103515625	26.103515625	0	0	0	0	90.307617188	90.307617188	0	0	0	0	0	0	0	0	0	0	0	0	0	0	0	0	0	0	0	0	0	0	0	0	0	0	0	0	0	0	0	0	0	0	0	0	0	0	0	0	0	0	0	0	0	0	0	0
1789546967092	70397	3142	7	288	12	0	0	3	0	0	0	0	26.103515625	26.103515625	0	0	-6	6	90.307617188	90.307617188	0	0	0	0	0	0	0	0	0	0	0	0	0	0	0	0	0	0	0	0	0	0	0	0	0	0	0	0	0	0	0	0	0	0	0	0	0	0	0	0	0	0	0	0	0	0	0	0
1789546967112	70419	3143	7	288	12	0	0	3	0	0	0	0	26.103515625	26.103515625	0	0	0	0	90.307617188	90.307617188	0	0	0	0	0	0	0	0	0	0	0	0	0	0	0	0	0	0	0	0	0	0	0	0	0	0	0	0	0	0	0	0	0	0	0	0	0	0	0	0	0	0	0	0	0	0	0	0
1789546967133	70441	3144	7	288	12	0	0	3	0	0	0	0	26.103515625	26.103515625	0	0	0	0	90.307617188	90.307617188	0	0	0	0	0	0	0	0	0	0	0	0	0	0	0	0	0	0	0	0	0	0	0	0	0	0	0	0	0	0	0	0	0	0	0	0	0	0	0	0	0	0	0	0	0	0	0	0
1789546967153	70463	3145	7	288	12	0	0	3	0	0	0	0	26.103515625	26.103515625	0	0	0	0	90.307617188	90.307617188	0	0	0	0	0	0	0	0	0	0	0	0	0	0	0	0	0	0	0	0	0	0	0	0	0	0	0	0	0	0	0	0	0	0	0	0	0	0	0	0	0	0	0	0	0	0	0	0
1789546967179	70485	3146	7	288	12	0	0	3	0	0	0	0	26.147460938	26.147460938	0	0	0	0	90.307617188	90.307617188	0	0	0	0	0	0	0	0	0	0	0	0	0	0	0	0	0	0	0	0	0	0	0	0	0	0	0	0	0	0	0	0	0	0	0	0	0	0	0	0	0	0	0	0	0	0	0	0
1789546967200	70507	3147	7	288	12	0	0	3	0	0	0	0	26.103515625	26.103515625	0	0	0	0	90.307617188	90.307617188	0	0	0	0	0	0	0	0	0	0	0	0	0	0	0	0	0	0	0	0	0	0	0	0	0	0	0	0	0	0	0	0	0	0	0	0	0	0	0	0	0	0	0	0	0	0	0	0
1789546967220	70529	3148	7	288	12	0	0	3	0	0	0	0	26.103515625	26.103515625	0	0	0	0	90.307617188	90.307617188	0	0	0	0	0	0	0	0	0	0	0	0	0	0	0	0	0	0	0	0	0	0	0	0	0	0	0	0	0	0	0	0	0	0	0	0	0	0	0	0	0	0	0	0	0	0	0	0
1789546967239	70551	3149	7	288	12	0	0	3	0	0	0	0	26.103515625	26.103515625	0	0	0	0	90.307617188	90.307617188	0	0	0	0	0	0	0	0	0	0	0	0	0	0	0	0	0	0	0	0	0	0	0	0	0	0	0	0	0	0	0	0	0	0	0	0	0	0	0	0	0	0	0	0	0	0	0	0
1789546967266	70573	3150	7	288	12	0	0	3	0	0	0	0	26.103515625	26.103515625	0	0	0	0	90.307617188	90.307617188	0	0	0	0	0	0	0	0	0	0	0	0	0	0	0	0	0	0	0	0	0	0	0	0	0	0	0	0	0	0	0	0	0	0	0	0	0	0	0	0	0	0	0	0	0	0	0	0
1789546967286	70595	3151	7	288	12	0	0	3	0	0	0	0	26.103515625	26.103515625	0	0	0	0	90.307617188	90.307617188	0	0	0	0	0	0	0	0	0	0	0	0	0	0	0	0	0	0	0	0	0	0	0	0	0	0	0	0	0	0	0	0	0	0	0	0	0	0	0	0	0	0	0	0	0	0	0	0
1789546967306	70617	3152	7	288	12	0	0	3	0	0	0	0	26.103515625	26.103515625	0	0	0	0	90.307617188	90.307617188	0	0	0	0	0	0	0	0	0	0	0	0	0	0	0	0	0	0	0	0	0	0	0	0	0	0	0	0	0	0	0	0	0	0	0	0	0	0	0	0	0	0	0	0	0	0	0	0
1789546967332	70639	3153	7	288	12	0	0	3	0	0	0	0	26.103515625	26.103515625	0	0	0	0	90.307617188	90.307617188	0	0	0	0	0	0	0	0	0	0	0	0	0	0	0	0	0	0	0	0	0	0	0	0	0	0	0	0	0	0	0	0	0	0	0	0	0	0	0	0	0	0	0	0	0	0	0	0
1789546967352	70661	3154	7	288	12	0	0	3	0	0	0	0	26.103515625	26.103515625	0	0	0	0	90.307617188	90.307617188	0	0	0	0	0	0	0	0	0	0	0	0	0	0	0	0	0	0	0	0	0	0	0	0	0	0	0	0	0	0	0	0	0	0	0	0	0	0	0	0	0	0	0	0	0	0	0	0
1789546967372	70683	3155	7	288	12	0	0	3	0	0	0	0	26.103515625	26.103515625	0	0	0	0	90.307617188	90.307617188	0	0	0	0	0	0	0	0	0	0	0	0	0	0	0	0	0	0	0	0	0	0	0	0	0	0	0	0	0	0	0	0	0	0	0	0	0	0	0	0	0	0	0	0	0	0	0	0
1789546967399	70705	3156	7	288	12	0	0	3	0	0	0	0	26.103515625	26.103515625	0	0	0	0	90.307617188	90.307617188	0	0	0	0	0	0	0	0	0	0	0	0	0	0	0	0	0	0	0	0	0	0	0	0	0	0	0	0	0	0	0	0	0	0	0	0	0	0	0	0	0	0	0	0	0	0	0	0
1789546967419	70727	3157	7	288	12	0	0	3	0	0	0	0	26.103515625	26.103515625	0	0	0	0	90.307617188	90.307617188	0	0	0	0	0	0	0	0	0	0	0	0	0	0	0	0	0	0	0	0	0	0	0	0	0	0	0	0	0	0	0	0	0	0	0	0	0	0	0	0	0	0	0	0	0	0	0	0
1789546967438	70749	3158	7	288	12	0	0	3	0	0	0	0	26.103515625	26.103515625	0	0	0	0	90.307617188	90.307617188	0	0	0	0	0	0	0	0	0	0	0	0	0	0	0	0	0	0	0	0	0	0	0	0	0	0	0	0	0	0	0	0	0	0	0	0	0	0	0	0	0	0	0	0	0	0	0	0
1789546967465	70771	3159	7	288	12	0	0	3	0	0	0	0	26.103515625	26.103515625	0	0	0	0	90.307617188	90.307617188	0	0	0	0	0	0	0	0	0	0	0	0	0	0	0	0	0	0	0	0	0	0	0	0	0	0	0	0	0	0	0	0	0	0	0	0	0	0	0	0	0	0	0	0	0	0	0	0
1789546967485	70793	3160	7	288	12	0	0	3	0	0	0	0	26.103515625	26.103515625	0	0	0	0	90.307617188	90.307617188	0	0	0	0	0	0	0	0	0	0	0	0	0	0	0	0	0	0	0	0	0	0	0	0	0	0	0	0	0	0	0	0	0	0	0	0	0	0	0	0	0	0	0	0	0	0	0	0
1789546967505	70815	3161	7	288	12	0	0	3	0	0	0	0	26.103515625	26.103515625	0	0	0	0	90.307617188	90.307617188	0	0	0	0	0	0	0	0	0	0	0	0	0	0	0	0	0	0	0	0	0	0	0	0	0	0	0	0	0	0	0	0	0	0	0	0	0	0	0	0	0	0	0	0	0	0	0	0
1789546967531	70837	3162	7	288	12	0	0	3	0	0	0	0	26.103515625	26.103515625	0	0	0	0	90.307617188	90.307617188	0	0	0	0	0	0	0	0	0	0	0	0	0	0	0	0	0	0	0	0	0	0	0	0	0	0	0	0	0	0	0	0	0	0	0	0	0	0	0	0	0	0	0	0	0	0	0	0
1789546967551	70859	3163	7	288	12	0	0	3	0	0	0	0	26.103515625	26.103515625	0	0	0	0	90.307617188	90.307617188	0	0	0	0	0	0	0	0	0	0	0	0	0	0	0	0	0	0	0	0	0	0	0	0	0	0	0	0	0	0	0	0	0	0	0	0	0	0	0	0	0	0	0	0	0	0	0	0
1789546967571	70881	3164	7	288	12	0	0	3	0	0	0	0	26.103515625	26.103515625	0	0	0	0	90.307617188	90.307617188	0	0	0	0	0	0	0	0	0	0	0	0	0	0	0	0	0	0	0	0	0	0	0	0	0	0	0	0	0	0	0	0	0	0	0	0	0	0	0	0	0	0	0	0	0	0	0	0
1789546967598	70903	3165	7	288	12	0	0	3	0	0	0	0	26.103515625	26.103515625	0	0	0	0	90.307617188	90.307617188	0	0	0	0	0	0	0	0	0	0	0	0	0	0	0	0	0	0	0	0	0	0	0	0	0	0	0	0	0	0	0	0	0	0	0	0	0	0	0	0	0	0	0	0	0	0	0	0
1789546967617	70925	3166	7	288	12	0	0	3	0	0	0	0	26.103515625	26.103515625	0	0	0	0	90.307617188	90.307617188	0	0	0	0	0	0	0	0	0	0	0	0	0	0	0	0	0	0	0	0	0	0	0	0	0	0	0	0	0	0	0	0	0	0	0	0	0	0	0	0	0	0	0	0	0	0	0	0
1789546967637	70947	3167	7	288	12	0	0	3	0	0	0	0	26.103515625	26.103515625	0	0	0	0	90.307617188	90.307617188	0	0	0	0	0	0	0	0	0	0	0	0	0	0	0	0	0	0	0	0	0	0	0	0	0	0	0	0	0	0	0	0	0	0	0	0	0	0	0	0	0	0	0	0	0	0	0	0
1789546967663	70969	3168	7	288	12	0	0	3	0	0	0	0	26.103515625	26.103515625	0	0	0	0	90.307617188	90.307617188	0	0	0	0	0	0	0	0	0	0	0	0	0	0	0	0	0	0	0	0	0	0	0	0	0	0	0	0	0	0	0	0	0	0	0	0	0	0	0	0	0	0	0	0	0	0	0	0
1789546967683	70991	3169	7	288	12	0	0	3	0	0	0	0	26.103515625	26.103515625	0	0	0	0	90.307617188	90.307617188	0	0	0	0	0	0	0	0	0	0	0	0	0	0	0	0	0	0	0	0	0	0	0	0	0	0	0	0	0	0	0	0	0	0	0	0	0	0	0	0	0	0	0	0	0	0	0	0
1789546967702	71013	3170	7	288	12	0	0	3	0	0	0	0	26.103515625	26.103515625	0	0	0	0	90.307617188	90.307617188	0	0	0	0	0	0	0	0	0	0	0	0	0	0	0	0	0	0	0	0	0	0	0	0	0	0	0	0	0	0	0	0	0	0	0	0	0	0	0	0	0	0	0	0	0	0	0	0
1789546967729	71035	3171	7	288	12	0	0	3	0	0	0	0	26.103515625	26.103515625	0	0	0	0	90.307617188	90.307617188	0	0	0	0	0	0	0	0	0	0	0	0	0	0	0	0	0	0	0	0	0	0	0	0	0	0	0	0	0	0	0	0	0	0	0	0	0	0	0	0	0	0	0	0	0	0	0	0
1789546967749	71057	3172	7	288	12	0	0	3	0	0	0	0	26.103515625	26.103515625	0	0	0	0	90.307617188	90.307617188	0	0	0	0	0	0	0	0	0	0	0	0	0	0	0	0	0	0	0	0	0	0	0	0	0	0	0	0	0	0	0	0	0	0	0	0	0	0	0	0	0	0	0	0	0	0	0	0
1789546967768	71079	3173	7	288	12	0	0	3	0	0	0	0	26.103515625	26.103515625	0	0	0	0	90.307617188	90.307617188	0	0	0	0	0	0	0	0	0	0	0	0	0	0	0	0	0	0	0	0	0	0	0	0	0	0	0	0	0	0	0	0	0	0	0	0	0	0	0	0	0	0	0	0	0	0	0	0
1789546967793	71101	3174	7	288	12	0	0	3	0	0	0	0	26.103515625	26.103515625	0	0	0	0	90.307617188	90.307617188	0	0	0	0	0	0	0	0	0	0	0	0	0	0	0	0	0	0	0	0	0	0	0	0	0	0	0	0	0	0	0	0	0	0	0	0	0	0	0	0	0	0	0	0	0	0	0	0
1789546967811	71123	3175	7	288	12	0	0	3	0	0	0	0	26.103515625	26.103515625	0	0	0	0	90.307617188	90.307617188	0	0	0	0	0	0	0	0	0	0	0	0	0	0	0	0	0	0	0	0	0	0	0	0	0	0	0	0	0	0	0	0	0	0	0	0	0	0	0	0	0	0	0	0	0	0	0	0
1789546967835	71145	3176	7	288	12	0	0	3	0	0	0	0	26.103515625	26.103515625	0	0	0	0	90.307617188	90.307617188	0	0	0	0	0	0	0	0	0	0	0	0	0	0	0	0	0	0	0	0	0	0	0	0	0	0	0	0	0	0	0	0	0	0	0	0	0	0	0	0	0	0	0	0	0	0	0	0
1789546967861	71167	3177	7	288	12	0	0	3	0	0	0	0	26.103515625	26.103515625	0	0	0	0	90.307617188	90.307617188	0	0	0	0	0	0	0	0	0	0	0	0	0	0	0	0	0	0	0	0	0	0	0	0	0	0	0	0	0	0	0	0	0	0	0	0	0	0	0	0	0	0	0	0	0	0	0	0
1789546967881	71189	3178	7	288	12	0	0	3	0	0	0	0	26.103515625	26.103515625	0	0	0	0	90.307617188	90.307617188	0	0	0	0	0	0	0	0	0	0	0	0	0	0	0	0	0	0	0	0	0	0	0	0	0	0	0	0	0	0	0	0	0	0	0	0	0	0	0	0	0	0	0	0	0	0	0	0
1789546967901	71211	3179	7	288	12	0	0	3	0	0	0	0	26.103515625	26.103515625	0	0	0	0	90.307617188	90.307617188	0	0	0	0	0	0	0	0	0	0	0	0	0	0	0	0	0	0	0	0	0	0	0	0	0	0	0	0	0	0	0	0	0	0	0	0	0	0	0	0	0	0	0	0	0	0	0	0
1789546967928	71233	3180	7	288	12	0	0	3	0	0	0	0	26.103515625	26.103515625	0	0	0	0	90.307617188	90.307617188	0	0	0	0	0	0	0	0	0	0	0	0	0	0	0	0	0	0	0	0	0	0	0	0	0	0	0	0	0	0	0	0	0	0	0	0	0	0	0	0	0	0	0	0	0	0	0	0
1789546967947	71255	3181	7	288	12	0	0	3	0	0	0	0	26.103515625	26.103515625	0	0	0	0	90.307617188	90.307617188	0	0	0	0	0	0	0	0	0	0	0	0	0	0	0	0	0	0	0	0	0	0	0	0	0	0	0	0	0	0	0	0	0	0	0	0	0	0	0	0	0	0	0	0	0	0	0	0
1789546967968	71277	3182	7	288	12	0	0	3	0	0	0	0	26.103515625	26.103515625	0	0	0	0	90.307617188	90.307617188	0	0	0	0	0	0	0	0	0	0	0	0	0	0	0	0	0	0	0	0	0	0	0	0	0	0	0	0	0	0	0	0	0	0	0	0	0	0	0	0	0	0	0	0	0	0	0	0
1789546967987	71299	3183	7	288	12	0	0	3	0	0	0	0	26.103515625	26.103515625	0	0	0	0	90.307617188	90.307617188	0	0	0	0	0	0	0	0	0	0	0	0	0	0	0	0	0	0	0	0	0	0	0	0	0	0	0	0	0	0	0	0	0	0	0	0	0	0	0	0	0	0	0	0	0	0	0	0
1789546968014	71321	3184	7	288	12	0	0	3	0	0	0	0	26.103515625	26.103515625	0	0	0	0	90.307617188	90.307617188	0	0	0	0	0	0	0	0	0	0	0	0	0	0	0	0	0	0	0	0	0	0	0	0	0	0	0	0	0	0	0	0	0	0	0	0	0	0	0	0	0	0	0	0	0	0	0	0
1789546968035	71343	3185	7	288	12	0	0	3	0	0	0	0	26.103515625	26.103515625	0	0	0	0	90.307617188	90.307617188	0	0	0	0	0	0	0	0	0	0	0	0	0	0	0	0	0	0	0	0	0	0	0	0	0	0	0	0	0	0	0	0	0	0	0	0	0	0	0	0	0	0	0	0	0	0	0	0
1789546968055	71365	3186	7	288	12	0	0	3	0	0	0	0	26.103515625	26.103515625	0	0	0	0	90.307617188	90.307617188	0	0	0	0	0	0	0	0	0	0	0	0	0	0	0	0	0	0	0	0	0	0	0	0	0	0	0	0	0	0	0	0	0	0	0	0	0	0	0	0	0	0	0	0	0	0	0	0
1789546968075	71387	3187	7	288	12	0	0	3	0	0	0	0	26.103515625	26.103515625	0	0	0	0	90.307617188	90.307617188	0	0	0	0	0	0	0	0	0	0	0	0	0	0	0	0	0	0	0	0	0	0	0	0	0	0	0	0	0	0	0	0	0	0	0	0	0	0	0	0	0	0	0	0	0	0	0	0
1789546968102	71409	3188	7	288	12	0	0	3	0	0	0	0	26.103515625	26.103515625	0	0	0	0	90.307617188	90.307617188	0	0	0	0	0	0	0	0	0	0	0	0	0	0	0	0	0	0	0	0	0	0	0	0	0	0	0	0	0	0	0	0	0	0	0	0	0	0	0	0	0	0	0	0	0	0	0	0
1789546968122	71431	3189	7	288	12	0	0	3	0	0	0	0	26.103515625	26.103515625	0	0	0	0	90.307617188	90.307617188	0	0	0	0	0	0	0	0	0	0	0	0	0	0	0	0	0	0	0	0	0	0	0	0	0	0	0	0	0	0	0	0	0	0	0	0	0	0	0	0	0	0	0	0	0	0	0	0
1789546968142	71453	3190	7	288	12	0	0	3	0	0	0	0	26.103515625	26.103515625	0	0	0	0	90.307617188	90.307617188	0	0	0	0	0	0	0	0	0	0	0	0	0	0	0	0	0	0	0	0	0	0	0	0	0	0	0	0	0	0	0	0	0	0	0	0	0	0	0	0	0	0	0	0	0	0	0	0
1789546968169	71475	3191	7	288	12	0	0	3	0	0	0	0	26.147460938	26.147460938	0	0	0	0	90.3515625	90.3515625	0	0	0	0	0	0	0	0	0	0	0	0	0	0	0	0	0	0	0	0	0	0	0	0	0	0	0	0	0	0	0	0	0	0	0	0	0	0	0	0	0	0	0	0	0	0	0	0
1789546968189	71497	3192	7	288	12	0	0	3	0	0	0	0	26.103515625	26.103515625	0	0	0	0	90.307617188	90.307617188	0	0	0	0	0	0	0	0	0	0	0	0	0	0	0	0	0	0	0	0	0	0	0	0	0	0	0	0	0	0	0	0	0	0	0	0	0	0	0	0	0	0	0	0	0	0	0	0
1789546968209	71519	3193	7	288	12	0	0	3	0	0	0	0	26.103515625	26.103515625	0	0	0	0	90.307617188	90.307617188	0	0	0	0	0	0	0	0	0	0	0	0	0	0	0	0	0	0	0	0	0	0	0	0	0	0	0	0	0	0	0	0	0	0	0	0	0	0	0	0	0	0	0	0	0	0	0	0
1789546968236	71541	3194	7	288	12	0	0	3	0	0	0	0	26.103515625	26.103515625	0	0	0	0	90.307617188	90.307617188	0	0	0	0	0	0	0	0	0	0	0	0	0	0	0	0	0	0	0	0	0	0	0	0	0	0	0	0	0	0	0	0	0	0	0	0	0	0	0	0	0	0	0	0	0	0	0	0
1789546968256	71563	3195	7	288	12	0	0	3	0	0	0	0	26.103515625	26.103515625	0	0	0	0	90.307617188	90.307617188	0	0	0	0	0	0	0	0	0	0	0	0	0	0	0	0	0	0	0	0	0	0	0	0	0	0	0	0	0	0	0	0	0	0	0	0	0	0	0	0	0	0	0	0	0	0	0	0
1789546968276	71585	3196	7	288	12	0	0	3	0	0	0	0	26.103515625	26.103515625	0	0	0	0	90.307617188	90.307617188	0	0	0	0	0	0	0	0	0	0	0	0	0	0	0	0	0	0	0	0	0	0	0	0	0	0	0	0	0	0	0	0	0	0	0	0	0	0	0	0	0	0	0	0	0	0	0	0
1789546968296	71607	3197	7	288	12	0	0	3	0	0	0	0	26.103515625	26.103515625	0	0	0	0	90.307617188	90.307617188	0	0	0	0	0	0	0	0	0	0	0	0	0	0	0	0	0	0	0	0	0	0	0	0	0	0	0	0	0	0	0	0	0	0	0	0	0	0	0	0	0	0	0	0	0	0	0	0
1789546968322	71629	3198	7	288	12	0	0	3	0	0	0	0	26.103515625	26.103515625	0	0	0	0	90.307617188	90.307617188	0	0	0	0	0	0	0	0	0	0	0	0	0	0	0	0	0	0	0	0	0	0	0	0	0	0	0	0	0	0	0	0	0	0	0	0	0	0	0	0	0	0	0	0	0	0	0	0
1789546968343	71651	3199	7	288	12	0	0	3	0	0	0	0	26.103515625	26.103515625	0	0	0	0	90.307617188	90.307617188	0	0	0	0	0	0	0	0	0	0	0	0	0	0	0	0	0	0	0	0	0	0	0	0	0	0	0	0	0	0	0	0	0	0	0	0	0	0	0	0	0	0	0	0	0	0	0	0
1789546968363	71673	3200	7	288	12	0	0	3	0	0	0	0	26.103515625	26.103515625	0	0	0	0	90.307617188	90.307617188	0	0	0	0	0	0	0	0	0	0	0	0	0	0	0	0	0	0	0	0	0	0	0	0	0	0	0	0	0	0	0	0	0	0	0	0	0	0	0	0	0	0	0	0	0	0	0	0
1789546968390	71695	3201	7	288	12	0	0	3	0	0	0	0	26.103515625	26.103515625	0	0	0	0	90.307617188	90.307617188	0	0	0	0	0	0	0	0	0	0	0	0	0	0	0	0	0	0	0	0	0	0	0	0	0	0	0	0	0	0	0	0	0	0	0	0	0	0	0	0	0	0	0	0	0	0	0	0
1789546968410	71717	3202	7	288	12	0	0	3	0	0	0	0	26.103515625	26.103515625	0	0	0	0	90.307617188	90.307617188	0	0	0	0	0	0	0	0	0	0	0	0	0	0	0	0	0	0	0	0	0	0	0	0	0	0	0	0	0	0	0	0	0	0	0	0	0	0	0	0	0	0	0	0	0	0	0	0
1789546968430	71739	3203	7	288	12	0	0	3	0	0	0	0	26.103515625	26.103515625	0	0	0	0	90.307617188	90.307617188	0	0	0	0	0	0	0	0	0	0	0	0	0	0	0	0	0	0	0	0	0	0	0	0	0	0	0	0	0	0	0	0	0	0	0	0	0	0	0	0	0	0	0	0	0	0	0	0
1789546968449	71761	3204	7	288	12	0	0	3	0	0	0	0	26.103515625	26.103515625	0	0	0	0	90.307617188	90.307617188	0	0	0	0	0	0	0	0	0	0	0	0	0	0	0	0	0	0	0	0	0	0	0	0	0	0	0	0	0	0	0	0	0	0	0	0	0	0	0	0	0	0	0	0	0	0	0	0
1789546968476	71783	3205	7	288	12	0	0	3	0	0	0	0	26.103515625	26.103515625	0	0	0	0	90.307617188	90.307617188	0	0	0	0	0	0	0	0	0	0	0	0	0	0	0	0	0	0	0	0	0	0	0	0	0	0	0	0	0	0	0	0	0	0	0	0	0	0	0	0	0	0	0	0	0	0	0	0
1789546968497	71805	3206	7	288	12	0	0	3	0	0	0	0	26.103515625	26.103515625	0	0	0	0	90.307617188	90.307617188	0	0	0	0	0	0	0	0	0	0	0	0	0	0	0	0	0	0	0	0	0	0	0	0	0	0	0	0	0	0	0	0	0	0	0	0	0	0	0	0	0	0	0	0	0	0	0	0
1789546968517	71827	3207	7	288	12	0	0	3	0	0	0	0	26.103515625	26.103515625	0	0	0	0	90.307617188	90.307617188	0	0	0	0	0	0	0	0	0	0	0	0	0	0	0	0	0	0	0	0	0	0	0	0	0	0	0	0	0	0	0	0	0	0	0	0	0	0	0	0	0	0	0	0	0	0	0	0
1789546968538	71849	3208	7	288	12	0	0	3	0	0	0	0	26.103515625	26.103515625	0	0	0	0	90.307617188	90.307617188	0	0	0	0	0	0	0	0	0	0	0	0	0	0	0	0	0	0	0	0	0	0	0	0	0	0	0	0	0	0	0	0	0	0	0	0	0	0	0	0	0	0	0	0	0	0	0	0
1789546968564	71871	3209	7	288	12	0	0	3	0	0	0	0	26.103515625	26.103515625	0	0	0	0	90.307617188	90.307617188	0	0	0	0	0	0	0	0	0	0	0	0	0	0	0	0	0	0	0	0	0	0	0	0	0	0	0	0	0	0	0	0	0	0	0	0	0	0	0	0	0	0	0	0	0	0	0	0
1789546968584	71893	3210	7	288	12	0	0	3	0	0	0	0	26.103515625	26.103515625	0	0	0	0	90.307617188	90.307617188	0	0	0	0	0	0	0	0	0	0	0	0	0	0	0	0	0	0	0	0	0	0	0	0	0	0	0	0	0	0	0	0	0	0	0	0	0	0	0	0	0	0	0	0	0	0	0	0
1789546968604	71915	3211	7	288	12	0	0	3	0	0	0	0	26.103515625	26.103515625	0	0	0	0	90.307617188	90.307617188	0	0	0	0	0	0	0	0	0	0	0	0	0	0	0	0	0	0	0	0	0	0	0	0	0	0	0	0	0	0	0	0	0	0	0	0	0	0	0	0	0	0	0	0	0	0	0	0
1789546968631	71937	3212	7	288	12	0	0	3	0	0	0	0	26.103515625	26.103515625	0	0	0	0	90.307617188	90.307617188	0	0	0	0	0	0	0	0	0	0	0	0	0	0	0	0	0	0	0	0	0	0	0	0	0	0	0	0	0	0	0	0	0	0	0	0	0	0	0	0	0	0	0	0	0	0	0	0
1789546968651	71959	3213	7	288	12	0	0	3	0	0	0	0	26.103515625	26.103515625	0	0	0	0	90.307617188	90.307617188	0	0	0	0	0	0	0	0	0	0	0	0	0	0	0	0	0	0	0	0	0	0	0	0	0	0	0	0	0	0	0	0	0	0	0	0	0	0	0	0	0	0	0	0	0	0	0	0
1789546968671	71981	3214	7	288	12	0	0	3	0	0	0	0	26.103515625	26.103515625	0	0	0	0	90.307617188	90.307617188	0	0	0	0	0	0	0	0	0	0	0	0	0	0	0	0	0	0	0	0	0	0	0	0	0	0	0	0	0	0	0	0	0	0	0	0	0	0	0	0	0	0	0	0	0	0	0	0
1789546968697	72003	3215	7	288	12	0	0	3	0	0	0	0	26.103515625	26.103515625	0	0	0	0	90.307617188	90.307617188	0	0	0	0	0	0	0	0	0	0	0	0	0	0	0	0	0	0	0	0	0	0	0	0	0	0	0	0	0	0	0	0	0	0	0	0	0	0	0	0	0	0	0	0	0	0	0	0
1789546968717	72025	3216	7	288	12	0	0	3	0	0	0	0	26.103515625	26.103515625	0	0	0	0	90.307617188	90.307617188	0	0	0	0	0	0	0	0	0	0	0	0	0	0	0	0	0	0	0	0	0	0	0	0	0	0	0	0	0	0	0	0	0	0	0	0	0	0	0	0	0	0	0	0	0	0	0	0
1789546968736	72047	3217	7	288	12	0	0	3	0	0	0	0	26.103515625	26.103515625	0	0	0	0	90.307617188	90.307617188	0	0	0	0	0	0	0	0	0	0	0	0	0	0	0	0	0	0	0	0	0	0	0	0	0	0	0	0	0	0	0	0	0	0	0	0	0	0	0	0	0	0	0	0	0	0	0	0
1789546968763	72069	3218	7	288	12	0	0	3	0	0	0	0	26.103515625	26.103515625	0	0	0	0	90.307617188	90.307617188	0	0	0	0	0	0	0	0	0	0	0	0	0	0	0	0	0	0	0	0	0	0	0	0	0	0	0	0	0	0	0	0	0	0	0	0	0	0	0	0	0	0	0	0	0	0	0	0
1789546968782	72091	3219	7	288	12	0	0	3	0	0	0	0	26.103515625	26.103515625	0	0	0	0	90.307617188	90.307617188	0	0	0	0	0	0	0	0	0	0	0	0	0	0	0	0	0	0	0	0	0	0	0	0	0	0	0	0	0	0	0	0	0	0	0	0	0	0	0	0	0	0	0	0	0	0	0	0
1789546968802	72113	3220	7	288	12	0	0	3	0	0	0	0	26.103515625	26.103515625	0	0	0	0	90.307617188	90.307617188	0	0	0	0	0	0	0	0	0	0	0	0	0	0	0	0	0	0	0	0	0	0	0	0	0	0	0	0	0	0	0	0	0	0	0	0	0	0	0	0	0	0	0	0	0	0	0	0
1789546968829	72135	3221	7	288	12	0	0	3	0	0	0	0	26.103515625	26.103515625	0	0	0	0	90.307617188	90.307617188	0	0	0	0	0	0	0	0	0	0	0	0	0	0	0	0	0	0	0	0	0	0	0	0	0	0	0	0	0	0	0	0	0	0	0	0	0	0	0	0	0	0	0	0	0	0	0	0
1789546968849	72157	3222	7	288	12	0	0	3	0	0	0	0	26.103515625	26.103515625	0	0	0	0	90.307617188	90.307617188	0	0	0	0	0	0	0	0	0	0	0	0	0	0	0	0	0	0	0	0	0	0	0	0	0	0	0	0	0	0	0	0	0	0	0	0	0	0	0	0	0	0	0	0	0	0	0	0
1789546968869	72179	3223	7	288	12	0	0	3	0	0	0	0	26.103515625	26.103515625	0	0	0	0	90.307617188	90.307617188	0	0	0	0	0	0	0	0	0	0	0	0	0	0	0	0	0	0	0	0	0	0	0	0	0	0	0	0	0	0	0	0	0	0	0	0	0	0	0	0	0	0	0	0	0	0	0	0
1789546968896	72201	3224	7	288	12	0	0	3	0	0	0	0	26.103515625	26.103515625	0	0	0	0	90.307617188	90.307617188	0	0	0	0	0	0	0	0	0	0	0	0	0	0	0	0	0	0	0	0	0	0	0	0	0	0	0	0	0	0	0	0	0	0	0	0	0	0	0	0	0	0	0	0	0	0	0	0
1789546968916	72223	3225	7	288	12	0	0	3	0	0	0	0	26.103515625	26.103515625	0	0	0	0	90.307617188	90.307617188	0	0	0	0	0	0	0	0	0	0	0	0	0	0	0	0	0	0	0	0	0	0	0	0	0	0	0	0	0	0	0	0	0	0	0	0	0	0	0	0	0	0	0	0	0	0	0	0
1789546968935	72245	3226	7	288	12	0	0	3	0	0	0	0	26.103515625	26.103515625	0	0	0	0	90.307617188	90.307617188	0	0	0	0	0	0	0	0	0	0	0	0	0	0	0	0	0	0	0	0	0	0	0	0	0	0	0	0	0	0	0	0	0	0	0	0	0	0	0	0	0	0	0	0	0	0	0	0
1789546968955	72267	3227	7	288	12	0	0	3	0	0	0	0	26.103515625	26.103515625	0	0	0	0	90.307617188	90.307617188	0	0	0	0	0	0	0	0	0	0	0	0	0	0	0	0	0	0	0	0	0	0	0	0	0	0	0	0	0	0	0	0	0	0	0	0	0	0	0	0	0	0	0	0	0	0	0	0
1789546968982	72289	3228	7	288	12	0	0	3	0	0	0	0	26.103515625	26.103515625	0	0	0	0	90.307617188	90.307617188	0	0	0	0	0	0	0	0	0	0	0	0	0	0	0	0	0	0	0	0	0	0	0	0	0	0	0	0	0	0	0	0	0	0	0	0	0	0	0	0	0	0	0	0	0	0	0	0
1789546969002	72311	3229	7	288	12	0	0	3	0	0	0	0	26.103515625	26.103515625	0	0	0	0	90.307617188	90.307617188	0	0	0	0	0	0	0	0	0	0	0	0	0	0	0	0	0	0	0	0	0	0	0	0	0	0	0	0	0	0	0	0	0	0	0	0	0	0	0	0	0	0	0	0	0	0	0	0
1789546969022	72333	3230	7	288	12	0	0	3	0	0	0	0	26.103515625	26.103515625	0	0	0	0	90.307617188	90.307617188	0	0	0	0	0	0	0	0	0	0	0	0	0	0	0	0	0	0	0	0	0	0	0	0	0	0	0	0	0	0	0	0	0	0	0	0	0	0	0	0	0	0	0	0	0	0	0	0
1789546969048	72355	3231	7	288	12	0	0	3	0	0	0	0	26.103515625	26.103515625	0	0	0	0	90.307617188	90.307617188	0	0	0	0	0	0	0	0	0	0	0	0	0	0	0	0	0	0	0	0	0	0	0	0	0	0	0	0	0	0	0	0	0	0	0	0	0	0	0	0	0	0	0	0	0	0	0	0
1789546969068	72377	3232	7	288	12	0	0	3	0	0	0	0	26.103515625	26.103515625	0	0	0	0	90.307617188	90.307617188	0	0	0	0	0	0	0	0	0	0	0	0	0	0	0	0	0	0	0	0	0	0	0	0	0	0	0	0	0	0	0	0	0	0	0	0	0	0	0	0	0	0	0	0	0	0	0	0
1789546969088	72399	3233	7	288	12	0	0	3	0	0	0	0	26.103515625	26.103515625	0	0	0	0	90.307617188	90.307617188	0	0	0	0	0	0	0	0	0	0	0	0	0	0	0	0	0	0	0	0	0	0	0	0	0	0	0	0	0	0	0	0	0	0	0	0	0	0	0	0	0	0	0	0	0	0	0	0
1789546969115	72421	3234	7	288	12	0	0	3	0	0	0	0	26.103515625	26.103515625	0	0	0	0	90.307617188	90.307617188	0	0	0	0	0	0	0	0	0	0	0	0	0	0	0	0	0	0	0	0	0	0	0	0	0	0	0	0	0	0	0	0	0	0	0	0	0	0	0	0	0	0	0	0	0	0	0	0
1789546969135	72443	3235	7	288	12	0	0	3	0	0	0	0	26.103515625	26.103515625	0	0	0	0	90.307617188	90.307617188	0	0	0	0	0	0	0	0	0	0	0	0	0	0	0	0	0	0	0	0	0	0	0	0	0	0	0	0	0	0	0	0	0	0	0	0	0	0	0	0	0	0	0	0	0	0	0	0
1789546969155	72465	3236	7	288	12	0	0	3	0	0	0	0	26.103515625	26.103515625	0	0	0	0	90.307617188	90.307617188	0	0	0	0	0	0	0	0	0	0	0	0	0	0	0	0	0	0	0	0	0	0	0	0	0	0	0	0	0	0	0	0	0	0	0	0	0	0	0	0	0	0	0	0	0	0	0	0
1789546969175	72487	3237	7	288	12	0	0	3	0	0	0	0	26.103515625	26.103515625	0	0	0	0	90.307617188	90.307617188	0	0	0	0	0	0	0	0	0	0	0	0	0	0	0	0	0	0	0	0	0	0	0	0	0	0	0	0	0	0	0	0	0	0	0	0	0	0	0	0	0	0	0	0	0	0	0	0
1789546969202	72509	3238	7	288	12	0	0	3	0	0	0	0	26.103515625	26.103515625	0	0	-6	6	90.307617188	90.307617188	0	0	0	0	0	0	0	0	0	0	0	0	0	0	0	0	0	0	0	0	0	0	0	0	0	0	0	0	0	0	0	0	0	0	0	0	0	0	0	0	0	0	0	0	0	0	0	0
1789546969221	72531	3239	7	288	12	0	0	3	0	0	0	0	26.103515625	26.103515625	0	0	0	0	90.307617188	90.307617188	0	0	0	0	0	0	0	0	0	0	0	0	0	0	0	0	0	0	0	0	0	0	0	0	0	0	0	0	0	0	0	0	0	0	0	0	0	0	0	0	0	0	0	0	0	0	0	0
1789546969242	72553	3240	7	288	12	0	0	3	0	0	0	0	26.103515625	26.103515625	0	0	0	0	90.307617188	90.307617188	0	0	0	0	0	0	0	0	0	0	0	0	0	0	0	0	0	0	0	0	0	0	0	0	0	0	0	0	0	0	0	0	0	0	0	0	0	0	0	0	0	0	0	0	0	0	0	0
1789546969268	72575	3241	7	288	12	0	0	3	0	0	0	0	26.103515625	26.103515625	0	0	0	0	90.307617188	90.307617188	0	0	0	0	0	0	0	0	0	0	0	0	0	0	0	0	0	0	0	0	0	0	0	0	0	0	0	0	0	0	0	0	0	0	0	0	0	0	0	0	0	0	0	0	0	0	0	0
1789546969288	72597	3242	7	288	12	0	0	3	0	0	0	0	26.103515625	26.103515625	0	0	0	0	90.307617188	90.307617188	0	0	0	0	0	0	0	0	0	0	0	0	0	0	0	0	0	0	0	0	0	0	0	0	0	0	0	0	0	0	0	0	0	0	0	0	0	0	0	0	0	0	0	0	0	0	0	0
1789546969308	72619	3243	7	288	12	0	0	3	0	0	0	0	26.103515625	26.103515625	0	0	0	0	90.307617188	90.307617188	0	0	0	0	0	0	0	0	0	0	0	0	0	0	0	0	0	0	0	0	0	0	0	0	0	0	0	0	0	0	0	0	0	0	0	0	0	0	0	0	0	0	0	0	0	0	0	0
1789546969334	72641	3244	7	288	12	0	0	3	0	0	0	0	26.103515625	26.103515625	0	0	0	0	90.307617188	90.307617188	0	0	0	0	0	0	0	0	0	0	0	0	0	0	0	0	0	0	0	0	0	0	0	0	0	0	0	0	0	0	0	0	0	0	0	0	0	0	0	0	0	0	0	0	0	0	0	0
1789546969354	72663	3245	7	288	12	0	0	3	0	0	0	0	26.103515625	26.103515625	0	0	0	0	90.307617188	90.307617188	0	0	0	0	0	0	0	0	0	0	0	0	0	0	0	0	0	0	0	0	0	0	0	0	0	0	0	0	0	0	0	0	0	0	0	0	0	0	0	0	0	0	0	0	0	0	0	0
1789546969374	72685	3246	7	288	12	0	0	3	0	0	0	0	26.103515625	26.103515625	0	0	0	0	90.307617188	90.307617188	0	0	0	0	0	0	0	0	0	0	0	0	0	0	0	0	0	0	0	0	0	0	0	0	0	0	0	0	0	0	0	0	0	0	0	0	0	0	0	0	0	0	0	0	0	0	0	0
1789546969401	72707	3247	7	288	12	0	0	3	0	0	0	0	26.103515625	26.103515625	0	0	0	0	90.307617188	90.307617188	0	0	0	0	0	0	0	0	0	0	0	0	0	0	0	0	0	0	0	0	0	0	0	0	0	0	0	0	0	0	0	0	0	0	0	0	0	0	0	0	0	0	0	0	0	0	0	0
1789546969421	72729	3248	7	288	12	0	0	3	0	0	0	0	26.103515625	26.103515625	0	0	0	0	90.307617188	90.307617188	0	0	0	0	0	0	0	0	0	0	0	0	0	0	0	0	0	0	0	0	0	0	0	0	0	0	0	0	0	0	0	0	0	0	0	0	0	0	0	0	0	0	0	0	0	0	0	0
1789546969441	72751	3249	7	288	12	0	0	3	0	0	0	0	26.103515625	26.103515625	0	0	0	0	90.307617188	90.307617188	0	0	0	0	0	0	0	0	0	0	0	0	0	0	0	0	0	0	0	0	0	0	0	0	0	0	0	0	0	0	0	0	0	0	0	0	0	0	0	0	0	0	0	0	0	0	0	0
1789546969468	72773	3250	7	288	12	0	0	3	0	0	0	0	26.103515625	26.103515625	0	0	0	0	90.307617188	90.307617188	0	0	0	0	0	0	0	0	0	0	0	0	0	0	0	0	0	0	0	0	0	0	0	0	0	0	0	0	0	0	0	0	0	0	0	0	0	0	0	0	0	0	0	0	0	0	0	0
1789546969487	72795	3251	7	288	12	0	0	3	0	0	0	0	26.103515625	26.103515625	0	0	0	0	90.307617188	90.307617188	0	0	0	0	0	0	0	0	0	0	0	0	0	0	0	0	0	0	0	0	0	0	0	0	0	0	0	0	0	0	0	0	0	0	0	0	0	0	0	0	0	0	0	0	0	0	0	0
1789546969507	72817	3252	7	288	12	0	0	3	0	0	0	0	26.103515625	26.103515625	0	0	0	0	90.307617188	90.307617188	0	0	0	0	0	0	0	0	0	0	0	0	0	0	0	0	0	0	0	0	0	0	0	0	0	0	0	0	0	0	0	0	0	0	0	0	0	0	0	0	0	0	0	0	0	0	0	0
1789546969533	72839	3253	7	288	12	0	0	3	0	0	0	0	26.103515625	26.103515625	0	0	0	0	90.307617188	90.307617188	0	0	0	0	0	0	0	0	0	0	0	0	0	0	0	0	0	0	0	0	0	0	0	0	0	0	0	0	0	0	0	0	0	0	0	0	0	0	0	0	0	0	0	0	0	0	0	0
1789546969554	72861	3254	7	288	12	0	0	3	0	0	0	0	26.103515625	26.103515625	0	0	0	0	90.307617188	90.307617188	0	0	0	0	0	0	0	0	0	0	0	0	0	0	0	0	0	0	0	0	0	0	0	0	0	0	0	0	0	0	0	0	0	0	0	0	0	0	0	0	0	0	0	0	0	0	0	0
1789546969574	72883	3255	7	288	12	0	0	3	0	0	0	0	26.103515625	26.103515625	0	0	0	0	90.307617188	90.307617188	0	0	0	0	0	0	0	0	0	0	0	0	0	0	0	0	0	0	0	0	0	0	0	0	0	0	0	0	0	0	0	0	0	0	0	0	0	0	0	0	0	0	0	0	0	0	0	0
1789546969594	72905	3256	7	288	12	0	0	3	0	0	0	0	26.103515625	26.103515625	0	0	0	0	90.307617188	90.307617188	0	0	0	0	0	0	0	0	0	0	0	0	0	0	0	0	0	0	0	0	0	0	0	0	0	0	0	0	0	0	0	0	0	0	0	0	0	0	0	0	0	0	0	0	0	0	0	0
1789546969621	72927	3257	7	288	12	0	0	3	0	0	0	0	26.103515625	26.103515625	0	0	0	0	90.307617188	90.307617188	0	0	0	0	0	0	0	0	0	0	0	0	0	0	0	0	0	0	0	0	0	0	0	0	0	0	0	0	0	0	0	0	0	0	0	0	0	0	0	0	0	0	0	0	0	0	0	0
1789546969641	72949	3258	7	288	12	0	0	3	0	0	0	0	26.103515625	26.103515625	0	0	0	0	90.307617188	90.307617188	0	0	0	0	0	0	0	0	0	0	0	0	0	0	0	0	0	0	0	0	0	0	0	0	0	0	0	0	0	0	0	0	0	0	0	0	0	0	0	0	0	0	0	0	0	0	0	0
1789546969661	72971	3259	7	288	12	0	0	3	0	0	0	0	26.103515625	26.103515625	0	0	0	0	90.307617188	90.307617188	0	0	0	0	0	0	0	0	0	0	0	0	0	0	0	0	0	0	0	0	0	0	0	0	0	0	0	0	0	0	0	0	0	0	0	0	0	0	0	0	0	0	0	0	0	0	0	0
1789546969687	72993	3260	7	288	12	0	0	3	0	0	0	0	26.103515625	26.103515625	0	0	0	0	90.307617188	90.307617188	0	0	0	0	0	0	0	0	0	0	0	0	0	0	0	0	0	0	0	0	0	0	0	0	0	0	0	0	0	0	0	0	0	0	0	0	0	0	0	0	0	0	0	0	0	0	0	0
1789546969707	73015	3261	7	288	12	0	0	3	0	0	0	0	26.103515625	26.103515625	0	0	0	0	90.307617188	90.307617188	0	0	0	0	0	0	0	0	0	0	0	0	0	0	0	0	0	0	0	0	0	0	0	0	0	0	0	0	0	0	0	0	0	0	0	0	0	0	0	0	0	0	0	0	0	0	0	0
1789546969727	73037	3262	7	288	12	0	0	3	0	0	0	0	26.103515625	26.103515625	0	0	0	0	90.307617188	90.307617188	0	0	0	0	0	0	0	0	0	0	0	0	0	0	0	0	0	0	0	0	0	0	0	0	0	0	0	0	0	0	0	0	0	0	0	0	0	0	0	0	0	0	0	0	0	0	0	0
1789546969754	73059	3263	7	288	12	0	0	3	0	0	0	0	26.103515625	26.103515625	0	0	0	0	90.307617188	90.307617188	0	0	0	0	0	0	0	0	0	0	0	0	0	0	0	0	0	0	0	0	0	0	0	0	0	0	0	0	0	0	0	0	0	0	0	0	0	0	0	0	0	0	0	0	0	0	0	0
1789546969773	73081	3264	7	288	12	0	0	3	0	0	0	0	26.103515625	26.103515625	0	0	0	0	90.307617188	90.307617188	0	0	0	0	0	0	0	0	0	0	0	0	0	0	0	0	0	0	0	0	0	0	0	0	0	0	0	0	0	0	0	0	0	0	0	0	0	0	0	0	0	0	0	0	0	0	0	0
1789546969793	73103	3265	7	288	12	0	0	3	0	0	0	0	26.103515625	26.103515625	0	0	0	0	90.307617188	90.307617188	0	0	0	0	0	0	0	0	0	0	0	0	0	0	0	0	0	0	0	0	0	0	0	0	0	0	0	0	0	0	0	0	0	0	0	0	0	0	0	0	0	0	0	0	0	0	0	0
1789546969819	73125	3266	7	288	12	0	0	3	0	0	0	0	26.103515625	26.103515625	0	0	0	0	90.307617188	90.307617188	0	0	0	0	0	0	0	0	0	0	0	0	0	0	0	0	0	0	0	0	0	0	0	0	0	0	0	0	0	0	0	0	0	0	0	0	0	0	0	0	0	0	0	0	0	0	0	0
1789546969839	73147	3267	7	288	12	0	0	3	0	0	0	0	26.103515625	26.103515625	0	0	0	0	90.307617188	90.307617188	0	0	0	0	0	0	0	0	0	0	0	0	0	0	0	0	0	0	0	0	0	0	0	0	0	0	0	0	0	0	0	0	0	0	0	0	0	0	0	0	0	0	0	0	0	0	0	0
1789546969860	73169	3268	7	288	12	0	0	3	0	0	0	0	26.103515625	26.103515625	0	0	0	0	90.307617188	90.307617188	0	0	0	0	0	0	0	0	0	0	0	0	0	0	0	0	0	0	0	0	0	0	0	0	0	0	0	0	0	0	0	0	0	0	0	0	0	0	0	0	0	0	0	0	0	0	0	0
1789546969880	73191	3269	7	288	12	0	0	3	0	0	0	0	26.103515625	26.103515625	0	0	0	0	90.307617188	90.307617188	0	0	0	0	0	0	0	0	0	0	0	0	0	0	0	0	0	0	0	0	0	0	0	0	0	0	0	0	0	0	0	0	0	0	0	0	0	0	0	0	0	0	0	0	0	0	0	0
1789546969906	73213	3270	7	288	12	0	0	3	0	0	0	0	26.103515625	26.103515625	0	0	0	0	90.307617188	90.307617188	0	0	0	0	0	0	0	0	0	0	0	0	0	0	0	0	0	0	0	0	0	0	0	0	0	0	0	0	0	0	0	0	0	0	0	0	0	0	0	0	0	0	0	0	0	0	0	0
1789546969926	73235	3271	7	288	12	0	0	3	0	0	0	0	26.103515625	26.103515625	0	0	0	0	90.307617188	90.307617188	0	0	0	0	0	0	0	0	0	0	0	0	0	0	0	0	0	0	0	0	0	0	0	0	0	0	0	0	0	0	0	0	0	0	0	0	0	0	0	0	0	0	0	0	0	0	0	0
1789546969946	73257	3272	7	288	12	0	0	3	0	0	0	0	26.103515625	26.103515625	0	0	0	0	90.307617188	90.307617188	0	0	0	0	0	0	0	0	0	0	0	0	0	0	0	0	0	0	0	0	0	0	0	0	0	0	0	0	0	0	0	0	0	0	0	0	0	0	0	0	0	0	0	0	0	0	0	0
1789546969972	73279	3273	7	288	12	0	0	3	0	0	0	0	26.103515625	26.103515625	0	0	0	0	90.307617188	90.307617188	0	0	0	0	0	0	0	0	0	0	0	0	0	0	0	0	0	0	0	0	0	0	0	0	0	0	0	0	0	0	0	0	0	0	0	0	0	0	0	0	0	0	0	0	0	0	0	0
1789546969992	73301	3274	7	288	12	0	0	3	0	0	0	0	26.103515625	26.103515625	0	0	0	0	90.307617188	90.307617188	0	0	0	0	0	0	0	0	0	0	0	0	0	0	0	0	0	0	0	0	0	0	0	0	0	0	0	0	0	0	0	0	0	0	0	0	0	0	0	0	0	0	0	0	0	0	0	0
1789546970013	73323	3275	7	288	12	0	0	3	0	0	0	0	26.103515625	26.103515625	0	0	0	0	90.307617188	90.307617188	0	0	0	0	0	0	0	0	0	0	0	0	0	0	0	0	0	0	0	0	0	0	0	0	0	0	0	0	0	0	0	0	0	0	0	0	0	0	0	0	0	0	0	0	0	0	0	0
1789546970038	73345	3276	7	288	12	0	0	3	0	0	0	0	26.103515625	26.103515625	0	0	0	0	90.307617188	90.307617188	0	0	0	0	0	0	0	0	0	0	0	0	0	0	0	0	0	0	0	0	0	0	0	0	0	0	0	0	0	0	0	0	0	0	0	0	0	0	0	0	0	0	0	0	0	0	0	0
1789546970057	73367	3277	7	288	12	0	0	3	0	0	0	0	26.103515625	26.103515625	0	0	0	0	90.307617188	90.307617188	0	0	0	0	0	0	0	0	0	0	0	0	0	0	0	0	0	0	0	0	0	0	0	0	0	0	0	0	0	0	0	0	0	0	0	0	0	0	0	0	0	0	0	0	0	0	0	0
1789546970077	73389	3278	7	288	12	0	0	3	0	0	0	0	26.103515625	26.103515625	0	0	0	0	90.307617188	90.307617188	0	0	0	0	0	0	0	0	0	0	0	0	0	0	0	0	0	0	0	0	0	0	0	0	0	0	0	0	0	0	0	0	0	0	0	0	0	0	0	0	0	0	0	0	0	0	0	0
1789546970103	73411	3279	7	288	12	0	0	3	0	0	0	0	26.103515625	26.103515625	0	0	0	0	90.307617188	90.307617188	0	0	0	0	0	0	0	0	0	0	0	0	0	0	0	0	0	0	0	0	0	0	0	0	0	0	0	0	0	0	0	0	0	0	0	0	0	0	0	0	0	0	0	0	0	0	0	0
1789546970123	73433	3280	7	288	12	0	0	3	0	0	0	0	26.103515625	26.103515625	0	0	0	0	90.307617188	90.307617188	0	0	0	0	0	0	0	0	0	0	0	0	0	0	0	0	0	0	0	0	0	0	0	0	0	0	0	0	0	0	0	0	0	0	0	0	0	0	0	0	0	0	0	0	0	0	0	0
1789546970150	73455	3281	7	288	12	0	0	3	0	0	0	0	26.103515625	26.103515625	0	0	0	0	90.307617188	90.307617188	0	0	0	0	0	0	0	0	0	0	0	0	0	0	0	0	0	0	0	0	0	0	0	0	0	0	0	0	0	0	0	0	0	0	0	0	0	0	0	0	0	0	0	0	0	0	0	0
1789546970170	73477	3282	7	288	12	0	0	3	0	0	0	0	26.103515625	26.103515625	0	0	0	0	90.307617188	90.307617188	0	0	0	0	0	0	0	0	0	0	0	0	0	0	0	0	0	0	0	0	0	0	0	0	0	0	0	0	0	0	0	0	0	0	0	0	0	0	0	0	0	0	0	0	0	0	0	0
1789546970189	73499	3283	7	288	12	0	0	3	0	0	0	0	26.103515625	26.103515625	0	0	0	0	90.307617188	90.307617188	0	0	0	0	0	0	0	0	0	0	0	0	0	0	0	0	0	0	0	0	0	0	0	0	0	0	0	0	0	0	0	0	0	0	0	0	0	0	0	0	0	0	0	0	0	0	0	0
1789546970209	73521	3284	7	288	12	0	0	3	0	0	0	0	26.103515625	26.103515625	0	0	0	0	90.307617188	90.307617188	0	0	0	0	0	0	0	0	0	0	0	0	0	0	0	0	0	0	0	0	0	0	0	0	0	0	0	0	0	0	0	0	0	0	0	0	0	0	0	0	0	0	0	0	0	0	0	0
1789546970235	73543	3285	7	288	12	0	0	3	0	0	0	0	26.103515625	26.103515625	0	0	0	0	90.307617188	90.307617188	0	0	0	0	0	0	0	0	0	0	0	0	0	0	0	0	0	0	0	0	0	0	0	0	0	0	0	0	0	0	0	0	0	0	0	0	0	0	0	0	0	0	0	0	0	0	0	0
1789546970255	73565	3286	7	288	12	0	0	3	0	0	0	0	26.103515625	26.103515625	0	0	0	0	90.307617188	90.307617188	0	0	0	0	0	0	0	0	0	0	0	0	0	0	0	0	0	0	0	0	0	0	0	0	0	0	0	0	0	0	0	0	0	0	0	0	0	0	0	0	0	0	0	0	0	0	0	0
1789546970281	73587	3287	7	288	12	0	0	3	0	0	0	0	26.103515625	26.103515625	0	0	0	0	90.307617188	90.307617188	0	0	0	0	0	0	0	0	0	0	0	0	0	0	0	0	0	0	0	0	0	0	0	0	0	0	0	0	0	0	0	0	0	0	0	0	0	0	0	0	0	0	0	0	0	0	0	0
1789546970302	73609	3288	7	288	12	0	0	3	0	0	0	0	26.103515625	26.103515625	0	0	0	0	90.307617188	90.307617188	0	0	0	0	0	0	0	0	0	0	0	0	0	0	0	0	0	0	0	0	0	0	0	0	0	0	0	0	0	0	0	0	0	0	0	0	0	0	0	0	0	0	0	0	0	0	0	0
1789546970321	73631	3289	7	288	12	0	0	3	0	0	0	0	26.103515625	26.103515625	0	0	0	0	90.307617188	90.307617188	0	0	0	0	0	0	0	0	0	0	0	0	0	0	0	0	0	0	0	0	0	0	0	0	0	0	0	0	0	0	0	0	0	0	0	0	0	0	0	0	0	0	0	0	0	0	0	0
1789546970347	73653	3290	7	288	12	0	0	3	0	0	0	0	26.103515625	26.103515625	0	0	0	0	90.307617188	90.307617188	0	0	0	0	0	0	0	0	0	0	0	0	0	0	0	0	0	0	0	0	0	0	0	0	0	0	0	0	0	0	0	0	0	0	0	0	0	0	0	0	0	0	0	0	0	0	0	0
1789546970367	73675	3291	7	288	12	0	0	3	0	0	0	0	26.103515625	26.103515625	0	0	0	0	90.307617188	90.307617188	0	0	0	0	0	0	0	0	0	0	0	0	0	0	0	0	0	0	0	0	0	0	0	0	0	0	0	0	0	0	0	0	0	0	0	0	0	0	0	0	0	0	0	0	0	0	0	0
1789546970387	73697	3292	7	288	12	0	0	3	0	0	0	0	26.103515625	26.103515625	0	0	0	0	90.307617188	90.307617188	0	0	0	0	0	0	0	0	0	0	0	0	0	0	0	0	0	0	0	0	0	0	0	0	0	0	0	0	0	0	0	0	0	0	0	0	0	0	0	0	0	0	0	0	0	0	0	0
1789546970413	73719	3293	7	288	12	0	0	3	0	0	0	0	26.103515625	26.103515625	0	0	0	0	90.307617188	90.307617188	0	0	0	0	0	0	0	0	0	0	0	0	0	0	0	0	0	0	0	0	0	0	0	0	0	0	0	0	0	0	0	0	0	0	0	0	0	0	0	0	0	0	0	0	0	0	0	0
1789546970433	73741	3294	7	288	12	0	0	3	0	0	0	0	26.103515625	26.103515625	0	0	0	0	90.307617188	90.307617188	0	0	0	0	0	0	0	0	0	0	0	0	0	0	0	0	0	0	0	0	0	0	0	0	0	0	0	0	0	0	0	0	0	0	0	0	0	0	0	0	0	0	0	0	0	0	0	0
1789546970454	73763	3295	7	288	12	0	0	3	0	0	0	0	26.103515625	26.103515625	0	0	0	0	90.307617188	90.307617188	0	0	0	0	0	0	0	0	0	0	0	0	0	0	0	0	0	0	0	0	0	0	0	0	0	0	0	0	0	0	0	0	0	0	0	0	0	0	0	0	0	0	0	0	0	0	0	0
1789546970473	73785	3296	7	288	12	0	0	3	0	0	0	0	26.103515625	26.103515625	0	0	0	0	90.307617188	90.307617188	0	0	0	0	0	0	0	0	0	0	0	0	0	0	0	0	0	0	0	0	0	0	0	0	0	0	0	0	0	0	0	0	0	0	0	0	0	0	0	0	0	0	0	0	0	0	0	0
1789546970499	73807	3297	7	288	12	0	0	3	0	0	0	0	26.103515625	26.103515625	0	0	0	0	90.307617188	90.307617188	0	0	0	0	0	0	0	0	0	0	0	0	0	0	0	0	0	0	0	0	0	0	0	0	0	0	0	0	0	0	0	0	0	0	0	0	0	0	0	0	0	0	0	0	0	0	0	0
1789546970519	73829	3298	7	288	12	0	0	3	0	0	0	0	26.103515625	26.103515625	0	0	0	0	90.307617188	90.307617188	0	0	0	0	0	0	0	0	0	0	0	0	0	0	0	0	0	0	0	0	0	0	0	0	0	0	0	0	0	0	0	0	0	0	0	0	0	0	0	0	0	0	0	0	0	0	0	0
1789546970545	73851	3299	7	288	12	0	0	3	0	0	0	0	26.103515625	26.103515625	0	0	0	0	90.307617188	90.307617188	0	0	0	0	0	0	0	0	0	0	0	0	0	0	0	0	0	0	0	0	0	0	0	0	0	0	0	0	0	0	0	0	0	0	0	0	0	0	0	0	0	0	0	0	0	0	0	0
1789546970565	73873	3300	7	288	12	0	0	3	0	0	0	0	26.103515625	26.103515625	0	0	0	0	90.307617188	90.307617188	0	0	0	0	0	0	0	0	0	0	0	0	0	0	0	0	0	0	0	0	0	0	0	0	0	0	0	0	0	0	0	0	0	0	0	0	0	0	0	0	0	0	0	0	0	0	0	0
1789546970585	73895	3301	7	288	12	0	0	3	0	0	0	0	26.103515625	26.103515625	0	0	0	0	90.307617188	90.307617188	0	0	0	0	0	0	0	0	0	0	0	0	0	0	0	0	0	0	0	0	0	0	0	0	0	0	0	0	0	0	0	0	0	0	0	0	0	0	0	0	0	0	0	0	0	0	0	0
1789546970606	73917	3302	7	288	12	0	0	3	0	0	0	0	26.103515625	26.103515625	0	0	0	0	90.307617188	90.307617188	0	0	0	0	0	0	0	0	0	0	0	0	0	0	0	0	0	0	0	0	0	0	0	0	0	0	0	0	0	0	0	0	0	0	0	0	0	0	0	0	0	0	0	0	0	0	0	0
1789546970632	73939	3303	7	288	12	0	0	3	0	0	0	0	26.103515625	26.103515625	0	0	0	0	90.307617188	90.307617188	0	0	0	0	0	0	0	0	0	0	0	0	0	0	0	0	0	0	0	0	0	0	0	0	0	0	0	0	0	0	0	0	0	0	0	0	0	0	0	0	0	0	0	0	0	0	0	0
1789546970652	73961	3304	7	288	12	0	0	3	0	0	0	0	26.103515625	26.103515625	0	0	0	0	90.307617188	90.307617188	0	0	0	0	0	0	0	0	0	0	0	0	0	0	0	0	0	0	0	0	0	0	0	0	0	0	0	0	0	0	0	0	0	0	0	0	0	0	0	0	0	0	0	0	0	0	0	0
1789546970672	73983	3305	7	288	12	0	0	3	0	0	0	0	26.103515625	26.103515625	0	0	0	0	90.307617188	90.307617188	0	0	0	0	0	0	0	0	0	0	0	0	0	0	0	0	0	0	0	0	0	0	0	0	0	0	0	0	0	0	0	0	0	0	0	0	0	0	0	0	0	0	0	0	0	0	0	0
1789546970698	74005	3306	7	288	12	0	0	3	0	0	0	0	26.103515625	26.103515625	0	0	0	0	90.307617188	90.307617188	0	0	0	0	0	0	0	0	0	0	0	0	0	0	0	0	0	0	0	0	0	0	0	0	0	0	0	0	0	0	0	0	0	0	0	0	0	0	0	0	0	0	0	0	0	0	0	0
1789546970718	74027	3307	7	288	12	0	0	3	0	0	0	0	26.103515625	26.103515625	0	0	0	0	90.307617188	90.307617188	0	0	0	0	0	0	0	0	0	0	0	0	0	0	0	0	0	0	0	0	0	0	0	0	0	0	0	0	0	0	0	0	0	0	0	0	0	0	0	0	0	0	0	0	0	0	0	0
1789546970738	74049	3308	7	288	12	0	0	3	0	0	0	0	26.147460938	26.147460938	0	0	0	0	90.307617188	90.307617188	0	0	0	0	0	0	0	0	0	0	0	0	0	0	0	0	0	0	0	0	0	0	0	0	0	0	0	0	0	0	0	0	0	0	0	0	0	0	0	0	0	0	0	0	0	0	0	0
1789546970765	74071	3309	7	288	12	0	0	3	0	0	0	0	26.103515625	26.103515625	0	0	0	0	90.307617188	90.307617188	0	0	0	0	0	0	0	0	0	0	0	0	0	0	0	0	0	0	0	0	0	0	0	0	0	0	0	0	0	0	0	0	0	0	0	0	0	0	0	0	0	0	0	0	0	0	0	0
1789546970784	74093	3310	7	288	12	0	0	3	0	0	0	0	26.103515625	26.103515625	0	0	0	0	90.307617188	90.307617188	0	0	0	0	0	0	0	0	0	0	0	0	0	0	0	0	0	0	0	0	0	0	0	0	0	0	0	0	0	0	0	0	0	0	0	0	0	0	0	0	0	0	0	0	0	0	0	0
1789546970804	74115	3311	7	288	12	0	0	3	0	0	0	0	26.103515625	26.103515625	0	0	0	0	90.307617188	90.307617188	0	0	0	0	0	0	0	0	0	0	0	0	0	0	0	0	0	0	0	0	0	0	0	0	0	0	0	0	0	0	0	0	0	0	0	0	0	0	0	0	0	0	0	0	0	0	0	0
1789546970830	74137	3312	7	288	12	0	0	3	0	0	0	0	26.103515625	26.103515625	0	0	0	0	90.307617188	90.307617188	0	0	0	0	0	0	0	0	0	0	0	0	0	0	0	0	0	0	0	0	0	0	0	0	0	0	0	0	0	0	0	0	0	0	0	0	0	0	0	0	0	0	0	0	0	0	0	0
1789546970850	74159	3313	7	288	12	0	0	3	0	0	0	0	26.103515625	26.103515625	0	0	0	0	90.307617188	90.307617188	0	0	0	0	0	0	0	0	0	0	0	0	0	0	0	0	0	0	0	0	0	0	0	0	0	0	0	0	0	0	0	0	0	0	0	0	0	0	0	0	0	0	0	0	0	0	0	0
1789546970870	74181	3314	7	288	12	0	0	3	0	0	0	0	26.103515625	26.103515625	0	0	0	0	90.307617188	90.307617188	0	0	0	0	0	0	0	0	0	0	0	0	0	0	0	0	0	0	0	0	0	0	0	0	0	0	0	0	0	0	0	0	0	0	0	0	0	0	0	0	0	0	0	0	0	0	0	0
1789546970896	74203	3315	7	288	12	0	0	3	0	0	0	0	26.103515625	26.103515625	0	0	0	0	90.307617188	90.307617188	0	0	0	0	0	0	0	0	0	0	0	0	0	0	0	0	0	0	0	0	0	0	0	0	0	0	0	0	0	0	0	0	0	0	0	0	0	0	0	0	0	0	0	0	0	0	0	0
1789546970916	74225	3316	7	288	12	0	0	3	0	0	0	0	26.103515625	26.103515625	0	0	0	0	90.307617188	90.307617188	0	0	0	0	0	0	0	0	0	0	0	0	0	0	0	0	0	0	0	0	0	0	0	0	0	0	0	0	0	0	0	0	0	0	0	0	0	0	0	0	0	0	0	0	0	0	0	0
1789546970936	74247	3317	7	288	12	0	0	3	0	0	0	0	26.103515625	26.103515625	0	0	0	0	90.307617188	90.307617188	0	0	0	0	0	0	0	0	0	0	0	0	0	0	0	0	0	0	0	0	0	0	0	0	0	0	0	0	0	0	0	0	0	0	0	0	0	0	0	0	0	0	0	0	0	0	0	0
1789546970962	74269	3318	7	288	12	0	0	3	0	0	0	0	26.103515625	26.103515625	0	0	0	0	90.307617188	90.307617188	0	0	0	0	0	0	0	0	0	0	0	0	0	0	0	0	0	0	0	0	0	0	0	0	0	0	0	0	0	0	0	0	0	0	0	0	0	0	0	0	0	0	0	0	0	0	0	0
1789546970982	74291	3319	7	288	12	0	0	3	0	0	0	0	26.103515625	26.103515625	0	0	0	0	90.307617188	90.307617188	0	0	0	0	0	0	0	0	0	0	0	0	0	0	0	0	0	0	0	0	0	0	0	0	0	0	0	0	0	0	0	0	0	0	0	0	0	0	0	0	0	0	0	0	0	0	0	0
1789546971001	74313	3320	7	288	12	0	0	3	0	0	0	0	26.103515625	26.103515625	0	0	0	0	90.307617188	90.307617188	0	0	0	0	0	0	0	0	0	0	0	0	0	0	0	0	0	0	0	0	0	0	0	0	0	0	0	0	0	0	0	0	0	0	0	0	0	0	0	0	0	0	0	0	0	0	0	0
1789546971028	74335	3321	7	288	12	0	0	3	0	0	0	0	26.103515625	26.103515625	0	0	0	0	90.307617188	90.307617188	0	0	0	0	0	0	0	0	0	0	0	0	0	0	0	0	0	0	0	0	0	0	0	0	0	0	0	0	0	0	0	0	0	0	0	0	0	0	0	0	0	0	0	0	0	0	0	0
1789546971047	74357	3322	7	288	12	0	0	3	0	0	0	0	26.103515625	26.103515625	0	0	0	0	90.307617188	90.307617188	0	0	0	0	0	0	0	0	0	0	0	0	0	0	0	0	0	0	0	0	0	0	0	0	0	0	0	0	0	0	0	0	0	0	0	0	0	0	0	0	0	0	0	0	0	0	0	0
1789546971068	74379	3323	7	288	12	0	0	3	0	0	0	0	26.103515625	26.103515625	0	0	0	0	90.307617188	90.307617188	0	0	0	0	0	0	0	0	0	0	0	0	0	0	0	0	0	0	0	0	0	0	0	0	0	0	0	0	0	0	0	0	0	0	0	0	0	0	0	0	0	0	0	0	0	0	0	0
1789546971094	74401	3324	7	288	12	0	0	3	0	0	0	0	26.103515625	26.103515625	0	0	0	0	90.307617188	90.307617188	0	0	0	0	0	0	0	0	0	0	0	0	0	0	0	0	0	0	0	0	0	0	0	0	0	0	0	0	0	0	0	0	0	0	0	0	0	0	0	0	0	0	0	0	0	0	0	0
1789546971114	74423	3325	7	288	12	0	0	3	0	0	0	0	26.103515625	26.103515625	0	0	0	0	90.307617188	90.307617188	0	0	0	0	0	0	0	0	0	0	0	0	0	0	0	0	0	0	0	0	0	0	0	0	0	0	0	0	0	0	0	0	0	0	0	0	0	0	0	0	0	0	0	0	0	0	0	0
1789546971134	74445	3326	7	288	12	0	0	3	0	0	0	0	26.103515625	26.103515625	0	0	0	0	90.307617188	90.307617188	0	0	0	0	0	0	0	0	0	0	0	0	0	0	0	0	0	0	0	0	0	0	0	0	0	0	0	0	0	0	0	0	0	0	0	0	0	0	0	0	0	0	0	0	0	0	0	0
1789546971161	74467	3327	7	288	12	0	0	3	0	0	0	0	26.103515625	26.103515625	0	0	0	0	90.307617188	90.307617188	0	0	0	0	0	0	0	0	0	0	0	0	0	0	0	0	0	0	0	0	0	0	0	0	0	0	0	0	0	0	0	0	0	0	0	0	0	0	0	0	0	0	0	0	0	0	0	0
1789546971181	74489	3328	7	288	12	0	0	3	0	0	0	0	26.103515625	26.103515625	0	0	0	0	90.307617188	90.307617188	0	0	0	0	0	0	0	0	0	0	0	0	0	0	0	0	0	0	0	0	0	0	0	0	0	0	0	0	0	0	0	0	0	0	0	0	0	0	0	0	0	0	0	0	0	0	0	0
1789546971201	74511	3329	7	288	12	0	0	3	0	0	0	0	26.103515625	26.103515625	0	0	0	0	90.307617188	90.307617188	0	0	0	0	0	0	0	0	0	0	0	0	0	0	0	0	0	0	0	0	0	0	0	0	0	0	0	0	0	0	0	0	0	0	0	0	0	0	0	0	0	0	0	0	0	0	0	0
1789546971228	74533	3330	7	288	12	0	0	3	0	0	0	0	26.103515625	26.103515625	0	0	0	0	90.307617188	90.307617188	0	0	0	0	0	0	0	0	0	0	0	0	0	0	0	0	0	0	0	0	0	0	0	0	0	0	0	0	0	0	0	0	0	0	0	0	0	0	0	0	0	0	0	0	0	0	0	0
1789546971247	74555	3331	7	288	12	0	0	3	0	0	0	0	26.103515625	26.103515625	0	0	0	0	90.307617188	90.307617188	0	0	0	0	0	0	0	0	0	0	0	0	0	0	0	0	0	0	0	0	0	0	0	0	0	0	0	0	0	0	0	0	0	0	0	0	0	0	0	0	0	0	0	0	0	0	0	0
1789546971267	74577	3332	7	288	12	0	0	3	0	0	0	0	26.103515625	26.103515625	0	0	0	0	90.307617188	90.307617188	0	0	0	0	0	0	0	0	0	0	0	0	0	0	0	0	0	0	0	0	0	0	0	0	0	0	0	0	0	0	0	0	0	0	0	0	0	0	0	0	0	0	0	0	0	0	0	0
1789546971287	74599	3333	7	288	12	0	0	3	0	0	0	0	26.103515625	26.103515625	0	0	0	0	90.307617188	90.307617188	0	0	0	0	0	0	0	0	0	0	0	0	0	0	0	0	0	0	0	0	0	0	0	0	0	0	0	0	0	0	0	0	0	0	0	0	0	0	0	0	0	0	0	0	0	0	0	0
1789546971313	74621	3334	7	288	12	0	0	3	0	0	0	0	26.103515625	26.103515625	0	0	0	0	90.307617188	90.307617188	0	0	0	0	0	0	0	0	0	0	0	0	0	0	0	0	0	0	0	0	0	0	0	0	0	0	0	0	0	0	0	0	0	0	0	0	0	0	0	0	0	0	0	0	0	0	0	0
1789546971333	74643	3335	7	288	12	0	0	3	0	0	0	0	26.103515625	26.103515625	0	0	0	0	90.307617188	90.307617188	0	0	0	0	0	0	0	0	0	0	0	0	0	0	0	0	0	0	0	0	0	0	0	0	0	0	0	0	0	0	0	0	0	0	0	0	0	0	0	0	0	0	0	0	0	0	0	0
1789546971360	74665	3336	7	288	12	0	0	3	0	0	0	0	26.103515625	26.103515625	0	0	0	0	90.307617188	90.307617188	0	0	0	0	0	0	0	0	0	0	0	0	0	0	0	0	0	0	0	0	0	0	0	0	0	0	0	0	0	0	0	0	0	0	0	0	0	0	0	0	0	0	0	0	0	0	0	0
1789546971380	74687	3337	7	288	12	0	0	3	0	0	0	0	26.103515625	26.103515625	0	0	0	0	90.307617188	90.307617188	0	0	0	0	0	0	0	0	0	0	0	0	0	0	0	0	0	0	0	0	0	0	0	0	0	0	0	0	0	0	0	0	0	0	0	0	0	0	0	0	0	0	0	0	0	0	0	0
1789546971399	74709	3338	7	288	12	0	0	3	0	0	0	0	26.103515625	26.103515625	0	0	0	0	90.307617188	90.307617188	0	0	0	0	0	0	0	0	0	0	0	0	0	0	0	0	0	0	0	0	0	0	0	0	0	0	0	0	0	0	0	0	0	0	0	0	0	0	0	0	0	0	0	0	0	0	0	0
1789546971425	74731	3339	7	288	12	0	0	3	0	0	0	0	26.103515625	26.103515625	0	0	0	0	90.307617188	90.307617188	0	0	0	0	0	0	0	0	0	0	0	0	0	0	0	0	0	0	0	0	0	0	0	0	0	0	0	0	0	0	0	0	0	0	0	0	0	0	0	0	0	0	0	0	0	0	0	0
1789546971446	74753	3340	7	288	12	0	0	3	0	0	0	0	26.103515625	26.103515625	0	0	0	0	90.307617188	90.307617188	0	0	0	0	0	0	0	0	0	0	0	0	0	0	0	0	0	0	0	0	0	0	0	0	0	0	0	0	0	0	0	0	0	0	0	0	0	0	0	0	0	0	0	0	0	0	0	0
1789546971465	74775	3341	7	288	12	0	0	3	0	0	0	0	26.103515625	26.103515625	0	0	0	0	90.307617188	90.307617188	0	0	0	0	0	0	0	0	0	0	0	0	0	0	0	0	0	0	0	0	0	0	0	0	0	0	0	0	0	0	0	0	0	0	0	0	0	0	0	0	0	0	0	0	0	0	0	0
1789546971485	74797	3342	7	288	12	0	0	3	0	0	0	0	26.103515625	26.103515625	0	0	0	0	90.307617188	90.307617188	0	0	0	0	0	0	0	0	0	0	0	0	0	0	0	0	0	0	0	0	0	0	0	0	0	0	0	0	0	0	0	0	0	0	0	0	0	0	0	0	0	0	0	0	0	0	0	0
1789546971512	74819	3343	7	288	12	0	0	3	0	0	0	0	26.103515625	26.103515625	0	0	0	0	90.307617188	90.307617188	0	0	0	0	0	0	0	0	0	0	0	0	0	0	0	0	0	0	0	0	0	0	0	0	0	0	0	0	0	0	0	0	0	0	0	0	0	0	0	0	0	0	0	0	0	0	0	0
1789546971532	74841	3344	7	288	12	0	0	3	0	0	0	0	26.103515625	26.103515625	0	0	0	0	90.307617188	90.307617188	0	0	0	0	0	0	0	0	0	0	0	0	0	0	0	0	0	0	0	0	0	0	0	0	0	0	0	0	0	0	0	0	0	0	0	0	0	0	0	0	0	0	0	0	0	0	0	0
1789546971551	74863	3345	7	288	12	0	0	3	0	0	0	0	26.103515625	26.103515625	0	0	0	0	90.307617188	90.307617188	0	0	0	0	0	0	0	0	0	0	0	0	0	0	0	0	0	0	0	0	0	0	0	0	0	0	0	0	0	0	0	0	0	0	0	0	0	0	0	0	0	0	0	0	0	0	0	0
1789546971577	74885	3346	7	288	12	0	0	3	0	0	0	0	26.103515625	26.103515625	0	0	0	0	90.307617188	90.307617188	0	0	0	0	0	0	0	0	0	0	0	0	0	0	0	0	0	0	0	0	0	0	0	0	0	0	0	0	0	0	0	0	0	0	0	0	0	0	0	0	0	0	0	0	0	0	0	0
1789546971597	74907	3347	7	288	12	0	0	3	0	0	0	0	26.103515625	26.103515625	0	0	0	0	90.307617188	90.307617188	0	0	0	0	0	0	0	0	0	0	0	0	0	0	0	0	0	0	0	0	0	0	0	0	0	0	0	0	0	0	0	0	0	0	0	0	0	0	0	0	0	0	0	0	0	0	0	0
1789546971617	74929	3348	7	288	12	0	0	3	0	0	0	0	26.103515625	26.103515625	0	0	0	0	90.307617188	90.307617188	0	0	0	0	0	0	0	0	0	0	0	0	0	0	0	0	0	0	0	0	0	0	0	0	0	0	0	0	0	0	0	0	0	0	0	0	0	0	0	0	0	0	0	0	0	0	0	0
1789546971643	74951	3349	7	288	12	0	0	3	0	0	0	0	26.103515625	26.103515625	0	0	0	0	90.307617188	90.307617188	0	0	0	0	0	0	0	0	0	0	0	0	0	0	0	0	0	0	0	0	0	0	0	0	0	0	0	0	0	0	0	0	0	0	0	0	0	0	0	0	0	0	0	0	0	0	0	0
1789546971664	74973	3350	7	288	12	0	0	3	0	0	0	0	26.103515625	26.103515625	0	0	0	0	90.307617188	90.307617188	0	0	0	0	0	0	0	0	0	0	0	0	0	0	0	0	0	0	0	0	0	0	0	0	0	0	0	0	0	0	0	0	0	0	0	0	0	0	0	0	0	0	0	0	0	0	0	0
1789546971683	74995	3351	7	288	12	0	0	3	0	0	0	0	26.103515625	26.103515625	0	0	0	0	90.307617188	90.307617188	0	0	0	0	0	0	0	0	0	0	0	0	0	0	0	0	0	0	0	0	0	0	0	0	0	0	0	0	0	0	0	0	0	0	0	0	0	0	0	0	0	0	0	0	0	0	0	0
1789546971710	75017	3352	7	288	12	0	0	3	0	0	0	0	26.103515625	26.103515625	0	0	0	0	90.307617188	90.307617188	0	0	0	0	0	0	0	0	0	0	0	0	0	0	0	0	0	0	0	0	0	0	0	0	0	0	0	0	0	0	0	0	0	0	0	0	0	0	0	0	0	0	0	0	0	0	0	0
1789546971729	75039	3353	7	288	12	0	0	3	0	0	0	0	26.103515625	26.103515625	0	0	0	0	90.307617188	90.307617188	0	0	0	0	0	0	0	0	0	0	0	0	0	0	0	0	0	0	0	0	0	0	0	0	0	0	0	0	0	0	0	0	0	0	0	0	0	0	0	0	0	0	0	0	0	0	0	0
1789546971755	75061	3354	7	288	12	0	0	3	0	0	0	0	26.103515625	26.103515625	0	0	0	0	90.307617188	90.307617188	0	0	0	0	0	0	0	0	0	0	0	0	0	0	0	0	0	0	0	0	0	0	0	0	0	0	0	0	0	0	0	0	0	0	0	0	0	0	0	0	0	0	0	0	0	0	0	0
1789546971775	75083	3355	7	288	12	0	0	3	0	0	0	0	26.103515625	26.103515625	0	0	0	0	90.307617188	90.307617188	0	0	0	0	0	0	0	0	0	0	0	0	0	0	0	0	0	0	0	0	0	0	0	0	0	0	0	0	0	0	0	0	0	0	0	0	0	0	0	0	0	0	0	0	0	0	0	0
1789546971795	75105	3356	7	288	12	0	0	3	0	0	0	0	26.103515625	26.103515625	0	0	0	0	90.307617188	90.307617188	0	0	0	0	0	0	0	0	0	0	0	0	0	0	0	0	0	0	0	0	0	0	0	0	0	0	0	0	0	0	0	0	0	0	0	0	0	0	0	0	0	0	0	0	0	0	0	0
1789546971822	75127	3357	7	288	12	0	0	3	0	0	0	0	26.103515625	26.103515625	0	0	0	0	90.307617188	90.307617188	0	0	0	0	0	0	0	0	0	0	0	0	0	0	0	0	0	0	0	0	0	0	0	0	0	0	0	0	0	0	0	0	0	0	0	0	0	0	0	0	0	0	0	0	0	0	0	0
1789546971841	75149	3358	7	288	12	0	0	3	0	0	0	0	26.103515625	26.103515625	0	0	0	0	90.307617188	90.307617188	0	0	0	0	0	0	0	0	0	0	0	0	0	0	0	0	0	0	0	0	0	0	0	0	0	0	0	0	0	0	0	0	0	0	0	0	0	0	0	0	0	0	0	0	0	0	0	0
1789546971861	75171	3359	7	288	12	0	0	3	0	0	0	0	26.103515625	26.103515625	0	0	0	0	90.307617188	90.307617188	0	0	0	0	0	0	0	0	0	0	0	0	0	0	0	0	0	0	0	0	0	0	0	0	0	0	0	0	0	0	0	0	0	0	0	0	0	0	0	0	0	0	0	0	0	0	0	0
1789546971887	75193	3360	7	288	12	0	0	3	0	0	0	0	26.103515625	26.103515625	0	0	0	0	90.307617188	90.307617188	0	0	0	0	0	0	0	0	0	0	0	0	0	0	0	0	0	0	0	0	0	0	0	0	0	0	0	0	0	0	0	0	0	0	0	0	0	0	0	0	0	0	0	0	0	0	0	0
1789546971907	75215	3361	7	288	12	0	0	3	0	0	0	0	26.103515625	26.103515625	0	0	0	0	90.307617188	90.307617188	0	0	0	0	0	0	0	0	0	0	0	0	0	0	0	0	0	0	0	0	0	0	0	0	0	0	0	0	0	0	0	0	0	0	0	0	0	0	0	0	0	0	0	0	0	0	0	0
1789546971927	75237	3362	7	288	12	0	0	3	0	0	0	0	26.103515625	26.103515625	0	0	0	0	90.307617188	90.307617188	0	0	0	0	0	0	0	0	0	0	0	0	0	0	0	0	0	0	0	0	0	0	0	0	0	0	0	0	0	0	0	0	0	0	0	0	0	0	0	0	0	0	0	0	0	0	0	0
1789546971953	75259	3363	7	288	12	0	0	3	0	0	0	0	26.103515625	26.103515625	0	0	0	0	90.307617188	90.307617188	0	0	0	0	0	0	0	0	0	0	0	0	0	0	0	0	0	0	0	0	0	0	0	0	0	0	0	0	0	0	0	0	0	0	0	0	0	0	0	0	0	0	0	0	0	0	0	0
1789546971973	75281	3364	7	288	12	0	0	3	0	0	0	0	26.103515625	26.103515625	0	0	0	0	90.307617188	90.307617188	0	0	0	0	0	0	0	0	0	0	0	0	0	0	0	0	0	0	0	0	0	0	0	0	0	0	0	0	0	0	0	0	0	0	0	0	0	0	0	0	0	0	0	0	0	0	0	0
1789546971993	75303	3365	7	288	12	0	0	3	0	0	0	0	26.103515625	26.103515625	0	0	0	0	90.307617188	90.307617188	0	0	0	0	0	0	0	0	0	0	0	0	0	0	0	0	0	0	0	0	0	0	0	0	0	0	0	0	0	0	0	0	0	0	0	0	0	0	0	0	0	0	0	0	0	0	0	0
1789546972013	75325	3366	7	288	12	0	0	3	0	0	0	0	26.103515625	26.103515625	0	0	0	0	90.307617188	90.307617188	0	0	0	0	0	0	0	0	0	0	0	0	0	0	0	0	0	0	0	0	0	0	0	0	0	0	0	0	0	0	0	0	0	0	0	0	0	0	0	0	0	0	0	0	0	0	0	0
1789546972040	75347	3367	7	288	12	0	0	3	0	0	0	0	26.103515625	26.103515625	0	0	0	0	90.307617188	90.307617188	0	0	0	0	0	0	0	0	0	0	0	0	0	0	0	0	0	0	0	0	0	0	0	0	0	0	0	0	0	0	0	0	0	0	0	0	0	0	0	0	0	0	0	0	0	0	0	0
1789546972060	75369	3368	7	288	12	0	0	3	0	0	0	0	26.103515625	26.103515625	0	0	0	0	90.307617188	90.307617188	0	0	0	0	0	0	0	0	0	0	0	0	0	0	0	0	0	0	0	0	0	0	0	0	0	0	0	0	0	0	0	0	0	0	0	0	0	0	0	0	0	0	0	0	0	0	0	0
1789546972079	75391	3369	7	288	12	0	0	3	0	0	0	0	26.147460938	26.147460938	0	0	0	0	90.307617188	90.307617188	0	0	0	0	0	0	0	0	0	0	0	0	0	0	0	0	0	0	0	0	0	0	0	0	0	0	0	0	0	0	0	0	0	0	0	0	0	0	0	0	0	0	0	0	0	0	0	0
1789546972106	75413	3370	7	288	12	0	0	3	0	0	0	0	26.103515625	26.103515625	0	0	0	0	90.307617188	90.307617188	0	0	0	0	0	0	0	0	0	0	0	0	0	0	0	0	0	0	0	0	0	0	0	0	0	0	0	0	0	0	0	0	0	0	0	0	0	0	0	0	0	0	0	0	0	0	0	0
1789546972126	75435	3371	7	288	12	0	0	3	0	0	0	0	26.103515625	26.103515625	0	0	0	0	90.307617188	90.307617188	0	0	0	0	0	0	0	0	0	0	0	0	0	0	0	0	0	0	0	0	0	0	0	0	0	0	0	0	0	0	0	0	0	0	0	0	0	0	0	0	0	0	0	0	0	0	0	0
1789546972146	75457	3372	7	288	12	0	0	3	0	0	0	0	26.103515625	26.103515625	0	0	0	0	90.307617188	90.307617188	0	0	0	0	0	0	0	0	0	0	0	0	0	0	0	0	0	0	0	0	0	0	0	0	0	0	0	0	0	0	0	0	0	0	0	0	0	0	0	0	0	0	0	0	0	0	0	0
1789546972172	75479	3373	7	288	12	0	0	3	0	0	0	0	26.103515625	26.103515625	0	0	0	0	90.307617188	90.307617188	0	0	0	0	0	0	0	0	0	0	0	0	0	0	0	0	0	0	0	0	0	0	0	0	0	0	0	0	0	0	0	0	0	0	0	0	0	0	0	0	0	0	0	0	0	0	0	0
1789546972192	75501	3374	7	288	12	0	0	3	0	0	0	0	26.103515625	26.103515625	0	0	0	0	90.307617188	90.307617188	0	0	0	0	0	0	0	0	0	0	0	0	0	0	0	0	0	0	0	0	0	0	0	0	0	0	0	0	0	0	0	0	0	0	0	0	0	0	0	0	0	0	0	0	0	0	0	0
1789546972211	75523	3375	7	288	12	0	0	3	0	0	0	0	26.103515625	26.103515625	0	0	0	0	90.307617188	90.307617188	0	0	0	0	0	0	0	0	0	0	0	0	0	0	0	0	0	0	0	0	0	0	0	0	0	0	0	0	0	0	0	0	0	0	0	0	0	0	0	0	0	0	0	0	0	0	0	0
1789546972238	75545	3376	7	288	12	0	0	3	0	0	0	0	26.103515625	26.103515625	0	0	0	0	90.307617188	90.307617188	0	0	0	0	0	0	0	0	0	0	0	0	0	0	0	0	0	0	0	0	0	0	0	0	0	0	0	0	0	0	0	0	0	0	0	0	0	0	0	0	0	0	0	0	0	0	0	0
1789546972257	75567	3377	7	288	12	0	0	3	0	0	0	0	26.103515625	26.103515625	0	0	0	0	90.307617188	90.307617188	0	0	0	0	0	0	0	0	0	0	0	0	0	0	0	0	0	0	0	0	0	0	0	0	0	0	0	0	0	0	0	0	0	0	0	0	0	0	0	0	0	0	0	0	0	0	0	0
1789546972278	75589	3378	7	288	12	0	0	3	0	0	0	0	26.103515625	26.103515625	0	0	0	0	90.307617188	90.307617188	0	0	0	0	0	0	0	0	0	0	0	0	0	0	0	0	0	0	0	0	0	0	0	0	0	0	0	0	0	0	0	0	0	0	0	0	0	0	0	0	0	0	0	0	0	0	0	0
1789546972304	75611	3379	7	288	12	0	0	3	0	0	0	0	26.103515625	26.103515625	0	0	0	0	90.307617188	90.307617188	0	0	0	0	0	0	0	0	0	0	0	0	0	0	0	0	0	0	0	0	0	0	0	0	0	0	0	0	0	0	0	0	0	0	0	0	0	0	0	0	0	0	0	0	0	0	0	0
1789546972323	75633	3380	7	288	12	0	0	3	0	0	0	0	26.103515625	26.103515625	0	0	0	0	90.307617188	90.307617188	0	0	0	0	0	0	0	0	0	0	0	0	0	0	0	0	0	0	0	0	0	0	0	0	0	0	0	0	0	0	0	0	0	0	0	0	0	0	0	0	0	0	0	0	0	0	0	0
1789546972343	75655	3381	7	288	12	0	0	3	0	0	0	0	26.103515625	26.103515625	0	0	0	0	90.307617188	90.307617188	0	0	0	0	0	0	0	0	0	0	0	0	0	0	0	0	0	0	0	0	0	0	0	0	0	0	0	0	0	0	0	0	0	0	0	0	0	0	0	0	0	0	0	0	0	0	0	0
1789546972370	75677	3382	7	288	12	0	0	3	0	0	0	0	26.103515625	26.103515625	0	0	0	0	90.307617188	90.307617188	0	0	0	0	0	0	0	0	0	0	0	0	0	0	0	0	0	0	0	0	0	0	0	0	0	0	0	0	0	0	0	0	0	0	0	0	0	0	0	0	0	0	0	0	0	0	0	0
1789546972390	75699	3383	7	288	12	0	0	3	0	0	0	0	26.103515625	26.103515625	0	0	0	0	90.307617188	90.307617188	0	0	0	0	0	0	0	0	0	0	0	0	0	0	0	0	0	0	0	0	0	0	0	0	0	0	0	0	0	0	0	0	0	0	0	0	0	0	0	0	0	0	0	0	0	0	0	0
1789546972409	75721	3384	7	288	12	0	0	3	0	0	0	0	26.103515625	26.103515625	0	0	0	0	90.307617188	90.307617188	0	0	0	0	0	0	0	0	0	0	0	0	0	0	0	0	0	0	0	0	0	0	0	0	0	0	0	0	0	0	0	0	0	0	0	0	0	0	0	0	0	0	0	0	0	0	0	0
1789546972436	75743	3385	7	288	12	0	0	3	0	0	0	0	26.103515625	26.103515625	0	0	0	0	90.307617188	90.307617188	0	0	0	0	0	0	0	0	0	0	0	0	0	0	0	0	0	0	0	0	0	0	0	0	0	0	0	0	0	0	0	0	0	0	0	0	0	0	0	0	0	0	0	0	0	0	0	0
1789546972456	75765	3386	7	288	12	0	0	3	0	0	0	0	26.103515625	26.103515625	0	0	0	0	90.307617188	90.307617188	0	0	0	0	0	0	0	0	0	0	0	0	0	0	0	0	0	0	0	0	0	0	0	0	0	0	0	0	0	0	0	0	0	0	0	0	0	0	0	0	0	0	0	0	0	0	0	0
1789546972476	75787	3387	7	288	12	0	0	3	0	0	0	0	26.103515625	26.103515625	0	0	0	0	90.307617188	90.307617188	0	0	0	0	0	0	0	0	0	0	0	0	0	0	0	0	0	0	0	0	0	0	0	0	0	0	0	0	0	0	0	0	0	0	0	0	0	0	0	0	0	0	0	0	0	0	0	0
1789546972504	75809	3388	7	288	12	0	0	3	0	0	0	0	26.103515625	26.103515625	0	0	0	0	90.307617188	90.307617188	0	0	0	0	0	0	0	0	0	0	0	0	0	0	0	0	0	0	0	0	0	0	0	0	0	0	0	0	0	0	0	0	0	0	0	0	0	0	0	0	0	0	0	0	0	0	0	0
1789546972523	75831	3389	7	288	12	0	0	3	0	0	0	0	26.103515625	26.103515625	0	0	0	0	90.307617188	90.307617188	0	0	0	0	0	0	0	0	0	0	0	0	0	0	0	0	0	0	0	0	0	0	0	0	0	0	0	0	0	0	0	0	0	0	0	0	0	0	0	0	0	0	0	0	0	0	0	0
1789546972543	75853	3390	7	288	12	0	0	3	0	0	0	0	26.103515625	26.103515625	0	0	0	0	90.307617188	90.307617188	0	0	0	0	0	0	0	0	0	0	0	0	0	0	0	0	0	0	0	0	0	0	0	0	0	0	0	0	0	0	0	0	0	0	0	0	0	0	0	0	0	0	0	0	0	0	0	0
1789546972563	75875	3391	7	288	12	0	0	3	0	0	0	0	26.103515625	26.103515625	0	0	0	0	90.307617188	90.307617188	0	0	0	0	0	0	0	0	0	0	0	0	0	0	0	0	0	0	0	0	0	0	0	0	0	0	0	0	0	0	0	0	0	0	0	0	0	0	0	0	0	0	0	0	0	0	0	0
1789546972590	75897	3392	7	288	12	0	0	3	0	0	0	0	26.103515625	26.103515625	0	0	0	0	90.307617188	90.307617188	0	0	0	0	0	0	0	0	0	0	0	0	0	0	0	0	0	0	0	0	0	0	0	0	0	0	0	0	0	0	0	0	0	0	0	0	0	0	0	0	0	0	0	0	0	0	0	0
1789546972609	75919	3393	7	288	12	0	0	3	0	0	0	0	26.103515625	26.103515625	0	0	0	0	90.307617188	90.307617188	0	0	0	0	0	0	0	0	0	0	0	0	0	0	0	0	0	0	0	0	0	0	0	0	0	0	0	0	0	0	0	0	0	0	0	0	0	0	0	0	0	0	0	0	0	0	0	0
1789546972629	75941	3394	7	288	12	0	0	3	0	0	0	0	26.103515625	26.103515625	0	0	0	0	90.307617188	90.307617188	0	0	0	0	0	0	0	0	0	0	0	0	0	0	0	0	0	0	0	0	0	0	0	0	0	0	0	0	0	0	0	0	0	0	0	0	0	0	0	0	0	0	0	0	0	0	0	0
1789546972655	75963	3395	7	288	12	0	0	3	0	0	0	0	26.103515625	26.103515625	0	0	0	0	90.307617188	90.307617188	0	0	0	0	0	0	0	0	0	0	0	0	0	0	0	0	0	0	0	0	0	0	0	0	0	0	0	0	0	0	0	0	0	0	0	0	0	0	0	0	0	0	0	0	0	0	0	0
1789546972675	75985	3396	7	288	12	0	0	3	0	0	0	0	26.103515625	26.103515625	0	0	0	0	90.307617188	90.307617188	0	0	0	0	0	0	0	0	0	0	0	0	0	0	0	0	0	0	0	0	0	0	0	0	0	0	0	0	0	0	0	0	0	0	0	0	0	0	0	0	0	0	0	0	0	0	0	0
1789546972701	76007	3397	7	288	12	0	0	3	0	0	0	0	26.103515625	26.103515625	0	0	0	0	90.307617188	90.307617188	0	0	0	0	0	0	0	0	0	0	0	0	0	0	0	0	0	0	0	0	0	0	0	0	0	0	0	0	0	0	0	0	0	0	0	0	0	0	0	0	0	0	0	0	0	0	0	0
1789546972722	76029	3398	7	288	12	0	0	3	0	0	0	0	26.103515625	26.103515625	0	0	0	0	90.307617188	90.307617188	0	0	0	0	0	0	0	0	0	0	0	0	0	0	0	0	0	0	0	0	0	0	0	0	0	0	0	0	0	0	0	0	0	0	0	0	0	0	0	0	0	0	0	0	0	0	0	0
1789546972741	76051	3399	7	288	12	0	0	3	0	0	0	0	26.103515625	26.103515625	0	0	0	0	90.307617188	90.307617188	0	0	0	0	0	0	0	0	0	0	0	0	0	0	0	0	0	0	0	0	0	0	0	0	0	0	0	0	0	0	0	0	0	0	0	0	0	0	0	0	0	0	0	0	0	0	0	0
1789546972761	76073	3400	7	288	12	0	0	3	0	0	0	0	26.103515625	26.103515625	0	0	0	0	90.307617188	90.307617188	0	0	0	0	0	0	0	0	0	0	0	0	0	0	0	0	0	0	0	0	0	0	0	0	0	0	0	0	0	0	0	0	0	0	0	0	0	0	0	0	0	0	0	0	0	0	0	0
1789546972786	76095	3401	7	288	12	0	0	3	0	0	0	0	26.103515625	26.103515625	0	0	0	0	90.307617188	90.307617188	0	0	0	0	0	0	0	0	0	0	0	0	0	0	0	0	0	0	0	0	0	0	0	0	0	0	0	0	0	0	0	0	0	0	0	0	0	0	0	0	0	0	0	0	0	0	0	0
1789546972811	76117	3402	7	288	12	0	0	3	0	0	0	0	26.103515625	26.103515625	0	0	0	0	90.307617188	90.307617188	0	0	0	0	0	0	0	0	0	0	0	0	0	0	0	0	0	0	0	0	0	0	0	0	0	0	0	0	0	0	0	0	0	0	0	0	0	0	0	0	0	0	0	0	0	0	0	0
1789546972829	76139	3403	7	288	12	0	0	3	0	0	0	0	26.103515625	26.103515625	0	0	0	0	90.307617188	90.307617188	0	0	0	0	0	0	0	0	0	0	0	0	0	0	0	0	0	0	0	0	0	0	0	0	0	0	0	0	0	0	0	0	0	0	0	0	0	0	0	0	0	0	0	0	0	0	0	0
1789546972849	76161	3404	7	288	12	0	0	3	0	0	0	0	26.103515625	26.103515625	0	0	0	0	90.307617188	90.307617188	0	0	0	0	0	0	0	0	0	0	0	0	0	0	0	0	0	0	0	0	0	0	0	0	0	0	0	0	0	0	0	0	0	0	0	0	0	0	0	0	0	0	0	0	0	0	0	0
1789546972876	76183	3405	7	288	12	0	0	3	0	0	0	0	26.103515625	26.103515625	0	0	0	0	90.307617188	90.307617188	0	0	0	0	0	0	0	0	0	0	0	0	0	0	0	0	0	0	0	0	0	0	0	0	0	0	0	0	0	0	0	0	0	0	0	0	0	0	0	0	0	0	0	0	0	0	0	0
1789546972895	76205	3406	7	288	12	0	0	3	0	0	0	0	26.103515625	26.103515625	0	0	0	0	90.307617188	90.307617188	0	0	0	0	0	0	0	0	0	0	0	0	0	0	0	0	0	0	0	0	0	0	0	0	0	0	0	0	0	0	0	0	0	0	0	0	0	0	0	0	0	0	0	0	0	0	0	0
1789546972915	76227	3407	7	288	12	0	0	3	0	0	0	0	26.103515625	26.103515625	0	0	0	0	90.307617188	90.307617188	0	0	0	0	0	0	0	0	0	0	0	0	0	0	0	0	0	0	0	0	0	0	0	0	0	0	0	0	0	0	0	0	0	0	0	0	0	0	0	0	0	0	0	0	0	0	0	0
1789546972942	76249	3408	7	288	12	0	0	3	0	0	0	0	26.103515625	26.103515625	0	0	0	0	90.307617188	90.307617188	0	0	0	0	0	0	0	0	0	0	0	0	0	0	0	0	0	0	0	0	0	0	0	0	0	0	0	0	0	0	0	0	0	0	0	0	0	0	0	0	0	0	0	0	0	0	0	0
1789546972962	76271	3409	7	288	12	0	0	3	0	0	0	0	26.103515625	26.103515625	0	0	0	0	90.307617188	90.307617188	0	0	0	0	0	0	0	0	0	0	0	0	0	0	0	0	0	0	0	0	0	0	0	0	0	0	0	0	0	0	0	0	0	0	0	0	0	0	0	0	0	0	0	0	0	0	0	0
1789546972982	76293	3410	7	288	12	0	0	3	0	0	0	0	26.103515625	26.103515625	0	0	0	0	90.307617188	90.307617188	0	0	0	0	0	0	0	0	0	0	0	0	0	0	0	0	0	0	0	0	0	0	0	0	0	0	0	0	0	0	0	0	0	0	0	0	0	0	0	0	0	0	0	0	0	0	0	0
1789546973009	76315	3411	7	288	12	0	0	3	0	0	0	0	26.103515625	26.103515625	0	0	0	0	90.307617188	90.307617188	0	0	0	0	0	0	0	0	0	0	0	0	0	0	0	0	0	0	0	0	0	0	0	0	0	0	0	0	0	0	0	0	0	0	0	0	0	0	0	0	0	0	0	0	0	0	0	0
1789546973030	76337	3412	7	288	12	0	0	3	0	0	0	0	26.103515625	26.103515625	0	0	0	0	90.307617188	90.307617188	0	0	0	0	0	0	0	0	0	0	0	0	0	0	0	0	0	0	0	0	0	0	0	0	0	0	0	0	0	0	0	0	0	0	0	0	0	0	0	0	0	0	0	0	0	0	0	0
1789546973050	76359	3413	7	288	12	0	0	3	0	0	0	0	26.103515625	26.103515625	0	0	0	0	90.307617188	90.307617188	0	0	0	0	0	0	0	0	0	0	0	0	0	0	0	0	0	0	0	0	0	0	0	0	0	0	0	0	0	0	0	0	0	0	0	0	0	0	0	0	0	0	0	0	0	0	0	0
1789546973070	76381	3414	7	288	12	0	0	3	0	0	0	0	26.103515625	26.103515625	0	0	0	0	90.307617188	90.307617188	0	0	0	0	0	0	0	0	0	0	0	0	0	0	0	0	0	0	0	0	0	0	0	0	0	0	0	0	0	0	0	0	0	0	0	0	0	0	0	0	0	0	0	0	0	0	0	0
1789546973096	76403	3415	7	288	12	0	0	3	0	0	0	0	26.103515625	26.103515625	0	0	0	0	90.3515625	90.3515625	0	0	0	0	0	0	0	0	0	0	0	0	0	0	0	0	0	0	0	0	0	0	0	0	0	0	0	0	0	0	0	0	0	0	0	0	0	0	0	0	0	0	0	0	0	0	0	0
1789546973116	76425	3416	7	288	12	0	0	3	0	0	0	0	26.103515625	26.103515625	0	0	0	0	90.307617188	90.307617188	0	0	0	0	0	0	0	0	0	0	0	0	0	0	0	0	0	0	0	0	0	0	0	0	0	0	0	0	0	0	0	0	0	0	0	0	0	0	0	0	0	0	0	0	0	0	0	0
1789546973136	76447	3417	7	288	12	0	0	3	0	0	0	0	26.103515625	26.103515625	0	0	0	0	90.307617188	90.307617188	0	0	0	0	0	0	0	0	0	0	0	0	0	0	0	0	0	0	0	0	0	0	0	0	0	0	0	0	0	0	0	0	0	0	0	0	0	0	0	0	0	0	0	0	0	0	0	0
1789546973163	76469	3418	7	288	12	0	0	3	0	0	0	0	26.103515625	26.103515625	0	0	0	0	90.307617188	90.307617188	0	0	0	0	0	0	0	0	0	0	0	0	0	0	0	0	0	0	0	0	0	0	0	0	0	0	0	0	0	0	0	0	0	0	0	0	0	0	0	0	0	0	0	0	0	0	0	0
1789546973183	76491	3419	7	288	12	0	0	3	0	0	0	0	26.103515625	26.103515625	0	0	0	0	90.307617188	90.307617188	0	0	0	0	0	0	0	0	0	0	0	0	0	0	0	0	0	0	0	0	0	0	0	0	0	0	0	0	0	0	0	0	0	0	0	0	0	0	0	0	0	0	0	0	0	0	0	0
1789546973203	76513	3420	7	288	12	0	0	3	0	0	0	0	26.103515625	26.103515625	0	0	0	0	90.307617188	90.307617188	0	0	0	0	0	0	0	0	0	0	0	0	0	0	0	0	0	0	0	0	0	0	0	0	0	0	0	0	0	0	0	0	0	0	0	0	0	0	0	0	0	0	0	0	0	0	0	0
1789546973230	76535	3421	7	288	12	0	0	3	0	0	0	0	26.103515625	26.103515625	0	0	0	0	90.307617188	90.307617188	0	0	0	0	0	0	0	0	0	0	0	0	0	0	0	0	0	0	0	0	0	0	0	0	0	0	0	0	0	0	0	0	0	0	0	0	0	0	0	0	0	0	0	0	0	0	0	0
1789546973249	76557	3422	7	288	12	0	0	3	0	0	0	0	26.103515625	26.103515625	0	0	0	0	90.307617188	90.307617188	0	0	0	0	0	0	0	0	0	0	0	0	0	0	0	0	0	0	0	0	0	0	0	0	0	0	0	0	0	0	0	0	0	0	0	0	0	0	0	0	0	0	0	0	0	0	0	0
1789546973269	76579	3423	7	288	12	0	0	3	0	0	0	0	26.103515625	26.103515625	0	0	0	0	90.307617188	90.307617188	0	0	0	0	0	0	0	0	0	0	0	0	0	0	0	0	0	0	0	0	0	0	0	0	0	0	0	0	0	0	0	0	0	0	0	0	0	0	0	0	0	0	0	0	0	0	0	0
1789546973296	76601	3424	7	288	12	0	0	3	0	0	0	0	26.103515625	26.103515625	0	0	0	0	90.307617188	90.307617188	0	0	0	0	0	0	0	0	0	0	0	0	0	0	0	0	0	0	0	0	0	0	0	0	0	0	0	0	0	0	0	0	0	0	0	0	0	0	0	0	0	0	0	0	0	0	0	0
1789546973315	76623	3425	7	288	12	0	0	3	0	0	0	0	26.103515625	26.103515625	0	0	0	0	90.307617188	90.307617188	0	0	0	0	0	0	0	0	0	0	0	0	0	0	0	0	0	0	0	0	0	0	0	0	0	0	0	0	0	0	0	0	0	0	0	0	0	0	0	0	0	0	0	0	0	0	0	0
1789546973336	76645	3426	7	288	12	0	0	3	0	0	0	0	26.103515625	26.103515625	0	0	0	0	90.307617188	90.307617188	0	0	0	0	0	0	0	0	0	0	0	0	0	0	0	0	0	0	0	0	0	0	0	0	0	0	0	0	0	0	0	0	0	0	0	0	0	0	0	0	0	0	0	0	0	0	0	0
1789546973355	76667	3427	7	288	12	0	0	3	0	0	0	0	26.103515625	26.103515625	0	0	0	0	90.307617188	90.307617188	0	0	0	0	0	0	0	0	0	0	0	0	0	0	0	0	0	0	0	0	0	0	0	0	0	0	0	0	0	0	0	0	0	0	0	0	0	0	0	0	0	0	0	0	0	0	0	0
1789546973382	76689	3428	7	288	12	0	0	3	0	0	0	0	26.103515625	26.103515625	0	0	0	0	90.307617188	90.307617188	0	0	0	0	0	0	0	0	0	0	0	0	0	0	0	0	0	0	0	0	0	0	0	0	0	0	0	0	0	0	0	0	0	0	0	0	0	0	0	0	0	0	0	0	0	0	0	0
1789546973402	76711	3429	7	288	12	0	0	3	0	0	0	0	26.103515625	26.103515625	0	0	0	0	90.307617188	90.307617188	0	0	0	0	0	0	0	0	0	0	0	0	0	0	0	0	0	0	0	0	0	0	0	0	0	0	0	0	0	0	0	0	0	0	0	0	0	0	0	0	0	0	0	0	0	0	0	0
1789546973421	76733	3430	7	288	12	0	0	3	0	0	0	0	26.103515625	26.103515625	0	0	0	0	90.307617188	90.307617188	0	0	0	0	0	0	0	0	0	0	0	0	0	0	0	0	0	0	0	0	0	0	0	0	0	0	0	0	0	0	0	0	0	0	0	0	0	0	0	0	0	0	0	0	0	0	0	0
1789546973448	76755	3431	7	288	12	0	0	3	0	0	0	0	26.103515625	26.103515625	0	0	0	0	90.307617188	90.307617188	0	0	0	0	0	0	0	0	0	0	0	0	0	0	0	0	0	0	0	0	0	0	0	0	0	0	0	0	0	0	0	0	0	0	0	0	0	0	0	0	0	0	0	0	0	0	0	0
1789546973468	76777	3432	7	288	12	0	0	3	0	0	0	0	26.103515625	26.103515625	0	0	0	0	90.307617188	90.307617188	0	0	0	0	0	0	0	0	0	0	0	0	0	0	0	0	0	0	0	0	0	0	0	0	0	0	0	0	0	0	0	0	0	0	0	0	0	0	0	0	0	0	0	0	0	0	0	0
1789546973489	76799	3433	7	288	12	0	0	3	0	0	0	0	26.103515625	26.103515625	0	0	0	0	90.307617188	90.307617188	0	0	0	0	0	0	0	0	0	0	0	0	0	0	0	0	0	0	0	0	0	0	0	0	0	0	0	0	0	0	0	0	0	0	0	0	0	0	0	0	0	0	0	0	0	0	0	0
1789546973515	76821	3434	7	288	12	0	0	3	0	0	0	0	26.103515625	26.103515625	0	0	0	0	90.307617188	90.307617188	0	0	0	0	0	0	0	0	0	0	0	0	0	0	0	0	0	0	0	0	0	0	0	0	0	0	0	0	0	0	0	0	0	0	0	0	0	0	0	0	0	0	0	0	0	0	0	0
1789546973535	76843	3435	7	288	12	0	0	3	0	0	0	0	26.103515625	26.103515625	0	0	0	0	90.307617188	90.307617188	0	0	0	0	0	0	0	0	0	0	0	0	0	0	0	0	0	0	0	0	0	0	0	0	0	0	0	0	0	0	0	0	0	0	0	0	0	0	0	0	0	0	0	0	0	0	0	0
1789546973555	76865	3436	7	288	12	0	0	3	0	0	0	0	26.103515625	26.103515625	0	0	0	0	90.307617188	90.307617188	0	0	0	0	0	0	0	0	0	0	0	0	0	0	0	0	0	0	0	0	0	0	0	0	0	0	0	0	0	0	0	0	0	0	0	0	0	0	0	0	0	0	0	0	0	0	0	0
1789546973582	76887	3437	7	288	12	0	0	3	0	0	0	0	26.103515625	26.103515625	0	0	0	0	90.307617188	90.307617188	0	0	0	0	0	0	0	0	0	0	0	0	0	0	0	0	0	0	0	0	0	0	0	0	0	0	0	0	0	0	0	0	0	0	0	0	0	0	0	0	0	0	0	0	0	0	0	0
1789546973602	76909	3438	7	288	12	0	0	3	0	0	0	0	26.103515625	26.103515625	0	0	0	0	90.307617188	90.307617188	0	0	0	0	0	0	0	0	0	0	0	0	0	0	0	0	0	0	0	0	0	0	0	0	0	0	0	0	0	0	0	0	0	0	0	0	0	0	0	0	0	0	0	0	0	0	0	0
1789546973622	76931	3439	7	288	12	0	0	3	0	0	0	0	26.103515625	26.103515625	0	0	0	0	90.307617188	90.307617188	0	0	0	0	0	0	0	0	0	0	0	0	0	0	0	0	0	0	0	0	0	0	0	0	0	0	0	0	0	0	0	0	0	0	0	0	0	0	0	0	0	0	0	0	0	0	0	0
1789546973642	76953	3440	7	288	12	0	0	3	0	0	0	0	26.103515625	26.103515625	0	0	0	0	90.307617188	90.307617188	0	0	0	0	0	0	0	0	0	0	0	0	0	0	0	0	0	0	0	0	0	0	0	0	0	0	0	0	0	0	0	0	0	0	0	0	0	0	0	0	0	0	0	0	0	0	0	0
1789546973668	76975	3441	7	288	12	0	0	3	0	0	0	0	26.103515625	26.103515625	0	0	0	0	90.307617188	90.307617188	0	0	0	0	0	0	0	0	0	0	0	0	0	0	0	0	0	0	0	0	0	0	0	0	0	0	0	0	0	0	0	0	0	0	0	0	0	0	0	0	0	0	0	0	0	0	0	0
1789546973688	76997	3442	7	288	12	0	0	3	0	0	0	0	26.103515625	26.103515625	0	0	0	0	90.307617188	90.307617188	0	0	0	0	0	0	0	0	0	0	0	0	0	0	0	0	0	0	0	0	0	0	0	0	0	0	0	0	0	0	0	0	0	0	0	0	0	0	0	0	0	0	0	0	0	0	0	0
1789546973708	77019	3443	7	288	12	0	0	3	0	0	0	0	26.103515625	26.103515625	0	0	0	0	90.307617188	90.307617188	0	0	0	0	0	0	0	0	0	0	0	0	0	0	0	0	0	0	0	0	0	0	0	0	0	0	0	0	0	0	0	0	0	0	0	0	0	0	0	0	0	0	0	0	0	0	0	0
1789546973734	77041	3444	7	288	12	0	0	3	0	0	0	0	26.103515625	26.103515625	0	0	0	0	90.307617188	90.307617188	0	0	0	0	0	0	0	0	0	0	0	0	0	0	0	0	0	0	0	0	0	0	0	0	0	0	0	0	0	0	0	0	0	0	0	0	0	0	0	0	0	0	0	0	0	0	0	0
1789546973754	77063	3445	7	288	12	0	0	3	0	0	0	0	26.103515625	26.103515625	0	0	0	0	90.307617188	90.307617188	0	0	0	0	0	0	0	0	0	0	0	0	0	0	0	0	0	0	0	0	0	0	0	0	0	0	0	0	0	0	0	0	0	0	0	0	0	0	0	0	0	0	0	0	0	0	0	0
1789546973774	77085	3446	7	288	12	0	0	3	0	0	0	0	26.103515625	26.103515625	0	0	0	0	90.307617188	90.307617188	0	0	0	0	0	0	0	0	0	0	0	0	0	0	0	0	0	0	0	0	0	0	0	0	0	0	0	0	0	0	0	0	0	0	0	0	0	0	0	0	0	0	0	0	0	0	0	0
1789546973801	77107	3447	7	288	12	0	0	3	0	0	0	0	26.147460938	26.147460938	0	0	0	0	90.307617188	90.307617188	0	0	0	0	0	0	0	0	0	0	0	0	0	0	0	0	0	0	0	0	0	0	0	0	0	0	0	0	0	0	0	0	0	0	0	0	0	0	0	0	0	0	0	0	0	0	0	0
1789546973820	77129	3448	7	288	12	0	0	3	0	0	0	0	26.103515625	26.103515625	0	0	0	0	90.307617188	90.307617188	0	0	0	0	0	0	0	0	0	0	0	0	0	0	0	0	0	0	0	0	0	0	0	0	0	0	0	0	0	0	0	0	0	0	0	0	0	0	0	0	0	0	0	0	0	0	0	0
1789546973840	77151	3449	7	288	12	0	0	3	0	0	0	0	26.103515625	26.103515625	0	0	0	0	90.307617188	90.307617188	0	0	0	0	0	0	0	0	0	0	0	0	0	0	0	0	0	0	0	0	0	0	0	0	0	0	0	0	0	0	0	0	0	0	0	0	0	0	0	0	0	0	0	0	0	0	0	0
1789546973867	77173	3450	7	288	12	0	0	3	0	0	0	0	26.103515625	26.103515625	0	0	0	0	90.307617188	90.307617188	0	0	0	0	0	0	0	0	0	0	0	0	0	0	0	0	0	0	0	0	0	0	0	0	0	0	0	0	0	0	0	0	0	0	0	0	0	0	0	0	0	0	0	0	0	0	0	0
1789546973886	77195	3451	7	288	12	0	0	3	0	0	0	0	26.103515625	26.103515625	0	0	0	0	90.307617188	90.307617188	0	0	0	0	0	0	0	0	0	0	0	0	0	0	0	0	0	0	0	0	0	0	0	0	0	0	0	0	0	0	0	0	0	0	0	0	0	0	0	0	0	0	0	0	0	0	0	0
1789546973906	77217	3452	7	288	12	0	0	3	0	0	0	0	26.103515625	26.103515625	0	0	0	0	90.307617188	90.307617188	0	0	0	0	0	0	0	0	0	0	0	0	0	0	0	0	0	0	0	0	0	0	0	0	0	0	0	0	0	0	0	0	0	0	0	0	0	0	0	0	0	0	0	0	0	0	0	0
1789546973933	77239	3453	7	288	12	0	0	3	0	0	0	0	26.103515625	26.103515625	0	0	0	0	90.307617188	90.307617188	0	0	0	0	0	0	0	0	0	0	0	0	0	0	0	0	0	0	0	0	0	0	0	0	0	0	0	0	0	0	0	0	0	0	0	0	0	0	0	0	0	0	0	0	0	0	0	0
1789546973953	77261	3454	7	288	12	0	0	3	0	0	0	0	26.103515625	26.103515625	0	0	0	0	90.307617188	90.307617188	0	0	0	0	0	0	0	0	0	0	0	0	0	0	0	0	0	0	0	0	0	0	0	0	0	0	0	0	0	0	0	0	0	0	0	0	0	0	0	0	0	0	0	0	0	0	0	0
1789546973972	77283	3455	7	288	12	0	0	3	0	0	0	0	26.103515625	26.103515625	0	0	0	0	90.307617188	90.307617188	0	0	0	0	0	0	0	0	0	0	0	0	0	0	0	0	0	0	0	0	0	0	0	0	0	0	0	0	0	0	0	0	0	0	0	0	0	0	0	0	0	0	0	0	0	0	0	0
1789546973999	77305	3456	7	288	12	0	0	3	0	0	0	0	26.103515625	26.103515625	0	0	0	0	90.307617188	90.307617188	0	0	0	0	0	0	0	0	0	0	0	0	0	0	0	0	0	0	0	0	0	0	0	0	0	0	0	0	0	0	0	0	0	0	0	0	0	0	0	0	0	0	0	0	0	0	0	0
1789546974019	77327	3457	7	288	12	0	0	3	0	0	0	0	26.103515625	26.103515625	0	0	0	0	90.307617188	90.307617188	0	0	0	0	0	0	0	0	0	0	0	0	0	0	0	0	0	0	0	0	0	0	0	0	0	0	0	0	0	0	0	0	0	0	0	0	0	0	0	0	0	0	0	0	0	0	0	0
1789546974038	77349	3458	7	288	12	0	0	3	0	0	0	0	26.103515625	26.103515625	0	0	0	0	90.307617188	90.307617188	0	0	0	0	0	0	0	0	0	0	0	0	0	0	0	0	0	0	0	0	0	0	0	0	0	0	0	0	0	0	0	0	0	0	0	0	0	0	0	0	0	0	0	0	0	0	0	0
1789546974065	77371	3459	7	288	12	0	0	3	0	0	0	0	26.103515625	26.103515625	0	0	0	0	90.307617188	90.307617188	0	0	0	0	0	0	0	0	0	0	0	0	0	0	0	0	0	0	0	0	0	0	0	0	0	0	0	0	0	0	0	0	0	0	0	0	0	0	0	0	0	0	0	0	0	0	0	0
1789546974086	77393	3460	7	288	12	0	0	3	0	0	0	0	26.103515625	26.103515625	0	0	0	0	90.307617188	90.307617188	0	0	0	0	0	0	0	0	0	0	0	0	0	0	0	0	0	0	0	0	0	0	0	0	0	0	0	0	0	0	0	0	0	0	0	0	0	0	0	0	0	0	0	0	0	0	0	0
1789546974106	77415	3461	7	288	12	0	0	3	0	0	0	0	26.103515625	26.103515625	0	0	0	0	90.307617188	90.307617188	0	0	0	0	0	0	0	0	0	0	0	0	0	0	0	0	0	0	0	0	0	0	0	0	0	0	0	0	0	0	0	0	0	0	0	0	0	0	0	0	0	0	0	0	0	0	0	0
1789546974125	77437	3462	7	288	12	0	0	3	0	0	0	0	26.103515625	26.103515625	0	0	0	0	90.307617188	90.307617188	0	0	0	0	0	0	0	0	0	0	0	0	0	0	0	0	0	0	0	0	0	0	0	0	0	0	0	0	0	0	0	0	0	0	0	0	0	0	0	0	0	0	0	0	0	0	0	0
1789546974152	77459	3463	7	288	12	0	0	3	0	0	0	0	26.103515625	26.103515625	0	0	0	0	90.307617188	90.307617188	0	0	0	0	0	0	0	0	0	0	0	0	0	0	0	0	0	0	0	0	0	0	0	0	0	0	0	0	0	0	0	0	0	0	0	0	0	0	0	0	0	0	0	0	0	0	0	0
1789546974172	77481	3464	7	288	12	0	0	3	0	0	0	0	26.103515625	26.103515625	0	0	0	0	90.307617188	90.307617188	0	0	0	0	0	0	0	0	0	0	0	0	0	0	0	0	0	0	0	0	0	0	0	0	0	0	0	0	0	0	0	0	0	0	0	0	0	0	0	0	0	0	0	0	0	0	0	0
1789546974192	77503	3465	7	288	12	0	0	3	0	0	0	0	26.103515625	26.103515625	0	0	0	0	90.307617188	90.307617188	0	0	0	0	0	0	0	0	0	0	0	0	0	0	0	0	0	0	0	0	0	0	0	0	0	0	0	0	0	0	0	0	0	0	0	0	0	0	0	0	0	0	0	0	0	0	0	0
1789546974218	77525	3466	7	288	12	0	0	3	0	0	0	0	26.103515625	26.103515625	0	0	0	0	90.307617188	90.307617188	0	0	0	0	0	0	0	0	0	0	0	0	0	0	0	0	0	0	0	0	0	0	0	0	0	0	0	0	0	0	0	0	0	0	0	0	0	0	0	0	0	0	0	0	0	0	0	0
1789546974239	77547	3467	7	288	12	0	0	3	0	0	0	0	26.103515625	26.103515625	0	0	0	0	90.307617188	90.307617188	0	0	0	0	0	0	0	0	0	0	0	0	0	0	0	0	0	0	0	0	0	0	0	0	0	0	0	0	0	0	0	0	0	0	0	0	0	0	0	0	0	0	0	0	0	0	0	0
1789546974259	77569	3468	7	288	12	0	0	3	0	0	0	0	26.103515625	26.103515625	0	0	0	0	90.307617188	90.307617188	0	0	0	0	0	0	0	0	0	0	0	0	0	0	0	0	0	0	0	0	0	0	0	0	0	0	0	0	0	0	0	0	0	0	0	0	0	0	0	0	0	0	0	0	0	0	0	0
1789546974285	77591	3469	7	288	12	0	0	3	0	0	0	0	26.103515625	26.103515625	0	0	0	0	90.307617188	90.307617188	0	0	0	0	0	0	0	0	0	0	0	0	0	0	0	0	0	0	0	0	0	0	0	0	0	0	0	0	0	0	0	0	0	0	0	0	0	0	0	0	0	0	0	0	0	0	0	0
1789546974305	77613	3470	7	288	12	0	0	3	0	0	0	0	26.103515625	26.103515625	0	0	0	0	90.307617188	90.307617188	0	0	0	0	0	0	0	0	0	0	0	0	0	0	0	0	0	0	0	0	0	0	0	0	0	0	0	0	0	0	0	0	0	0	0	0	0	0	0	0	0	0	0	0	0	0	0	0
1789546974325	77635	3471	7	288	12	0	0	3	0	0	0	0	26.103515625	26.103515625	0	0	0	0	90.307617188	90.307617188	0	0	0	0	0	0	0	0	0	0	0	0	0	0	0	0	0	0	0	0	0	0	0	0	0	0	0	0	0	0	0	0	0	0	0	0	0	0	0	0	0	0	0	0	0	0	0	0
1789546974351	77657	3472	7	288	12	0	0	3	0	0	0	0	26.103515625	26.103515625	0	0	0	0	90.307617188	90.307617188	0	0	0	0	0	0	0	0	0	0	0	0	0	0	0	0	0	0	0	0	0	0	0	0	0	0	0	0	0	0	0	0	0	0	0	0	0	0	0	0	0	0	0	0	0	0	0	0
1789546974371	77679	3473	7	288	12	0	0	3	0	0	0	0	26.103515625	26.103515625	0	0	0	0	90.307617188	90.307617188	0	0	0	0	0	0	0	0	0	0	0	0	0	0	0	0	0	0	0	0	0	0	0	0	0	0	0	0	0	0	0	0	0	0	0	0	0	0	0	0	0	0	0	0	0	0	0	0
1789546974391	77701	3474	7	288	12	0	0	3	0	0	0	0	26.103515625	26.103515625	0	0	0	0	90.307617188	90.307617188	0	0	0	0	0	0	0	0	0	0	0	0	0	0	0	0	0	0	0	0	0	0	0	0	0	0	0	0	0	0	0	0	0	0	0	0	0	0	0	0	0	0	0	0	0	0	0	0
1789546974411	77723	3475	7	288	12	0	0	3	0	0	0	0	26.103515625	26.103515625	0	0	0	0	90.307617188	90.307617188	0	0	0	0	0	0	0	0	0	0	0	0	0	0	0	0	0	0	0	0	0	0	0	0	0	0	0	0	0	0	0	0	0	0	0	0	0	0	0	0	0	0	0	0	0	0	0	0
1789546974438	77745	3476	7	288	12	0	0	3	0	0	0	0	26.103515625	26.103515625	0	0	0	0	90.307617188	90.307617188	0	0	0	0	0	0	0	0	0	0	0	0	0	0	0	0	0	0	0	0	0	0	0	0	0	0	0	0	0	0	0	0	0	0	0	0	0	0	0	0	0	0	0	0	0	0	0	0
1789546974457	77767	3477	7	288	12	0	0	3	0	0	0	0	26.103515625	26.103515625	0	0	0	0	90.307617188	90.307617188	0	0	0	0	0	0	0	0	0	0	0	0	0	0	0	0	0	0	0	0	0	0	0	0	0	0	0	0	0	0	0	0	0	0	0	0	0	0	0	0	0	0	0	0	0	0	0	0
1789546974477	77789	3478	7	288	12	0	0	3	0	0	0	0	26.103515625	26.103515625	0	0	0	0	90.307617188	90.307617188	0	0	0	0	0	0	0	0	0	0	0	0	0	0	0	0	0	0	0	0	0	0	0	0	0	0	0	0	0	0	0	0	0	0	0	0	0	0	0	0	0	0	0	0	0	0	0	0
1789546974504	77811	3479	7	288	12	0	0	3	0	0	0	0	26.103515625	26.103515625	0	0	0	0	90.307617188	90.307617188	0	0	0	0	0	0	0	0	0	0	0	0	0	0	0	0	0	0	0	0	0	0	0	0	0	0	0	0	0	0	0	0	0	0	0	0	0	0	0	0	0	0	0	0	0	0	0	0
1789546974524	77833	3480	7	288	12	0	0	3	0	0	0	0	26.103515625	26.103515625	0	0	0	0	90.307617188	90.307617188	0	0	0	0	0	0	0	0	0	0	0	0	0	0	0	0	0	0	0	0	0	0	0	0	0	0	0	0	0	0	0	0	0	0	0	0	0	0	0	0	0	0	0	0	0	0	0	0
1789546974545	77855	3481	7	288	12	0	0	3	0	0	0	0	26.103515625	26.103515625	0	0	0	0	90.307617188	90.307617188	0	0	0	0	0	0	0	0	0	0	0	0	0	0	0	0	0	0	0	0	0	0	0	0	0	0	0	0	0	0	0	0	0	0	0	0	0	0	0	0	0	0	0	0	0	0	0	0
1789546974566	77877	3482	7	288	12	0	0	3	0	0	0	0	26.103515625	26.103515625	0	0	0	0	90.307617188	90.307617188	0	0	0	0	0	0	0	0	0	0	0	0	0	0	0	0	0	0	0	0	0	0	0	0	0	0	0	0	0	0	0	0	0	0	0	0	0	0	0	0	0	0	0	0	0	0	0	0
1789546974593	77899	3483	7	288	12	0	0	3	0	0	0	0	26.103515625	26.103515625	0	0	0	0	90.307617188	90.307617188	0	0	0	0	0	0	0	0	0	0	0	0	0	0	0	0	0	0	0	0	0	0	0	0	0	0	0	0	0	0	0	0	0	0	0	0	0	0	0	0	0	0	0	0	0	0	0	0
1789546974612	77921	3484	7	288	12	0	0	3	0	0	0	0	26.103515625	26.103515625	0	0	0	0	90.307617188	90.307617188	0	0	0	0	0	0	0	0	0	0	0	0	0	0	0	0	0	0	0	0	0	0	0	0	0	0	0	0	0	0	0	0	0	0	0	0	0	0	0	0	0	0	0	0	0	0	0	0
1789546974632	77943	3485	7	288	12	0	0	3	0	0	0	0	26.103515625	26.103515625	0	0	0	0	90.307617188	90.307617188	0	0	0	0	0	0	0	0	0	0	0	0	0	0	0	0	0	0	0	0	0	0	0	0	0	0	0	0	0	0	0	0	0	0	0	0	0	0	0	0	0	0	0	0	0	0	0	0
1789546974659	77965	3486	7	288	12	0	0	3	0	0	0	0	26.103515625	26.103515625	0	0	0	0	90.307617188	90.307617188	0	0	0	0	0	0	0	0	0	0	0	0	0	0	0	0	0	0	0	0	0	0	0	0	0	0	0	0	0	0	0	0	0	0	0	0	0	0	0	0	0	0	0	0	0	0	0	0
1789546974679	77987	3487	7	288	12	0	0	3	0	0	0	0	26.103515625	26.103515625	0	0	0	0	90.307617188	90.307617188	0	0	0	0	0	0	0	0	0	0	0	0	0	0	0	0	0	0	0	0	0	0	0	0	0	0	0	0	0	0	0	0	0	0	0	0	0	0	0	0	0	0	0	0	0	0	0	0
1789546974700	78009	3488	7	288	12	0	0	3	0	0	0	0	26.103515625	26.103515625	0	0	0	0	90.307617188	90.307617188	0	0	0	0	0	0	0	0	0	0	0	0	0	0	0	0	0	0	0	0	0	0	0	0	0	0	0	0	0	0	0	0	0	0	0	0	0	0	0	0	0	0	0	0	0	0	0	0
1789546974719	78031	3489	7	288	12	0	0	3	0	0	0	0	26.103515625	26.103515625	0	0	0	0	90.307617188	90.307617188	0	0	0	0	0	0	0	0	0	0	0	0	0	0	0	0	0	0	0	0	0	0	0	0	0	0	0	0	0	0	0	0	0	0	0	0	0	0	0	0	0	0	0	0	0	0	0	0
1789546974746	78053	3490	7	288	12	0	0	3	0	0	0	0	26.103515625	26.103515625	0	0	0	0	90.307617188	90.307617188	0	0	0	0	0	0	0	0	0	0	0	0	0	0	0	0	0	0	0	0	0	0	0	0	0	0	0	0	0	0	0	0	0	0	0	0	0	0	0	0	0	0	0	0	0	0	0	0
1789546974766	78075	3491	7	288	12	0	0	3	0	0	0	0	26.103515625	26.103515625	0	0	0	0	90.307617188	90.307617188	0	0	0	0	0	0	0	0	0	0	0	0	0	0	0	0	0	0	0	0	0	0	0	0	0	0	0	0	0	0	0	0	0	0	0	0	0	0	0	0	0	0	0	0	0	0	0	0
1789546974785	78097	3492	7	288	12	0	0	3	0	0	0	0	26.103515625	26.103515625	0	0	0	0	90.307617188	90.307617188	0	0	0	0	0	0	0	0	0	0	0	0	0	0	0	0	0	0	0	0	0	0	0	0	0	0	0	0	0	0	0	0	0	0	0	0	0	0	0	0	0	0	0	0	0	0	0	0
1789546974812	78119	3493	7	288	12	0	0	3	0	0	0	0	26.103515625	26.103515625	0	0	0	0	90.3515625	90.3515625	0	0	0	0	0	0	0	0	0	0	0	0	0	0	0	0	0	0	0	0	0	0	0	0	0	0	0	0	0	0	0	0	0	0	0	0	0	0	0	0	0	0	0	0	0	0	0	0
1789546974831	78141	3494	7	288	12	0	0	3	0	0	0	0	26.103515625	26.103515625	0	0	0	0	90.307617188	90.307617188	0	0	0	0	0	0	0	0	0	0	0	0	0	0	0	0	0	0	0	0	0	0	0	0	0	0	0	0	0	0	0	0	0	0	0	0	0	0	0	0	0	0	0	0	0	0	0	0
1789546974852	78163	3495	7	288	12	0	0	3	0	0	0	0	26.103515625	26.103515625	0	0	0	0	90.307617188	90.307617188	0	0	0	0	0	0	0	0	0	0	0	0	0	0	0	0	0	0	0	0	0	0	0	0	0	0	0	0	0	0	0	0	0	0	0	0	0	0	0	0	0	0	0	0	0	0	0	0
1789546974878	78185	3496	7	288	12	0	0	3	0	0	0	0	26.103515625	26.103515625	0	0	0	0	90.307617188	90.307617188	0	0	0	0	0	0	0	0	0	0	0	0	0	0	0	0	0	0	0	0	0	0	0	0	0	0	0	0	0	0	0	0	0	0	0	0	0	0	0	0	0	0	0	0	0	0	0	0
1789546974898	78207	3497	7	288	12	0	0	3	0	0	0	0	26.103515625	26.103515625	0	0	0	0	90.307617188	90.307617188	0	0	0	0	0	0	0	0	0	0	0	0	0	0	0	0	0	0	0	0	0	0	0	0	0	0	0	0	0	0	0	0	0	0	0	0	0	0	0	0	0	0	0	0	0	0	0	0
1789546974917	78229	3498	7	288	12	0	0	3	0	0	0	0	26.103515625	26.103515625	0	0	0	0	90.307617188	90.307617188	0	0	0	0	0	0	0	0	0	0	0	0	0	0	0	0	0	0	0	0	0	0	0	0	0	0	0	0	0	0	0	0	0	0	0	0	0	0	0	0	0	0	0	0	0	0	0	0
1789546974944	78251	3499	7	288	12	0	0	3	0	0	0	0	26.103515625	26.103515625	0	0	0	0	90.307617188	90.307617188	0	0	0	0	0	0	0	0	0	0	0	0	0	0	0	0	0	0	0	0	0	0	0	0	0	0	0	0	0	0	0	0	0	0	0	0	0	0	0	0	0	0	0	0	0	0	0	0
1789546974964	78273	3500	7	288	12	0	0	3	0	0	0	0	26.103515625	26.103515625	0	0	0	0	90.307617188	90.307617188	0	0	0	0	0	0	0	0	0	0	0	0	0	0	0	0	0	0	0	0	0	0	0	0	0	0	0	0	0	0	0	0	0	0	0	0	0	0	0	0	0	0	0	0	0	0	0	0
1789546974984	78295	3501	7	288	12	0	0	3	0	0	0	0	26.103515625	26.103515625	0	0	0	0	90.307617188	90.307617188	0	0	0	0	0	0	0	0	0	0	0	0	0	0	0	0	0	0	0	0	0	0	0	0	0	0	0	0	0	0	0	0	0	0	0	0	0	0	0	0	0	0	0	0	0	0	0	0
1789546975011	78317	3502	7	288	12	0	0	3	0	0	0	0	26.103515625	26.103515625	0	0	0	0	90.307617188	90.307617188	0	0	0	0	0	0	0	0	0	0	0	0	0	0	0	0	0	0	0	0	0	0	0	0	0	0	0	0	0	0	0	0	0	0	0	0	0	0	0	0	0	0	0	0	0	0	0	0
1789546975030	78339	3503	7	288	12	0	0	3	0	0	0	0	26.103515625	26.103515625	0	0	0	0	90.307617188	90.307617188	0	0	0	0	0	0	0	0	0	0	0	0	0	0	0	0	0	0	0	0	0	0	0	0	0	0	0	0	0	0	0	0	0	0	0	0	0	0	0	0	0	0	0	0	0	0	0	0
1789546975050	78361	3504	7	288	12	0	0	3	0	0	0	0	26.103515625	26.103515625	0	0	0	0	90.307617188	90.307617188	0	0	0	0	0	0	0	0	0	0	0	0	0	0	0	0	0	0	0	0	0	0	0	0	0	0	0	0	0	0	0	0	0	0	0	0	0	0	0	0	0	0	0	0	0	0	0	0
1789546975077	78383	3505	7	288	12	0	0	3	0	0	0	0	26.103515625	26.103515625	0	0	0	0	90.307617188	90.307617188	0	0	0	0	0	0	0	0	0	0	0	0	0	0	0	0	0	0	0	0	0	0	0	0	0	0	0	0	0	0	0	0	0	0	0	0	0	0	0	0	0	0	0	0	0	0	0	0
1789546975096	78405	3506	7	288	12	0	0	3	0	0	0	0	26.103515625	26.103515625	0	0	0	0	90.307617188	90.307617188	0	0	0	0	0	0	0	0	0	0	0	0	0	0	0	0	0	0	0	0	0	0	0	0	0	0	0	0	0	0	0	0	0	0	0	0	0	0	0	0	0	0	0	0	0	0	0	0
1789546975116	78427	3507	7	288	12	0	0	3	0	0	0	0	26.103515625	26.103515625	0	0	0	0	90.307617188	90.307617188	0	0	0	0	0	0	0	0	0	0	0	0	0	0	0	0	0	0	0	0	0	0	0	0	0	0	0	0	0	0	0	0	0	0	0	0	0	0	0	0	0	0	0	0	0	0	0	0
1789546975143	78449	3508	7	288	12	0	0	3	0	0	0	0	26.103515625	26.103515625	0	0	0	0	90.307617188	90.307617188	0	0	0	0	0	0	0	0	0	0	0	0	0	0	0	0	0	0	0	0	0	0	0	0	0	0	0	0	0	0	0	0	0	0	0	0	0	0	0	0	0	0	0	0	0	0	0	0
1789546975163	78471	3509	7	288	12	0	0	3	0	0	0	0	26.103515625	26.103515625	0	0	0	0	90.307617188	90.307617188	0	0	0	0	0	0	0	0	0	0	0	0	0	0	0	0	0	0	0	0	0	0	0	0	0	0	0	0	0	0	0	0	0	0	0	0	0	0	0	0	0	0	0	0	0	0	0	0
1789546975183	78493	3510	7	288	12	0	0	3	0	0	0	0	26.103515625	26.103515625	0	0	0	0	90.307617188	90.307617188	0	0	0	0	0	0	0	0	0	0	0	0	0	0	0	0	0	0	0	0	0	0	0	0	0	0	0	0	0	0	0	0	0	0	0	0	0	0	0	0	0	0	0	0	0	0	0	0
1789546975209	78515	3511	7	288	12	0	0	3	0	0	0	0	26.103515625	26.103515625	0	0	0	0	90.307617188	90.307617188	0	0	0	0	0	0	0	0	0	0	0	0	0	0	0	0	0	0	0	0	0	0	0	0	0	0	0	0	0	0	0	0	0	0	0	0	0	0	0	0	0	0	0	0	0	0	0	0
1789546975229	78537	3512	7	288	12	0	0	3	0	0	0	0	26.103515625	26.103515625	0	0	0	0	90.307617188	90.307617188	0	0	0	0	0	0	0	0	0	0	0	0	0	0	0	0	0	0	0	0	0	0	0	0	0	0	0	0	0	0	0	0	0	0	0	0	0	0	0	0	0	0	0	0	0	0	0	0
1789546975249	78559	3513	7	288	12	0	0	3	0	0	0	0	26.103515625	26.103515625	0	0	0	0	90.307617188	90.307617188	0	0	0	0	0	0	0	0	0	0	0	0	0	0	0	0	0	0	0	0	0	0	0	0	0	0	0	0	0	0	0	0	0	0	0	0	0	0	0	0	0	0	0	0	0	0	0	0
1789546975275	78581	3514	7	288	12	0	0	3	0	0	0	0	26.103515625	26.103515625	0	0	0	0	90.307617188	90.307617188	0	0	0	0	0	0	0	0	0	0	0	0	0	0	0	0	0	0	0	0	0	0	0	0	0	0	0	0	0	0	0	0	0	0	0	0	0	0	0	0	0	0	0	0	0	0	0	0
1789546975295	78603	3515	7	288	12	0	0	3	0	0	0	0	26.103515625	26.103515625	0	0	0	0	90.307617188	90.307617188	0	0	0	0	0	0	0	0	0	0	0	0	0	0	0	0	0	0	0	0	0	0	0	0	0	0	0	0	0	0	0	0	0	0	0	0	0	0	0	0	0	0	0	0	0	0	0	0
1789546975315	78625	3516	7	288	12	0	0	3	0	0	0	0	26.103515625	26.103515625	0	0	0	0	90.307617188	90.307617188	0	0	0	0	0	0	0	0	0	0	0	0	0	0	0	0	0	0	0	0	0	0	0	0	0	0	0	0	0	0	0	0	0	0	0	0	0	0	0	0	0	0	0	0	0	0	0	0
1789546975341	78647	3517	7	288	12	0	0	3	0	0	0	0	26.103515625	26.103515625	0	0	0	0	90.307617188	90.307617188	0	0	0	0	0	0	0	0	0	0	0	0	0	0	0	0	0	0	0	0	0	0	0	0	0	0	0	0	0	0	0	0	0	0	0	0	0	0	0	0	0	0	0	0	0	0	0	0
1789546975361	78669	3518	7	288	12	0	0	3	0	0	0	0	26.103515625	26.103515625	0	0	0	0	90.307617188	90.307617188	0	0	0	0	0	0	0	0	0	0	0	0	0	0	0	0	0	0	0	0	0	0	0	0	0	0	0	0	0	0	0	0	0	0	0	0	0	0	0	0	0	0	0	0	0	0	0	0
1789546975381	78691	3519	7	288	12	0	0	3	0	0	0	0	26.103515625	26.103515625	0	0	0	0	90.307617188	90.307617188	0	0	0	0	0	0	0	0	0	0	0	0	0	0	0	0	0	0	0	0	0	0	0	0	0	0	0	0	0	0	0	0	0	0	0	0	0	0	0	0	0	0	0	0	0	0	0	0
1789546975407	78713	3520	7	288	12	0	0	3	0	0	0	0	26.103515625	26.103515625	0	0	0	0	90.307617188	90.307617188	0	0	0	0	0	0	0	0	0	0	0	0	0	0	0	0	0	0	0	0	0	0	0	0	0	0	0	0	0	0	0	0	0	0	0	0	0	0	0	0	0	0	0	0	0	0	0	0
1789546975427	78735	3521	7	288	12	0	0	3	0	0	0	0	26.103515625	26.103515625	0	0	0	0	90.307617188	90.307617188	0	0	0	0	0	0	0	0	0	0	0	0	0	0	0	0	0	0	0	0	0	0	0	0	0	0	0	0	0	0	0	0	0	0	0	0	0	0	0	0	0	0	0	0	0	0	0	0
1789546975447	78757	3522	7	288	12	0	0	3	0	0	0	0	26.103515625	26.103515625	0	0	0	0	90.307617188	90.307617188	0	0	0	0	0	0	0	0	0	0	0	0	0	0	0	0	0	0	0	0	0	0	0	0	0	0	0	0	0	0	0	0	0	0	0	0	0	0	0	0	0	0	0	0	0	0	0	0
1789546975467	78779	3523	7	288	12	0	0	3	0	0	0	0	26.103515625	26.103515625	0	0	0	0	90.307617188	90.307617188	0	0	0	0	0	0	0	0	0	0	0	0	0	0	0	0	0	0	0	0	0	0	0	0	0	0	0	0	0	0	0	0	0	0	0	0	0	0	0	0	0	0	0	0	0	0	0	0
1789546975494	78801	3524	7	288	12	0	0	3	0	0	0	0	26.103515625	26.103515625	0	0	0	0	90.307617188	90.307617188	0	0	0	0	0	0	0	0	0	0	0	0	0	0	0	0	0	0	0	0	0	0	0	0	0	0	0	0	0	0	0	0	0	0	0	0	0	0	0	0	0	0	0	0	0	0	0	0
1789546975513	78823	3525	7	288	12	0	0	3	0	0	0	0	26.103515625	26.103515625	0	0	0	0	90.307617188	90.307617188	0	0	0	0	0	0	0	0	0	0	0	0	0	0	0	0	0	0	0	0	0	0	0	0	0	0	0	0	0	0	0	0	0	0	0	0	0	0	0	0	0	0	0	0	0	0	0	0
1789546975534	78845	3526	7	288	12	0	0	3	0	0	0	0	26.103515625	26.103515625	0	0	0	0	90.307617188	90.307617188	0	0	0	0	0	0	0	0	0	0	0	0	0	0	0	0	0	0	0	0	0	0	0	0	0	0	0	0	0	0	0	0	0	0	0	0	0	0	0	0	0	0	0	0	0	0	0	0
1789546975560	78867	3527	7	288	12	0	0	3	0	0	0	0	26.103515625	26.103515625	0	0	0	0	90.307617188	90.307617188	0	0	0	0	0	0	0	0	0	0	0	0	0	0	0	0	0	0	0	0	0	0	0	0	0	0	0	0	0	0	0	0	0	0	0	0	0	0	0	0	0	0	0	0	0	0	0	0
1789546975580	78889	3528	7	288	12	0	0	3	0	0	0	0	26.103515625	26.103515625	0	0	0	0	90.307617188	90.307617188	0	0	0	0	0	0	0	0	0	0	0	0	0	0	0	0	0	0	0	0	0	0	0	0	0	0	0	0	0	0	0	0	0	0	0	0	0	0	0	0	0	0	0	0	0	0	0	0
1789546975601	78911	3529	7	288	12	0	0	3	0	0	0	0	26.103515625	26.103515625	0	0	0	0	90.307617188	90.307617188	0	0	0	0	0	0	0	0	0	0	0	0	0	0	0	0	0	0	0	0	0	0	0	0	0	0	0	0	0	0	0	0	0	0	0	0	0	0	0	0	0	0	0	0	0	0	0	0
1789546975627	78933	3530	7	288	12	0	0	3	0	0	0	0	26.103515625	26.103515625	0	0	0	0	90.307617188	90.307617188	0	0	0	0	0	0	0	0	0	0	0	0	0	0	0	0	0	0	0	0	0	0	0	0	0	0	0	0	0	0	0	0	0	0	0	0	0	0	0	0	0	0	0	0	0	0	0	0
1789546975647	78955	3531	7	288	12	0	0	3	0	0	0	0	26.103515625	26.103515625	0	0	0	0	90.307617188	90.307617188	0	0	0	0	0	0	0	0	0	0	0	0	0	0	0	0	0	0	0	0	0	0	0	0	0	0	0	0	0	0	0	0	0	0	0	0	0	0	0	0	0	0	0	0	0	0	0	0
1789546975666	78977	3532	7	288	12	0	0	3	0	0	0	0	26.103515625	26.103515625	0	0	0	0	90.307617188	90.307617188	0	0	0	0	0	0	0	0	0	0	0	0	0	0	0	0	0	0	0	0	0	0	0	0	0	0	0	0	0	0	0	0	0	0	0	0	0	0	0	0	0	0	0	0	0	0	0	0
1789546975693	78999	3533	7	288	12	0	0	3	0	0	0	0	26.103515625	26.103515625	0	0	0	0	90.307617188	90.307617188	0	0	0	0	0	0	0	0	0	0	0	0	0	0	0	0	0	0	0	0	0	0	0	0	0	0	0	0	0	0	0	0	0	0	0	0	0	0	0	0	0	0	0	0	0	0	0	0
1789546975713	79021	3534	7	288	12	0	0	3	0	0	0	0	26.103515625	26.103515625	0	0	0	0	90.307617188	90.307617188	0	0	0	0	0	0	0	0	0	0	0	0	0	0	0	0	0	0	0	0	0	0	0	0	0	0	0	0	0	0	0	0	0	0	0	0	0	0	0	0	0	0	0	0	0	0	0	0
1789546975733	79043	3535	7	288	12	0	0	3	0	0	0	0	26.103515625	26.103515625	0	0	0	0	90.307617188	90.307617188	0	0	0	0	0	0	0	0	0	0	0	0	0	0	0	0	0	0	0	0	0	0	0	0	0	0	0	0	0	0	0	0	0	0	0	0	0	0	0	0	0	0	0	0	0	0	0	0
1789546975760	79065	3536	7	288	12	0	0	3	0	0	0	0	26.103515625	26.103515625	0	0	0	0	90.307617188	90.307617188	0	0	0	0	0	0	0	0	0	0	0	0	0	0	0	0	0	0	0	0	0	0	0	0	0	0	0	0	0	0	0	0	0	0	0	0	0	0	0	0	0	0	0	0	0	0	0	0
1789546975779	79087	3537	7	288	12	0	0	3	0	0	0	0	26.103515625	26.103515625	0	0	0	0	90.307617188	90.307617188	0	0	0	0	0	0	0	0	0	0	0	0	0	0	0	0	0	0	0	0	0	0	0	0	0	0	0	0	0	0	0	0	0	0	0	0	0	0	0	0	0	0	0	0	0	0	0	0
1789546975799	79109	3538	7	288	12	0	0	3	0	0	0	0	26.103515625	26.103515625	0	0	0	0	90.307617188	90.307617188	0	0	0	0	0	0	0	0	0	0	0	0	0	0	0	0	0	0	0	0	0	0	0	0	0	0	0	0	0	0	0	0	0	0	0	0	0	0	0	0	0	0	0	0	0	0	0	0
1789546975819	79131	3539	7	288	12	0	0	3	0	0	0	0	26.103515625	26.103515625	0	0	0	0	90.307617188	90.307617188	0	0	0	0	0	0	0	0	0	0	0	0	0	0	0	0	0	0	0	0	0	0	0	0	0	0	0	0	0	0	0	0	0	0	0	0	0	0	0	0	0	0	0	0	0	0	0	0
1789546975845	79153	3540	7	288	12	0	0	3	0	0	0	0	26.103515625	26.103515625	0	0	0	0	90.307617188	90.307617188	0	0	0	0	0	0	0	0	0	0	0	0	0	0	0	0	0	0	0	0	0	0	0	0	0	0	0	0	0	0	0	0	0	0	0	0	0	0	0	0	0	0	0	0	0	0	0	0
1789546975865	79175	3541	7	288	12	0	0	3	0	0	0	0	26.103515625	26.103515625	0	0	0	0	90.307617188	90.307617188	0	0	0	0	0	0	0	0	0	0	0	0	0	0	0	0	0	0	0	0	0	0	0	0	0	0	0	0	0	0	0	0	0	0	0	0	0	0	0	0	0	0	0	0	0	0	0	0
1789546975885	79197	3542	7	288	12	0	0	3	0	0	0	0	26.103515625	26.103515625	0	0	0	0	90.307617188	90.307617188	0	0	0	0	0	0	0	0	0	0	0	0	0	0	0	0	0	0	0	0	0	0	0	0	0	0	0	0	0	0	0	0	0	0	0	0	0	0	0	0	0	0	0	0	0	0	0	0
1789546975912	79219	3543	7	288	12	0	0	3	0	0	0	0	26.103515625	26.103515625	0	0	0	0	90.307617188	90.307617188	0	0	0	0	0	0	0	0	0	0	0	0	0	0	0	0	0	0	0	0	0	0	0	0	0	0	0	0	0	0	0	0	0	0	0	0	0	0	0	0	0	0	0	0	0	0	0	0
1789546975932	79241	3544	7	288	12	0	0	3	0	0	0	0	26.103515625	26.103515625	0	0	0	0	90.307617188	90.307617188	0	0	0	0	0	0	0	0	0	0	0	0	0	0	0	0	0	0	0	0	0	0	0	0	0	0	0	0	0	0	0	0	0	0	0	0	0	0	0	0	0	0	0	0	0	0	0	0
1789546975952	79263	3545	7	288	12	0	0	3	0	0	0	0	26.103515625	26.103515625	0	0	0	0	90.307617188	90.307617188	0	0	0	0	0	0	0	0	0	0	0	0	0	0	0	0	0	0	0	0	0	0	0	0	0	0	0	0	0	0	0	0	0	0	0	0	0	0	0	0	0	0	0	0	0	0	0	0
1789546975978	79285	3546	7	288	12	0	0	3	0	0	0	0	26.103515625	26.103515625	0	0	0	0	90.307617188	90.307617188	0	0	0	0	0	0	0	0	0	0	0	0	0	0	0	0	0	0	0	0	0	0	0	0	0	0	0	0	0	0	0	0	0	0	0	0	0	0	0	0	0	0	0	0	0	0	0	0
1789546975998	79307	3547	7	288	12	0	0	3	0	0	0	0	26.103515625	26.103515625	0	0	0	0	90.307617188	90.307617188	0	0	0	0	0	0	0	0	0	0	0	0	0	0	0	0	0	0	0	0	0	0	0	0	0	0	0	0	0	0	0	0	0	0	0	0	0	0	0	0	0	0	0	0	0	0	0	0
1789546976018	79329	3548	7	288	12	0	0	3	0	0	0	0	26.103515625	26.103515625	0	0	0	0	90.307617188	90.307617188	0	0	0	0	0	0	0	0	0	0	0	0	0	0	0	0	0	0	0	0	0	0	0	0	0	0	0	0	0	0	0	0	0	0	0	0	0	0	0	0	0	0	0	0	0	0	0	0
1789546976044	79351	3549	7	288	12	0	0	3	0	0	0	0	26.103515625	26.103515625	0	0	0	0	90.307617188	90.307617188	0	0	0	0	0	0	0	0	0	0	0	0	0	0	0	0	0	0	0	0	0	0	0	0	0	0	0	0	0	0	0	0	0	0	0	0	0	0	0	0	0	0	0	0	0	0	0	0
1789546976064	79373	3550	7	288	12	0	0	3	0	0	0	0	26.103515625	26.103515625	0	0	0	0	90.307617188	90.307617188	0	0	0	0	0	0	0	0	0	0	0	0	0	0	0	0	0	0	0	0	0	0	0	0	0	0	0	0	0	0	0	0	0	0	0	0	0	0	0	0	0	0	0	0	0	0	0	0
1789546976084	79395	3551	7	288	12	0	0	3	0	0	0	0	26.103515625	26.103515625	0	0	0	0	90.307617188	90.307617188	0	0	0	0	0	0	0	0	0	0	0	0	0	0	0	0	0	0	0	0	0	0	0	0	0	0	0	0	0	0	0	0	0	0	0	0	0	0	0	0	0	0	0	0	0	0	0	0
1789546976110	79417	3552	7	288	12	0	0	3	0	0	0	0	26.103515625	26.103515625	0	0	0	0	90.307617188	90.307617188	0	0	0	0	0	0	0	0	0	0	0	0	0	0	0	0	0	0	0	0	0	0	0	0	0	0	0	0	0	0	0	0	0	0	0	0	0	0	0	0	0	0	0	0	0	0	0	0
1789546976130	79439	3553	7	288	12	0	0	3	0	0	0	0	26.103515625	26.103515625	0	0	0	0	90.307617188	90.307617188	0	0	0	0	0	0	0	0	0	0	0	0	0	0	0	0	0	0	0	0	0	0	0	0	0	0	0	0	0	0	0	0	0	0	0	0	0	0	0	0	0	0	0	0	0	0	0	0
1789546976150	79461	3554	7	288	12	0	0	3	0	0	0	0	26.103515625	26.103515625	0	0	0	0	90.307617188	90.307617188	0	0	0	0	0	0	0	0	0	0	0	0	0	0	0	0	0	0	0	0	0	0	0	0	0	0	0	0	0	0	0	0	0	0	0	0	0	0	0	0	0	0	0	0	0	0	0	0
1789546976176	79483	3555	7	288	12	0	0	3	0	0	0	0	26.103515625	26.103515625	0	0	0	0	90.307617188	90.307617188	0	0	0	0	0	0	0	0	0	0	0	0	0	0	0	0	0	0	0	0	0	0	0	0	0	0	0	0	0	0	0	0	0	0	0	0	0	0	0	0	0	0	0	0	0	0	0	0
1789546976197	79505	3556	7	288	12	0	0	3	0	0	0	0	26.103515625	26.103515625	0	0	0	0	90.307617188	90.307617188	0	0	0	0	0	0	0	0	0	0	0	0	0	0	0	0	0	0	0	0	0	0	0	0	0	0	0	0	0	0	0	0	0	0	0	0	0	0	0	0	0	0	0	0	0	0	0	0
1789546976217	79527	3557	7	288	12	0	0	3	0	0	0	0	26.103515625	26.103515625	0	0	0	0	90.307617188	90.307617188	0	0	0	0	0	0	0	0	0	0	0	0	0	0	0	0	0	0	0	0	0	0	0	0	0	0	0	0	0	0	0	0	0	0	0	0	0	0	0	0	0	0	0	0	0	0	0	0
1789546976243	79549	3558	7	288	12	0	0	3	0	0	0	0	26.103515625	26.103515625	0	0	0	0	90.307617188	90.307617188	0	0	0	0	0	0	0	0	0	0	0	0	0	0	0	0	0	0	0	0	0	0	0	0	0	0	0	0	0	0	0	0	0	0	0	0	0	0	0	0	0	0	0	0	0	0	0	0
1789546976263	79571	3559	7	288	12	0	0	3	0	0	0	0	26.103515625	26.103515625	0	0	0	0	90.307617188	90.307617188	0	0	0	0	0	0	0	0	0	0	0	0	0	0	0	0	0	0	0	0	0	0	0	0	0	0	0	0	0	0	0	0	0	0	0	0	0	0	0	0	0	0	0	0	0	0	0	0
1789546976283	79593	3560	7	288	12	0	0	3	0	0	0	0	26.103515625	26.103515625	0	0	0	0	90.307617188	90.307617188	0	0	0	0	0	0	0	0	0	0	0	0	0	0	0	0	0	0	0	0	0	0	0	0	0	0	0	0	0	0	0	0	0	0	0	0	0	0	0	0	0	0	0	0	0	0	0	0
1789546976309	79615	3561	7	288	12	0	0	3	0	0	0	0	26.103515625	26.103515625	0	0	0	0	90.307617188	90.307617188	0	0	0	0	0	0	0	0	0	0	0	0	0	0	0	0	0	0	0	0	0	0	0	0	0	0	0	0	0	0	0	0	0	0	0	0	0	0	0	0	0	0	0	0	0	0	0	0
1789546976329	79637	3562	7	288	12	0	0	3	0	0	0	0	26.103515625	26.103515625	0	0	0	0	90.307617188	90.307617188	0	0	0	0	0	0	0	0	0	0	0	0	0	0	0	0	0	0	0	0	0	0	0	0	0	0	0	0	0	0	0	0	0	0	0	0	0	0	0	0	0	0	0	0	0	0	0	0
1789546976349	79659	3563	7	288	12	0	0	3	0	0	0	0	26.103515625	26.103515625	0	0	0	0	90.307617188	90.307617188	0	0	0	0	0	0	0	0	0	0	0	0	0	0	0	0	0	0	0	0	0	0	0	0	0	0	0	0	0	0	0	0	0	0	0	0	0	0	0	0	0	0	0	0	0	0	0	0
1789546976369	79681	3564	7	288	12	0	0	3	0	0	0	0	26.103515625	26.103515625	0	0	0	0	90.307617188	90.307617188	0	0	0	0	0	0	0	0	0	0	0	0	0	0	0	0	0	0	0	0	0	0	0	0	0	0	0	0	0	0	0	0	0	0	0	0	0	0	0	0	0	0	0	0	0	0	0	0
1789546976395	79703	3565	7	288	12	0	0	3	0	0	0	0	26.103515625	26.103515625	0	0	0	0	90.307617188	90.307617188	0	0	0	0	0	0	0	0	0	0	0	0	0	0	0	0	0	0	0	0	0	0	0	0	0	0	0	0	0	0	0	0	0	0	0	0	0	0	0	0	0	0	0	0	0	0	0	0
1789546976415	79725	3566	7	288	12	0	0	3	0	0	0	0	26.103515625	26.103515625	0	0	0	0	90.307617188	90.307617188	0	0	0	0	0	0	0	0	0	0	0	0	0	0	0	0	0	0	0	0	0	0	0	0	0	0	0	0	0	0	0	0	0	0	0	0	0	0	0	0	0	0	0	0	0	0	0	0
1789546976441	79747	3567	7	288	12	0	0	3	0	0	0	0	26.103515625	26.103515625	0	0	0	0	90.307617188	90.307617188	0	0	0	0	0	0	0	0	0	0	0	0	0	0	0	0	0	0	0	0	0	0	0	0	0	0	0	0	0	0	0	0	0	0	0	0	0	0	0	0	0	0	0	0	0	0	0	0
1789546976461	79769	3568	7	288	12	0	0	3	0	0	0	0	26.103515625	26.103515625	0	0	0	0	90.307617188	90.307617188	0	0	0	0	0	0	0	0	0	0	0	0	0	0	0	0	0	0	0	0	0	0	0	0	0	0	0	0	0	0	0	0	0	0	0	0	0	0	0	0	0	0	0	0	0	0	0	0
1789546976481	79791	3569	7	288	12	0	0	3	0	0	0	0	26.103515625	26.103515625	0	0	0	0	90.3515625	90.3515625	0	0	0	0	0	0	0	0	0	0	0	0	0	0	0	0	0	0	0	0	0	0	0	0	0	0	0	0	0	0	0	0	0	0	0	0	0	0	0	0	0	0	0	0	0	0	0	0
1789546976508	79813	3570	7	288	12	0	0	3	0	0	0	0	26.147460938	26.147460938	0	0	0	0	90.307617188	90.307617188	0	0	0	0	0	0	0	0	0	0	0	0	0	0	0	0	0	0	0	0	0	0	0	0	0	0	0	0	0	0	0	0	0	0	0	0	0	0	0	0	0	0	0	0	0	0	0	0
1789546976527	79835	3571	7	288	12	0	0	3	0	0	0	0	26.103515625	26.103515625	0	0	0	0	90.307617188	90.307617188	0	0	0	0	0	0	0	0	0	0	0	0	0	0	0	0	0	0	0	0	0	0	0	0	0	0	0	0	0	0	0	0	0	0	0	0	0	0	0	0	0	0	0	0	0	0	0	0
1789546976548	79857	3572	7	288	12	0	0	3	0	0	0	0	26.103515625	26.103515625	0	0	0	0	90.307617188	90.307617188	0	0	0	0	0	0	0	0	0	0	0	0	0	0	0	0	0	0	0	0	0	0	0	0	0	0	0	0	0	0	0	0	0	0	0	0	0	0	0	0	0	0	0	0	0	0	0	0
1789546976567	79879	3573	7	288	12	0	0	3	0	0	0	0	26.103515625	26.103515625	0	0	0	0	90.307617188	90.307617188	0	0	0	0	0	0	0	0	0	0	0	0	0	0	0	0	0	0	0	0	0	0	0	0	0	0	0	0	0	0	0	0	0	0	0	0	0	0	0	0	0	0	0	0	0	0	0	0
1789546976594	79901	3574	7	288	12	0	0	3	0	0	0	0	26.103515625	26.103515625	0	0	0	0	90.307617188	90.307617188	0	0	0	0	0	0	0	0	0	0	0	0	0	0	0	0	0	0	0	0	0	0	0	0	0	0	0	0	0	0	0	0	0	0	0	0	0	0	0	0	0	0	0	0	0	0	0	0
1789546976614	79923	3575	7	288	12	0	0	3	0	0	0	0	26.103515625	26.103515625	0	0	0	0	90.307617188	90.307617188	0	0	0	0	0	0	0	0	0	0	0	0	0	0	0	0	0	0	0	0	0	0	0	0	0	0	0	0	0	0	0	0	0	0	0	0	0	0	0	0	0	0	0	0	0	0	0	0
1789546976633	79945	3576	7	288	12	0	0	3	0	0	0	0	26.103515625	26.103515625	0	0	0	0	90.307617188	90.307617188	0	0	0	0	0	0	0	0	0	0	0	0	0	0	0	0	0	0	0	0	0	0	0	0	0	0	0	0	0	0	0	0	0	0	0	0	0	0	0	0	0	0	0	0	0	0	0	0
1789546976661	79967	3577	7	288	12	0	0	3	0	0	0	0	26.103515625	26.103515625	0	0	0	0	90.307617188	90.307617188	0	0	0	0	0	0	0	0	0	0	0	0	0	0	0	0	0	0	0	0	0	0	0	0	0	0	0	0	0	0	0	0	0	0	0	0	0	0	0	0	0	0	0	0	0	0	0	0
1789546976681	79989	3578	7	288	12	0	0	3	0	0	0	0	26.103515625	26.103515625	0	0	0	0	90.307617188	90.307617188	0	0	0	0	0	0	0	0	0	0	0	0	0	0	0	0	0	0	0	0	0	0	0	0	0	0	0	0	0	0	0	0	0	0	0	0	0	0	0	0	0	0	0	0	0	0	0	0
1789546976700	80011	3579	7	288	12	0	0	3	0	0	0	0	26.103515625	26.103515625	0	0	0	0	90.307617188	90.307617188	0	0	0	0	0	0	0	0	0	0	0	0	0	0	0	0	0	0	0	0	0	0	0	0	0	0	0	0	0	0	0	0	0	0	0	0	0	0	0	0	0	0	0	0	0	0	0	0
1789546976727	80033	3580	7	288	12	0	0	3	0	0	0	0	26.103515625	26.103515625	0	0	0	0	90.307617188	90.307617188	0	0	0	0	0	0	0	0	0	0	0	0	0	0	0	0	0	0	0	0	0	0	0	0	0	0	0	0	0	0	0	0	0	0	0	0	0	0	0	0	0	0	0	0	0	0	0	0
1789546976747	80055	3581	7	288	12	0	0	3	0	0	0	0	26.103515625	26.103515625	0	0	0	0	90.307617188	90.307617188	0	0	0	0	0	0	0	0	0	0	0	0	0	0	0	0	0	0	0	0	0	0	0	0	0	0	0	0	0	0	0	0	0	0	0	0	0	0	0	0	0	0	0	0	0	0	0	0
1789546976767	80077	3582	7	288	12	0	0	3	0	0	0	0	26.103515625	26.103515625	0	0	0	0	90.307617188	90.307617188	0	0	0	0	0	0	0	0	0	0	0	0	0	0	0	0	0	0	0	0	0	0	0	0	0	0	0	0	0	0	0	0	0	0	0	0	0	0	0	0	0	0	0	0	0	0	0	0
1789546976787	80099	3583	7	288	12	0	0	3	0	0	0	0	26.103515625	26.103515625	0	0	0	0	90.307617188	90.307617188	0	0	0	0	0	0	0	0	0	0	0	0	0	0	0	0	0	0	0	0	0	0	0	0	0	0	0	0	0	0	0	0	0	0	0	0	0	0	0	0	0	0	0	0	0	0	0	0
1789546976814	80121	3584	7	288	12	0	0	3	0	0	0	0	26.103515625	26.103515625	0	0	0	0	90.307617188	90.307617188	0	0	0	0	0	0	0	0	0	0	0	0	0	0	0	0	0	0	0	0	0	0	0	0	0	0	0	0	0	0	0	0	0	0	0	0	0	0	0	0	0	0	0	0	0	0	0	0
1789546976834	80143	3585	7	288	12	0	0	3	0	0	0	0	26.103515625	26.103515625	0	0	0	0	90.307617188	90.307617188	0	0	0	0	0	0	0	0	0	0	0	0	0	0	0	0	0	0	0	0	0	0	0	0	0	0	0	0	0	0	0	0	0	0	0	0	0	0	0	0	0	0	0	0	0	0	0	0
1789546976854	80165	3586	7	288	12	0	0	3	0	0	0	0	26.103515625	26.103515625	0	0	0	0	90.307617188	90.307617188	0	0	0	0	0	0	0	0	0	0	0	0	0	0	0	0	0	0	0	0	0	0	0	0	0	0	0	0	0	0	0	0	0	0	0	0	0	0	0	0	0	0	0	0	0	0	0	0
1789546976880	80187	3587	7	288	12	0	0	3	0	0	0	0	26.103515625	26.103515625	0	0	0	0	90.307617188	90.307617188	0	0	0	0	0	0	0	0	0	0	0	0	0	0	0	0	0	0	0	0	0	0	0	0	0	0	0	0	0	0	0	0	0	0	0	0	0	0	0	0	0	0	0	0	0	0	0	0
1789546976900	80209	3588	7	288	12	0	0	3	0	0	0	0	26.103515625	26.103515625	0	0	0	0	90.307617188	90.307617188	0	0	0	0	0	0	0	0	0	0	0	0	0	0	0	0	0	0	0	0	0	0	0	0	0	0	0	0	0	0	0	0	0	0	0	0	0	0	0	0	0	0	0	0	0	0	0	0
1789546976919	80231	3589	7	288	12	0	0	3	0	0	0	0	26.103515625	26.103515625	0	0	0	0	90.307617188	90.307617188	0	0	0	0	0	0	0	0	0	0	0	0	0	0	0	0	0	0	0	0	0	0	0	0	0	0	0	0	0	0	0	0	0	0	0	0	0	0	0	0	0	0	0	0	0	0	0	0
1789546976946	80253	3590	7	288	12	0	0	3	0	0	0	0	26.103515625	26.103515625	0	0	0	0	90.307617188	90.307617188	0	0	0	0	0	0	0	0	0	0	0	0	0	0	0	0	0	0	0	0	0	0	0	0	0	0	0	0	0	0	0	0	0	0	0	0	0	0	0	0	0	0	0	0	0	0	0	0
1789546976966	80275	3591	7	288	12	0	0	3	0	0	0	0	26.103515625	26.103515625	0	0	0	0	90.307617188	90.307617188	0	0	0	0	0	0	0	0	0	0	0	0	0	0	0	0	0	0	0	0	0	0	0	0	0	0	0	0	0	0	0	0	0	0	0	0	0	0	0	0	0	0	0	0	0	0	0	0
1789546976985	80297	3592	7	288	12	0	0	3	0	0	0	0	26.103515625	26.103515625	0	0	0	0	90.307617188	90.307617188	0	0	0	0	0	0	0	0	0	0	0	0	0	0	0	0	0	0	0	0	0	0	0	0	0	0	0	0	0	0	0	0	0	0	0	0	0	0	0	0	0	0	0	0	0	0	0	0
1789546977012	80319	3593	7	288	12	0	0	3	0	0	0	0	26.103515625	26.103515625	0	0	0	0	90.307617188	90.307617188	0	0	0	0	0	0	0	0	0	0	0	0	0	0	0	0	0	0	0	0	0	0	0	0	0	0	0	0	0	0	0	0	0	0	0	0	0	0	0	0	0	0	0	0	0	0	0	0
1789546977031	80341	3594	7	288	12	0	0	3	0	0	0	0	26.103515625	26.103515625	0	0	0	0	90.307617188	90.307617188	0	0	0	0	0	0	0	0	0	0	0	0	0	0	0	0	0	0	0	0	0	0	0	0	0	0	0	0	0	0	0	0	0	0	0	0	0	0	0	0	0	0	0	0	0	0	0	0
1789546977051	80363	3595	7	288	12	0	0	3	0	0	0	0	26.103515625	26.103515625	0	0	0	0	90.307617188	90.307617188	0	0	0	0	0	0	0	0	0	0	0	0	0	0	0	0	0	0	0	0	0	0	0	0	0	0	0	0	0	0	0	0	0	0	0	0	0	0	0	0	0	0	0	0	0	0	0	0
1789546977078	80385	3596	7	288	12	0	0	3	0	0	0	0	26.103515625	26.103515625	0	0	0	0	90.307617188	90.307617188	0	0	0	0	0	0	0	0	0	0	0	0	0	0	0	0	0	0	0	0	0	0	0	0	0	0	0	0	0	0	0	0	0	0	0	0	0	0	0	0	0	0	0	0	0	0	0	0
1789546977099	80407	3597	7	288	12	0	0	3	0	0	0	0	26.103515625	26.103515625	0	0	0	0	90.307617188	90.307617188	0	0	0	0	0	0	0	0	0	0	0	0	0	0	0	0	0	0	0	0	0	0	0	0	0	0	0	0	0	0	0	0	0	0	0	0	0	0	0	0	0	0	0	0	0	0	0	0
1789546977120	80429	3598	7	288	12	0	0	3	0	0	0	0	26.103515625	26.103515625	0	0	0	0	90.307617188	90.307617188	0	0	0	0	0	0	0	0	0	0	0	0	0	0	0	0	0	0	0	0	0	0	0	0	0	0	0	0	0	0	0	0	0	0	0	0	0	0	0	0	0	0	0	0	0	0	0	0
1789546977140	80451	3599	7	288	12	0	0	3	0	0	0	0	26.103515625	26.103515625	0	0	0	0	90.307617188	90.307617188	0	0	0	0	0	0	0	0	0	0	0	0	0	0	0	0	0	0	0	0	0	0	0	0	0	0	0	0	0	0	0	0	0	0	0	0	0	0	0	0	0	0	0	0	0	0	0	0
1789546977167	80473	3600	7	288	12	0	0	3	0	0	0	0	26.103515625	26.103515625	0	0	0	0	90.307617188	90.307617188	0	0	0	0	0	0	0	0	0	0	0	0	0	0	0	0	0	0	0	0	0	0	0	0	0	0	0	0	0	0	0	0	0	0	0	0	0	0	0	0	0	0	0	0	0	0	0	0
1789546977187	80495	3601	7	288	12	0	0	3	0	0	0	0	26.103515625	26.103515625	0	0	0	0	90.307617188	90.307617188	0	0	0	0	0	0	0	0	0	0	0	0	0	0	0	0	0	0	0	0	0	0	0	0	0	0	0	0	0	0	0	0	0	0	0	0	0	0	0	0	0	0	0	0	0	0	0	0
1789546977206	80517	3602	7	288	12	0	0	3	0	0	0	0	26.103515625	26.103515625	0	0	0	0	90.307617188	90.307617188	0	0	0	0	0	0	0	0	0	0	0	0	0	0	0	0	0	0	0	0	0	0	0	0	0	0	0	0	0	0	0	0	0	0	0	0	0	0	0	0	0	0	0	0	0	0	0	0
1789546977233	80539	3603	7	288	12	0	0	3	0	0	0	0	26.103515625	26.103515625	0	0	0	0	90.307617188	90.307617188	0	0	0	0	0	0	0	0	0	0	0	0	0	0	0	0	0	0	0	0	0	0	0	0	0	0	0	0	0	0	0	0	0	0	0	0	0	0	0	0	0	0	0	0	0	0	0	0
1789546977254	80561	3604	7	288	12	0	0	3	0	0	0	0	26.103515625	26.103515625	0	0	0	0	90.307617188	90.307617188	0	0	0	0	0	0	0	0	0	0	0	0	0	0	0	0	0	0	0	0	0	0	0	0	0	0	0	0	0	0	0	0	0	0	0	0	0	0	0	0	0	0	0	0	0	0	0	0
1789546977274	80583	3605	7	288	12	0	0	3	0	0	0	0	26.103515625	26.103515625	0	0	0	0	90.307617188	90.307617188	0	0	0	0	0	0	0	0	0	0	0	0	0	0	0	0	0	0	0	0	0	0	0	0	0	0	0	0	0	0	0	0	0	0	0	0	0	0	0	0	0	0	0	0	0	0	0	0
1789546977293	80605	3606	7	288	12	0	0	3	0	0	0	0	26.103515625	26.103515625	0	0	0	0	90.307617188	90.307617188	0	0	0	0	0	0	0	0	0	0	0	0	0	0	0	0	0	0	0	0	0	0	0	0	0	0	0	0	0	0	0	0	0	0	0	0	0	0	0	0	0	0	0	0	0	0	0	0
1789546977320	80627	3607	7	288	12	0	0	3	0	0	0	0	26.103515625	26.103515625	0	0	0	0	90.307617188	90.307617188	0	0	0	0	0	0	0	0	0	0	0	0	0	0	0	0	0	0	0	0	0	0	0	0	0	0	0	0	0	0	0	0	0	0	0	0	0	0	0	0	0	0	0	0	0	0	0	0
1789546977339	80649	3608	7	288	12	0	0	3	0	0	0	0	26.103515625	26.103515625	0	0	0	0	90.307617188	90.307617188	0	0	0	0	0	0	0	0	0	0	0	0	0	0	0	0	0	0	0	0	0	0	0	0	0	0	0	0	0	0	0	0	0	0	0	0	0	0	0	0	0	0	0	0	0	0	0	0
1789546977359	80671	3609	7	288	12	0	0	3	0	0	0	0	26.103515625	26.103515625	0	0	0	0	90.307617188	90.307617188	0	0	0	0	0	0	0	0	0	0	0	0	0	0	0	0	0	0	0	0	0	0	0	0	0	0	0	0	0	0	0	0	0	0	0	0	0	0	0	0	0	0	0	0	0	0	0	0
1789546977385	80693	3610	7	288	12	0	0	3	0	0	0	0	26.103515625	26.103515625	0	0	0	0	90.307617188	90.307617188	0	0	0	0	0	0	0	0	0	0	0	0	0	0	0	0	0	0	0	0	0	0	0	0	0	0	0	0	0	0	0	0	0	0	0	0	0	0	0	0	0	0	0	0	0	0	0	0
1789546977406	80715	3611	7	288	12	0	0	3	0	0	0	0	26.103515625	26.103515625	0	0	0	0	90.307617188	90.307617188	0	0	0	0	0	0	0	0	0	0	0	0	0	0	0	0	0	0	0	0	0	0	0	0	0	0	0	0	0	0	0	0	0	0	0	0	0	0	0	0	0	0	0	0	0	0	0	0
1789546977426	80737	3612	7	288	12	0	0	3	0	0	0	0	26.103515625	26.103515625	0	0	0	0	90.307617188	90.307617188	0	0	0	0	0	0	0	0	0	0	0	0	0	0	0	0	0	0	0	0	0	0	0	0	0	0	0	0	0	0	0	0	0	0	0	0	0	0	0	0	0	0	0	0	0	0	0	0
1789546977452	80759	3613	7	288	12	0	0	3	0	0	0	0	26.103515625	26.103515625	0	0	0	0	90.307617188	90.307617188	0	0	0	0	0	0	0	0	0	0	0	0	0	0	0	0	0	0	0	0	0	0	0	0	0	0	0	0	0	0	0	0	0	0	0	0	0	0	0	0	0	0	0	0	0	0	0	0
1789546977472	80781	3614	7	288	12	0	0	3	0	0	0	0	26.103515625	26.103515625	0	0	0	0	90.307617188	90.307617188	0	0	0	0	0	0	0	0	0	0	0	0	0	0	0	0	0	0	0	0	0	0	0	0	0	0	0	0	0	0	0	0	0	0	0	0	0	0	0	0	0	0	0	0	0	0	0	0
1789546977491	80803	3615	7	288	12	0	0	3	0	0	0	0	26.103515625	26.103515625	0	0	0	0	90.307617188	90.307617188	0	0	0	0	0	0	0	0	0	0	0	0	0	0	0	0	0	0	0	0	0	0	0	0	0	0	0	0	0	0	0	0	0	0	0	0	0	0	0	0	0	0	0	0	0	0	0	0
1789546977517	80825	3616	7	288	12	0	0	3	0	0	0	0	26.103515625	26.103515625	0	0	0	0	90.307617188	90.307617188	0	0	0	0	0	0	0	0	0	0	0	0	0	0	0	0	0	0	0	0	0	0	0	0	0	0	0	0	0	0	0	0	0	0	0	0	0	0	0	0	0	0	0	0	0	0	0	0
1789546977537	80847	3617	7	288	12	0	0	3	0	0	0	0	26.147460938	26.147460938	0	0	0	0	90.307617188	90.307617188	0	0	0	0	0	0	0	0	0	0	0	0	0	0	0	0	0	0	0	0	0	0	0	0	0	0	0	0	0	0	0	0	0	0	0	0	0	0	0	0	0	0	0	0	0	0	0	0
1789546977558	80869	3618	7	288	12	0	0	3	0	0	0	0	26.103515625	26.103515625	0	0	0	0	90.307617188	90.307617188	0	0	0	0	0	0	0	0	0	0	0	0	0	0	0	0	0	0	0	0	0	0	0	0	0	0	0	0	0	0	0	0	0	0	0	0	0	0	0	0	0	0	0	0	0	0	0	0
1789546977585	80891	3619	7	288	12	0	0	3	0	0	0	0	26.103515625	26.103515625	0	0	0	0	90.307617188	90.307617188	0	0	0	0	0	0	0	0	0	0	0	0	0	0	0	0	0	0	0	0	0	0	0	0	0	0	0	0	0	0	0	0	0	0	0	0	0	0	0	0	0	0	0	0	0	0	0	0
1789546977605	80913	3620	7	288	12	0	0	3	0	0	0	0	26.103515625	26.103515625	0	0	0	0	90.307617188	90.307617188	0	0	0	0	0	0	0	0	0	0	0	0	0	0	0	0	0	0	0	0	0	0	0	0	0	0	0	0	0	0	0	0	0	0	0	0	0	0	0	0	0	0	0	0	0	0	0	0
1789546977625	80935	3621	7	288	12	0	0	3	0	0	0	0	26.103515625	26.103515625	0	0	0	0	90.307617188	90.307617188	0	0	0	0	0	0	0	0	0	0	0	0	0	0	0	0	0	0	0	0	0	0	0	0	0	0	0	0	0	0	0	0	0	0	0	0	0	0	0	0	0	0	0	0	0	0	0	0
1789546977651	80957	3622	7	288	12	0	0	3	0	0	0	0	26.103515625	26.103515625	0	0	0	0	90.307617188	90.307617188	0	0	0	0	0	0	0	0	0	0	0	0	0	0	0	0	0	0	0	0	0	0	0	0	0	0	0	0	0	0	0	0	0	0	0	0	0	0	0	0	0	0	0	0	0	0	0	0
1789546977671	80979	3623	7	288	12	0	0	3	0	0	0	0	26.103515625	26.103515625	0	0	0	0	90.307617188	90.307617188	0	0	0	0	0	0	0	0	0	0	0	0	0	0	0	0	0	0	0	0	0	0	0	0	0	0	0	0	0	0	0	0	0	0	0	0	0	0	0	0	0	0	0	0	0	0	0	0
1789546977691	81001	3624	7	288	12	0	0	3	0	0	0	0	26.103515625	26.103515625	0	0	0	0	90.307617188	90.307617188	0	0	0	0	0	0	0	0	0	0	0	0	0	0	0	0	0	0	0	0	0	0	0	0	0	0	0	0	0	0	0	0	0	0	0	0	0	0	0	0	0	0	0	0	0	0	0	0
1789546977711	81023	3625	7	288	12	0	0	3	0	0	0	0	26.103515625	26.103515625	0	0	0	0	90.307617188	90.307617188	0	0	0	0	0	0	0	0	0	0	0	0	0	0	0	0	0	0	0	0	0	0	0	0	0	0	0	0	0	0	0	0	0	0	0	0	0	0	0	0	0	0	0	0	0	0	0	0
1789546977738	81045	3626	7	288	12	0	0	3	0	0	0	0	26.103515625	26.103515625	0	0	0	0	90.307617188	90.307617188	0	0	0	0	0	0	0	0	0	0	0	0	0	0	0	0	0	0	0	0	0	0	0	0	0	0	0	0	0	0	0	0	0	0	0	0	0	0	0	0	0	0	0	0	0	0	0	0
1789546977757	81067	3627	7	288	12	0	0	3	0	0	0	0	26.103515625	26.103515625	0	0	0	0	90.307617188	90.307617188	0	0	0	0	0	0	0	0	0	0	0	0	0	0	0	0	0	0	0	0	0	0	0	0	0	0	0	0	0	0	0	0	0	0	0	0	0	0	0	0	0	0	0	0	0	0	0	0
1789546977782	81089	3628	7	288	12	0	0	3	0	0	0	0	26.103515625	26.103515625	0	0	0	0	90.307617188	90.307617188	0	0	0	0	0	0	0	0	0	0	0	0	0	0	0	0	0	0	0	0	0	0	0	0	0	0	0	0	0	0	0	0	0	0	0	0	0	0	0	0	0	0	0	0	0	0	0	0
1789546977801	81111	3629	7	288	12	0	0	3	0	0	0	0	26.103515625	26.103515625	0	0	0	0	90.307617188	90.307617188	0	0	0	0	0	0	0	0	0	0	0	0	0	0	0	0	0	0	0	0	0	0	0	0	0	0	0	0	0	0	0	0	0	0	0	0	0	0	0	0	0	0	0	0	0	0	0	0
1789546977826	81133	3630	7	288	12	0	0	3	0	0	0	0	26.103515625	26.103515625	0	0	0	0	90.307617188	90.307617188	0	0	0	0	0	0	0	0	0	0	0	0	0	0	0	0	0	0	0	0	0	0	0	0	0	0	0	0	0	0	0	0	0	0	0	0	0	0	0	0	0	0	0	0	0	0	0	0
1789546977846	81155	3631	7	288	12	0	0	3	0	0	0	0	26.103515625	26.103515625	0	0	0	0	90.307617188	90.307617188	0	0	0	0	0	0	0	0	0	0	0	0	0	0	0	0	0	0	0	0	0	0	0	0	0	0	0	0	0	0	0	0	0	0	0	0	0	0	0	0	0	0	0	0	0	0	0	0
1789546977866	81177	3632	7	288	12	0	0	3	0	0	0	0	26.103515625	26.103515625	0	0	0	0	90.307617188	90.307617188	0	0	0	0	0	0	0	0	0	0	0	0	0	0	0	0	0	0	0	0	0	0	0	0	0	0	0	0	0	0	0	0	0	0	0	0	0	0	0	0	0	0	0	0	0	0	0	0
1789546977892	81199	3633	7	288	12	0	0	3	0	0	0	0	26.103515625	26.103515625	0	0	0	0	90.307617188	90.307617188	0	0	0	0	0	0	0	0	0	0	0	0	0	0	0	0	0	0	0	0	0	0	0	0	0	0	0	0	0	0	0	0	0	0	0	0	0	0	0	0	0	0	0	0	0	0	0	0
1789546977912	81221	3634	7	288	12	0	0	3	0	0	0	0	26.103515625	26.103515625	0	0	0	0	90.307617188	90.307617188	0	0	0	0	0	0	0	0	0	0	0	0	0	0	0	0	0	0	0	0	0	0	0	0	0	0	0	0	0	0	0	0	0	0	0	0	0	0	0	0	0	0	0	0	0	0	0	0
1789546977931	81243	3635	7	288	12	0	0	3	0	0	0	0	26.103515625	26.103515625	0	0	0	0	90.307617188	90.307617188	0	0	0	0	0	0	0	0	0	0	0	0	0	0	0	0	0	0	0	0	0	0	0	0	0	0	0	0	0	0	0	0	0	0	0	0	0	0	0	0	0	0	0	0	0	0	0	0
1789546977958	81265	3636	7	288	12	0	0	3	0	0	0	0	26.103515625	26.103515625	0	0	0	0	90.307617188	90.307617188	0	0	0	0	0	0	0	0	0	0	0	0	0	0	0	0	0	0	0	0	0	0	0	0	0	0	0	0	0	0	0	0	0	0	0	0	0	0	0	0	0	0	0	0	0	0	0	0
1789546977977	81287	3637	7	288	12	0	0	3	0	0	0	0	26.103515625	26.103515625	0	0	-6	6	90.307617188	90.307617188	0	0	0	0	0	0	0	0	0	0	0	0	0	0	0	0	0	0	0	0	0	0	0	0	0	0	0	0	0	0	0	0	0	0	0	0	0	0	0	0	0	0	0	0	0	0	0	0
1789546978003	81309	3638	7	288	12	0	0	3	0	0	0	0	26.103515625	26.103515625	0	0	0	0	90.307617188	90.307617188	0	0	0	0	0	0	0	0	0	0	0	0	0	0	0	0	0	0	0	0	0	0	0	0	0	0	0	0	0	0	0	0	0	0	0	0	0	0	0	0	0	0	0	0	0	0	0	0
1789546978024	81331	3639	7	288	12	0	0	3	0	0	0	0	26.103515625	26.103515625	0	0	0	0	90.307617188	90.307617188	0	0	0	0	0	0	0	0	0	0	0	0	0	0	0	0	0	0	0	0	0	0	0	0	0	0	0	0	0	0	0	0	0	0	0	0	0	0	0	0	0	0	0	0	0	0	0	0
1789546978043	81353	3640	7	288	12	0	0	3	0	0	0	0	26.103515625	26.103515625	0	0	0	0	90.307617188	90.307617188	0	0	0	0	0	0	0	0	0	0	0	0	0	0	0	0	0	0	0	0	0	0	0	0	0	0	0	0	0	0	0	0	0	0	0	0	0	0	0	0	0	0	0	0	0	0	0	0
1789546978063	81375	3641	7	288	12	0	0	3	0	0	0	0	26.103515625	26.103515625	0	0	0	0	90.307617188	90.307617188	0	0	0	0	0	0	0	0	0	0	0	0	0	0	0	0	0	0	0	0	0	0	0	0	0	0	0	0	0	0	0	0	0	0	0	0	0	0	0	0	0	0	0	0	0	0	0	0
1789546978089	81397	3642	7	288	12	0	0	3	0	0	0	0	26.103515625	26.103515625	0	0	0	0	90.307617188	90.307617188	0	0	0	0	0	0	0	0	0	0	0	0	0	0	0	0	0	0	0	0	0	0	0	0	0	0	0	0	0	0	0	0	0	0	0	0	0	0	0	0	0	0	0	0	0	0	0	0
1789546978109	81419	3643	7	288	12	0	0	3	0	0	0	0	26.103515625	26.103515625	0	0	0	0	90.307617188	90.307617188	0	0	0	0	0	0	0	0	0	0	0	0	0	0	0	0	0	0	0	0	0	0	0	0	0	0	0	0	0	0	0	0	0	0	0	0	0	0	0	0	0	0	0	0	0	0	0	0
1789546978135	81441	3644	7	288	12	0	0	3	0	0	0	0	26.103515625	26.103515625	0	0	0	0	90.307617188	90.307617188	0	0	0	0	0	0	0	0	0	0	0	0	0	0	0	0	0	0	0	0	0	0	0	0	0	0	0	0	0	0	0	0	0	0	0	0	0	0	0	0	0	0	0	0	0	0	0	0
1789546978156	81463	3645	7	288	12	0	0	3	0	0	0	0	26.103515625	26.103515625	0	0	0	0	90.307617188	90.307617188	0	0	0	0	0	0	0	0	0	0	0	0	0	0	0	0	0	0	0	0	0	0	0	0	0	0	0	0	0	0	0	0	0	0	0	0	0	0	0	0	0	0	0	0	0	0	0	0
1789546978176	81485	3646	7	288	12	0	0	3	0	0	0	0	26.103515625	26.103515625	0	0	0	0	90.307617188	90.307617188	0	0	0	0	0	0	0	0	0	0	0	0	0	0	0	0	0	0	0	0	0	0	0	0	0	0	0	0	0	0	0	0	0	0	0	0	0	0	0	0	0	0	0	0	0	0	0	0
1789546978196	81507	3647	7	288	12	0	0	3	0	0	0	0	26.103515625	26.103515625	0	0	0	0	90.307617188	90.307617188	0	0	0	0	0	0	0	0	0	0	0	0	0	0	0	0	0	0	0	0	0	0	0	0	0	0	0	0	0	0	0	0	0	0	0	0	0	0	0	0	0	0	0	0	0	0	0	0
1789546978222	81529	3648	7	288	12	0	0	3	0	0	0	0	26.103515625	26.103515625	0	0	0	0	90.307617188	90.307617188	0	0	0	0	0	0	0	0	0	0	0	0	0	0	0	0	0	0	0	0	0	0	0	0	0	0	0	0	0	0	0	0	0	0	0	0	0	0	0	0	0	0	0	0	0	0	0	0
1789546978242	81551	3649	7	288	12	0	0	3	0	0	0	0	26.103515625	26.103515625	0	0	0	0	90.307617188	90.307617188	0	0	0	0	0	0	0	0	0	0	0	0	0	0	0	0	0	0	0	0	0	0	0	0	0	0	0	0	0	0	0	0	0	0	0	0	0	0	0	0	0	0	0	0	0	0	0	0
1789546978262	81573	3650	7	288	12	0	0	3	0	0	0	0	26.103515625	26.103515625	0	0	0	0	90.307617188	90.307617188	0	0	0	0	0	0	0	0	0	0	0	0	0	0	0	0	0	0	0	0	0	0	0	0	0	0	0	0	0	0	0	0	0	0	0	0	0	0	0	0	0	0	0	0	0	0	0	0
1789546978288	81595	3651	7	288	12	0	0	3	0	0	0	0	26.103515625	26.103515625	0	0	0	0	90.307617188	90.307617188	0	0	0	0	0	0	0	0	0	0	0	0	0	0	0	0	0	0	0	0	0	0	0	0	0	0	0	0	0	0	0	0	0	0	0	0	0	0	0	0	0	0	0	0	0	0	0	0
1789546978308	81617	3652	7	288	12	0	0	3	0	0	0	0	26.103515625	26.103515625	0	0	0	0	90.307617188	90.307617188	0	0	0	0	0	0	0	0	0	0	0	0	0	0	0	0	0	0	0	0	0	0	0	0	0	0	0	0	0	0	0	0	0	0	0	0	0	0	0	0	0	0	0	0	0	0	0	0
1789546978328	81639	3653	7	288	12	0	0	3	0	0	0	0	26.103515625	26.103515625	0	0	0	0	90.307617188	90.307617188	0	0	0	0	0	0	0	0	0	0	0	0	0	0	0	0	0	0	0	0	0	0	0	0	0	0	0	0	0	0	0	0	0	0	0	0	0	0	0	0	0	0	0	0	0	0	0	0
1789546978355	81661	3654	7	288	12	0	0	3	0	0	0	0	26.103515625	26.103515625	0	0	0	0	90.307617188	90.307617188	0	0	0	0	0	0	0	0	0	0	0	0	0	0	0	0	0	0	0	0	0	0	0	0	0	0	0	0	0	0	0	0	0	0	0	0	0	0	0	0	0	0	0	0	0	0	0	0
1789546978375	81683	3655	7	288	12	0	0	3	0	0	0	0	26.103515625	26.103515625	0	0	0	0	90.307617188	90.307617188	0	0	0	0	0	0	0	0	0	0	0	0	0	0	0	0	0	0	0	0	0	0	0	0	0	0	0	0	0	0	0	0	0	0	0	0	0	0	0	0	0	0	0	0	0	0	0	0
1789546978394	81705	3656	7	288	12	0	0	3	0	0	0	0	26.103515625	26.103515625	0	0	0	0	90.307617188	90.307617188	0	0	0	0	0	0	0	0	0	0	0	0	0	0	0	0	0	0	0	0	0	0	0	0	0	0	0	0	0	0	0	0	0	0	0	0	0	0	0	0	0	0	0	0	0	0	0	0
1789546978421	81727	3657	7	288	12	0	0	3	0	0	0	0	26.103515625	26.103515625	0	0	0	0	90.307617188	90.307617188	0	0	0	0	0	0	0	0	0	0	0	0	0	0	0	0	0	0	0	0	0	0	0	0	0	0	0	0	0	0	0	0	0	0	0	0	0	0	0	0	0	0	0	0	0	0	0	0
1789546978440	81749	3658	7	288	12	0	0	3	0	0	0	0	26.103515625	26.103515625	0	0	0	0	90.307617188	90.307617188	0	0	0	0	0	0	0	0	0	0	0	0	0	0	0	0	0	0	0	0	0	0	0	0	0	0	0	0	0	0	0	0	0	0	0	0	0	0	0	0	0	0	0	0	0	0	0	0
1789546978460	81771	3659	7	288	12	0	0	3	0	0	0	0	26.103515625	26.103515625	0	0	0	0	90.307617188	90.307617188	0	0	0	0	0	0	0	0	0	0	0	0	0	0	0	0	0	0	0	0	0	0	0	0	0	0	0	0	0	0	0	0	0	0	0	0	0	0	0	0	0	0	0	0	0	0	0	0
1789546978487	81793	3660	7	288	12	0	0	3	0	0	0	0	26.103515625	26.103515625	0	0	0	0	90.307617188	90.307617188	0	0	0	0	0	0	0	0	0	0	0	0	0	0	0	0	0	0	0	0	0	0	0	0	0	0	0	0	0	0	0	0	0	0	0	0	0	0	0	0	0	0	0	0	0	0	0	0
1789546978506	81815	3661	7	288	12	0	0	3	0	0	0	0	26.103515625	26.103515625	0	0	0	0	90.307617188	90.307617188	0	0	0	0	0	0	0	0	0	0	0	0	0	0	0	0	0	0	0	0	0	0	0	0	0	0	0	0	0	0	0	0	0	0	0	0	0	0	0	0	0	0	0	0	0	0	0	0
1789546978526	81837	3662	7	288	12	0	0	3	0	0	0	0	26.103515625	26.103515625	0	0	0	0	90.307617188	90.307617188	0	0	0	0	0	0	0	0	0	0	0	0	0	0	0	0	0	0	0	0	0	0	0	0	0	0	0	0	0	0	0	0	0	0	0	0	0	0	0	0	0	0	0	0	0	0	0	0
1789546978552	81859	3663	7	288	12	0	0	3	0	0	0	0	26.103515625	26.103515625	0	0	0	0	90.307617188	90.307617188	0	0	0	0	0	0	0	0	0	0	0	0	0	0	0	0	0	0	0	0	0	0	0	0	0	0	0	0	0	0	0	0	0	0	0	0	0	0	0	0	0	0	0	0	0	0	0	0
1789546978572	81881	3664	7	288	12	0	0	3	0	0	0	0	26.103515625	26.103515625	0	0	0	0	90.307617188	90.307617188	0	0	0	0	0	0	0	0	0	0	0	0	0	0	0	0	0	0	0	0	0	0	0	0	0	0	0	0	0	0	0	0	0	0	0	0	0	0	0	0	0	0	0	0	0	0	0	0
1789546978592	81903	3665	7	288	12	0	0	3	0	0	0	0	26.103515625	26.103515625	0	0	0	0	90.307617188	90.307617188	0	0	0	0	0	0	0	0	0	0	0	0	0	0	0	0	0	0	0	0	0	0	0	0	0	0	0	0	0	0	0	0	0	0	0	0	0	0	0	0	0	0	0	0	0	0	0	0
1789546978619	81925	3666	7	288	12	0	0	3	0	0	0	0	26.103515625	26.103515625	0	0	0	0	90.307617188	90.307617188	0	0	0	0	0	0	0	0	0	0	0	0	0	0	0	0	0	0	0	0	0	0	0	0	0	0	0	0	0	0	0	0	0	0	0	0	0	0	0	0	0	0	0	0	0	0	0	0
1789546978639	81947	3667	7	288	12	0	0	3	0	0	0	0	26.103515625	26.103515625	0	0	0	0	90.307617188	90.307617188	0	0	0	0	0	0	0	0	0	0	0	0	0	0	0	0	0	0	0	0	0	0	0	0	0	0	0	0	0	0	0	0	0	0	0	0	0	0	0	0	0	0	0	0	0	0	0	0
1789546978658	81969	3668	7	288	12	0	0	3	0	0	0	0	26.103515625	26.103515625	0	0	0	0	90.307617188	90.307617188	0	0	0	0	0	0	0	0	0	0	0	0	0	0	0	0	0	0	0	0	0	0	0	0	0	0	0	0	0	0	0	0	0	0	0	0	0	0	0	0	0	0	0	0	0	0	0	0
1789546978685	81991	3669	7	288	12	0	0	3	0	0	0	0	26.103515625	26.103515625	0	0	0	0	90.307617188	90.307617188	0	0	0	0	0	0	0	0	0	0	0	0	0	0	0	0	0	0	0	0	0	0	0	0	0	0	0	0	0	0	0	0	0	0	0	0	0	0	0	0	0	0	0	0	0	0	0	0
1789546978705	82013	3670	7	288	12	0	0	3	0	0	0	0	26.103515625	26.103515625	0	0	0	0	90.307617188	90.307617188	0	0	0	0	0	0	0	0	0	0	0	0	0	0	0	0	0	0	0	0	0	0	0	0	0	0	0	0	0	0	0	0	0	0	0	0	0	0	0	0	0	0	0	0	0	0	0	0
1789546978724	82035	3671	7	288	12	0	0	3	0	0	0	0	26.103515625	26.103515625	0	0	0	0	90.3515625	90.3515625	0	0	0	0	0	0	0	0	0	0	0	0	0	0	0	0	0	0	0	0	0	0	0	0	0	0	0	0	0	0	0	0	0	0	0	0	0	0	0	0	0	0	0	0	0	0	0	0
1789546978751	82057	3672	7	288	12	0	0	3	0	0	0	0	26.103515625	26.103515625	0	0	0	0	90.307617188	90.307617188	0	0	0	0	0	0	0	0	0	0	0	0	0	0	0	0	0	0	0	0	0	0	0	0	0	0	0	0	0	0	0	0	0	0	0	0	0	0	0	0	0	0	0	0	0	0	0	0
1789546978771	82079	3673	7	288	12	0	0	3	0	0	0	0	26.103515625	26.103515625	0	0	0	0	90.307617188	90.307617188	0	0	0	0	0	0	0	0	0	0	0	0	0	0	0	0	0	0	0	0	0	0	0	0	0	0	0	0	0	0	0	0	0	0	0	0	0	0	0	0	0	0	0	0	0	0	0	0
1789546978790	82101	3674	7	288	12	0	0	3	0	0	0	0	26.103515625	26.103515625	0	0	0	0	90.307617188	90.307617188	0	0	0	0	0	0	0	0	0	0	0	0	0	0	0	0	0	0	0	0	0	0	0	0	0	0	0	0	0	0	0	0	0	0	0	0	0	0	0	0	0	0	0	0	0	0	0	0
1789546978816	82123	3675	7	288	12	0	0	3	0	0	0	0	26.103515625	26.103515625	0	0	0	0	90.307617188	90.307617188	0	0	0	0	0	0	0	0	0	0	0	0	0	0	0	0	0	0	0	0	0	0	0	0	0	0	0	0	0	0	0	0	0	0	0	0	0	0	0	0	0	0	0	0	0	0	0	0
1789546978835	82145	3676	7	288	12	0	0	3	0	0	0	0	26.103515625	26.103515625	0	0	0	0	90.307617188	90.307617188	0	0	0	0	0	0	0	0	0	0	0	0	0	0	0	0	0	0	0	0	0	0	0	0	0	0	0	0	0	0	0	0	0	0	0	0	0	0	0	0	0	0	0	0	0	0	0	0
1789546978855	82167	3677	7	288	12	0	0	3	0	0	0	0	26.103515625	26.103515625	0	0	0	0	90.307617188	90.307617188	0	0	0	0	0	0	0	0	0	0	0	0	0	0	0	0	0	0	0	0	0	0	0	0	0	0	0	0	0	0	0	0	0	0	0	0	0	0	0	0	0	0	0	0	0	0	0	0
1789546978881	82189	3678	7	288	12	0	0	3	0	0	0	0	26.103515625	26.103515625	0	0	0	0	90.307617188	90.307617188	0	0	0	0	0	0	0	0	0	0	0	0	0	0	0	0	0	0	0	0	0	0	0	0	0	0	0	0	0	0	0	0	0	0	0	0	0	0	0	0	0	0	0	0	0	0	0	0
1789546978901	82211	3679	7	288	12	0	0	3	0	0	0	0	26.103515625	26.103515625	0	0	0	0	90.307617188	90.307617188	0	0	0	0	0	0	0	0	0	0	0	0	0	0	0	0	0	0	0	0	0	0	0	0	0	0	0	0	0	0	0	0	0	0	0	0	0	0	0	0	0	0	0	0	0	0	0	0
1789546978928	82233	3680	7	288	12	0	0	3	0	0	0	0	26.103515625	26.103515625	0	0	0	0	90.307617188	90.307617188	0	0	0	0	0	0	0	0	0	0	0	0	0	0	0	0	0	0	0	0	0	0	0	0	0	0	0	0	0	0	0	0	0	0	0	0	0	0	0	0	0	0	0	0	0	0	0	0
1789546978947	82255	3681	7	288	12	0	0	3	0	0	0	0	26.103515625	26.103515625	0	0	0	0	90.307617188	90.307617188	0	0	0	0	0	0	0	0	0	0	0	0	0	0	0	0	0	0	0	0	0	0	0	0	0	0	0	0	0	0	0	0	0	0	0	0	0	0	0	0	0	0	0	0	0	0	0	0
1789546978967	82277	3682	7	288	12	0	0	3	0	0	0	0	26.103515625	26.103515625	0	0	0	0	90.307617188	90.307617188	0	0	0	0	0	0	0	0	0	0	0	0	0	0	0	0	0	0	0	0	0	0	0	0	0	0	0	0	0	0	0	0	0	0	0	0	0	0	0	0	0	0	0	0	0	0	0	0
1789546978987	82299	3683	7	288	12	0	0	3	0	0	0	0	26.103515625	26.103515625	0	0	0	0	90.307617188	90.307617188	0	0	0	0	0	0	0	0	0	0	0	0	0	0	0	0	0	0	0	0	0	0	0	0	0	0	0	0	0	0	0	0	0	0	0	0	0	0	0	0	0	0	0	0	0	0	0	0
1789546979013	82321	3684	7	288	12	0	0	3	0	0	0	0	26.103515625	26.103515625	0	0	0	0	90.307617188	90.307617188	0	0	0	0	0	0	0	0	0	0	0	0	0	0	0	0	0	0	0	0	0	0	0	0	0	0	0	0	0	0	0	0	0	0	0	0	0	0	0	0	0	0	0	0	0	0	0	0
1789546979032	82343	3685	7	288	12	0	0	3	0	0	0	0	26.103515625	26.103515625	0	0	0	0	90.307617188	90.307617188	0	0	0	0	0	0	0	0	0	0	0	0	0	0	0	0	0	0	0	0	0	0	0	0	0	0	0	0	0	0	0	0	0	0	0	0	0	0	0	0	0	0	0	0	0	0	0	0
1789546979059	82365	3686	7	288	12	0	0	3	0	0	0	0	26.103515625	26.103515625	0	0	0	0	90.307617188	90.307617188	0	0	0	0	0	0	0	0	0	0	0	0	0	0	0	0	0	0	0	0	0	0	0	0	0	0	0	0	0	0	0	0	0	0	0	0	0	0	0	0	0	0	0	0	0	0	0	0
1789546979079	82387	3687	7	288	12	0	0	3	0	0	0	0	26.103515625	26.103515625	0	0	0	0	90.307617188	90.307617188	0	0	0	0	0	0	0	0	0	0	0	0	0	0	0	0	0	0	0	0	0	0	0	0	0	0	0	0	0	0	0	0	0	0	0	0	0	0	0	0	0	0	0	0	0	0	0	0
1789546979099	82409	3688	7	288	12	0	0	3	0	0	0	0	26.103515625	26.103515625	0	0	0	0	90.307617188	90.307617188	0	0	0	0	0	0	0	0	0	0	0	0	0	0	0	0	0	0	0	0	0	0	0	0	0	0	0	0	0	0	0	0	0	0	0	0	0	0	0	0	0	0	0	0	0	0	0	0
1789546979125	82431	3689	7	288	12	0	0	3	0	0	0	0	26.103515625	26.103515625	0	0	0	0	90.307617188	90.307617188	0	0	0	0	0	0	0	0	0	0	0	0	0	0	0	0	0	0	0	0	0	0	0	0	0	0	0	0	0	0	0	0	0	0	0	0	0	0	0	0	0	0	0	0	0	0	0	0
1789546979146	82453	3690	7	288	12	0	0	3	0	0	0	0	26.103515625	26.103515625	0	0	0	0	90.307617188	90.307617188	0	0	0	0	0	0	0	0	0	0	0	0	0	0	0	0	0	0	0	0	0	0	0	0	0	0	0	0	0	0	0	0	0	0	0	0	0	0	0	0	0	0	0	0	0	0	0	0
1789546979165	82475	3691	7	288	12	0	0	3	0	0	0	0	26.147460938	26.147460938	0	0	0	0	90.307617188	90.307617188	0	0	0	0	0	0	0	0	0	0	0	0	0	0	0	0	0	0	0	0	0	0	0	0	0	0	0	0	0	0	0	0	0	0	0	0	0	0	0	0	0	0	0	0	0	0	0	0
1789546979191	82497	3692	7	288	12	0	0	3	0	0	0	0	26.103515625	26.103515625	0	0	0	0	90.307617188	90.307617188	0	0	0	0	0	0	0	0	0	0	0	0	0	0	0	0	0	0	0	0	0	0	0	0	0	0	0	0	0	0	0	0	0	0	0	0	0	0	0	0	0	0	0	0	0	0	0	0
1789546979211	82519	3693	7	288	12	0	0	3	0	0	0	0	26.103515625	26.103515625	0	0	0	0	90.307617188	90.307617188	0	0	0	0	0	0	0	0	0	0	0	0	0	0	0	0	0	0	0	0	0	0	0	0	0	0	0	0	0	0	0	0	0	0	0	0	0	0	0	0	0	0	0	0	0	0	0	0
1789546979231	82541	3694	7	288	12	0	0	3	0	0	0	0	26.103515625	26.103515625	0	0	0	0	90.307617188	90.307617188	0	0	0	0	0	0	0	0	0	0	0	0	0	0	0	0	0	0	0	0	0	0	0	0	0	0	0	0	0	0	0	0	0	0	0	0	0	0	0	0	0	0	0	0	0	0	0	0
1789546979251	82563	3695	7	288	12	0	0	3	0	0	0	0	26.103515625	26.103515625	0	0	0	0	90.307617188	90.307617188	0	0	0	0	0	0	0	0	0	0	0	0	0	0	0	0	0	0	0	0	0	0	0	0	0	0	0	0	0	0	0	0	0	0	0	0	0	0	0	0	0	0	0	0	0	0	0	0
1789546979277	82585	3696	7	288	12	0	0	3	0	0	0	0	26.103515625	26.103515625	0	0	0	0	90.307617188	90.307617188	0	0	0	0	0	0	0	0	0	0	0	0	0	0	0	0	0	0	0	0	0	0	0	0	0	0	0	0	0	0	0	0	0	0	0	0	0	0	0	0	0	0	0	0	0	0	0	0
1789546979297	82607	3697	7	288	12	0	0	3	0	0	0	0	26.103515625	26.103515625	0	0	0	0	90.307617188	90.307617188	0	0	0	0	0	0	0	0	0	0	0	0	0	0	0	0	0	0	0	0	0	0	0	0	0	0	0	0	0	0	0	0	0	0	0	0	0	0	0	0	0	0	0	0	0	0	0	0
1789546979323	82629	3698	7	288	12	0	0	3	0	0	0	0	26.103515625	26.103515625	0	0	0	0	90.307617188	90.307617188	0	0	0	0	0	0	0	0	0	0	0	0	0	0	0	0	0	0	0	0	0	0	0	0	0	0	0	0	0	0	0	0	0	0	0	0	0	0	0	0	0	0	0	0	0	0	0	0
1789546979343	82651	3699	7	288	12	0	0	3	0	0	0	0	26.103515625	26.103515625	0	0	0	0	90.307617188	90.307617188	0	0	0	0	0	0	0	0	0	0	0	0	0	0	0	0	0	0	0	0	0	0	0	0	0	0	0	0	0	0	0	0	0	0	0	0	0	0	0	0	0	0	0	0	0	0	0	0
1789546979362	82673	3700	7	288	12	0	0	3	0	0	0	0	26.103515625	26.103515625	0	0	0	0	90.307617188	90.307617188	0	0	0	0	0	0	0	0	0	0	0	0	0	0	0	0	0	0	0	0	0	0	0	0	0	0	0	0	0	0	0	0	0	0	0	0	0	0	0	0	0	0	0	0	0	0	0	0
1789546979389	82695	3701	7	288	12	0	0	3	0	0	0	0	26.103515625	26.103515625	0	0	0	0	90.307617188	90.307617188	0	0	0	0	0	0	0	0	0	0	0	0	0	0	0	0	0	0	0	0	0	0	0	0	0	0	0	0	0	0	0	0	0	0	0	0	0	0	0	0	0	0	0	0	0	0	0	0
1789546979409	82717	3702	7	288	12	0	0	3	0	0	0	0	26.103515625	26.103515625	0	0	0	0	90.307617188	90.307617188	0	0	0	0	0	0	0	0	0	0	0	0	0	0	0	0	0	0	0	0	0	0	0	0	0	0	0	0	0	0	0	0	0	0	0	0	0	0	0	0	0	0	0	0	0	0	0	0
1789546979429	82739	3703	7	288	12	0	0	3	0	0	0	0	26.103515625	26.103515625	0	0	0	0	90.307617188	90.307617188	0	0	0	0	0	0	0	0	0	0	0	0	0	0	0	0	0	0	0	0	0	0	0	0	0	0	0	0	0	0	0	0	0	0	0	0	0	0	0	0	0	0	0	0	0	0	0	0
1789546979449	82761	3704	7	288	12	0	0	3	0	0	0	0	26.103515625	26.103515625	0	0	0	0	90.307617188	90.307617188	0	0	0	0	0	0	0	0	0	0	0	0	0	0	0	0	0	0	0	0	0	0	0	0	0	0	0	0	0	0	0	0	0	0	0	0	0	0	0	0	0	0	0	0	0	0	0	0
1789546979475	82783	3705	7	288	12	0	0	3	0	0	0	0	26.103515625	26.103515625	0	0	0	0	90.307617188	90.307617188	0	0	0	0	0	0	0	0	0	0	0	0	0	0	0	0	0	0	0	0	0	0	0	0	0	0	0	0	0	0	0	0	0	0	0	0	0	0	0	0	0	0	0	0	0	0	0	0
1789546979495	82805	3706	7	288	12	0	0	3	0	0	0	0	26.103515625	26.103515625	0	0	0	0	90.307617188	90.307617188	0	0	0	0	0	0	0	0	0	0	0	0	0	0	0	0	0	0	0	0	0	0	0	0	0	0	0	0	0	0	0	0	0	0	0	0	0	0	0	0	0	0	0	0	0	0	0	0
1789546979515	82827	3707	7	288	12	0	0	3	0	0	0	0	26.103515625	26.103515625	0	0	0	0	90.307617188	90.307617188	0	0	0	0	0	0	0	0	0	0	0	0	0	0	0	0	0	0	0	0	0	0	0	0	0	0	0	0	0	0	0	0	0	0	0	0	0	0	0	0	0	0	0	0	0	0	0	0
1789546979542	82849	3708	7	288	12	0	0	3	0	0	0	0	26.103515625	26.103515625	0	0	0	0	90.307617188	90.307617188	0	0	0	0	0	0	0	0	0	0	0	0	0	0	0	0	0	0	0	0	0	0	0	0	0	0	0	0	0	0	0	0	0	0	0	0	0	0	0	0	0	0	0	0	0	0	0	0
1789546979562	82871	3709	7	288	12	0	0	3	0	0	0	0	26.103515625	26.103515625	0	0	0	0	90.307617188	90.307617188	0	0	0	0	0	0	0	0	0	0	0	0	0	0	0	0	0	0	0	0	0	0	0	0	0	0	0	0	0	0	0	0	0	0	0	0	0	0	0	0	0	0	0	0	0	0	0	0
1789546979582	82893	3710	7	288	12	0	0	3	0	0	0	0	26.103515625	26.103515625	0	0	0	0	90.307617188	90.307617188	0	0	0	0	0	0	0	0	0	0	0	0	0	0	0	0	0	0	0	0	0	0	0	0	0	0	0	0	0	0	0	0	0	0	0	0	0	0	0	0	0	0	0	0	0	0	0	0
1789546979608	82915	3711	7	288	12	0	0	3	0	0	0	0	26.103515625	26.103515625	0	0	0	0	90.307617188	90.307617188	0	0	0	0	0	0	0	0	0	0	0	0	0	0	0	0	0	0	0	0	0	0	0	0	0	0	0	0	0	0	0	0	0	0	0	0	0	0	0	0	0	0	0	0	0	0	0	0
1789546979629	82937	3712	7	288	12	0	0	3	0	0	0	0	26.103515625	26.103515625	0	0	0	0	90.307617188	90.307617188	0	0	0	0	0	0	0	0	0	0	0	0	0	0	0	0	0	0	0	0	0	0	0	0	0	0	0	0	0	0	0	0	0	0	0	0	0	0	0	0	0	0	0	0	0	0	0	0
1789546979649	82959	3713	7	288	12	0	0	3	0	0	0	0	26.103515625	26.103515625	0	0	0	0	90.307617188	90.307617188	0	0	0	0	0	0	0	0	0	0	0	0	0	0	0	0	0	0	0	0	0	0	0	0	0	0	0	0	0	0	0	0	0	0	0	0	0	0	0	0	0	0	0	0	0	0	0	0
1789546979676	82981	3714	7	288	12	0	0	3	0	0	0	0	26.103515625	26.103515625	0	0	0	0	90.307617188	90.307617188	0	0	0	0	0	0	0	0	0	0	0	0	0	0	0	0	0	0	0	0	0	0	0	0	0	0	0	0	0	0	0	0	0	0	0	0	0	0	0	0	0	0	0	0	0	0	0	0
1789546979695	83003	3715	7	288	12	0	0	3	0	0	0	0	26.103515625	26.103515625	0	0	0	0	90.307617188	90.307617188	0	0	0	0	0	0	0	0	0	0	0	0	0	0	0	0	0	0	0	0	0	0	0	0	0	0	0	0	0	0	0	0	0	0	0	0	0	0	0	0	0	0	0	0	0	0	0	0
1789546979715	83025	3716	7	288	12	0	0	3	0	0	0	0	26.103515625	26.103515625	0	0	0	0	90.307617188	90.307617188	0	0	0	0	0	0	0	0	0	0	0	0	0	0	0	0	0	0	0	0	0	0	0	0	0	0	0	0	0	0	0	0	0	0	0	0	0	0	0	0	0	0	0	0	0	0	0	0
1789546979735	83047	3717	7	288	12	0	0	3	0	0	0	0	26.103515625	26.103515625	0	0	0	0	90.307617188	90.307617188	0	0	0	0	0	0	0	0	0	0	0	0	0	0	0	0	0	0	0	0	0	0	0	0	0	0	0	0	0	0	0	0	0	0	0	0	0	0	0	0	0	0	0	0	0	0	0	0
1789546979761	83069	3718	7	288	12	0	0	3	0	0	0	0	26.103515625	26.103515625	0	0	0	0	90.307617188	90.307617188	0	0	0	0	0	0	0	0	0	0	0	0	0	0	0	0	0	0	0	0	0	0	0	0	0	0	0	0	0	0	0	0	0	0	0	0	0	0	0	0	0	0	0	0	0	0	0	0
1789546979781	83091	3719	7	288	12	0	0	3	0	0	0	0	26.103515625	26.103515625	0	0	0	0	90.307617188	90.307617188	0	0	0	0	0	0	0	0	0	0	0	0	0	0	0	0	0	0	0	0	0	0	0	0	0	0	0	0	0	0	0	0	0	0	0	0	0	0	0	0	0	0	0	0	0	0	0	0
1789546979807	83113	3720	7	288	12	0	0	3	0	0	0	0	26.103515625	26.103515625	0	0	0	0	90.307617188	90.307617188	0	0	0	0	0	0	0	0	0	0	0	0	0	0	0	0	0	0	0	0	0	0	0	0	0	0	0	0	0	0	0	0	0	0	0	0	0	0	0	0	0	0	0	0	0	0	0	0
1789546979827	83135	3721	7	288	12	0	0	3	0	0	0	0	26.103515625	26.103515625	0	0	0	0	90.307617188	90.307617188	0	0	0	0	0	0	0	0	0	0	0	0	0	0	0	0	0	0	0	0	0	0	0	0	0	0	0	0	0	0	0	0	0	0	0	0	0	0	0	0	0	0	0	0	0	0	0	0
1789546979847	83157	3722	7	288	12	0	0	3	0	0	0	0	26.103515625	26.103515625	0	0	0	0	90.307617188	90.307617188	0	0	0	0	0	0	0	0	0	0	0	0	0	0	0	0	0	0	0	0	0	0	0	0	0	0	0	0	0	0	0	0	0	0	0	0	0	0	0	0	0	0	0	0	0	0	0	0
1789546979873	83179	3723	7	288	12	0	0	3	0	0	0	0	26.103515625	26.103515625	0	0	0	0	90.307617188	90.307617188	0	0	0	0	0	0	0	0	0	0	0	0	0	0	0	0	0	0	0	0	0	0	0	0	0	0	0	0	0	0	0	0	0	0	0	0	0	0	0	0	0	0	0	0	0	0	0	0
1789546979893	83201	3724	7	288	12	0	0	3	0	0	0	0	26.103515625	26.103515625	0	0	0	0	90.307617188	90.307617188	0	0	0	0	0	0	0	0	0	0	0	0	0	0	0	0	0	0	0	0	0	0	0	0	0	0	0	0	0	0	0	0	0	0	0	0	0	0	0	0	0	0	0	0	0	0	0	0
1789546979912	83223	3725	7	288	12	0	0	3	0	0	0	0	26.103515625	26.103515625	0	0	0	0	90.307617188	90.307617188	0	0	0	0	0	0	0	0	0	0	0	0	0	0	0	0	0	0	0	0	0	0	0	0	0	0	0	0	0	0	0	0	0	0	0	0	0	0	0	0	0	0	0	0	0	0	0	0
1789546979939	83245	3726	7	288	12	0	0	3	0	0	0	0	26.103515625	26.103515625	0	0	0	0	90.307617188	90.307617188	0	0	0	0	0	0	0	0	0	0	0	0	0	0	0	0	0	0	0	0	0	0	0	0	0	0	0	0	0	0	0	0	0	0	0	0	0	0	0	0	0	0	0	0	0	0	0	0
1789546979958	83267	3727	7	288	12	0	0	3	0	0	0	0	26.103515625	26.103515625	0	0	0	0	90.307617188	90.307617188	0	0	0	0	0	0	0	0	0	0	0	0	0	0	0	0	0	0	0	0	0	0	0	0	0	0	0	0	0	0	0	0	0	0	0	0	0	0	0	0	0	0	0	0	0	0	0	0
1789546979978	83289	3728	7	288	12	0	0	3	0	0	0	0	26.103515625	26.103515625	0	0	0	0	90.307617188	90.307617188	0	0	0	0	0	0	0	0	0	0	0	0	0	0	0	0	0	0	0	0	0	0	0	0	0	0	0	0	0	0	0	0	0	0	0	0	0	0	0	0	0	0	0	0	0	0	0	0
1789546980005	83311	3729	7	288	12	0	0	3	0	0	0	0	26.103515625	26.103515625	0	0	0	0	90.307617188	90.307617188	0	0	0	0	0	0	0	0	0	0	0	0	0	0	0	0	0	0	0	0	0	0	0	0	0	0	0	0	0	0	0	0	0	0	0	0	0	0	0	0	0	0	0	0	0	0	0	0
1789546980025	83333	3730	7	288	12	0	0	3	0	0	0	0	26.103515625	26.103515625	0	0	0	0	90.307617188	90.307617188	0	0	0	0	0	0	0	0	0	0	0	0	0	0	0	0	0	0	0	0	0	0	0	0	0	0	0	0	0	0	0	0	0	0	0	0	0	0	0	0	0	0	0	0	0	0	0	0
1789546980044	83355	3731	7	288	12	0	0	3	0	0	0	0	26.103515625	26.103515625	0	0	0	0	90.307617188	90.307617188	0	0	0	0	0	0	0	0	0	0	0	0	0	0	0	0	0	0	0	0	0	0	0	0	0	0	0	0	0	0	0	0	0	0	0	0	0	0	0	0	0	0	0	0	0	0	0	0
1789546980071	83377	3732	7	288	12	0	0	3	0	0	0	0	26.103515625	26.103515625	0	0	0	0	90.307617188	90.307617188	0	0	0	0	0	0	0	0	0	0	0	0	0	0	0	0	0	0	0	0	0	0	0	0	0	0	0	0	0	0	0	0	0	0	0	0	0	0	0	0	0	0	0	0	0	0	0	0
1789546980090	83399	3733	7	288	12	0	0	3	0	0	0	0	26.103515625	26.103515625	0	0	0	0	90.307617188	90.307617188	0	0	0	0	0	0	0	0	0	0	0	0	0	0	0	0	0	0	0	0	0	0	0	0	0	0	0	0	0	0	0	0	0	0	0	0	0	0	0	0	0	0	0	0	0	0	0	0
1789546980110	83421	3734	7	288	12	0	0	3	0	0	0	0	26.103515625	26.103515625	0	0	0	0	90.307617188	90.307617188	0	0	0	0	0	0	0	0	0	0	0	0	0	0	0	0	0	0	0	0	0	0	0	0	0	0	0	0	0	0	0	0	0	0	0	0	0	0	0	0	0	0	0	0	0	0	0	0
1789546980137	83443	3735	7	288	12	0	0	3	0	0	0	0	26.103515625	26.103515625	0	0	0	0	90.307617188	90.307617188	0	0	0	0	0	0	0	0	0	0	0	0	0	0	0	0	0	0	0	0	0	0	0	0	0	0	0	0	0	0	0	0	0	0	0	0	0	0	0	0	0	0	0	0	0	0	0	0
1789546980157	83465	3736	7	288	12	0	0	3	0	0	0	0	26.103515625	26.103515625	0	0	0	0	90.307617188	90.307617188	0	0	0	0	0	0	0	0	0	0	0	0	0	0	0	0	0	0	0	0	0	0	0	0	0	0	0	0	0	0	0	0	0	0	0	0	0	0	0	0	0	0	0	0	0	0	0	0
1789546980177	83487	3737	7	288	12	0	0	3	0	0	0	0	26.103515625	26.103515625	0	0	0	0	90.307617188	90.307617188	0	0	0	0	0	0	0	0	0	0	0	0	0	0	0	0	0	0	0	0	0	0	0	0	0	0	0	0	0	0	0	0	0	0	0	0	0	0	0	0	0	0	0	0	0	0	0	0
1789546980203	83509	3738	7	288	12	0	0	3	0	0	0	0	26.103515625	26.103515625	0	0	0	0	90.307617188	90.307617188	0	0	0	0	0	0	0	0	0	0	0	0	0	0	0	0	0	0	0	0	0	0	0	0	0	0	0	0	0	0	0	0	0	0	0	0	0	0	0	0	0	0	0	0	0	0	0	0
1789546980222	83531	3739	7	288	12	0	0	3	0	0	0	0	26.103515625	26.103515625	0	0	0	0	90.307617188	90.307617188	0	0	0	0	0	0	0	0	0	0	0	0	0	0	0	0	0	0	0	0	0	0	0	0	0	0	0	0	0	0	0	0	0	0	0	0	0	0	0	0	0	0	0	0	0	0	0	0
1789546980242	83553	3740	7	288	12	0	0	3	0	0	0	0	26.103515625	26.103515625	0	0	0	0	90.307617188	90.307617188	0	0	0	0	0	0	0	0	0	0	0	0	0	0	0	0	0	0	0	0	0	0	0	0	0	0	0	0	0	0	0	0	0	0	0	0	0	0	0	0	0	0	0	0	0	0	0	0
1789546980268	83575	3741	7	288	12	0	0	3	0	0	0	0	26.103515625	26.103515625	0	0	0	0	90.307617188	90.307617188	0	0	0	0	0	0	0	0	0	0	0	0	0	0	0	0	0	0	0	0	0	0	0	0	0	0	0	0	0	0	0	0	0	0	0	0	0	0	0	0	0	0	0	0	0	0	0	0
1789546980289	83597	3742	7	288	12	0	0	3	0	0	0	0	26.103515625	26.103515625	0	0	0	0	90.307617188	90.307617188	0	0	0	0	0	0	0	0	0	0	0	0	0	0	0	0	0	0	0	0	0	0	0	0	0	0	0	0	0	0	0	0	0	0	0	0	0	0	0	0	0	0	0	0	0	0	0	0
1789546980309	83619	3743	7	288	12	0	0	3	0	0	0	0	26.103515625	26.103515625	0	0	0	0	90.307617188	90.307617188	0	0	0	0	0	0	0	0	0	0	0	0	0	0	0	0	0	0	0	0	0	0	0	0	0	0	0	0	0	0	0	0	0	0	0	0	0	0	0	0	0	0	0	0	0	0	0	0
1789546980335	83641	3744	7	288	12	0	0	3	0	0	0	0	26.147460938	26.147460938	0	0	0	0	90.307617188	90.307617188	0	0	0	0	0	0	0	0	0	0	0	0	0	0	0	0	0	0	0	0	0	0	0	0	0	0	0	0	0	0	0	0	0	0	0	0	0	0	0	0	0	0	0	0	0	0	0	0
1789546980355	83663	3745	7	288	12	0	0	3	0	0	0	0	26.103515625	26.103515625	0	0	0	0	90.307617188	90.307617188	0	0	0	0	0	0	0	0	0	0	0	0	0	0	0	0	0	0	0	0	0	0	0	0	0	0	0	0	0	0	0	0	0	0	0	0	0	0	0	0	0	0	0	0	0	0	0	0
1789546980374	83685	3746	7	288	12	0	0	3	0	0	0	0	26.103515625	26.103515625	0	0	0	0	90.307617188	90.307617188	0	0	0	0	0	0	0	0	0	0	0	0	0	0	0	0	0	0	0	0	0	0	0	0	0	0	0	0	0	0	0	0	0	0	0	0	0	0	0	0	0	0	0	0	0	0	0	0
1789546980401	83707	3747	7	288	12	0	0	3	0	0	0	0	26.103515625	26.103515625	0	0	0	0	90.307617188	90.307617188	0	0	0	0	0	0	0	0	0	0	0	0	0	0	0	0	0	0	0	0	0	0	0	0	0	0	0	0	0	0	0	0	0	0	0	0	0	0	0	0	0	0	0	0	0	0	0	0
1789546980421	83729	3748	7	288	12	0	0	3	0	0	0	0	26.103515625	26.103515625	0	0	0	0	90.307617188	90.307617188	0	0	0	0	0	0	0	0	0	0	0	0	0	0	0	0	0	0	0	0	0	0	0	0	0	0	0	0	0	0	0	0	0	0	0	0	0	0	0	0	0	0	0	0	0	0	0	0
1789546980441	83751	3749	7	288	12	0	0	3	0	0	0	0	26.103515625	26.103515625	0	0	0	0	90.307617188	90.307617188	0	0	0	0	0	0	0	0	0	0	0	0	0	0	0	0	0	0	0	0	0	0	0	0	0	0	0	0	0	0	0	0	0	0	0	0	0	0	0	0	0	0	0	0	0	0	0	0
1789546980467	83773	3750	7	288	12	0	0	3	0	0	0	0	26.103515625	26.103515625	0	0	0	0	90.307617188	90.307617188	0	0	0	0	0	0	0	0	0	0	0	0	0	0	0	0	0	0	0	0	0	0	0	0	0	0	0	0	0	0	0	0	0	0	0	0	0	0	0	0	0	0	0	0	0	0	0	0
1789546980487	83795	3751	7	288	12	0	0	3	0	0	0	0	26.103515625	26.103515625	0	0	0	0	90.307617188	90.307617188	0	0	0	0	0	0	0	0	0	0	0	0	0	0	0	0	0	0	0	0	0	0	0	0	0	0	0	0	0	0	0	0	0	0	0	0	0	0	0	0	0	0	0	0	0	0	0	0
1789546980507	83817	3752	7	288	12	0	0	3	0	0	0	0	26.103515625	26.103515625	0	0	0	0	90.307617188	90.307617188	0	0	0	0	0	0	0	0	0	0	0	0	0	0	0	0	0	0	0	0	0	0	0	0	0	0	0	0	0	0	0	0	0	0	0	0	0	0	0	0	0	0	0	0	0	0	0	0
1789546980533	83839	3753	7	288	12	0	0	3	0	0	0	0	26.103515625	26.103515625	0	0	0	0	90.307617188	90.307617188	0	0	0	0	0	0	0	0	0	0	0	0	0	0	0	0	0	0	0	0	0	0	0	0	0	0	0	0	0	0	0	0	0	0	0	0	0	0	0	0	0	0	0	0	0	0	0	0
1789546980553	83861	3754	7	288	12	0	0	3	0	0	0	0	26.103515625	26.103515625	0	0	0	0	90.307617188	90.307617188	0	0	0	0	0	0	0	0	0	0	0	0	0	0	0	0	0	0	0	0	0	0	0	0	0	0	0	0	0	0	0	0	0	0	0	0	0	0	0	0	0	0	0	0	0	0	0	0
1789546980573	83883	3755	7	288	12	0	0	3	0	0	0	0	26.103515625	26.103515625	0	0	0	0	90.307617188	90.307617188	0	0	0	0	0	0	0	0	0	0	0	0	0	0	0	0	0	0	0	0	0	0	0	0	0	0	0	0	0	0	0	0	0	0	0	0	0	0	0	0	0	0	0	0	0	0	0	0
1789546980593	83905	3756	7	288	12	0	0	3	0	0	0	0	26.103515625	26.103515625	0	0	0	0	90.307617188	90.307617188	0	0	0	0	0	0	0	0	0	0	0	0	0	0	0	0	0	0	0	0	0	0	0	0	0	0	0	0	0	0	0	0	0	0	0	0	0	0	0	0	0	0	0	0	0	0	0	0
1789546980619	83927	3757	7	288	12	0	0	3	0	0	0	0	26.103515625	26.103515625	0	0	0	0	90.307617188	90.307617188	0	0	0	0	0	0	0	0	0	0	0	0	0	0	0	0	0	0	0	0	0	0	0	0	0	0	0	0	0	0	0	0	0	0	0	0	0	0	0	0	0	0	0	0	0	0	0	0
1789546980640	83949	3758	7	288	12	0	0	3	0	0	0	0	26.103515625	26.103515625	0	0	0	0	90.307617188	90.307617188	0	0	0	0	0	0	0	0	0	0	0	0	0	0	0	0	0	0	0	0	0	0	0	0	0	0	0	0	0	0	0	0	0	0	0	0	0	0	0	0	0	0	0	0	0	0	0	0
1789546980660	83971	3759	7	288	12	0	0	3	0	0	0	0	26.103515625	26.103515625	0	0	0	0	90.307617188	90.307617188	0	0	0	0	0	0	0	0	0	0	0	0	0	0	0	0	0	0	0	0	0	0	0	0	0	0	0	0	0	0	0	0	0	0	0	0	0	0	0	0	0	0	0	0	0	0	0	0
1789546980686	83993	3760	7	288	12	0	0	3	0	0	0	0	26.103515625	26.103515625	0	0	0	0	90.307617188	90.307617188	0	0	0	0	0	0	0	0	0	0	0	0	0	0	0	0	0	0	0	0	0	0	0	0	0	0	0	0	0	0	0	0	0	0	0	0	0	0	0	0	0	0	0	0	0	0	0	0
1789546980706	84015	3761	7	288	12	0	0	3	0	0	0	0	26.103515625	26.103515625	0	0	0	0	90.307617188	90.307617188	0	0	0	0	0	0	0	0	0	0	0	0	0	0	0	0	0	0	0	0	0	0	0	0	0	0	0	0	0	0	0	0	0	0	0	0	0	0	0	0	0	0	0	0	0	0	0	0
1789546980726	84037	3762	7	288	12	0	0	3	0	0	0	0	26.103515625	26.103515625	0	0	0	0	90.307617188	90.307617188	0	0	0	0	0	0	0	0	0	0	0	0	0	0	0	0	0	0	0	0	0	0	0	0	0	0	0	0	0	0	0	0	0	0	0	0	0	0	0	0	0	0	0	0	0	0	0	0
1789546980753	84059	3763	7	288	12	0	0	3	0	0	0	0	26.103515625	26.103515625	0	0	0	0	90.307617188	90.307617188	0	0	0	0	0	0	0	0	0	0	0	0	0	0	0	0	0	0	0	0	0	0	0	0	0	0	0	0	0	0	0	0	0	0	0	0	0	0	0	0	0	0	0	0	0	0	0	0
1789546980773	84081	3764	7	288	12	0	0	3	0	0	0	0	26.103515625	26.103515625	0	0	0	0	90.307617188	90.307617188	0	0	0	0	0	0	0	0	0	0	0	0	0	0	0	0	0	0	0	0	0	0	0	0	0	0	0	0	0	0	0	0	0	0	0	0	0	0	0	0	0	0	0	0	0	0	0	0
1789546980792	84103	3765	7	288	12	0	0	3	0	0	0	0	26.103515625	26.103515625	0	0	0	0	90.307617188	90.307617188	0	0	0	0	0	0	0	0	0	0	0	0	0	0	0	0	0	0	0	0	0	0	0	0	0	0	0	0	0	0	0	0	0	0	0	0	0	0	0	0	0	0	0	0	0	0	0	0
1789546980819	84125	3766	7	288	12	0	0	3	0	0	0	0	26.103515625	26.103515625	0	0	0	0	90.307617188	90.307617188	0	0	0	0	0	0	0	0	0	0	0	0	0	0	0	0	0	0	0	0	0	0	0	0	0	0	0	0	0	0	0	0	0	0	0	0	0	0	0	0	0	0	0	0	0	0	0	0
1789546980838	84147	3767	7	288	12	0	0	3	0	0	0	0	26.103515625	26.103515625	0	0	0	0	90.307617188	90.307617188	0	0	-6	6	0	0	0	0	0	0	0	0	0	0	0	0	0	0	0	0	0	0	0	0	0	0	0	0	0	0	0	0	0	0	0	0	0	0	0	0	0	0	0	0	0	0	0	0
1789546980858	84169	3768	7	288	12	0	0	3	0	0	0	0	26.103515625	26.103515625	0	0	0	0	90.307617188	90.307617188	0	0	0	0	0	0	0	0	0	0	0	0	0	0	0	0	0	0	0	0	0	0	0	0	0	0	0	0	0	0	0	0	0	0	0	0	0	0	0	0	0	0	0	0	0	0	0	0
1789546980885	84191	3769	7	288	12	0	0	3	0	0	0	0	26.103515625	26.103515625	0	0	0	0	90.307617188	90.307617188	0	0	0	0	0	0	0	0	0	0	0	0	0	0	0	0	0	0	0	0	0	0	0	0	0	0	0	0	0	0	0	0	0	0	0	0	0	0	0	0	0	0	0	0	0	0	0	0
1789546980904	84213	3770	7	288	12	0	0	3	0	0	0	0	26.103515625	26.103515625	0	0	0	0	90.307617188	90.307617188	0	0	0	0	0	0	0	0	0	0	0	0	0	0	0	0	0	0	0	0	0	0	0	0	0	0	0	0	0	0	0	0	0	0	0	0	0	0	0	0	0	0	0	0	0	0	0	0
1789546980924	84235	3771	7	288	12	0	0	3	0	0	0	0	26.103515625	26.103515625	0	0	0	0	90.307617188	90.307617188	0	0	0	0	0	0	0	0	0	0	0	0	0	0	0	0	0	0	0	0	0	0	0	0	0	0	0	0	0	0	0	0	0	0	0	0	0	0	0	0	0	0	0	0	0	0	0	0
1789546980950	84257	3772	7	288	12	0	0	3	0	0	0	0	26.103515625	26.103515625	0	0	0	0	90.307617188	90.307617188	0	0	0	0	0	0	0	0	0	0	0	0	0	0	0	0	0	0	0	0	0	0	0	0	0	0	0	0	0	0	0	0	0	0	0	0	0	0	0	0	0	0	0	0	0	0	0	0
1789546980970	84279	3773	7	288	12	0	0	3	0	0	0	0	26.103515625	26.103515625	0	0	0	0	90.307617188	90.307617188	0	0	0	0	0	0	0	0	0	0	0	0	0	0	0	0	0	0	0	0	0	0	0	0	0	0	0	0	0	0	0	0	0	0	0	0	0	0	0	0	0	0	0	0	0	0	0	0
1789546980989	84301	3774	7	288	12	0	0	3	0	0	0	0	26.103515625	26.103515625	0	0	0	0	90.307617188	90.307617188	0	0	0	0	0	0	0	0	0	0	0	0	0	0	0	0	0	0	0	0	0	0	0	0	0	0	0	0	0	0	0	0	0	0	0	0	0	0	0	0	0	0	0	0	0	0	0	0
1789546981016	84323	3775	7	288	12	0	0	3	0	0	0	0	26.103515625	26.103515625	0	0	0	0	90.307617188	90.307617188	0	0	0	0	0	0	0	0	0	0	0	0	0	0	0	0	0	0	0	0	0	0	0	0	0	0	0	0	0	0	0	0	0	0	0	0	0	0	0	0	0	0	0	0	0	0	0	0
1789546981036	84345	3776	7	288	12	0	0	3	0	0	0	0	26.103515625	26.103515625	0	0	0	0	90.307617188	90.307617188	0	0	0	0	0	0	0	0	0	0	0	0	0	0	0	0	0	0	0	0	0	0	0	0	0	0	0	0	0	0	0	0	0	0	0	0	0	0	0	0	0	0	0	0	0	0	0	0
1789546981055	84367	3777	7	288	12	0	0	3	0	0	0	0	26.103515625	26.103515625	0	0	0	0	90.307617188	90.307617188	0	0	0	0	0	0	0	0	0	0	0	0	0	0	0	0	0	0	0	0	0	0	0	0	0	0	0	0	0	0	0	0	0	0	0	0	0	0	0	0	0	0	0	0	0	0	0	0
1789546981082	84389	3778	7	288	12	0	0	3	0	0	0	0	26.103515625	26.103515625	0	0	0	0	90.307617188	90.307617188	0	0	0	0	0	0	0	0	0	0	0	0	0	0	0	0	0	0	0	0	0	0	0	0	0	0	0	0	0	0	0	0	0	0	0	0	0	0	0	0	0	0	0	0	0	0	0	0
1789546981102	84411	3779	7	288	12	0	0	3	0	0	0	0	26.103515625	26.103515625	0	0	0	0	90.307617188	90.307617188	0	0	0	0	0	0	0	0	0	0	0	0	0	0	0	0	0	0	0	0	0	0	0	0	0	0	0	0	0	0	0	0	0	0	0	0	0	0	0	0	0	0	0	0	0	0	0	0
1789546981122	84433	3780	7	288	12	0	0	3	0	0	0	0	26.103515625	26.103515625	0	0	0	0	90.307617188	90.307617188	0	0	0	0	0	0	0	0	0	0	0	0	0	0	0	0	0	0	0	0	0	0	0	0	0	0	0	0	0	0	0	0	0	0	0	0	0	0	0	0	0	0	0	0	0	0	0	0
1789546981149	84455	3781	7	288	12	0	0	3	0	0	0	0	26.103515625	26.103515625	0	0	0	0	90.307617188	90.307617188	0	0	0	0	0	0	0	0	0	0	0	0	0	0	0	0	0	0	0	0	0	0	0	0	0	0	0	0	0	0	0	0	0	0	0	0	0	0	0	0	0	0	0	0	0	0	0	0
1789546981169	84477	3782	7	288	12	0	0	3	0	0	0	0	26.103515625	26.103515625	0	0	0	0	90.307617188	90.307617188	0	0	0	0	0	0	0	0	0	0	0	0	0	0	0	0	0	0	0	0	0	0	0	0	0	0	0	0	0	0	0	0	0	0	0	0	0	0	0	0	0	0	0	0	0	0	0	0
1789546981189	84499	3783	7	288	12	0	0	3	0	0	0	0	26.103515625	26.103515625	0	0	0	0	90.307617188	90.307617188	0	0	0	0	0	0	0	0	0	0	0	0	0	0	0	0	0	0	0	0	0	0	0	0	0	0	0	0	0	0	0	0	0	0	0	0	0	0	0	0	0	0	0	0	0	0	0	0
1789546981215	84521	3784	7	288	12	0	0	3	0	0	0	0	26.103515625	26.103515625	0	0	0	0	90.307617188	90.307617188	0	0	0	0	0	0	0	0	0	0	0	0	0	0	0	0	0	0	0	0	0	0	0	0	0	0	0	0	0	0	0	0	0	0	0	0	0	0	0	0	0	0	0	0	0	0	0	0
1789546981235	84543	3785	7	288	12	0	0	3	0	0	0	0	26.103515625	26.103515625	0	0	0	0	90.307617188	90.307617188	0	0	0	0	0	0	0	0	0	0	0	0	0	0	0	0	0	0	0	0	0	0	0	0	0	0	0	0	0	0	0	0	0	0	0	0	0	0	0	0	0	0	0	0	0	0	0	0
1789546981255	84565	3786	7	288	12	0	0	3	0	0	0	0	26.103515625	26.103515625	0	0	0	0	90.307617188	90.307617188	0	0	0	0	0	0	0	0	0	0	0	0	0	0	0	0	0	0	0	0	0	0	0	0	0	0	0	0	0	0	0	0	0	0	0	0	0	0	0	0	0	0	0	0	0	0	0	0
1789546981275	84587	3787	7	288	12	0	0	3	0	0	0	0	26.103515625	26.103515625	0	0	0	0	90.307617188	90.307617188	0	0	0	0	0	0	0	0	0	0	0	0	0	0	0	0	0	0	0	0	0	0	0	0	0	0	0	0	0	0	0	0	0	0	0	0	0	0	0	0	0	0	0	0	0	0	0	0
1789546981301	84609	3788	7	288	12	0	0	3	0	0	0	0	26.103515625	26.103515625	0	0	0	0	90.307617188	90.307617188	0	0	0	0	0	0	0	0	0	0	0	0	0	0	0	0	0	0	0	0	0	0	0	0	0	0	0	0	0	0	0	0	0	0	0	0	0	0	0	0	0	0	0	0	0	0	0	0
1789546981321	84631	3789	7	288	12	0	0	3	0	0	0	0	26.103515625	26.103515625	0	0	0	0	90.307617188	90.307617188	0	0	0	0	0	0	0	0	0	0	0	0	0	0	0	0	0	0	0	0	0	0	0	0	0	0	0	0	0	0	0	0	0	0	0	0	0	0	0	0	0	0	0	0	0	0	0	0
1789546981342	84653	3790	7	288	12	0	0	3	0	0	0	0	26.103515625	26.103515625	0	0	0	0	90.307617188	90.307617188	0	0	0	0	0	0	0	0	0	0	0	0	0	0	0	0	0	0	0	0	0	0	0	0	0	0	0	0	0	0	0	0	0	0	0	0	0	0	0	0	0	0	0	0	0	0	0	0
1789546981368	84675	3791	7	288	12	0	0	3	0	0	0	0	26.103515625	26.103515625	0	0	0	0	90.307617188	90.307617188	0	0	0	0	0	0	0	0	0	0	0	0	0	0	0	0	0	0	0	0	0	0	0	0	0	0	0	0	0	0	0	0	0	0	0	0	0	0	0	0	0	0	0	0	0	0	0	0
1789546981388	84697	3792	7	288	12	0	0	3	0	0	0	0	26.103515625	26.103515625	0	0	0	0	90.307617188	90.307617188	0	0	0	0	0	0	0	0	0	0	0	0	0	0	0	0	0	0	0	0	0	0	0	0	0	0	0	0	0	0	0	0	0	0	0	0	0	0	0	0	0	0	0	0	0	0	0	0
1789546981407	84719	3793	7	288	12	0	0	3	0	0	0	0	26.103515625	26.103515625	0	0	0	0	90.307617188	90.307617188	0	0	0	0	0	0	0	0	0	0	0	0	0	0	0	0	0	0	0	0	0	0	0	0	0	0	0	0	0	0	0	0	0	0	0	0	0	0	0	0	0	0	0	0	0	0	0	0
1789546981434	84741	3794	7	288	12	0	0	3	0	0	0	0	26.103515625	26.103515625	0	0	0	0	90.307617188	90.307617188	0	0	0	0	0	0	0	0	0	0	0	0	0	0	0	0	0	0	0	0	0	0	0	0	0	0	0	0	0	0	0	0	0	0	0	0	0	0	0	0	0	0	0	0	0	0	0	0
1789546981453	84763	3795	7	288	12	0	0	3	0	0	0	0	26.103515625	26.103515625	0	0	0	0	90.307617188	90.307617188	0	0	0	0	0	0	0	0	0	0	0	0	0	0	0	0	0	0	0	0	0	0	0	0	0	0	0	0	0	0	0	0	0	0	0	0	0	0	0	0	0	0	0	0	0	0	0	0
1789546981473	84785	3796	7	288	12	0	0	3	0	0	0	0	26.103515625	26.103515625	0	0	0	0	90.307617188	90.307617188	0	0	0	0	0	0	0	0	0	0	0	0	0	0	0	0	0	0	0	0	0	0	0	0	0	0	0	0	0	0	0	0	0	0	0	0	0	0	0	0	0	0	0	0	0	0	0	0
1789546981499	84807	3797	7	288	12	0	0	3	0	0	0	0	26.103515625	26.103515625	0	0	0	0	90.307617188	90.307617188	0	0	0	0	0	0	0	0	0	0	0	0	0	0	0	0	0	0	0	0	0	0	0	0	0	0	0	0	0	0	0	0	0	0	0	0	0	0	0	0	0	0	0	0	0	0	0	0
1789546981519	84829	3798	7	288	12	0	0	3	0	0	0	0	26.103515625	26.103515625	0	0	0	0	90.307617188	90.307617188	0	0	0	0	0	0	0	0	0	0	0	0	0	0	0	0	0	0	0	0	0	0	0	0	0	0	0	0	0	0	0	0	0	0	0	0	0	0	0	0	0	0	0	0	0	0	0	0
1789546981539	84851	3799	7	288	12	0	0	3	0	0	0	0	26.103515625	26.103515625	0	0	0	0	90.307617188	90.307617188	0	0	0	0	0	0	0	0	0	0	0	0	0	0	0	0	0	0	0	0	0	0	0	0	0	0	0	0	0	0	0	0	0	0	0	0	0	0	0	0	0	0	0	0	0	0	0	0
1789546981565	84873	3800	7	288	12	0	0	3	0	0	0	0	26.103515625	26.103515625	0	0	0	0	90.307617188	90.307617188	0	0	0	0	0	0	0	0	0	0	0	0	0	0	0	0	0	0	0	0	0	0	0	0	0	0	0	0	0	0	0	0	0	0	0	0	0	0	0	0	0	0	0	0	0	0	0	0
1789546981585	84895	3801	7	288	12	0	0	3	0	0	0	0	26.103515625	26.103515625	0	0	0	0	90.307617188	90.307617188	0	0	0	0	0	0	0	0	0	0	0	0	0	0	0	0	0	0	0	0	0	0	0	0	0	0	0	0	0	0	0	0	0	0	0	0	0	0	0	0	0	0	0	0	0	0	0	0
1789546981611	84917	3802	7	288	12	0	0	3	0	0	0	0	26.103515625	26.103515625	0	0	0	0	90.307617188	90.307617188	0	0	0	0	0	0	0	0	0	0	0	0	0	0	0	0	0	0	0	0	0	0	0	0	0	0	0	0	0	0	0	0	0	0	0	0	0	0	0	0	0	0	0	0	0	0	0	0
1789546981630	84939	3803	7	288	12	0	0	3	0	0	0	0	26.103515625	26.103515625	0	0	0	0	90.307617188	90.307617188	0	0	0	0	0	0	0	0	0	0	0	0	0	0	0	0	0	0	0	0	0	0	0	0	0	0	0	0	0	0	0	0	0	0	0	0	0	0	0	0	0	0	0	0	0	0	0	0
1789546981651	84961	3804	7	288	12	0	0	3	0	0	0	0	26.103515625	26.103515625	0	0	0	0	90.307617188	90.307617188	0	0	0	0	0	0	0	0	0	0	0	0	0	0	0	0	0	0	0	0	0	0	0	0	0	0	0	0	0	0	0	0	0	0	0	0	0	0	0	0	0	0	0	0	0	0	0	0
1789546981671	84983	3805	7	288	12	0	0	3	0	0	0	0	26.147460938	26.147460938	0	0	0	0	90.307617188	90.307617188	0	0	0	0	0	0	0	0	0	0	0	0	0	0	0	0	0	0	0	0	0	0	0	0	0	0	0	0	0	0	0	0	0	0	0	0	0	0	0	0	0	0	0	0	0	0	0	0
1789546981698	85005	3806	7	288	12	0	0	3	0	0	0	0	26.103515625	26.103515625	0	0	0	0	90.307617188	90.307617188	0	0	0	0	0	0	0	0	0	0	0	0	0	0	0	0	0	0	0	0	0	0	0	0	0	0	0	0	0	0	0	0	0	0	0	0	0	0	0	0	0	0	0	0	0	0	0	0
1789546981718	85027	3807	7	288	12	0	0	3	0	0	0	0	26.103515625	26.103515625	0	0	0	0	90.307617188	90.307617188	0	0	0	0	0	0	0	0	0	0	0	0	0	0	0	0	0	0	0	0	0	0	0	0	0	0	0	0	0	0	0	0	0	0	0	0	0	0	0	0	0	0	0	0	0	0	0	0
1789546981738	85049	3808	7	288	12	0	0	3	0	0	0	0	26.103515625	26.103515625	0	0	0	0	90.307617188	90.307617188	0	0	0	0	0	0	0	0	0	0	0	0	0	0	0	0	0	0	0	0	0	0	0	0	0	0	0	0	0	0	0	0	0	0	0	0	0	0	0	0	0	0	0	0	0	0	0	0
1789546981765	85071	3809	7	288	12	0	0	3	0	0	0	0	26.103515625	26.103515625	0	0	0	0	90.307617188	90.307617188	0	0	0	0	0	0	0	0	0	0	0	0	0	0	0	0	0	0	0	0	0	0	0	0	0	0	0	0	0	0	0	0	0	0	0	0	0	0	0	0	0	0	0	0	0	0	0	0
1789546981785	85093	3810	7	288	12	0	0	3	0	0	0	0	26.103515625	26.103515625	0	0	0	0	90.307617188	90.307617188	0	0	0	0	0	0	0	0	0	0	0	0	0	0	0	0	0	0	0	0	0	0	0	0	0	0	0	0	0	0	0	0	0	0	0	0	0	0	0	0	0	0	0	0	0	0	0	0
1789546981805	85115	3811	7	288	12	0	0	3	0	0	0	0	26.103515625	26.103515625	0	0	0	0	90.307617188	90.307617188	0	0	0	0	0	0	0	0	0	0	0	0	0	0	0	0	0	0	0	0	0	0	0	0	0	0	0	0	0	0	0	0	0	0	0	0	0	0	0	0	0	0	0	0	0	0	0	0
1789546981825	85137	3812	7	288	12	0	0	3	0	0	0	0	26.103515625	26.103515625	0	0	0	0	90.307617188	90.307617188	0	0	0	0	0	0	0	0	0	0	0	0	0	0	0	0	0	0	0	0	0	0	0	0	0	0	0	0	0	0	0	0	0	0	0	0	0	0	0	0	0	0	0	0	0	0	0	0
1789546981851	85159	3813	7	288	12	0	0	3	0	0	0	0	26.103515625	26.103515625	0	0	0	0	90.307617188	90.307617188	0	0	0	0	0	0	0	0	0	0	0	0	0	0	0	0	0	0	0	0	0	0	0	0	0	0	0	0	0	0	0	0	0	0	0	0	0	0	0	0	0	0	0	0	0	0	0	0
1789546981871	85181	3814	7	288	12	0	0	3	0	0	0	0	26.103515625	26.103515625	0	0	0	0	90.307617188	90.307617188	0	0	0	0	0	0	0	0	0	0	0	0	0	0	0	0	0	0	0	0	0	0	0	0	0	0	0	0	0	0	0	0	0	0	0	0	0	0	0	0	0	0	0	0	0	0	0	0
1789546981892	85203	3815	7	288	12	0	0	3	0	0	0	0	26.103515625	26.103515625	0	0	0	0	90.307617188	90.307617188	0	0	0	0	0	0	0	0	0	0	0	0	0	0	0	0	0	0	0	0	0	0	0	0	0	0	0	0	0	0	0	0	0	0	0	0	0	0	0	0	0	0	0	0	0	0	0	0
1789546981918	85225	3816	7	288	12	0	0	3	0	0	0	0	26.103515625	26.103515625	0	0	0	0	90.307617188	90.307617188	0	0	0	0	0	0	0	0	0	0	0	0	0	0	0	0	0	0	0	0	0	0	0	0	0	0	0	0	0	0	0	0	0	0	0	0	0	0	0	0	0	0	0	0	0	0	0	0
1789546981938	85247	3817	7	288	12	0	0	3	0	0	0	0	26.103515625	26.103515625	0	0	0	0	90.307617188	90.307617188	0	0	0	0	0	0	0	0	0	0	0	0	0	0	0	0	0	0	0	0	0	0	0	0	0	0	0	0	0	0	0	0	0	0	0	0	0	0	0	0	0	0	0	0	0	0	0	0
1789546981958	85269	3818	7	288	12	0	0	3	0	0	0	0	26.103515625	26.103515625	0	0	0	0	90.307617188	90.307617188	0	0	0	0	0	0	0	0	0	0	0	0	0	0	0	0	0	0	0	0	0	0	0	0	0	0	0	0	0	0	0	0	0	0	0	0	0	0	0	0	0	0	0	0	0	0	0	0
1789546981985	85291	3819	7	288	12	0	0	3	0	0	0	0	26.103515625	26.103515625	0	0	0	0	90.307617188	90.307617188	0	0	0	0	0	0	0	0	0	0	0	0	0	0	0	0	0	0	0	0	0	0	0	0	0	0	0	0	0	0	0	0	0	0	0	0	0	0	0	0	0	0	0	0	0	0	0	0
1789546982005	85313	3820	7	288	12	0	0	3	0	0	0	0	26.103515625	26.103515625	0	0	0	0	90.307617188	90.307617188	0	0	0	0	0	0	0	0	0	0	0	0	0	0	0	0	0	0	0	0	0	0	0	0	0	0	0	0	0	0	0	0	0	0	0	0	0	0	0	0	0	0	0	0	0	0	0	0
1789546982024	85335	3821	7	288	12	0	0	3	0	0	0	0	26.103515625	26.103515625	0	0	0	0	90.307617188	90.307617188	0	0	0	0	0	0	0	0	0	0	0	0	0	0	0	0	0	0	0	0	0	0	0	0	0	0	0	0	0	0	0	0	0	0	0	0	0	0	0	0	0	0	0	0	0	0	0	0
1789546982051	85357	3822	7	288	12	0	0	3	0	0	0	0	26.103515625	26.103515625	0	0	0	0	90.307617188	90.307617188	0	0	0	0	0	0	0	0	0	0	0	0	0	0	0	0	0	0	0	0	0	0	0	0	0	0	0	0	0	0	0	0	0	0	0	0	0	0	0	0	0	0	0	0	0	0	0	0
1789546982071	85379	3823	7	288	12	0	0	3	0	0	0	0	26.103515625	26.103515625	0	0	0	0	90.307617188	90.307617188	0	0	0	0	0	0	0	0	0	0	0	0	0	0	0	0	0	0	0	0	0	0	0	0	0	0	0	0	0	0	0	0	0	0	0	0	0	0	0	0	0	0	0	0	0	0	0	0
1789546982092	85401	3824	7	288	12	0	0	3	0	0	0	0	26.103515625	26.103515625	0	0	0	0	90.307617188	90.307617188	0	0	0	0	0	0	0	0	0	0	0	0	0	0	0	0	0	0	0	0	0	0	0	0	0	0	0	0	0	0	0	0	0	0	0	0	0	0	0	0	0	0	0	0	0	0	0	0
1789546982111	85423	3825	7	288	12	0	0	3	0	0	0	0	26.103515625	26.103515625	0	0	0	0	90.307617188	90.307617188	0	0	0	0	0	0	0	0	0	0	0	0	0	0	0	0	0	0	0	0	0	0	0	0	0	0	0	0	0	0	0	0	0	0	0	0	0	0	0	0	0	0	0	0	0	0	0	0
1789546982138	85445	3826	7	288	12	0	0	3	0	0	0	0	26.103515625	26.103515625	0	0	0	0	90.307617188	90.307617188	0	0	0	0	0	0	0	0	0	0	0	0	0	0	0	0	0	0	0	0	0	0	0	0	0	0	0	0	0	0	0	0	0	0	0	0	0	0	0	0	0	0	0	0	0	0	0	0
1789546982158	85467	3827	7	288	12	0	0	3	0	0	0	0	26.103515625	26.103515625	0	0	0	0	90.307617188	90.307617188	0	0	0	0	0	0	0	0	0	0	0	0	0	0	0	0	0	0	0	0	0	0	0	0	0	0	0	0	0	0	0	0	0	0	0	0	0	0	0	0	0	0	0	0	0	0	0	0
1789546982178	85489	3828	7	288	12	0	0	3	0	0	0	0	26.103515625	26.103515625	0	0	0	0	90.307617188	90.307617188	0	0	0	0	0	0	0	0	0	0	0	0	0	0	0	0	0	0	0	0	0	0	0	0	0	0	0	0	0	0	0	0	0	0	0	0	0	0	0	0	0	0	0	0	0	0	0	0
1789546982205	85511	3829	7	288	12	0	0	3	0	0	0	0	26.103515625	26.103515625	0	0	0	0	90.307617188	90.307617188	0	0	0	0	0	0	0	0	0	0	0	0	0	0	0	0	0	0	0	0	0	0	0	0	0	0	0	0	0	0	0	0	0	0	0	0	0	0	0	0	0	0	0	0	0	0	0	0
1789546982225	85533	3830	7	288	12	0	0	3	0	0	0	0	26.103515625	26.103515625	0	0	0	0	90.307617188	90.307617188	0	0	0	0	0	0	0	0	0	0	0	0	0	0	0	0	0	0	0	0	0	0	0	0	0	0	0	0	0	0	0	0	0	0	0	0	0	0	0	0	0	0	0	0	0	0	0	0
1789546982245	85555	3831	7	288	12	0	0	3	0	0	0	0	26.103515625	26.103515625	0	0	0	0	90.307617188	90.307617188	0	0	0	0	0	0	0	0	0	0	0	0	0	0	0	0	0	0	0	0	0	0	0	0	0	0	0	0	0	0	0	0	0	0	0	0	0	0	0	0	0	0	0	0	0	0	0	0
1789546982265	85577	3832	7	288	12	0	0	3	0	0	0	0	26.103515625	26.103515625	0	0	0	0	90.3515625	90.3515625	0	0	0	0	0	0	0	0	0	0	0	0	0	0	0	0	0	0	0	0	0	0	0	0	0	0	0	0	0	0	0	0	0	0	0	0	0	0	0	0	0	0	0	0	0	0	0	0
1789546982291	85599	3833	7	288	12	0	0	3	0	0	0	0	26.103515625	26.103515625	0	0	0	0	90.307617188	90.307617188	0	0	0	0	0	0	0	0	0	0	0	0	0	0	0	0	0	0	0	0	0	0	0	0	0	0	0	0	0	0	0	0	0	0	0	0	0	0	0	0	0	0	0	0	0	0	0	0
1789546982311	85621	3834	7	288	12	0	0	3	0	0	0	0	26.103515625	26.103515625	0	0	0	0	90.307617188	90.307617188	0	0	0	0	0	0	0	0	0	0	0	0	0	0	0	0	0	0	0	0	0	0	0	0	0	0	0	0	0	0	0	0	0	0	0	0	0	0	0	0	0	0	0	0	0	0	0	0
1789546982331	85643	3835	7	288	12	0	0	3	0	0	0	0	26.103515625	26.103515625	0	0	0	0	90.307617188	90.307617188	0	0	0	0	0	0	0	0	0	0	0	0	0	0	0	0	0	0	0	0	0	0	0	0	0	0	0	0	0	0	0	0	0	0	0	0	0	0	0	0	0	0	0	0	0	0	0	0
1789546982357	85665	3836	7	288	12	0	0	3	0	0	0	0	26.103515625	26.103515625	0	0	0	0	90.307617188	90.307617188	0	0	0	0	0	0	0	0	0	0	0	0	0	0	0	0	0	0	0	0	0	0	0	0	0	0	0	0	0	0	0	0	0	0	0	0	0	0	0	0	0	0	0	0	0	0	0	0
1789546982377	85687	3837	7	288	12	0	0	3	0	0	0	0	26.103515625	26.103515625	0	0	0	0	90.307617188	90.307617188	0	0	0	0	0	0	0	0	0	0	0	0	0	0	0	0	0	0	0	0	0	0	0	0	0	0	0	0	0	0	0	0	0	0	0	0	0	0	0	0	0	0	0	0	0	0	0	0
1789546982397	85709	3838	7	288	12	0	0	3	0	0	0	0	26.103515625	26.103515625	0	0	0	0	90.307617188	90.307617188	0	0	0	0	0	0	0	0	0	0	0	0	0	0	0	0	0	0	0	0	0	0	0	0	0	0	0	0	0	0	0	0	0	0	0	0	0	0	0	0	0	0	0	0	0	0	0	0
1789546982424	85731	3839	7	288	12	0	0	3	0	0	0	0	26.103515625	26.103515625	0	0	0	0	90.307617188	90.307617188	0	0	0	0	0	0	0	0	0	0	0	0	0	0	0	0	0	0	0	0	0	0	0	0	0	0	0	0	0	0	0	0	0	0	0	0	0	0	0	0	0	0	0	0	0	0	0	0
1789546982443	85753	3840	7	288	12	0	0	3	0	0	0	0	26.103515625	26.103515625	0	0	0	0	90.307617188	90.307617188	0	0	0	0	0	0	0	0	0	0	0	0	0	0	0	0	0	0	0	0	0	0	0	0	0	0	0	0	0	0	0	0	0	0	0	0	0	0	0	0	0	0	0	0	0	0	0	0
1789546982463	85775	3841	7	288	12	0	0	3	0	0	0	0	26.103515625	26.103515625	0	0	0	0	90.307617188	90.307617188	0	0	0	0	0	0	0	0	0	0	0	0	0	0	0	0	0	0	0	0	0	0	0	0	0	0	0	0	0	0	0	0	0	0	0	0	0	0	0	0	0	0	0	0	0	0	0	0
1789546982489	85797	3842	7	288	12	0	0	3	0	0	0	0	26.103515625	26.103515625	0	0	0	0	90.307617188	90.307617188	0	0	0	0	0	0	0	0	0	0	0	0	0	0	0	0	0	0	0	0	0	0	0	0	0	0	0	0	0	0	0	0	0	0	0	0	0	0	0	0	0	0	0	0	0	0	0	0
1789546982509	85819	3843	7	288	12	0	0	3	0	0	0	0	26.103515625	26.103515625	0	0	0	0	90.307617188	90.307617188	0	0	0	0	0	0	0	0	0	0	0	0	0	0	0	0	0	0	0	0	0	0	0	0	0	0	0	0	0	0	0	0	0	0	0	0	0	0	0	0	0	0	0	0	0	0	0	0
1789546982529	85841	3844	7	288	12	0	0	3	0	0	0	0	26.103515625	26.103515625	0	0	0	0	90.307617188	90.307617188	0	0	0	0	0	0	0	0	0	0	0	0	0	0	0	0	0	0	0	0	0	0	0	0	0	0	0	0	0	0	0	0	0	0	0	0	0	0	0	0	0	0	0	0	0	0	0	0
1789546982556	85863	3845	7	288	12	0	0	3	0	0	0	0	26.103515625	26.103515625	0	0	0	0	90.307617188	90.307617188	0	0	0	0	0	0	0	0	0	0	0	0	0	0	0	0	0	0	0	0	0	0	0	0	0	0	0	0	0	0	0	0	0	0	0	0	0	0	0	0	0	0	0	0	0	0	0	0
1789546982576	85885	3846	7	288	12	0	0	3	0	0	0	0	26.103515625	26.103515625	0	0	0	0	90.307617188	90.307617188	0	0	0	0	0	0	0	0	0	0	0	0	0	0	0	0	0	0	0	0	0	0	0	0	0	0	0	0	0	0	0	0	0	0	0	0	0	0	0	0	0	0	0	0	0	0	0	0
1789546982596	85907	3847	7	288	12	0	0	3	0	0	0	0	26.103515625	26.103515625	0	0	0	0	90.307617188	90.307617188	0	0	0	0	0	0	0	0	0	0	0	0	0	0	0	0	0	0	0	0	0	0	0	0	0	0	0	0	0	0	0	0	0	0	0	0	0	0	0	0	0	0	0	0	0	0	0	0
1789546982622	85929	3848	7	288	12	0	0	3	0	0	0	0	26.103515625	26.103515625	0	0	0	0	90.307617188	90.307617188	0	0	0	0	0	0	0	0	0	0	0	0	0	0	0	0	0	0	0	0	0	0	0	0	0	0	0	0	0	0	0	0	0	0	0	0	0	0	0	0	0	0	0	0	0	0	0	0
1789546982642	85951	3849	7	288	12	0	0	3	0	0	0	0	26.103515625	26.103515625	0	0	0	0	90.307617188	90.307617188	0	0	0	0	0	0	0	0	0	0	0	0	0	0	0	0	0	0	0	0	0	0	0	0	0	0	0	0	0	0	0	0	0	0	0	0	0	0	0	0	0	0	0	0	0	0	0	0
1789546982661	85973	3850	7	288	12	0	0	3	0	0	0	0	26.103515625	26.103515625	0	0	0	0	90.307617188	90.307617188	0	0	0	0	0	0	0	0	0	0	0	0	0	0	0	0	0	0	0	0	0	0	0	0	0	0	0	0	0	0	0	0	0	0	0	0	0	0	0	0	0	0	0	0	0	0	0	0
1789546982688	85995	3851	7	288	12	0	0	3	0	0	0	0	26.147460938	26.147460938	0	0	0	0	90.307617188	90.307617188	0	0	0	0	0	0	0	0	0	0	0	0	0	0	0	0	0	0	0	0	0	0	0	0	0	0	0	0	0	0	0	0	0	0	0	0	0	0	0	0	0	0	0	0	0	0	0	0
1789546982708	86017	3852	7	288	12	0	0	3	0	0	0	0	26.103515625	26.103515625	0	0	0	0	90.307617188	90.307617188	0	0	0	0	0	0	0	0	0	0	0	0	0	0	0	0	0	0	0	0	0	0	0	0	0	0	0	0	0	0	0	0	0	0	0	0	0	0	0	0	0	0	0	0	0	0	0	0
1789546982728	86039	3853	7	288	12	0	0	3	0	0	0	0	26.103515625	26.103515625	0	0	0	0	90.307617188	90.307617188	0	0	0	0	0	0	0	0	0	0	0	0	0	0	0	0	0	0	0	0	0	0	0	0	0	0	0	0	0	0	0	0	0	0	0	0	0	0	0	0	0	0	0	0	0	0	0	0
1789546982755	86061	3854	7	288	12	0	0	3	0	0	0	0	26.103515625	26.103515625	0	0	0	0	90.307617188	90.307617188	0	0	0	0	0	0	0	0	0	0	0	0	0	0	0	0	0	0	0	0	0	0	0	0	0	0	0	0	0	0	0	0	0	0	0	0	0	0	0	0	0	0	0	0	0	0	0	0
1789546982774	86083	3855	7	288	12	0	0	3	0	0	0	0	26.103515625	26.103515625	0	0	0	0	90.307617188	90.307617188	0	0	0	0	0	0	0	0	0	0	0	0	0	0	0	0	0	0	0	0	0	0	0	0	0	0	0	0	0	0	0	0	0	0	0	0	0	0	0	0	0	0	0	0	0	0	0	0
1789546982794	86105	3856	7	288	12	0	0	3	0	0	0	0	26.103515625	26.103515625	0	0	0	0	90.307617188	90.307617188	0	0	0	0	0	0	0	0	0	0	0	0	0	0	0	0	0	0	0	0	0	0	0	0	0	0	0	0	0	0	0	0	0	0	0	0	0	0	0	0	0	0	0	0	0	0	0	0
1789546982821	86127	3857	7	288	12	0	0	3	0	0	0	0	26.103515625	26.103515625	0	0	0	0	90.307617188	90.307617188	0	0	0	0	0	0	0	0	0	0	0	0	0	0	0	0	0	0	0	0	0	0	0	0	0	0	0	0	0	0	0	0	0	0	0	0	0	0	0	0	0	0	0	0	0	0	0	0
1789546982841	86149	3858	7	288	12	0	0	3	0	0	0	0	26.103515625	26.103515625	0	0	0	0	90.307617188	90.307617188	0	0	0	0	0	0	0	0	0	0	0	0	0	0	0	0	0	0	0	0	0	0	0	0	0	0	0	0	0	0	0	0	0	0	0	0	0	0	0	0	0	0	0	0	0	0	0	0
1789546982861	86171	3859	7	288	12	0	0	3	0	0	0	0	26.103515625	26.103515625	0	0	0	0	90.307617188	90.307617188	0	0	0	0	0	0	0	0	0	0	0	0	0	0	0	0	0	0	0	0	0	0	0	0	0	0	0	0	0	0	0	0	0	0	0	0	0	0	0	0	0	0	0	0	0	0	0	0
1789546982881	86193	3860	7	288	12	0	0	3	0	0	0	0	26.103515625	26.103515625	0	0	0	0	90.307617188	90.307617188	0	0	0	0	0	0	0	0	0	0	0	0	0	0	0	0	0	0	0	0	0	0	0	0	0	0	0	0	0	0	0	0	0	0	0	0	0	0	0	0	0	0	0	0	0	0	0	0
1789546982907	86215	3861	7	288	12	0	0	3	0	0	0	0	26.103515625	26.103515625	0	0	0	0	90.307617188	90.307617188	0	0	0	0	0	0	0	0	0	0	0	0	0	0	0	0	0	0	0	0	0	0	0	0	0	0	0	0	0	0	0	0	0	0	0	0	0	0	0	0	0	0	0	0	0	0	0	0
1789546982927	86237	3862	7	288	12	0	0	3	0	0	0	0	26.103515625	26.103515625	0	0	0	0	90.307617188	90.307617188	0	0	0	0	0	0	0	0	0	0	0	0	0	0	0	0	0	0	0	0	0	0	0	0	0	0	0	0	0	0	0	0	0	0	0	0	0	0	0	0	0	0	0	0	0	0	0	0
1789546982953	86259	3863	7	288	12	0	0	3	0	0	0	0	26.103515625	26.103515625	0	0	0	0	90.307617188	90.307617188	0	0	0	0	0	0	0	0	0	0	0	0	0	0	0	0	0	0	0	0	0	0	0	0	0	0	0	0	0	0	0	0	0	0	0	0	0	0	0	0	0	0	0	0	0	0	0	0
1789546982973	86281	3864	7	288	12	0	0	3	0	0	0	0	26.103515625	26.103515625	0	0	0	0	90.307617188	90.307617188	0	0	0	0	0	0	0	0	0	0	0	0	0	0	0	0	0	0	0	0	0	0	0	0	0	0	0	0	0	0	0	0	0	0	0	0	0	0	0	0	0	0	0	0	0	0	0	0
1789546982992	86303	3865	7	288	12	0	0	3	0	0	0	0	26.103515625	26.103515625	0	0	0	0	90.307617188	90.307617188	0	0	0	0	0	0	0	0	0	0	0	0	0	0	0	0	0	0	0	0	0	0	0	0	0	0	0	0	0	0	0	0	0	0	0	0	0	0	0	0	0	0	0	0	0	0	0	0
1789546983019	86325	3866	7	288	12	0	0	3	0	0	0	0	26.103515625	26.103515625	0	0	0	0	90.307617188	90.307617188	0	0	0	0	0	0	0	0	0	0	0	0	0	0	0	0	0	0	0	0	0	0	0	0	0	0	0	0	0	0	0	0	0	0	0	0	0	0	0	0	0	0	0	0	0	0	0	0
1789546983039	86347	3867	7	288	12	0	0	3	0	0	0	0	26.103515625	26.103515625	0	0	0	0	90.307617188	90.307617188	0	0	0	0	0	0	0	0	0	0	0	0	0	0	0	0	0	0	0	0	0	0	0	0	0	0	0	0	0	0	0	0	0	0	0	0	0	0	0	0	0	0	0	0	0	0	0	0
1789546983059	86369	3868	7	288	12	0	0	3	0	0	0	0	26.103515625	26.103515625	0	0	0	0	90.307617188	90.307617188	0	0	0	0	0	0	0	0	0	0	0	0	0	0	0	0	0	0	0	0	0	0	0	0	0	0	0	0	0	0	0	0	0	0	0	0	0	0	0	0	0	0	0	0	0	0	0	0
1789546983085	86391	3869	7	288	12	0	0	3	0	0	0	0	26.103515625	26.103515625	0	0	0	0	90.307617188	90.307617188	0	0	0	0	0	0	0	0	0	0	0	0	0	0	0	0	0	0	0	0	0	0	0	0	0	0	0	0	0	0	0	0	0	0	0	0	0	0	0	0	0	0	0	0	0	0	0	0
1789546983105	86413	3870	7	288	12	0	0	3	0	0	0	0	26.103515625	26.103515625	0	0	0	0	90.307617188	90.307617188	0	0	0	0	0	0	0	0	0	0	0	0	0	0	0	0	0	0	0	0	0	0	0	0	0	0	0	0	0	0	0	0	0	0	0	0	0	0	0	0	0	0	0	0	0	0	0	0
1789546983125	86435	3871	7	288	12	0	0	3	0	0	0	0	26.103515625	26.103515625	0	0	0	0	90.307617188	90.307617188	0	0	0	0	0	0	0	0	0	0	0	0	0	0	0	0	0	0	0	0	0	0	0	0	0	0	0	0	0	0	0	0	0	0	0	0	0	0	0	0	0	0	0	0	0	0	0	0
1789546983151	86457	3872	7	288	12	0	0	3	0	0	0	0	26.103515625	26.103515625	0	0	0	0	90.307617188	90.307617188	0	0	0	0	0	0	0	0	0	0	0	0	0	0	0	0	0	0	0	0	0	0	0	0	0	0	0	0	0	0	0	0	0	0	0	0	0	0	0	0	0	0	0	0	0	0	0	0
1789546983172	86479	3873	7	288	12	0	0	3	0	0	0	0	26.103515625	26.103515625	0	0	0	0	90.307617188	90.307617188	0	0	0	0	0	0	0	0	0	0	0	0	0	0	0	0	0	0	0	0	0	0	0	0	0	0	0	0	0	0	0	0	0	0	0	0	0	0	0	0	0	0	0	0	0	0	0	0
1789546983191	86501	3874	7	288	12	0	0	3	0	0	0	0	26.103515625	26.103515625	0	0	0	0	90.307617188	90.307617188	0	0	0	0	0	0	0	0	0	0	0	0	0	0	0	0	0	0	0	0	0	0	0	0	0	0	0	0	0	0	0	0	0	0	0	0	0	0	0	0	0	0	0	0	0	0	0	0
1789546983211	86523	3875	7	288	12	0	0	3	0	0	0	0	26.103515625	26.103515625	0	0	0	0	90.307617188	90.307617188	0	0	0	0	0	0	0	0	0	0	0	0	0	0	0	0	0	0	0	0	0	0	0	0	0	0	0	0	0	0	0	0	0	0	0	0	0	0	0	0	0	0	0	0	0	0	0	0
1789546983237	86545	3876	7	288	12	0	0	3	0	0	0	0	26.103515625	26.103515625	0	0	0	0	90.307617188	90.307617188	0	0	0	0	0	0	0	0	0	0	0	0	0	0	0	0	0	0	0	0	0	0	0	0	0	0	0	0	0	0	0	0	0	0	0	0	0	0	0	0	0	0	0	0	0	0	0	0
1789546983257	86567	3877	7	288	12	0	0	3	0	0	0	0	26.103515625	26.103515625	0	0	0	0	90.307617188	90.307617188	0	0	0	0	0	0	0	0	0	0	0	0	0	0	0	0	0	0	0	0	0	0	0	0	0	0	0	0	0	0	0	0	0	0	0	0	0	0	0	0	0	0	0	0	0	0	0	0
1789546983277	86589	3878	7	288	12	0	0	3	0	0	0	0	26.103515625	26.103515625	0	0	0	0	90.307617188	90.307617188	0	0	0	0	0	0	0	0	0	0	0	0	0	0	0	0	0	0	0	0	0	0	0	0	0	0	0	0	0	0	0	0	0	0	0	0	0	0	0	0	0	0	0	0	0	0	0	0
1789546983304	86611	3879	7	288	12	0	0	3	0	0	0	0	26.103515625	26.103515625	0	0	0	0	90.307617188	90.307617188	0	0	0	0	0	0	0	0	0	0	0	0	0	0	0	0	0	0	0	0	0	0	0	0	0	0	0	0	0	0	0	0	0	0	0	0	0	0	0	0	0	0	0	0	0	0	0	0
1789546983323	86633	3880	7	288	12	0	0	3	0	0	0	0	26.103515625	26.103515625	0	0	0	0	90.307617188	90.307617188	0	0	0	0	0	0	0	0	0	0	0	0	0	0	0	0	0	0	0	0	0	0	0	0	0	0	0	0	0	0	0	0	0	0	0	0	0	0	0	0	0	0	0	0	0	0	0	0
1789546983343	86655	3881	7	288	12	0	0	3	0	0	0	0	26.103515625	26.103515625	0	0	0	0	90.307617188	90.307617188	0	0	0	0	0	0	0	0	0	0	0	0	0	0	0	0	0	0	0	0	0	0	0	0	0	0	0	0	0	0	0	0	0	0	0	0	0	0	0	0	0	0	0	0	0	0	0	0
1789546983369	86677	3882	7	288	12	0	0	3	0	0	0	0	26.103515625	26.103515625	0	0	0	0	90.307617188	90.307617188	0	0	0	0	0	0	0	0	0	0	0	0	0	0	0	0	0	0	0	0	0	0	0	0	0	0	0	0	0	0	0	0	0	0	0	0	0	0	0	0	0	0	0	0	0	0	0	0
1789546983389	86699	3883	7	288	12	0	0	3	0	0	0	0	26.103515625	26.103515625	0	0	0	0	90.307617188	90.307617188	0	0	0	0	0	0	0	0	0	0	0	0	0	0	0	0	0	0	0	0	0	0	0	0	0	0	0	0	0	0	0	0	0	0	0	0	0	0	0	0	0	0	0	0	0	0	0	0
1789546983415	86721	3884	7	288	12	0	0	3	0	0	0	0	26.103515625	26.103515625	0	0	0	0	90.307617188	90.307617188	0	0	0	0	0	0	0	0	0	0	0	0	0	0	0	0	0	0	0	0	0	0	0	0	0	0	0	0	0	0	0	0	0	0	0	0	0	0	0	0	0	0	0	0	0	0	0	0
1789546983435	86743	3885	7	288	12	0	0	3	0	0	0	0	26.103515625	26.103515625	0	0	0	0	90.307617188	90.307617188	0	0	0	0	0	0	0	0	0	0	0	0	0	0	0	0	0	0	0	0	0	0	0	0	0	0	0	0	0	0	0	0	0	0	0	0	0	0	0	0	0	0	0	0	0	0	0	0
1789546983455	86765	3886	7	288	12	0	0	3	0	0	0	0	26.103515625	26.103515625	0	0	0	0	90.307617188	90.307617188	0	0	0	0	0	0	0	0	0	0	0	0	0	0	0	0	0	0	0	0	0	0	0	0	0	0	0	0	0	0	0	0	0	0	0	0	0	0	0	0	0	0	0	0	0	0	0	0
1789546983475	86787	3887	7	288	12	0	0	3	0	0	0	0	26.103515625	26.103515625	0	0	0	0	90.307617188	90.307617188	0	0	0	0	0	0	0	0	0	0	0	0	0	0	0	0	0	0	0	0	0	0	0	0	0	0	0	0	0	0	0	0	0	0	0	0	0	0	0	0	0	0	0	0	0	0	0	0
1789546983501	86809	3888	7	288	12	0	0	3	0	0	0	0	26.103515625	26.103515625	0	0	0	0	90.307617188	90.307617188	0	0	0	0	0	0	0	0	0	0	0	0	0	0	0	0	0	0	0	0	0	0	0	0	0	0	0	0	0	0	0	0	0	0	0	0	0	0	0	0	0	0	0	0	0	0	0	0
1789546983521	86831	3889	7	288	12	0	0	3	0	0	0	0	26.103515625	26.103515625	0	0	0	0	90.307617188	90.307617188	0	0	0	0	0	0	0	0	0	0	0	0	0	0	0	0	0	0	0	0	0	0	0	0	0	0	0	0	0	0	0	0	0	0	0	0	0	0	0	0	0	0	0	0	0	0	0	0
1789546983547	86853	3890	7	288	12	0	0	3	0	0	0	0	26.103515625	26.103515625	0	0	0	0	90.307617188	90.307617188	0	0	0	0	0	0	0	0	0	0	0	0	0	0	0	0	0	0	0	0	0	0	0	0	0	0	0	0	0	0	0	0	0	0	0	0	0	0	0	0	0	0	0	0	0	0	0	0
1789546983567	86875	3891	7	288	12	0	0	3	0	0	0	0	26.103515625	26.103515625	0	0	0	0	90.307617188	90.307617188	0	0	0	0	0	0	0	0	0	0	0	0	0	0	0	0	0	0	0	0	0	0	0	0	0	0	0	0	0	0	0	0	0	0	0	0	0	0	0	0	0	0	0	0	0	0	0	0
1789546983587	86897	3892	7	288	12	0	0	3	0	0	0	0	26.103515625	26.103515625	0	0	0	0	90.307617188	90.307617188	0	0	0	0	0	0	0	0	0	0	0	0	0	0	0	0	0	0	0	0	0	0	0	0	0	0	0	0	0	0	0	0	0	0	0	0	0	0	0	0	0	0	0	0	0	0	0	0
1789546983613	86919	3893	7	288	12	0	0	3	0	0	0	0	26.103515625	26.103515625	0	0	0	0	90.307617188	90.307617188	0	0	0	0	0	0	0	0	0	0	0	0	0	0	0	0	0	0	0	0	0	0	0	0	0	0	0	0	0	0	0	0	0	0	0	0	0	0	0	0	0	0	0	0	0	0	0	0
1789546983633	86941	3894	7	288	12	0	0	3	0	0	0	0	26.103515625	26.103515625	0	0	-6	6	90.307617188	90.307617188	0	0	0	0	0	0	0	0	0	0	0	0	0	0	0	0	0	0	0	0	0	0	0	0	0	0	0	0	0	0	0	0	0	0	0	0	0	0	0	0	0	0	0	0	0	0	0	0
1789546983653	86963	3895	7	288	12	0	0	3	0	0	0	0	26.103515625	26.103515625	0	0	0	0	90.307617188	90.307617188	0	0	0	0	0	0	0	0	0	0	0	0	0	0	0	0	0	0	0	0	0	0	0	0	0	0	0	0	0	0	0	0	0	0	0	0	0	0	0	0	0	0	0	0	0	0	0	0
1789546983673	86985	3896	7	288	12	0	0	3	0	0	0	0	26.103515625	26.103515625	0	0	0	0	90.307617188	90.307617188	0	0	0	0	0	0	0	0	0	0	0	0	0	0	0	0	0	0	0	0	0	0	0	0	0	0	0	0	0	0	0	0	0	0	0	0	0	0	0	0	0	0	0	0	0	0	0	0
1789546983699	87007	3897	7	288	12	0	0	3	0	0	0	0	26.103515625	26.103515625	0	0	0	0	90.307617188	90.307617188	0	0	0	0	0	0	0	0	0	0	0	0	0	0	0	0	0	0	0	0	0	0	0	0	0	0	0	0	0	0	0	0	0	0	0	0	0	0	0	0	0	0	0	0	0	0	0	0
1789546983719	87029	3898	7	288	12	0	0	3	0	0	0	0	26.103515625	26.103515625	0	0	0	0	90.307617188	90.307617188	0	0	0	0	0	0	0	0	0	0	0	0	0	0	0	0	0	0	0	0	0	0	0	0	0	0	0	0	0	0	0	0	0	0	0	0	0	0	0	0	0	0	0	0	0	0	0	0
1789546983739	87051	3899	7	288	12	0	0	3	0	0	0	0	26.103515625	26.103515625	0	0	0	0	90.307617188	90.307617188	0	0	0	0	0	0	0	0	0	0	0	0	0	0	0	0	0	0	0	0	0	0	0	0	0	0	0	0	0	0	0	0	0	0	0	0	0	0	0	0	0	0	0	0	0	0	0	0
1789546983766	87073	3900	7	288	12	0	0	3	0	0	0	0	26.103515625	26.103515625	0	0	0	0	90.307617188	90.307617188	0	0	0	0	0	0	0	0	0	0	0	0	0	0	0	0	0	0	0	0	0	0	0	0	0	0	0	0	0	0	0	0	0	0	0	0	0	0	0	0	0	0	0	0	0	0	0	0
1789546983786	87095	3901	7	288	12	0	0	3	0	0	0	0	26.103515625	26.103515625	0	0	0	0	90.3515625	90.3515625	0	0	0	0	0	0	0	0	0	0	0	0	0	0	0	0	0	0	0	0	0	0	0	0	0	0	0	0	0	0	0	0	0	0	0	0	0	0	0	0	0	0	0	0	0	0	0	0
1789546983805	87117	3902	7	288	12	0	0	3	0	0	0	0	26.103515625	26.103515625	0	0	0	0	90.307617188	90.307617188	0	0	0	0	0	0	0	0	0	0	0	0	0	0	0	0	0	0	0	0	0	0	0	0	0	0	0	0	0	0	0	0	0	0	0	0	0	0	0	0	0	0	0	0	0	0	0	0
1789546983832	87139	3903	7	288	12	0	0	3	0	0	0	0	26.103515625	26.103515625	0	0	0	0	90.307617188	90.307617188	0	0	0	0	0	0	0	0	0	0	0	0	0	0	0	0	0	0	0	0	0	0	0	0	0	0	0	0	0	0	0	0	0	0	0	0	0	0	0	0	0	0	0	0	0	0	0	0
1789546983852	87161	3904	7	288	12	0	0	3	0	0	0	0	26.103515625	26.103515625	0	0	0	0	90.307617188	90.307617188	0	0	0	0	0	0	0	0	0	0	0	0	0	0	0	0	0	0	0	0	0	0	0	0	0	0	0	0	0	0	0	0	0	0	0	0	0	0	0	0	0	0	0	0	0	0	0	0
1789546983872	87183	3905	7	288	12	0	0	3	0	0	0	0	26.103515625	26.103515625	0	0	0	0	90.307617188	90.307617188	0	0	0	0	0	0	0	0	0	0	0	0	0	0	0	0	0	0	0	0	0	0	0	0	0	0	0	0	0	0	0	0	0	0	0	0	0	0	0	0	0	0	0	0	0	0	0	0
1789546983898	87205	3906	7	288	12	0	0	3	0	0	0	0	26.103515625	26.103515625	0	0	0	0	90.307617188	90.307617188	0	0	0	0	0	0	0	0	0	0	0	0	0	0	0	0	0	0	0	0	0	0	0	0	0	0	0	0	0	0	0	0	0	0	0	0	0	0	0	0	0	0	0	0	0	0	0	0
1789546983918	87227	3907	7	288	12	0	0	3	0	0	0	0	26.103515625	26.103515625	0	0	0	0	90.307617188	90.307617188	0	0	0	0	0	0	0	0	0	0	0	0	0	0	0	0	0	0	0	0	0	0	0	0	0	0	0	0	0	0	0	0	0	0	0	0	0	0	0	0	0	0	0	0	0	0	0	0
1789546983938	87249	3908	7	288	12	0	0	3	0	0	0	0	26.103515625	26.103515625	0	0	0	0	90.307617188	90.307617188	0	0	0	0	0	0	0	0	0	0	0	0	0	0	0	0	0	0	0	0	0	0	0	0	0	0	0	0	0	0	0	0	0	0	0	0	0	0	0	0	0	0	0	0	0	0	0	0
1789546983964	87271	3909	7	288	12	0	0	3	0	0	0	0	26.103515625	26.103515625	0	0	0	0	90.307617188	90.307617188	0	0	0	0	0	0	0	0	0	0	0	0	0	0	0	0	0	0	0	0	0	0	0	0	0	0	0	0	0	0	0	0	0	0	0	0	0	0	0	0	0	0	0	0	0	0	0	0
1789546983984	87293	3910	7	288	12	0	0	3	0	0	0	0	26.103515625	26.103515625	0	0	0	0	90.307617188	90.307617188	0	0	0	0	0	0	0	0	0	0	0	0	0	0	0	0	0	0	0	0	0	0	0	0	0	0	0	0	0	0	0	0	0	0	0	0	0	0	0	0	0	0	0	0	0	0	0	0
1789546984003	87315	3911	7	288	12	0	0	3	0	0	0	0	26.103515625	26.103515625	0	0	0	0	90.307617188	90.307617188	0	0	0	0	0	0	0	0	0	0	0	0	0	0	0	0	0	0	0	0	0	0	0	0	0	0	0	0	0	0	0	0	0	0	0	0	0	0	0	0	0	0	0	0	0	0	0	0
1789546984030	87337	3912	7	288	12	0	0	3	0	0	0	0	26.103515625	26.103515625	0	0	0	0	90.307617188	90.307617188	0	0	0	0	0	0	0	0	0	0	0	0	0	0	0	0	0	0	0	0	0	0	0	0	0	0	0	0	0	0	0	0	0	0	0	0	0	0	0	0	0	0	0	0	0	0	0	0
1789546984050	87359	3913	7	288	12	0	0	3	0	0	0	0	26.103515625	26.103515625	0	0	0	0	90.307617188	90.307617188	0	0	0	0	0	0	0	0	0	0	0	0	0	0	0	0	0	0	0	0	0	0	0	0	0	0	0	0	0	0	0	0	0	0	0	0	0	0	0	0	0	0	0	0	0	0	0	0
1789546984070	87381	3914	7	288	12	0	0	3	0	0	0	0	26.103515625	26.103515625	0	0	0	0	90.307617188	90.307617188	0	0	0	0	0	0	0	0	0	0	0	0	0	0	0	0	0	0	0	0	0	0	0	0	0	0	0	0	0	0	0	0	0	0	0	0	0	0	0	0	0	0	0	0	0	0	0	0
1789546984097	87403	3915	7	288	12	0	0	3	0	0	0	0	26.103515625	26.103515625	0	0	0	0	90.307617188	90.307617188	0	0	0	0	0	0	0	0	0	0	0	0	0	0	0	0	0	0	0	0	0	0	0	0	0	0	0	0	0	0	0	0	0	0	0	0	0	0	0	0	0	0	0	0	0	0	0	0
1789546984117	87425	3916	7	288	12	0	0	3	0	0	0	0	26.103515625	26.103515625	0	0	0	0	90.307617188	90.307617188	0	0	0	0	0	0	0	0	0	0	0	0	0	0	0	0	0	0	0	0	0	0	0	0	0	0	0	0	0	0	0	0	0	0	0	0	0	0	0	0	0	0	0	0	0	0	0	0
1789546984136	87447	3917	7	288	12	0	0	3	0	0	0	0	26.103515625	26.103515625	0	0	0	0	90.307617188	90.307617188	0	0	0	0	0	0	0	0	0	0	0	0	0	0	0	0	0	0	0	0	0	0	0	0	0	0	0	0	0	0	0	0	0	0	0	0	0	0	0	0	0	0	0	0	0	0	0	0
1789546984163	87469	3918	7	288	12	0	0	3	0	0	0	0	26.103515625	26.103515625	0	0	0	0	90.307617188	90.307617188	0	0	0	0	0	0	0	0	0	0	0	0	0	0	0	0	0	0	0	0	0	0	0	0	0	0	0	0	0	0	0	0	0	0	0	0	0	0	0	0	0	0	0	0	0	0	0	0
1789546984183	87491	3919	7	288	12	0	0	3	0	0	0	0	26.103515625	26.103515625	0	0	0	0	90.307617188	90.307617188	0	0	0	0	0	0	0	0	0	0	0	0	0	0	0	0	0	0	0	0	0	0	0	0	0	0	0	0	0	0	0	0	0	0	0	0	0	0	0	0	0	0	0	0	0	0	0	0
1789546984203	87513	3920	7	288	12	0	0	3	0	0	0	0	26.103515625	26.103515625	0	0	0	0	90.307617188	90.307617188	0	0	0	0	0	0	0	0	0	0	0	0	0	0	0	0	0	0	0	0	0	0	0	0	0	0	0	0	0	0	0	0	0	0	0	0	0	0	0	0	0	0	0	0	0	0	0	0
1789546984224	87535	3921	7	288	12	0	0	3	0	0	0	0	26.103515625	26.103515625	0	0	0	0	90.307617188	90.307617188	0	0	0	0	0	0	0	0	0	0	0	0	0	0	0	0	0	0	0	0	0	0	0	0	0	0	0	0	0	0	0	0	0	0	0	0	0	0	0	0	0	0	0	0	0	0	0	0
1789546984250	87557	3922	7	288	12	0	0	3	0	0	0	0	26.103515625	26.103515625	0	0	0	0	90.307617188	90.307617188	0	0	0	0	0	0	0	0	0	0	0	0	0	0	0	0	0	0	0	0	0	0	0	0	0	0	0	0	0	0	0	0	0	0	0	0	0	0	0	0	0	0	0	0	0	0	0	0
1789546984270	87579	3923	7	288	12	0	0	3	0	0	0	0	26.103515625	26.103515625	0	0	0	0	90.307617188	90.307617188	0	0	0	0	0	0	0	0	0	0	0	0	0	0	0	0	0	0	0	0	0	0	0	0	0	0	0	0	0	0	0	0	0	0	0	0	0	0	0	0	0	0	0	0	0	0	0	0
1789546984290	87601	3924	7	288	12	0	0	3	0	0	0	0	26.103515625	26.103515625	0	0	0	0	90.307617188	90.307617188	0	0	0	0	0	0	0	0	0	0	0	0	0	0	0	0	0	0	0	0	0	0	0	0	0	0	0	0	0	0	0	0	0	0	0	0	0	0	0	0	0	0	0	0	0	0	0	0
1789546984316	87623	3925	7	288	12	0	0	3	0	0	0	0	26.103515625	26.103515625	0	0	0	0	90.307617188	90.307617188	0	0	0	0	0	0	0	0	0	0	0	0	0	0	0	0	0	0	0	0	0	0	0	0	0	0	0	0	0	0	0	0	0	0	0	0	0	0	0	0	0	0	0	0	0	0	0	0
1789546984336	87645	3926	7	288	12	0	0	3	0	0	0	0	26.103515625	26.103515625	0	0	0	0	90.307617188	90.307617188	0	0	0	0	0	0	0	0	0	0	0	0	0	0	0	0	0	0	0	0	0	0	0	0	0	0	0	0	0	0	0	0	0	0	0	0	0	0	0	0	0	0	0	0	0	0	0	0
1789546984356	87667	3927	7	288	12	0	0	3	0	0	0	0	26.103515625	26.103515625	0	0	0	0	90.307617188	90.307617188	0	0	0	0	0	0	0	0	0	0	0	0	0	0	0	0	0	0	0	0	0	0	0	0	0	0	0	0	0	0	0	0	0	0	0	0	0	0	0	0	0	0	0	0	0	0	0	0
1789546984382	87689	3928	7	288	12	0	0	3	0	0	0	0	26.103515625	26.103515625	0	0	0	0	90.307617188	90.307617188	0	0	0	0	0	0	0	0	0	0	0	0	0	0	0	0	0	0	0	0	0	0	0	0	0	0	0	0	0	0	0	0	0	0	0	0	0	0	0	0	0	0	0	0	0	0	0	0
1789546984402	87711	3929	7	288	12	0	0	3	0	0	0	0	26.103515625	26.103515625	0	0	0	0	90.307617188	90.307617188	0	0	0	0	0	0	0	0	0	0	0	0	0	0	0	0	0	0	0	0	0	0	0	0	0	0	0	0	0	0	0	0	0	0	0	0	0	0	0	0	0	0	0	0	0	0	0	0
1789546984422	87733	3930	7	288	12	0	0	3	0	0	0	0	26.103515625	26.103515625	0	0	0	0	90.307617188	90.307617188	0	0	0	0	0	0	0	0	0	0	0	0	0	0	0	0	0	0	0	0	0	0	0	0	0	0	0	0	0	0	0	0	0	0	0	0	0	0	0	0	0	0	0	0	0	0	0	0
1789546984448	87755	3931	7	288	12	0	0	3	0	0	0	0	26.103515625	26.103515625	0	0	0	0	90.307617188	90.307617188	0	0	0	0	0	0	0	0	0	0	0	0	0	0	0	0	0	0	0	0	0	0	0	0	0	0	0	0	0	0	0	0	0	0	0	0	0	0	0	0	0	0	0	0	0	0	0	0
1789546984468	87777	3932	7	288	12	0	0	3	0	0	0	0	26.103515625	26.103515625	0	0	0	0	90.307617188	90.307617188	0	0	0	0	0	0	0	0	0	0	0	0	0	0	0	0	0	0	0	0	0	0	0	0	0	0	0	0	0	0	0	0	0	0	0	0	0	0	0	0	0	0	0	0	0	0	0	0
1789546984488	87799	3933	7	288	12	0	0	3	0	0	0	0	26.103515625	26.103515625	0	0	0	0	90.307617188	90.307617188	0	0	0	0	0	0	0	0	0	0	0	0	0	0	0	0	0	0	0	0	0	0	0	0	0	0	0	0	0	0	0	0	0	0	0	0	0	0	0	0	0	0	0	0	0	0	0	0
1789546984515	87821	3934	7	288	12	0	0	3	0	0	0	0	26.103515625	26.103515625	0	0	0	0	90.307617188	90.307617188	0	0	0	0	0	0	0	0	0	0	0	0	0	0	0	0	0	0	0	0	0	0	0	0	0	0	0	0	0	0	0	0	0	0	0	0	0	0	0	0	0	0	0	0	0	0	0	0
1789546984534	87843	3935	7	288	12	0	0	3	0	0	0	0	26.103515625	26.103515625	0	0	0	0	90.307617188	90.307617188	0	0	0	0	0	0	0	0	0	0	0	0	0	0	0	0	0	0	0	0	0	0	0	0	0	0	0	0	0	0	0	0	0	0	0	0	0	0	0	0	0	0	0	0	0	0	0	0
1789546984554	87865	3936	7	288	12	0	0	3	0	0	0	0	26.103515625	26.103515625	0	0	0	0	90.307617188	90.307617188	0	0	0	0	0	0	0	0	0	0	0	0	0	0	0	0	0	0	0	0	0	0	0	0	0	0	0	0	0	0	0	0	0	0	0	0	0	0	0	0	0	0	0	0	0	0	0	0
1789546984581	87887	3937	7	288	12	0	0	3	0	0	0	0	26.103515625	26.103515625	0	0	0	0	90.307617188	90.307617188	0	0	0	0	0	0	0	0	0	0	0	0	0	0	0	0	0	0	0	0	0	0	0	0	0	0	0	0	0	0	0	0	0	0	0	0	0	0	0	0	0	0	0	0	0	0	0	0
1789546984601	87909	3938	7	288	12	0	0	3	0	0	0	0	26.103515625	26.103515625	0	0	0	0	90.307617188	90.307617188	0	0	0	0	0	0	0	0	0	0	0	0	0	0	0	0	0	0	0	0	0	0	0	0	0	0	0	0	0	0	0	0	0	0	0	0	0	0	0	0	0	0	0	0	0	0	0	0
1789546984620	87931	3939	7	288	12	0	0	3	0	0	0	0	26.103515625	26.103515625	0	0	0	0	90.307617188	90.307617188	0	0	0	0	0	0	0	0	0	0	0	0	0	0	0	0	0	0	0	0	0	0	0	0	0	0	0	0	0	0	0	0	0	0	0	0	0	0	0	0	0	0	0	0	0	0	0	0
1789546984647	87953	3940	7	288	12	0	0	3	0	0	0	0	26.103515625	26.103515625	0	0	0	0	90.307617188	90.307617188	0	0	0	0	0	0	0	0	0	0	0	0	0	0	0	0	0	0	0	0	0	0	0	0	0	0	0	0	0	0	0	0	0	0	0	0	0	0	0	0	0	0	0	0	0	0	0	0
1789546984667	87975	3941	7	288	12	0	0	3	0	0	0	0	26.103515625	26.103515625	0	0	0	0	90.307617188	90.307617188	0	0	0	0	0	0	0	0	0	0	0	0	0	0	0	0	0	0	0	0	0	0	0	0	0	0	0	0	0	0	0	0	0	0	0	0	0	0	0	0	0	0	0	0	0	0	0	0
1789546984687	87997	3942	7	288	12	0	0	3	0	0	0	0	26.103515625	26.103515625	0	0	0	0	90.307617188	90.307617188	0	0	0	0	0	0	0	0	0	0	0	0	0	0	0	0	0	0	0	0	0	0	0	0	0	0	0	0	0	0	0	0	0	0	0	0	0	0	0	0	0	0	0	0	0	0	0	0
1789546984707	88019	3943	7	288	12	0	0	3	0	0	0	0	26.103515625	26.103515625	0	0	0	0	90.307617188	90.307617188	0	0	0	0	0	0	0	0	0	0	0	0	0	0	0	0	0	0	0	0	0	0	0	0	0	0	0	0	0	0	0	0	0	0	0	0	0	0	0	0	0	0	0	0	0	0	0	0
1789546984733	88041	3944	7	288	12	0	0	3	0	0	0	0	26.103515625	26.103515625	0	0	0	0	90.307617188	90.307617188	0	0	0	0	0	0	0	0	0	0	0	0	0	0	0	0	0	0	0	0	0	0	0	0	0	0	0	0	0	0	0	0	0	0	0	0	0	0	0	0	0	0	0	0	0	0	0	0
1789546984753	88063	3945	7	288	12	0	0	3	0	0	0	0	26.103515625	26.103515625	0	0	0	0	90.307617188	90.307617188	0	0	0	0	0	0	0	0	0	0	0	0	0	0	0	0	0	0	0	0	0	0	0	0	0	0	0	0	0	0	0	0	0	0	0	0	0	0	0	0	0	0	0	0	0	0	0	0
1789546984773	88085	3946	7	288	12	0	0	3	0	0	0	0	26.103515625	26.103515625	0	0	0	0	90.307617188	90.307617188	0	0	0	0	0	0	0	0	0	0	0	0	0	0	0	0	0	0	0	0	0	0	0	0	0	0	0	0	0	0	0	0	0	0	0	0	0	0	0	0	0	0	0	0	0	0	0	0
1789546984800	88107	3947	7	288	12	0	0	3	0	0	0	0	26.103515625	26.103515625	0	0	0	0	90.307617188	90.307617188	0	0	0	0	0	0	0	0	0	0	0	0	0	0	0	0	0	0	0	0	0	0	0	0	0	0	0	0	0	0	0	0	0	0	0	0	0	0	0	0	0	0	0	0	0	0	0	0
1789546984820	88129	3948	7	288	12	0	0	3	0	0	0	0	26.103515625	26.103515625	0	0	0	0	90.307617188	90.307617188	0	0	0	0	0	0	0	0	0	0	0	0	0	0	0	0	0	0	0	0	0	0	0	0	0	0	0	0	0	0	0	0	0	0	0	0	0	0	0	0	0	0	0	0	0	0	0	0
1789546984840	88151	3949	7	288	12	0	0	3	0	0	0	0	26.103515625	26.103515625	0	0	0	0	90.307617188	90.307617188	0	0	0	0	0	0	0	0	0	0	0	0	0	0	0	0	0	0	0	0	0	0	0	0	0	0	0	0	0	0	0	0	0	0	0	0	0	0	0	0	0	0	0	0	0	0	0	0
1789546984866	88173	3950	7	288	12	0	0	3	0	0	0	0	26.103515625	26.103515625	0	0	0	0	90.307617188	90.307617188	0	0	0	0	0	0	0	0	0	0	0	0	0	0	0	0	0	0	0	0	0	0	0	0	0	0	0	0	0	0	0	0	0	0	0	0	0	0	0	0	0	0	0	0	0	0	0	0
1789546984886	88195	3951	7	288	12	0	0	3	0	0	0	0	26.103515625	26.103515625	0	0	0	0	90.307617188	90.307617188	0	0	0	0	0	0	0	0	0	0	0	0	0	0	0	0	0	0	0	0	0	0	0	0	0	0	0	0	0	0	0	0	0	0	0	0	0	0	0	0	0	0	0	0	0	0	0	0
1789546984905	88217	3952	7	288	12	0	0	3	0	0	0	0	26.103515625	26.103515625	0	0	0	0	90.307617188	90.307617188	0	0	0	0	0	0	0	0	0	0	0	0	0	0	0	0	0	0	0	0	0	0	0	0	0	0	0	0	0	0	0	0	0	0	0	0	0	0	0	0	0	0	0	0	0	0	0	0
1789546984932	88239	3953	7	288	12	0	0	3	0	0	0	0	26.103515625	26.103515625	0	0	0	0	90.307617188	90.307617188	0	0	0	0	0	0	0	0	0	0	0	0	0	0	0	0	0	0	0	0	0	0	0	0	0	0	0	0	0	0	0	0	0	0	0	0	0	0	0	0	0	0	0	0	0	0	0	0
1789546984952	88261	3954	7	288	12	0	0	3	0	0	0	0	26.103515625	26.103515625	0	0	0	0	90.307617188	90.307617188	0	0	0	0	0	0	0	0	0	0	0	0	0	0	0	0	0	0	0	0	0	0	0	0	0	0	0	0	0	0	0	0	0	0	0	0	0	0	0	0	0	0	0	0	0	0	0	0
1789546984972	88283	3955	7	288	12	0	0	3	0	0	0	0	26.103515625	26.103515625	0	0	0	0	90.307617188	90.307617188	0	0	0	0	0	0	0	0	0	0	0	0	0	0	0	0	0	0	0	0	0	0	0	0	0	0	0	0	0	0	0	0	0	0	0	0	0	0	0	0	0	0	0	0	0	0	0	0
1789546984998	88305	3956	7	288	12	0	0	3	0	0	0	0	26.103515625	26.103515625	0	0	0	0	90.307617188	90.307617188	0	0	0	0	0	0	0	0	0	0	0	0	0	0	0	0	0	0	0	0	0	0	0	0	0	0	0	0	0	0	0	0	0	0	0	0	0	0	0	0	0	0	0	0	0	0	0	0
1789546985018	88327	3957	7	288	12	0	0	3	0	0	0	0	26.103515625	26.103515625	0	0	0	0	90.307617188	90.307617188	0	0	0	0	0	0	0	0	0	0	0	0	0	0	0	0	0	0	0	0	0	0	0	0	0	0	0	0	0	0	0	0	0	0	0	0	0	0	0	0	0	0	0	0	0	0	0	0
1789546985038	88349	3958	7	288	12	0	0	3	0	0	0	0	26.103515625	26.103515625	0	0	0	0	90.307617188	90.307617188	0	0	0	0	0	0	0	0	0	0	0	0	0	0	0	0	0	0	0	0	0	0	0	0	0	0	0	0	0	0	0	0	0	0	0	0	0	0	0	0	0	0	0	0	0	0	0	0
1789546985064	88371	3959	7	288	12	0	0	3	0	0	0	0	26.103515625	26.103515625	0	0	0	0	90.307617188	90.307617188	0	0	0	0	0	0	0	0	0	0	0	0	0	0	0	0	0	0	0	0	0	0	0	0	0	0	0	0	0	0	0	0	0	0	0	0	0	0	0	0	0	0	0	0	0	0	0	0
1789546985084	88393	3960	7	288	12	0	0	3	0	0	0	0	26.103515625	26.103515625	0	0	0	0	90.307617188	90.307617188	0	0	0	0	0	0	0	0	0	0	0	0	0	0	0	0	0	0	0	0	0	0	0	0	0	0	0	0	0	0	0	0	0	0	0	0	0	0	0	0	0	0	0	0	0	0	0	0
1789546985104	88415	3961	7	288	12	0	0	3	0	0	0	0	26.103515625	26.103515625	0	0	0	0	90.307617188	90.307617188	0	0	0	0	0	0	0	0	0	0	0	0	0	0	0	0	0	0	0	0	0	0	0	0	0	0	0	0	0	0	0	0	0	0	0	0	0	0	0	0	0	0	0	0	0	0	0	0
1789546985131	88437	3962	7	288	12	0	0	3	0	0	0	0	26.103515625	26.103515625	0	0	0	0	90.307617188	90.307617188	0	0	0	0	0	0	0	0	0	0	0	0	0	0	0	0	0	0	0	0	0	0	0	0	0	0	0	0	0	0	0	0	0	0	0	0	0	0	0	0	0	0	0	0	0	0	0	0
1789546985151	88459	3963	7	288	12	0	0	3	0	0	0	0	26.103515625	26.103515625	0	0	0	0	90.307617188	90.307617188	0	0	0	0	0	0	0	0	0	0	0	0	0	0	0	0	0	0	0	0	0	0	0	0	0	0	0	0	0	0	0	0	0	0	0	0	0	0	0	0	0	0	0	0	0	0	0	0
1789546985171	88481	3964	7	288	12	0	0	3	0	0	0	0	26.103515625	26.103515625	0	0	0	0	90.307617188	90.307617188	0	0	0	0	0	0	0	0	0	0	0	0	0	0	0	0	0	0	0	0	0	0	0	0	0	0	0	0	0	0	0	0	0	0	0	0	0	0	0	0	0	0	0	0	0	0	0	0
1789546985191	88503	3965	7	288	12	0	0	3	0	0	0	0	26.103515625	26.103515625	0	0	0	0	90.307617188	90.307617188	0	0	0	0	0	0	0	0	0	0	0	0	0	0	0	0	0	0	0	0	0	0	0	0	0	0	0	0	0	0	0	0	0	0	0	0	0	0	0	0	0	0	0	0	0	0	0	0
1789546985217	88525	3966	7	288	12	0	0	3	0	0	0	0	26.103515625	26.103515625	0	0	0	0	90.3515625	90.3515625	0	0	0	0	0	0	0	0	0	0	0	0	0	0	0	0	0	0	0	0	0	0	0	0	0	0	0	0	0	0	0	0	0	0	0	0	0	0	0	0	0	0	0	0	0	0	0	0
1789546985237	88547	3967	7	288	12	0	0	3	0	0	0	0	26.103515625	26.103515625	0	0	0	0	90.307617188	90.307617188	0	0	0	0	0	0	0	0	0	0	0	0	0	0	0	0	0	0	0	0	0	0	0	0	0	0	0	0	0	0	0	0	0	0	0	0	0	0	0	0	0	0	0	0	0	0	0	0
1789546985257	88569	3968	7	288	12	0	0	3	0	0	0	0	26.103515625	26.103515625	0	0	0	0	90.307617188	90.307617188	0	0	0	0	0	0	0	0	0	0	0	0	0	0	0	0	0	0	0	0	0	0	0	0	0	0	0	0	0	0	0	0	0	0	0	0	0	0	0	0	0	0	0	0	0	0	0	0
1789546985284	88591	3969	7	288	12	0	0	3	0	0	0	0	26.103515625	26.103515625	0	0	0	0	90.307617188	90.307617188	0	0	0	0	0	0	0	0	0	0	0	0	0	0	0	0	0	0	0	0	0	0	0	0	0	0	0	0	0	0	0	0	0	0	0	0	0	0	0	0	0	0	0	0	0	0	0	0
1789546985304	88613	3970	7	288	12	0	0	3	0	0	0	0	26.103515625	26.103515625	0	0	0	0	90.307617188	90.307617188	0	0	0	0	0	0	0	0	0	0	0	0	0	0	0	0	0	0	0	0	0	0	0	0	0	0	0	0	0	0	0	0	0	0	0	0	0	0	0	0	0	0	0	0	0	0	0	0
1789546985324	88635	3971	7	288	12	0	0	3	0	0	0	0	26.103515625	26.103515625	0	0	0	0	90.307617188	90.307617188	0	0	0	0	0	0	0	0	0	0	0	0	0	0	0	0	0	0	0	0	0	0	0	0	0	0	0	0	0	0	0	0	0	0	0	0	0	0	0	0	0	0	0	0	0	0	0	0
1789546985350	88657	3972	7	288	12	0	0	3	0	0	0	0	26.103515625	26.103515625	0	0	0	0	90.307617188	90.307617188	0	0	0	0	0	0	0	0	0	0	0	0	0	0	0	0	0	0	0	0	0	0	0	0	0	0	0	0	0	0	0	0	0	0	0	0	0	0	0	0	0	0	0	0	0	0	0	0
1789546985370	88679	3973	7	288	12	0	0	3	0	0	0	0	26.103515625	26.103515625	0	0	0	0	90.307617188	90.307617188	0	0	0	0	0	0	0	0	0	0	0	0	0	0	0	0	0	0	0	0	0	0	0	0	0	0	0	0	0	0	0	0	0	0	0	0	0	0	0	0	0	0	0	0	0	0	0	0
1789546985390	88701	3974	7	288	12	0	0	3	0	0	0	0	26.103515625	26.103515625	0	0	0	0	90.307617188	90.307617188	0	0	0	0	0	0	0	0	0	0	0	0	0	0	0	0	0	0	0	0	0	0	0	0	0	0	0	0	0	0	0	0	0	0	0	0	0	0	0	0	0	0	0	0	0	0	0	0
1789546985416	88723	3975	7	288	12	0	0	3	0	0	0	0	26.103515625	26.103515625	0	0	0	0	90.307617188	90.307617188	0	0	0	0	0	0	0	0	0	0	0	0	0	0	0	0	0	0	0	0	0	0	0	0	0	0	0	0	0	0	0	0	0	0	0	0	0	0	0	0	0	0	0	0	0	0	0	0
1789546985436	88745	3976	7	288	12	0	0	3	0	0	0	0	26.103515625	26.103515625	0	0	0	0	90.307617188	90.307617188	0	0	0	0	0	0	0	0	0	0	0	0	0	0	0	0	0	0	0	0	0	0	0	0	0	0	0	0	0	0	0	0	0	0	0	0	0	0	0	0	0	0	0	0	0	0	0	0
1789546985456	88767	3977	7	288	12	0	0	3	0	0	0	0	26.103515625	26.103515625	0	0	0	0	90.307617188	90.307617188	0	0	0	0	0	0	0	0	0	0	0	0	0	0	0	0	0	0	0	0	0	0	0	0	0	0	0	0	0	0	0	0	0	0	0	0	0	0	0	0	0	0	0	0	0	0	0	0
1789546985482	88789	3978	7	288	12	0	0	3	0	0	0	0	26.103515625	26.103515625	0	0	0	0	90.307617188	90.307617188	0	0	0	0	0	0	0	0	0	0	0	0	0	0	0	0	0	0	0	0	0	0	0	0	0	0	0	0	0	0	0	0	0	0	0	0	0	0	0	0	0	0	0	0	0	0	0	0
1789546985502	88811	3979	7	288	12	0	0	3	0	0	0	0	26.103515625	26.103515625	0	0	0	0	90.307617188	90.307617188	0	0	0	0	0	0	0	0	0	0	0	0	0	0	0	0	0	0	0	0	0	0	0	0	0	0	0	0	0	0	0	0	0	0	0	0	0	0	0	0	0	0	0	0	0	0	0	0
1789546985522	88833	3980	7	288	12	0	0	3	0	0	0	0	26.103515625	26.103515625	0	0	0	0	90.307617188	90.307617188	0	0	0	0	0	0	0	0	0	0	0	0	0	0	0	0	0	0	0	0	0	0	0	0	0	0	0	0	0	0	0	0	0	0	0	0	0	0	0	0	0	0	0	0	0	0	0	0
1789546985548	88855	3981	7	288	12	0	0	3	0	0	0	0	26.103515625	26.103515625	0	0	0	0	90.307617188	90.307617188	0	0	0	0	0	0	0	0	0	0	0	0	0	0	0	0	0	0	0	0	0	0	0	0	0	0	0	0	0	0	0	0	0	0	0	0	0	0	0	0	0	0	0	0	0	0	0	0
1789546985568	88877	3982	7	288	12	0	0	3	0	0	0	0	26.103515625	26.103515625	0	0	0	0	90.307617188	90.307617188	0	0	0	0	0	0	0	0	0	0	0	0	0	0	0	0	0	0	0	0	0	0	0	0	0	0	0	0	0	0	0	0	0	0	0	0	0	0	0	0	0	0	0	0	0	0	0	0
1789546985588	88899	3983	7	288	12	0	0	3	0	0	0	0	26.103515625	26.103515625	0	0	0	0	90.307617188	90.307617188	0	0	0	0	0	0	0	0	0	0	0	0	0	0	0	0	0	0	0	0	0	0	0	0	0	0	0	0	0	0	0	0	0	0	0	0	0	0	0	0	0	0	0	0	0	0	0	0
1789546985614	88921	3984	7	288	12	0	0	3	0	0	0	0	26.103515625	26.103515625	0	0	0	0	90.307617188	90.307617188	0	0	0	0	0	0	0	0	0	0	0	0	0	0	0	0	0	0	0	0	0	0	0	0	0	0	0	0	0	0	0	0	0	0	0	0	0	0	0	0	0	0	0	0	0	0	0	0
1789546985634	88943	3985	7	288	12	0	0	3	0	0	0	0	26.103515625	26.103515625	0	0	0	0	90.307617188	90.307617188	0	0	0	0	0	0	0	0	0	0	0	0	0	0	0	0	0	0	0	0	0	0	0	0	0	0	0	0	0	0	0	0	0	0	0	0	0	0	0	0	0	0	0	0	0	0	0	0
1789546985654	88965	3986	7	288	12	0	0	3	0	0	0	0	26.103515625	26.103515625	0	0	0	0	90.307617188	90.307617188	0	0	0	0	0	0	0	0	0	0	0	0	0	0	0	0	0	0	0	0	0	0	0	0	0	0	0	0	0	0	0	0	0	0	0	0	0	0	0	0	0	0	0	0	0	0	0	0
1789546985680	88987	3987	7	288	12	0	0	3	0	0	0	0	26.103515625	26.103515625	0	0	0	0	90.307617188	90.307617188	0	0	0	0	0	0	0	0	0	0	0	0	0	0	0	0	0	0	0	0	0	0	0	0	0	0	0	0	0	0	0	0	0	0	0	0	0	0	0	0	0	0	0	0	0	0	0	0
1789546985700	89009	3988	7	288	12	0	0	3	0	0	0	0	26.103515625	26.103515625	0	0	0	0	90.307617188	90.307617188	0	0	0	0	0	0	0	0	0	0	0	0	0	0	0	0	0	0	0	0	0	0	0	0	0	0	0	0	0	0	0	0	0	0	0	0	0	0	0	0	0	0	0	0	0	0	0	0
1789546985720	89031	3989	7	288	12	0	0	3	0	0	0	0	26.103515625	26.103515625	0	0	0	0	90.307617188	90.307617188	0	0	0	0	0	0	0	0	0	0	0	0	0	0	0	0	0	0	0	0	0	0	0	0	0	0	0	0	0	0	0	0	0	0	0	0	0	0	0	0	0	0	0	0	0	0	0	0
1789546985747	89053	3990	7	288	12	0	0	3	0	0	0	0	26.103515625	26.103515625	0	0	0	0	90.307617188	90.307617188	0	0	0	0	0	0	0	0	0	0	0	0	0	0	0	0	0	0	0	0	0	0	0	0	0	0	0	0	0	0	0	0	0	0	0	0	0	0	0	0	0	0	0	0	0	0	0	0
1789546985767	89075	3991	7	288	12	0	0	3	0	0	0	0	26.103515625	26.103515625	0	0	0	0	90.307617188	90.307617188	0	0	0	0	0	0	0	0	0	0	0	0	0	0	0	0	0	0	0	0	0	0	0	0	0	0	0	0	0	0	0	0	0	0	0	0	0	0	0	0	0	0	0	0	0	0	0	0
1789546985786	89097	3992	7	288	12	0	0	3	0	0	0	0	26.103515625	26.103515625	0	0	0	0	90.307617188	90.307617188	0	0	0	0	0	0	0	0	0	0	0	0	0	0	0	0	0	0	0	0	0	0	0	0	0	0	0	0	0	0	0	0	0	0	0	0	0	0	0	0	0	0	0	0	0	0	0	0
1789546985813	89119	3993	7	288	12	0	0	3	0	0	0	0	26.103515625	26.103515625	0	0	0	0	90.307617188	90.307617188	0	0	0	0	0	0	0	0	0	0	0	0	0	0	0	0	0	0	0	0	0	0	0	0	0	0	0	0	0	0	0	0	0	0	0	0	0	0	0	0	0	0	0	0	0	0	0	0
1789546985832	89141	3994	7	288	12	0	0	3	0	0	0	0	26.103515625	26.103515625	0	0	0	0	90.307617188	90.307617188	0	0	0	0	0	0	0	0	0	0	0	0	0	0	0	0	0	0	0	0	0	0	0	0	0	0	0	0	0	0	0	0	0	0	0	0	0	0	0	0	0	0	0	0	0	0	0	0
1789546985852	89163	3995	7	288	12	0	0	3	0	0	0	0	26.103515625	26.103515625	0	0	0	0	90.307617188	90.307617188	0	0	0	0	0	0	0	0	0	0	0	0	0	0	0	0	0	0	0	0	0	0	0	0	0	0	0	0	0	0	0	0	0	0	0	0	0	0	0	0	0	0	0	0	0	0	0	0
1789546985879	89185	3996	7	288	12	0	0	3	0	0	0	0	26.103515625	26.103515625	0	0	0	0	90.307617188	90.307617188	0	0	0	0	0	0	0	0	0	0	0	0	0	0	0	0	0	0	0	0	0	0	0	0	0	0	0	0	0	0	0	0	0	0	0	0	0	0	0	0	0	0	0	0	0	0	0	0
1789546985899	89207	3997	7	288	12	0	0	3	0	0	0	0	26.103515625	26.103515625	0	0	0	0	90.307617188	90.307617188	0	0	0	0	0	0	0	0	0	0	0	0	0	0	0	0	0	0	0	0	0	0	0	0	0	0	0	0	0	0	0	0	0	0	0	0	0	0	0	0	0	0	0	0	0	0	0	0
1789546985919	89229	3998	7	288	12	0	0	3	0	0	0	0	26.103515625	26.103515625	0	0	0	0	90.307617188	90.307617188	0	0	0	0	0	0	0	0	0	0	0	0	0	0	0	0	0	0	0	0	0	0	0	0	0	0	0	0	0	0	0	0	0	0	0	0	0	0	0	0	0	0	0	0	0	0	0	0
1789546985939	89251	3999	7	288	12	0	0	3	0	0	0	0	26.103515625	26.103515625	0	0	0	0	90.307617188	90.307617188	0	0	0	0	0	0	0	0	0	0	0	0	0	0	0	0	0	0	0	0	0	0	0	0	0	0	0	0	0	0	0	0	0	0	0	0	0	0	0	0	0	0	0	0	0	0	0	0
1789546985965	89273	4000	7	288	12	0	0	3	0	0	0	0	26.103515625	26.103515625	0	0	0	0	90.307617188	90.307617188	0	0	0	0	0	0	0	0	0	0	0	0	0	0	0	0	0	0	0	0	0	0	0	0	0	0	0	0	0	0	0	0	0	0	0	0	0	0	0	0	0	0	0	0	0	0	0	0
1789546985985	89295	4001	7	288	12	0	0	3	0	0	0	0	26.103515625	26.103515625	0	0	0	0	90.307617188	90.307617188	0	0	0	0	0	0	0	0	0	0	0	0	0	0	0	0	0	0	0	0	0	0	0	0	0	0	0	0	0	0	0	0	0	0	0	0	0	0	0	0	0	0	0	0	0	0	0	0
1789546986005	89317	4002	7	288	12	0	0	3	0	0	0	0	26.103515625	26.103515625	0	0	0	0	90.307617188	90.307617188	0	0	0	0	0	0	0	0	0	0	0	0	0	0	0	0	0	0	0	0	0	0	0	0	0	0	0	0	0	0	0	0	0	0	0	0	0	0	0	0	0	0	0	0	0	0	0	0
1789546986032	89339	4003	7	288	12	0	0	3	0	0	0	0	26.103515625	26.103515625	0	0	0	0	90.307617188	90.307617188	0	0	0	0	0	0	0	0	0	0	0	0	0	0	0	0	0	0	0	0	0	0	0	0	0	0	0	0	0	0	0	0	0	0	0	0	0	0	0	0	0	0	0	0	0	0	0	0
1789546986051	89361	4004	7	288	12	0	0	3	0	0	0	0	26.103515625	26.103515625	0	0	0	0	90.307617188	90.307617188	0	0	0	0	0	0	0	0	0	0	0	0	0	0	0	0	0	0	0	0	0	0	0	0	0	0	0	0	0	0	0	0	0	0	0	0	0	0	0	0	0	0	0	0	0	0	0	0
1789546986071	89383	4005	7	288	12	0	0	3	0	0	0	0	26.103515625	26.103515625	0	0	0	0	90.307617188	90.307617188	0	0	0	0	0	0	0	0	0	0	0	0	0	0	0	0	0	0	0	0	0	0	0	0	0	0	0	0	0	0	0	0	0	0	0	0	0	0	0	0	0	0	0	0	0	0	0	0
1789546986098	89405	4006	7	288	12	0	0	3	0	0	0	0	26.103515625	26.103515625	0	0	0	0	90.307617188	90.307617188	0	0	0	0	0	0	0	0	0	0	0	0	0	0	0	0	0	0	0	0	0	0	0	0	0	0	0	0	0	0	0	0	0	0	0	0	0	0	0	0	0	0	0	0	0	0	0	0
1789546986118	89427	4007	7	288	12	0	0	3	0	0	0	0	26.103515625	26.103515625	0	0	0	0	90.307617188	90.307617188	0	0	0	0	0	0	0	0	0	0	0	0	0	0	0	0	0	0	0	0	0	0	0	0	0	0	0	0	0	0	0	0	0	0	0	0	0	0	0	0	0	0	0	0	0	0	0	0
1789546986138	89449	4008	7	288	12	0	0	3	0	0	0	0	26.103515625	26.103515625	0	0	0	0	90.307617188	90.307617188	0	0	0	0	0	0	0	0	0	0	0	0	0	0	0	0	0	0	0	0	0	0	0	0	0	0	0	0	0	0	0	0	0	0	0	0	0	0	0	0	0	0	0	0	0	0	0	0
1789546986164	89471	4009	7	288	12	0	0	3	0	0	0	0	26.103515625	26.103515625	0	0	0	0	90.307617188	90.307617188	0	0	0	0	0	0	0	0	0	0	0	0	0	0	0	0	0	0	0	0	0	0	0	0	0	0	0	0	0	0	0	0	0	0	0	0	0	0	0	0	0	0	0	0	0	0	0	0
1789546986184	89493	4010	7	288	12	0	0	3	0	0	0	0	26.103515625	26.103515625	0	0	0	0	90.307617188	90.307617188	0	0	0	0	0	0	0	0	0	0	0	0	0	0	0	0	0	0	0	0	0	0	0	0	0	0	0	0	0	0	0	0	0	0	0	0	0	0	0	0	0	0	0	0	0	0	0	0
1789546986204	89515	4011	7	288	12	0	0	3	0	0	0	0	26.103515625	26.103515625	0	0	0	0	90.307617188	90.307617188	0	0	0	0	0	0	0	0	0	0	0	0	0	0	0	0	0	0	0	0	0	0	0	0	0	0	0	0	0	0	0	0	0	0	0	0	0	0	0	0	0	0	0	0	0	0	0	0
1789546986231	89537	4012	7	288	12	0	0	3	0	0	0	0	26.103515625	26.103515625	0	0	0	0	90.307617188	90.307617188	0	0	0	0	0	0	0	0	0	0	0	0	0	0	0	0	0	0	0	0	0	0	0	0	0	0	0	0	0	0	0	0	0	0	0	0	0	0	0	0	0	0	0	0	0	0	0	0
1789546986251	89559	4013	7	288	12	0	0	3	0	0	0	0	26.103515625	26.103515625	0	0	0	0	90.307617188	90.307617188	0	0	0	0	0	0	0	0	0	0	0	0	0	0	0	0	0	0	0	0	0	0	0	0	0	0	0	0	0	0	0	0	0	0	0	0	0	0	0	0	0	0	0	0	0	0	0	0
1789546986271	89581	4014	7	288	12	0	0	3	0	0	0	0	26.103515625	26.103515625	0	0	0	0	90.307617188	90.307617188	0	0	0	0	0	0	0	0	0	0	0	0	0	0	0	0	0	0	0	0	0	0	0	0	0	0	0	0	0	0	0	0	0	0	0	0	0	0	0	0	0	0	0	0	0	0	0	0
1789546986291	89603	4015	7	288	12	0	0	3	0	0	0	0	26.103515625	26.103515625	0	0	0	0	90.3515625	90.3515625	0	0	0	0	0	0	0	0	0	0	0	0	0	0	0	0	0	0	0	0	0	0	0	0	0	0	0	0	0	0	0	0	0	0	0	0	0	0	0	0	0	0	0	0	0	0	0	0
1789546986317	89625	4016	7	288	12	0	0	3	0	0	0	0	26.103515625	26.103515625	0	0	0	0	90.307617188	90.307617188	0	0	0	0	0	0	0	0	0	0	0	0	0	0	0	0	0	0	0	0	0	0	0	0	0	0	0	0	0	0	0	0	0	0	0	0	0	0	0	0	0	0	0	0	0	0	0	0
1789546986337	89647	4017	7	288	12	0	0	3	0	0	0	0	26.103515625	26.103515625	0	0	0	0	90.307617188	90.307617188	0	0	0	0	0	0	0	0	0	0	0	0	0	0	0	0	0	0	0	0	0	0	0	0	0	0	0	0	0	0	0	0	0	0	0	0	0	0	0	0	0	0	0	0	0	0	0	0
1789546986357	89669	4018	7	288	12	0	0	3	0	0	0	0	26.103515625	26.103515625	0	0	0	0	90.307617188	90.307617188	0	0	0	0	0	0	0	0	0	0	0	0	0	0	0	0	0	0	0	0	0	0	0	0	0	0	0	0	0	0	0	0	0	0	0	0	0	0	0	0	0	0	0	0	0	0	0	0
1789546986383	89691	4019	7	288	12	0	0	3	0	0	0	0	26.103515625	26.103515625	0	0	0	0	90.307617188	90.307617188	0	0	0	0	0	0	0	0	0	0	0	0	0	0	0	0	0	0	0	0	0	0	0	0	0	0	0	0	0	0	0	0	0	0	0	0	0	0	0	0	0	0	0	0	0	0	0	0
1789546986403	89713	4020	7	288	12	0	0	3	0	0	0	0	26.103515625	26.103515625	0	0	0	0	90.307617188	90.307617188	0	0	0	0	0	0	0	0	0	0	0	0	0	0	0	0	0	0	0	0	0	0	0	0	0	0	0	0	0	0	0	0	0	0	0	0	0	0	0	0	0	0	0	0	0	0	0	0
1789546986423	89735	4021	7	288	12	0	0	3	0	0	0	0	26.103515625	26.103515625	0	0	0	0	90.307617188	90.307617188	0	0	0	0	0	0	0	0	0	0	0	0	0	0	0	0	0	0	0	0	0	0	0	0	0	0	0	0	0	0	0	0	0	0	0	0	0	0	0	0	0	0	0	0	0	0	0	0
1789546986449	89757	4022	7	288	12	0	0	3	0	0	0	0	26.103515625	26.103515625	0	0	0	0	90.307617188	90.307617188	0	0	0	0	0	0	0	0	0	0	0	0	0	0	0	0	0	0	0	0	0	0	0	0	0	0	0	0	0	0	0	0	0	0	0	0	0	0	0	0	0	0	0	0	0	0	0	0
1789546986469	89779	4023	7	288	12	0	0	3	0	0	0	0	26.103515625	26.103515625	0	0	0	0	90.307617188	90.307617188	0	0	0	0	0	0	0	0	0	0	0	0	0	0	0	0	0	0	0	0	0	0	0	0	0	0	0	0	0	0	0	0	0	0	0	0	0	0	0	0	0	0	0	0	0	0	0	0
1789546986489	89801	4024	7	288	12	0	0	3	0	0	0	0	26.103515625	26.103515625	0	0	0	0	90.307617188	90.307617188	0	0	0	0	0	0	0	0	0	0	0	0	0	0	0	0	0	0	0	0	0	0	0	0	0	0	0	0	0	0	0	0	0	0	0	0	0	0	0	0	0	0	0	0	0	0	0	0
1789546986516	89823	4025	7	288	12	0	0	3	0	0	0	0	26.103515625	26.103515625	0	0	0	0	90.307617188	90.307617188	0	0	0	0	0	0	0	0	0	0	0	0	0	0	0	0	0	0	0	0	0	0	0	0	0	0	0	0	0	0	0	0	0	0	0	0	0	0	0	0	0	0	0	0	0	0	0	0
1789546986536	89845	4026	7	288	12	0	0	3	0	0	0	0	26.103515625	26.103515625	0	0	0	0	90.307617188	90.307617188	0	0	0	0	0	0	0	0	0	0	0	0	0	0	0	0	0	0	0	0	0	0	0	0	0	0	0	0	0	0	0	0	0	0	0	0	0	0	0	0	0	0	0	0	0	0	0	0
1789546986556	89867	4027	7	288	12	0	0	3	0	0	0	0	26.103515625	26.103515625	0	0	0	0	90.307617188	90.307617188	0	0	0	0	0	0	0	0	0	0	0	0	0	0	0	0	0	0	0	0	0	0	0	0	0	0	0	0	0	0	0	0	0	0	0	0	0	0	0	0	0	0	0	0	0	0	0	0
1789546986582	89889	4028	7	288	12	0	0	3	0	0	0	0	26.103515625	26.103515625	0	0	0	0	90.307617188	90.307617188	0	0	0	0	0	0	0	0	0	0	0	0	0	0	0	0	0	0	0	0	0	0	0	0	0	0	0	0	0	0	0	0	0	0	0	0	0	0	0	0	0	0	0	0	0	0	0	0
1789546986602	89911	4029	7	288	12	0	0	3	0	0	0	0	26.103515625	26.103515625	0	0	0	0	90.307617188	90.307617188	0	0	0	0	0	0	0	0	0	0	0	0	0	0	0	0	0	0	0	0	0	0	0	0	0	0	0	0	0	0	0	0	0	0	0	0	0	0	0	0	0	0	0	0	0	0	0	0
1789546986622	89933	4030	7	288	12	0	0	3	0	0	0	0	26.103515625	26.103515625	0	0	0	0	90.307617188	90.307617188	0	0	0	0	0	0	0	0	0	0	0	0	0	0	0	0	0	0	0	0	0	0	0	0	0	0	0	0	0	0	0	0	0	0	0	0	0	0	0	0	0	0	0	0	0	0	0	0
1789546986649	89955	4031	7	288	12	0	0	3	0	0	0	0	26.103515625	26.103515625	0	0	0	0	90.307617188	90.307617188	0	0	0	0	0	0	0	0	0	0	0	0	0	0	0	0	0	0	0	0	0	0	0	0	0	0	0	0	0	0	0	0	0	0	0	0	0	0	0	0	0	0	0	0	0	0	0	0
1789546986669	89977	4032	7	288	12	0	0	3	0	0	0	0	26.103515625	26.103515625	0	0	0	0	90.307617188	90.307617188	0	0	0	0	0	0	0	0	0	0	0	0	0	0	0	0	0	0	0	0	0	0	0	0	0	0	0	0	0	0	0	0	0	0	0	0	0	0	0	0	0	0	0	0	0	0	0	0
1789546986689	89999	4033	7	288	12	0	0	3	0	0	0	0	26.103515625	26.103515625	0	0	0	0	90.3515625	90.3515625	0	0	0	0	0	0	0	0	0	0	0	0	0	0	0	0	0	0	0	0	0	0	0	0	0	0	0	0	0	0	0	0	0	0	0	0	0	0	0	0	0	0	0	0	0	0	0	0
1789546986709	90021	4034	7	288	12	0	0	3	0	0	0	0	26.103515625	26.103515625	0	0	0	0	90.307617188	90.307617188	0	0	0	0	0	0	0	0	0	0	0	0	0	0	0	0	0	0	0	0	0	0	0	0	0	0	0	0	0	0	0	0	0	0	0	0	0	0	0	0	0	0	0	0	0	0	0	0
1789546986735	90043	4035	7	288	12	0	0	3	0	0	0	0	26.103515625	26.103515625	0	0	0	0	90.307617188	90.307617188	0	0	0	0	0	0	0	0	0	0	0	0	0	0	0	0	0	0	0	0	0	0	0	0	0	0	0	0	0	0	0	0	0	0	0	0	0	0	0	0	0	0	0	0	0	0	0	0
1789546986755	90065	4036	7	288	12	0	0	3	0	0	0	0	26.103515625	26.103515625	0	0	0	0	90.307617188	90.307617188	0	0	0	0	0	0	0	0	0	0	0	0	0	0	0	0	0	0	0	0	0	0	0	0	0	0	0	0	0	0	0	0	0	0	0	0	0	0	0	0	0	0	0	0	0	0	0	0
1789546986776	90087	4037	7	288	12	0	0	3	0	0	0	0	26.103515625	26.103515625	0	0	0	0	90.307617188	90.307617188	0	0	0	0	0	0	0	0	0	0	0	0	0	0	0	0	0	0	0	0	0	0	0	0	0	0	0	0	0	0	0	0	0	0	0	0	0	0	0	0	0	0	0	0	0	0	0	0
1789546986802	90109	4038	7	288	12	0	0	3	0	0	0	0	26.147460938	26.147460938	0	0	0	0	90.307617188	90.307617188	0	0	0	0	0	0	0	0	0	0	0	0	0	0	0	0	0	0	0	0	0	0	0	0	0	0	0	0	0	0	0	0	0	0	0	0	0	0	0	0	0	0	0	0	0	0	0	0
1789546986822	90131	4039	7	288	12	0	0	3	0	0	0	0	26.103515625	26.103515625	0	0	0	0	90.307617188	90.307617188	0	0	0	0	0	0	0	0	0	0	0	0	0	0	0	0	0	0	0	0	0	0	0	0	0	0	0	0	0	0	0	0	0	0	0	0	0	0	0	0	0	0	0	0	0	0	0	0
1789546986842	90153	4040	7	288	12	0	0	3	0	0	0	0	26.103515625	26.103515625	0	0	0	0	90.307617188	90.307617188	0	0	0	0	0	0	0	0	0	0	0	0	0	0	0	0	0	0	0	0	0	0	0	0	0	0	0	0	0	0	0	0	0	0	0	0	0	0	0	0	0	0	0	0	0	0	0	0
1789546986869	90175	4041	7	288	12	0	0	3	0	0	0	0	26.103515625	26.103515625	0	0	0	0	90.307617188	90.307617188	0	0	0	0	0	0	0	0	0	0	0	0	0	0	0	0	0	0	0	0	0	0	0	0	0	0	0	0	0	0	0	0	0	0	0	0	0	0	0	0	0	0	0	0	0	0	0	0
1789546986888	90197	4042	7	288	12	0	0	3	0	0	0	0	26.103515625	26.103515625	0	0	0	0	90.307617188	90.307617188	0	0	0	0	0	0	0	0	0	0	0	0	0	0	0	0	0	0	0	0	0	0	0	0	0	0	0	0	0	0	0	0	0	0	0	0	0	0	0	0	0	0	0	0	0	0	0	0
1789546986908	90219	4043	7	288	12	0	0	3	0	0	0	0	26.103515625	26.103515625	0	0	0	0	90.307617188	90.307617188	0	0	0	0	0	0	0	0	0	0	0	0	0	0	0	0	0	0	0	0	0	0	0	0	0	0	0	0	0	0	0	0	0	0	0	0	0	0	0	0	0	0	0	0	0	0	0	0
1789546986935	90241	4044	7	288	12	0	0	3	0	0	0	0	26.103515625	26.103515625	0	0	0	0	90.307617188	90.307617188	0	0	0	0	0	0	0	0	0	0	0	0	0	0	0	0	0	0	0	0	0	0	0	0	0	0	0	0	0	0	0	0	0	0	0	0	0	0	0	0	0	0	0	0	0	0	0	0
1789546986955	90263	4045	7	288	12	0	0	3	0	0	0	0	26.103515625	26.103515625	0	0	0	0	90.307617188	90.307617188	0	0	0	0	0	0	0	0	0	0	0	0	0	0	0	0	0	0	0	0	0	0	0	0	0	0	0	0	0	0	0	0	0	0	0	0	0	0	0	0	0	0	0	0	0	0	0	0
1789546986975	90285	4046	7	288	12	0	0	3	0	0	0	0	26.103515625	26.103515625	0	0	0	0	90.307617188	90.307617188	0	0	0	0	0	0	0	0	0	0	0	0	0	0	0	0	0	0	0	0	0	0	0	0	0	0	0	0	0	0	0	0	0	0	0	0	0	0	0	0	0	0	0	0	0	0	0	0
1789546986995	90307	4047	7	288	12	0	0	3	0	0	0	0	26.103515625	26.103515625	0	0	0	0	90.307617188	90.307617188	0	0	0	0	0	0	0	0	0	0	0	0	0	0	0	0	0	0	0	0	0	0	0	0	0	0	0	0	0	0	0	0	0	0	0	0	0	0	0	0	0	0	0	0	0	0	0	0
1789546987021	90329	4048	7	288	12	0	0	3	0	0	0	0	26.103515625	26.103515625	0	0	0	0	90.307617188	90.307617188	0	0	0	0	0	0	0	0	0	0	0	0	0	0	0	0	0	0	0	0	0	0	0	0	0	0	0	0	0	0	0	0	0	0	0	0	0	0	0	0	0	0	0	0	0	0	0	0
1789546987041	90351	4049	7	288	12	0	0	3	0	0	0	0	26.103515625	26.103515625	0	0	0	0	90.307617188	90.307617188	0	0	0	0	0	0	0	0	0	0	0	0	0	0	0	0	0	0	0	0	0	0	0	0	0	0	0	0	0	0	0	0	0	0	0	0	0	0	0	0	0	0	0	0	0	0	0	0
1789546987067	90373	4050	7	288	12	0	0	3	0	0	0	0	26.103515625	26.103515625	0	0	0	0	90.307617188	90.307617188	0	0	0	0	0	0	0	0	0	0	0	0	0	0	0	0	0	0	0	0	0	0	0	0	0	0	0	0	0	0	0	0	0	0	0	0	0	0	0	0	0	0	0	0	0	0	0	0
1789546987087	90395	4051	7	288	12	0	0	3	0	0	0	0	26.103515625	26.103515625	0	0	0	0	90.307617188	90.307617188	0	0	0	0	0	0	0	0	0	0	0	0	0	0	0	0	0	0	0	0	0	0	0	0	0	0	0	0	0	0	0	0	0	0	0	0	0	0	0	0	0	0	0	0	0	0	0	0
1789546987107	90417	4052	7	288	12	0	0	3	0	0	0	0	26.103515625	26.103515625	0	0	0	0	90.307617188	90.307617188	0	0	0	0	0	0	0	0	0	0	0	0	0	0	0	0	0	0	0	0	0	0	0	0	0	0	0	0	0	0	0	0	0	0	0	0	0	0	0	0	0	0	0	0	0	0	0	0
1789546987127	90439	4053	7	288	12	0	0	3	0	0	0	0	26.103515625	26.103515625	0	0	0	0	90.307617188	90.307617188	0	0	0	0	0	0	0	0	0	0	0	0	0	0	0	0	0	0	0	0	0	0	0	0	0	0	0	0	0	0	0	0	0	0	0	0	0	0	0	0	0	0	0	0	0	0	0	0
1789546987154	90461	4054	7	288	12	0	0	3	0	0	0	0	26.103515625	26.103515625	0	0	0	0	90.307617188	90.307617188	0	0	0	0	0	0	0	0	0	0	0	0	0	0	0	0	0	0	0	0	0	0	0	0	0	0	0	0	0	0	0	0	0	0	0	0	0	0	0	0	0	0	0	0	0	0	0	0
1789546987174	90483	4055	7	288	12	0	0	3	0	0	0	0	26.103515625	26.103515625	0	0	0	0	90.307617188	90.307617188	0	0	0	0	0	0	0	0	0	0	0	0	0	0	0	0	0	0	0	0	0	0	0	0	0	0	0	0	0	0	0	0	0	0	0	0	0	0	0	0	0	0	0	0	0	0	0	0
1789546987194	90505	4056	7	288	12	0	0	3	0	0	0	0	26.103515625	26.103515625	0	0	0	0	90.307617188	90.307617188	0	0	0	0	0	0	0	0	0	0	0	0	0	0	0	0	0	0	0	0	0	0	0	0	0	0	0	0	0	0	0	0	0	0	0	0	0	0	0	0	0	0	0	0	0	0	0	0
1789546987221	90527	4057	7	288	12	0	0	3	0	0	0	0	26.103515625	26.103515625	0	0	0	0	90.307617188	90.307617188	0	0	0	0	0	0	0	0	0	0	0	0	0	0	0	0	0	0	0	0	0	0	0	0	0	0	0	0	0	0	0	0	0	0	0	0	0	0	0	0	0	0	0	0	0	0	0	0
1789546987241	90549	4058	7	288	12	0	0	3	0	0	0	0	26.103515625	26.103515625	0	0	0	0	90.307617188	90.307617188	0	0	0	0	0	0	0	0	0	0	0	0	0	0	0	0	0	0	0	0	0	0	0	0	0	0	0	0	0	0	0	0	0	0	0	0	0	0	0	0	0	0	0	0	0	0	0	0
1789546987261	90571	4059	7	288	12	0	0	3	0	0	0	0	26.103515625	26.103515625	0	0	0	0	90.307617188	90.307617188	0	0	0	0	0	0	0	0	0	0	0	0	0	0	0	0	0	0	0	0	0	0	0	0	0	0	0	0	0	0	0	0	0	0	0	0	0	0	0	0	0	0	0	0	0	0	0	0
1789546987281	90593	4060	7	288	12	0	0	3	0	0	0	0	26.103515625	26.103515625	0	0	0	0	90.307617188	90.307617188	0	0	0	0	0	0	0	0	0	0	0	0	0	0	0	0	0	0	0	0	0	0	0	0	0	0	0	0	0	0	0	0	0	0	0	0	0	0	0	0	0	0	0	0	0	0	0	0
1789546987307	90615	4061	7	288	12	0	0	3	0	0	0	0	26.103515625	26.103515625	0	0	0	0	90.307617188	90.307617188	0	0	0	0	0	0	0	0	0	0	0	0	0	0	0	0	0	0	0	0	0	0	0	0	0	0	0	0	0	0	0	0	0	0	0	0	0	0	0	0	0	0	0	0	0	0	0	0
1789546987327	90637	4062	7	288	12	0	0	3	0	0	0	0	26.103515625	26.103515625	0	0	0	0	90.307617188	90.307617188	0	0	0	0	0	0	0	0	0	0	0	0	0	0	0	0	0	0	0	0	0	0	0	0	0	0	0	0	0	0	0	0	0	0	0	0	0	0	0	0	0	0	0	0	0	0	0	0
1789546987353	90659	4063	7	288	12	0	0	3	0	0	0	0	26.103515625	26.103515625	0	0	0	0	90.307617188	90.307617188	0	0	0	0	0	0	0	0	0	0	0	0	0	0	0	0	0	0	0	0	0	0	0	0	0	0	0	0	0	0	0	0	0	0	0	0	0	0	0	0	0	0	0	0	0	0	0	0
1789546987373	90681	4064	7	288	12	0	0	3	0	0	0	0	26.103515625	26.103515625	0	0	0	0	90.307617188	90.307617188	0	0	0	0	0	0	0	0	0	0	0	0	0	0	0	0	0	0	0	0	0	0	0	0	0	0	0	0	0	0	0	0	0	0	0	0	0	0	0	0	0	0	0	0	0	0	0	0
1789546987393	90703	4065	7	288	12	0	0	3	0	0	0	0	26.103515625	26.103515625	0	0	0	0	90.307617188	90.307617188	0	0	0	0	0	0	0	0	0	0	0	0	0	0	0	0	0	0	0	0	0	0	0	0	0	0	0	0	0	0	0	0	0	0	0	0	0	0	0	0	0	0	0	0	0	0	0	0
1789546987413	90725	4066	7	288	12	0	0	3	0	0	0	0	26.103515625	26.103515625	0	0	0	0	90.3515625	90.3515625	0	0	0	0	0	0	0	0	0	0	0	0	0	0	0	0	0	0	0	0	0	0	0	0	0	0	0	0	0	0	0	0	0	0	0	0	0	0	0	0	0	0	0	0	0	0	0	0
1789546987439	90747	4067	7	288	12	0	0	3	0	0	0	0	26.147460938	26.147460938	0	0	0	0	90.307617188	90.307617188	0	0	0	0	0	0	0	0	0	0	0	0	0	0	0	0	0	0	0	0	0	0	0	0	0	0	0	0	0	0	0	0	0	0	0	0	0	0	0	0	0	0	0	0	0	0	0	0
1789546987459	90769	4068	7	288	12	0	0	3	0	0	0	0	26.103515625	26.103515625	0	0	0	0	90.307617188	90.307617188	0	0	0	0	0	0	0	0	0	0	0	0	0	0	0	0	0	0	0	0	0	0	0	0	0	0	0	0	0	0	0	0	0	0	0	0	0	0	0	0	0	0	0	0	0	0	0	0
1789546987485	90791	4069	7	288	12	0	0	3	0	0	0	0	26.103515625	26.103515625	0	0	0	0	90.307617188	90.307617188	0	0	0	0	0	0	0	0	0	0	0	0	0	0	0	0	0	0	0	0	0	0	0	0	0	0	0	0	0	0	0	0	0	0	0	0	0	0	0	0	0	0	0	0	0	0	0	0
1789546987505	90813	4070	7	288	12	0	0	3	0	0	0	0	26.103515625	26.103515625	0	0	0	0	90.307617188	90.307617188	0	0	0	0	0	0	0	0	0	0	0	0	0	0	0	0	0	0	0	0	0	0	0	0	0	0	0	0	0	0	0	0	0	0	0	0	0	0	0	0	0	0	0	0	0	0	0	0
1789546987524	90835	4071	7	288	12	0	0	3	0	0	0	0	26.103515625	26.103515625	0	0	0	0	90.307617188	90.307617188	0	0	0	0	0	0	0	0	0	0	0	0	0	0	0	0	0	0	0	0	0	0	0	0	0	0	0	0	0	0	0	0	0	0	0	0	0	0	0	0	0	0	0	0	0	0	0	0
1789546987551	90857	4072	7	288	12	0	0	3	0	0	0	0	26.103515625	26.103515625	0	0	0	0	90.307617188	90.307617188	0	0	0	0	0	0	0	0	0	0	0	0	0	0	0	0	0	0	0	0	0	0	0	0	0	0	0	0	0	0	0	0	0	0	0	0	0	0	0	0	0	0	0	0	0	0	0	0
1789546987571	90879	4073	7	288	12	0	0	3	0	0	0	0	26.103515625	26.103515625	0	0	0	0	90.307617188	90.307617188	0	0	0	0	0	0	0	0	0	0	0	0	0	0	0	0	0	0	0	0	0	0	0	0	0	0	0	0	0	0	0	0	0	0	0	0	0	0	0	0	0	0	0	0	0	0	0	0
1789546987591	90901	4074	7	288	12	0	0	3	0	0	0	0	26.147460938	26.147460938	0	0	0	0	90.307617188	90.307617188	0	0	0	0	0	0	0	0	0	0	0	0	0	0	0	0	0	0	0	0	0	0	0	0	0	0	0	0	0	0	0	0	0	0	0	0	0	0	0	0	0	0	0	0	0	0	0	0
1789546987617	90923	4075	7	288	12	0	0	3	0	0	0	0	26.103515625	26.103515625	0	0	0	0	90.307617188	90.307617188	0	0	0	0	0	0	0	0	0	0	0	0	0	0	0	0	0	0	0	0	0	0	0	0	0	0	0	0	0	0	0	0	0	0	0	0	0	0	0	0	0	0	0	0	0	0	0	0
1789546987637	90945	4076	7	288	12	0	0	3	0	0	0	0	26.103515625	26.103515625	0	0	0	0	90.307617188	90.307617188	0	0	0	0	0	0	0	0	0	0	0	0	0	0	0	0	0	0	0	0	0	0	0	0	0	0	0	0	0	0	0	0	0	0	0	0	0	0	0	0	0	0	0	0	0	0	0	0
1789546987657	90967	4077	7	288	12	0	0	3	0	0	0	0	26.103515625	26.103515625	0	0	0	0	90.307617188	90.307617188	0	0	0	0	0	0	0	0	0	0	0	0	0	0	0	0	0	0	0	0	0	0	0	0	0	0	0	0	0	0	0	0	0	0	0	0	0	0	0	0	0	0	0	0	0	0	0	0
1789546987677	90989	4078	7	288	12	0	0	3	0	0	0	0	26.103515625	26.103515625	0	0	0	0	90.307617188	90.307617188	0	0	0	0	0	0	0	0	0	0	0	0	0	0	0	0	0	0	0	0	0	0	0	0	0	0	0	0	0	0	0	0	0	0	0	0	0	0	0	0	0	0	0	0	0	0	0	0
1789546987704	91011	4079	7	288	12	0	0	3	0	0	0	0	26.103515625	26.103515625	0	0	0	0	90.307617188	90.307617188	0	0	0	0	0	0	0	0	0	0	0	0	0	0	0	0	0	0	0	0	0	0	0	0	0	0	0	0	0	0	0	0	0	0	0	0	0	0	0	0	0	0	0	0	0	0	0	0
1789546987724	91033	4080	7	288	12	0	0	3	0	0	0	0	26.103515625	26.103515625	0	0	0	0	90.307617188	90.307617188	0	0	0	0	0	0	0	0	0	0	0	0	0	0	0	0	0	0	0	0	0	0	0	0	0	0	0	0	0	0	0	0	0	0	0	0	0	0	0	0	0	0	0	0	0	0	0	0
1789546987744	91055	4081	7	288	12	0	0	3	0	0	0	0	26.103515625	26.103515625	0	0	0	0	90.307617188	90.307617188	0	0	0	0	0	0	0	0	0	0	0	0	0	0	0	0	0	0	0	0	0	0	0	0	0	0	0	0	0	0	0	0	0	0	0	0	0	0	0	0	0	0	0	0	0	0	0	0
1789546987770	91077	4082	7	288	12	0	0	3	0	0	0	0	26.103515625	26.103515625	0	0	0	0	90.3515625	90.3515625	0	0	0	0	0	0	0	0	0	0	0	0	0	0	0	0	0	0	0	0	0	0	0	0	0	0	0	0	0	0	0	0	0	0	0	0	0	0	0	0	0	0	0	0	0	0	0	0
1789546987790	91099	4083	7	288	12	0	0	3	0	0	0	0	26.103515625	26.103515625	0	0	0	0	90.307617188	90.307617188	0	0	0	0	0	0	0	0	0	0	0	0	0	0	0	0	0	0	0	0	0	0	0	0	0	0	0	0	0	0	0	0	0	0	0	0	0	0	0	0	0	0	0	0	0	0	0	0
1789546987810	91121	4084	7	288	12	0	0	3	0	0	0	0	26.103515625	26.103515625	0	0	0	0	90.307617188	90.307617188	0	0	0	0	0	0	0	0	0	0	0	0	0	0	0	0	0	0	0	0	0	0	0	0	0	0	0	0	0	0	0	0	0	0	0	0	0	0	0	0	0	0	0	0	0	0	0	0
1789546987837	91143	4085	7	288	12	0	0	3	0	0	0	0	26.103515625	26.103515625	0	0	0	0	90.307617188	90.307617188	0	0	0	0	0	0	0	0	0	0	0	0	0	0	0	0	0	0	0	0	0	0	0	0	0	0	0	0	0	0	0	0	0	0	0	0	0	0	0	0	0	0	0	0	0	0	0	0
1789546987857	91165	4086	7	288	12	0	0	3	0	0	0	0	26.103515625	26.103515625	0	0	0	0	90.3515625	90.3515625	0	0	0	0	0	0	0	0	0	0	0	0	0	0	0	0	0	0	0	0	0	0	0	0	0	0	0	0	0	0	0	0	0	0	0	0	0	0	0	0	0	0	0	0	0	0	0	0
1789546987877	91187	4087	7	288	12	0	0	3	0	0	0	0	26.103515625	26.103515625	0	0	0	0	90.307617188	90.307617188	0	0	0	0	0	0	0	0	0	0	0	0	0	0	0	0	0	0	0	0	0	0	0	0	0	0	0	0	0	0	0	0	0	0	0	0	0	0	0	0	0	0	0	0	0	0	0	0
1789546987897	91209	4088	7	288	12	0	0	3	0	0	0	0	26.103515625	26.103515625	0	0	0	0	90.307617188	90.307617188	0	0	0	0	0	0	0	0	0	0	0	0	0	0	0	0	0	0	0	0	0	0	0	0	0	0	0	0	0	0	0	0	0	0	0	0	0	0	0	0	0	0	0	0	0	0	0	0
1789546987923	91231	4089	7	288	12	0	0	3	0	0	0	0	26.103515625	26.103515625	0	0	0	0	90.307617188	90.307617188	0	0	0	0	0	0	0	0	0	0	0	0	0	0	0	0	0	0	0	0	0	0	0	0	0	0	0	0	0	0	0	0	0	0	0	0	0	0	0	0	0	0	0	0	0	0	0	0
1789546987943	91253	4090	7	288	12	0	0	3	0	0	0	0	26.103515625	26.103515625	0	0	0	0	90.307617188	90.307617188	0	0	0	0	0	0	0	0	0	0	0	0	0	0	0	0	0	0	0	0	0	0	0	0	0	0	0	0	0	0	0	0	0	0	0	0	0	0	0	0	0	0	0	0	0	0	0	0
1789546987963	91275	4091	7	288	12	0	0	3	0	0	0	0	26.103515625	26.103515625	0	0	0	0	90.307617188	90.307617188	0	0	0	0	0	0	0	0	0	0	0	0	0	0	0	0	0	0	0	0	0	0	0	0	0	0	0	0	0	0	0	0	0	0	0	0	0	0	0	0	0	0	0	0	0	0	0	0
1789546987990	91297	4092	7	288	12	0	0	3	0	0	0	0	26.103515625	26.103515625	0	0	0	0	90.307617188	90.307617188	0	0	0	0	0	0	0	0	0	0	0	0	0	0	0	0	0	0	0	0	0	0	0	0	0	0	0	0	0	0	0	0	0	0	0	0	0	0	0	0	0	0	0	0	0	0	0	0
1789546988009	91319	4093	7	288	12	0	0	3	0	0	0	0	26.103515625	26.103515625	0	0	0	0	90.307617188	90.307617188	0	0	0	0	0	0	0	0	0	0	0	0	0	0	0	0	0	0	0	0	0	0	0	0	0	0	0	0	0	0	0	0	0	0	0	0	0	0	0	0	0	0	0	0	0	0	0	0
1789546988029	91341	4094	7	288	12	0	0	3	0	0	0	0	26.103515625	26.103515625	0	0	0	0	90.307617188	90.307617188	0	0	0	0	0	0	0	0	0	0	0	0	0	0	0	0	0	0	0	0	0	0	0	0	0	0	0	0	0	0	0	0	0	0	0	0	0	0	0	0	0	0	0	0	0	0	0	0
1789546988055	91363	4095	7	288	12	0	0	3	0	0	0	0	26.103515625	26.103515625	0	0	0	0	90.307617188	90.307617188	0	0	0	0	0	0	0	0	0	0	0	0	0	0	0	0	0	0	0	0	0	0	0	0	0	0	0	0	0	0	0	0	0	0	0	0	0	0	0	0	0	0	0	0	0	0	0	0
1789546988075	91385	4096	7	288	12	0	0	3	0	0	0	0	26.103515625	26.103515625	0	0	0	0	90.307617188	90.307617188	0	0	0	0	0	0	0	0	0	0	0	0	0	0	0	0	0	0	0	0	0	0	0	0	0	0	0	0	0	0	0	0	0	0	0	0	0	0	0	0	0	0	0	0	0	0	0	0
1789546988095	91407	4097	7	288	12	0	0	3	0	0	0	0	26.103515625	26.103515625	0	0	0	0	90.307617188	90.307617188	0	0	0	0	0	0	0	0	0	0	0	0	0	0	0	0	0	0	0	0	0	0	0	0	0	0	0	0	0	0	0	0	0	0	0	0	0	0	0	0	0	0	0	0	0	0	0	0
1789546988122	91429	4098	7	288	12	0	0	3	0	0	0	0	26.103515625	26.103515625	0	0	0	0	90.307617188	90.307617188	0	0	0	0	0	0	0	0	0	0	0	0	0	0	0	0	0	0	0	0	0	0	0	0	0	0	0	0	0	0	0	0	0	0	0	0	0	0	0	0	0	0	0	0	0	0	0	0
1789546988142	91451	4099	7	288	12	0	0	3	0	0	0	0	26.103515625	26.103515625	0	0	0	0	90.307617188	90.307617188	0	0	0	0	0	0	0	0	0	0	0	0	0	0	0	0	0	0	0	0	0	0	0	0	0	0	0	0	0	0	0	0	0	0	0	0	0	0	0	0	0	0	0	0	0	0	0	0
1789546988162	91473	4100	7	288	12	0	0	3	0	0	0	0	26.103515625	26.103515625	0	0	0	0	90.307617188	90.307617188	0	0	0	0	0	0	0	0	0	0	0	0	0	0	0	0	0	0	0	0	0	0	0	0	0	0	0	0	0	0	0	0	0	0	0	0	0	0	0	0	0	0	0	0	0	0	0	0
1789546988189	91495	4101	7	288	12	0	0	3	0	0	0	0	26.103515625	26.103515625	0	0	0	0	90.307617188	90.307617188	0	0	0	0	0	0	0	0	0	0	0	0	0	0	0	0	0	0	0	0	0	0	0	0	0	0	0	0	0	0	0	0	0	0	0	0	0	0	0	0	0	0	0	0	0	0	0	0
1789546988209	91517	4102	7	288	12	0	0	3	0	0	0	0	26.103515625	26.103515625	0	0	0	0	90.307617188	90.307617188	0	0	0	0	0	0	0	0	0	0	0	0	0	0	0	0	0	0	0	0	0	0	0	0	0	0	0	0	0	0	0	0	0	0	0	0	0	0	0	0	0	0	0	0	0	0	0	0
1789546988229	91539	4103	7	288	12	0	0	3	0	0	0	0	26.103515625	26.103515625	0	0	0	0	90.307617188	90.307617188	0	0	0	0	0	0	0	0	0	0	0	0	0	0	0	0	0	0	0	0	0	0	0	0	0	0	0	0	0	0	0	0	0	0	0	0	0	0	0	0	0	0	0	0	0	0	0	0
1789546988255	91561	4104	7	288	12	0	0	3	0	0	0	0	26.103515625	26.103515625	0	0	0	0	90.307617188	90.307617188	0	0	0	0	0	0	0	0	0	0	0	0	0	0	0	0	0	0	0	0	0	0	0	0	0	0	0	0	0	0	0	0	0	0	0	0	0	0	0	0	0	0	0	0	0	0	0	0
1789546988275	91583	4105	7	288	12	0	0	3	0	0	0	0	26.103515625	26.103515625	0	0	0	0	90.307617188	90.307617188	0	0	0	0	0	0	0	0	0	0	0	0	0	0	0	0	0	0	0	0	0	0	0	0	0	0	0	0	0	0	0	0	0	0	0	0	0	0	0	0	0	0	0	0	0	0	0	0
1789546988295	91605	4106	7	288	12	0	0	3	0	0	0	0	26.103515625	26.103515625	0	0	0	0	90.307617188	90.307617188	0	0	0	0	0	0	0	0	0	0	0	0	0	0	0	0	0	0	0	0	0	0	0	0	0	0	0	0	0	0	0	0	0	0	0	0	0	0	0	0	0	0	0	0	0	0	0	0
1789546988315	91627	4107	7	288	12	0	0	3	0	0	0	0	26.103515625	26.103515625	0	0	0	0	90.307617188	90.307617188	0	0	0	0	0	0	0	0	0	0	0	0	0	0	0	0	0	0	0	0	0	0	0	0	0	0	0	0	0	0	0	0	0	0	0	0	0	0	0	0	0	0	0	0	0	0	0	0
1789546988341	91649	4108	7	288	12	0	0	3	0	0	0	0	26.103515625	26.103515625	0	0	0	0	90.307617188	90.307617188	0	0	0	0	0	0	0	0	0	0	0	0	0	0	0	0	0	0	0	0	0	0	0	0	0	0	0	0	0	0	0	0	0	0	0	0	0	0	0	0	0	0	0	0	0	0	0	0
1789546988361	91671	4109	7	288	12	0	0	3	0	0	0	0	26.103515625	26.103515625	0	0	0	0	90.307617188	90.307617188	0	0	0	0	0	0	0	0	0	0	0	0	0	0	0	0	0	0	0	0	0	0	0	0	0	0	0	0	0	0	0	0	0	0	0	0	0	0	0	0	0	0	0	0	0	0	0	0
1789546988381	91693	4110	7	288	12	0	0	3	0	0	0	0	26.103515625	26.103515625	0	0	0	0	90.307617188	90.307617188	0	0	0	0	0	0	0	0	0	0	0	0	0	0	0	0	0	0	0	0	0	0	0	0	0	0	0	0	0	0	0	0	0	0	0	0	0	0	0	0	0	0	0	0	0	0	0	0
1789546988407	91715	4111	7	288	12	0	0	3	0	0	0	0	26.103515625	26.103515625	0	0	0	0	90.307617188	90.307617188	0	0	0	0	0	0	0	0	0	0	0	0	0	0	0	0	0	0	0	0	0	0	0	0	0	0	0	0	0	0	0	0	0	0	0	0	0	0	0	0	0	0	0	0	0	0	0	0
1789546988427	91737	4112	7	288	12	0	0	3	0	0	0	0	26.103515625	26.103515625	0	0	0	0	90.307617188	90.307617188	0	0	0	0	0	0	0	0	0	0	0	0	0	0	0	0	0	0	0	0	0	0	0	0	0	0	0	0	0	0	0	0	0	0	0	0	0	0	0	0	0	0	0	0	0	0	0	0
1789546988447	91759	4113	7	288	12	0	0	3	0	0	0	0	26.103515625	26.103515625	0	0	0	0	90.307617188	90.307617188	0	0	0	0	0	0	0	0	0	0	0	0	0	0	0	0	0	0	0	0	0	0	0	0	0	0	0	0	0	0	0	0	0	0	0	0	0	0	0	0	0	0	0	0	0	0	0	0
1789546988474	91781	4114	7	288	12	0	0	3	0	0	0	0	26.103515625	26.103515625	0	0	0	0	90.307617188	90.307617188	0	0	0	0	0	0	0	0	0	0	0	0	0	0	0	0	0	0	0	0	0	0	0	0	0	0	0	0	0	0	0	0	0	0	0	0	0	0	0	0	0	0	0	0	0	0	0	0
1789546988493	91803	4115	7	288	12	0	0	3	0	0	0	0	26.103515625	26.103515625	0	0	0	0	90.307617188	90.307617188	0	0	0	0	0	0	0	0	0	0	0	0	0	0	0	0	0	0	0	0	0	0	0	0	0	0	0	0	0	0	0	0	0	0	0	0	0	0	0	0	0	0	0	0	0	0	0	0
1789546988513	91825	4116	7	288	12	0	0	3	0	0	0	0	26.103515625	26.103515625	0	0	0	0	90.307617188	90.307617188	0	0	0	0	0	0	0	0	0	0	0	0	0	0	0	0	0	0	0	0	0	0	0	0	0	0	0	0	0	0	0	0	0	0	0	0	0	0	0	0	0	0	0	0	0	0	0	0
1789546988539	91847	4117	7	288	12	0	0	3	0	0	0	0	26.103515625	26.103515625	0	0	0	0	90.307617188	90.307617188	0	0	0	0	0	0	0	0	0	0	0	0	0	0	0	0	0	0	0	0	0	0	0	0	0	0	0	0	0	0	0	0	0	0	0	0	0	0	0	0	0	0	0	0	0	0	0	0
1789546988559	91869	4118	7	288	12	0	0	3	0	0	0	0	26.103515625	26.103515625	0	0	0	0	90.307617188	90.307617188	0	0	0	0	0	0	0	0	0	0	0	0	0	0	0	0	0	0	0	0	0	0	0	0	0	0	0	0	0	0	0	0	0	0	0	0	0	0	0	0	0	0	0	0	0	0	0	0
1789546988579	91891	4119	7	288	12	0	0	3	0	0	0	0	26.103515625	26.103515625	0	0	0	0	90.307617188	90.307617188	0	0	0	0	0	0	0	0	0	0	0	0	0	0	0	0	0	0	0	0	0	0	0	0	0	0	0	0	0	0	0	0	0	0	0	0	0	0	0	0	0	0	0	0	0	0	0	0
1789546988606	91913	4120	7	288	12	0	0	3	0	0	0	0	26.103515625	26.103515625	0	0	0	0	90.307617188	90.307617188	0	0	0	0	0	0	0	0	0	0	0	0	0	0	0	0	0	0	0	0	0	0	0	0	0	0	0	0	0	0	0	0	0	0	0	0	0	0	0	0	0	0	0	0	0	0	0	0
1789546988626	91935	4121	7	288	12	0	0	3	0	0	0	0	26.103515625	26.103515625	0	0	0	0	90.307617188	90.307617188	0	0	0	0	0	0	0	0	0	0	0	0	0	0	0	0	0	0	0	0	0	0	0	0	0	0	0	0	0	0	0	0	0	0	0	0	0	0	0	0	0	0	0	0	0	0	0	0
1789546988645	91957	4122	7	288	12	0	0	3	0	0	0	0	26.103515625	26.103515625	0	0	0	0	90.307617188	90.307617188	0	0	0	0	0	0	0	0	0	0	0	0	0	0	0	0	0	0	0	0	0	0	0	0	0	0	0	0	0	0	0	0	0	0	0	0	0	0	0	0	0	0	0	0	0	0	0	0
1789546988672	91979	4123	7	288	12	0	0	3	0	0	0	0	26.103515625	26.103515625	0	0	0	0	90.307617188	90.307617188	0	0	0	0	0	0	0	0	0	0	0	0	0	0	0	0	0	0	0	0	0	0	0	0	0	0	0	0	0	0	0	0	0	0	0	0	0	0	0	0	0	0	0	0	0	0	0	0
1789546988692	92001	4124	7	288	12	0	0	3	0	0	0	0	26.103515625	26.103515625	0	0	0	0	90.307617188	90.307617188	0	0	0	0	0	0	0	0	0	0	0	0	0	0	0	0	0	0	0	0	0	0	0	0	0	0	0	0	0	0	0	0	0	0	0	0	0	0	0	0	0	0	0	0	0	0	0	0
1789546988711	92023	4125	7	288	12	0	0	3	0	0	0	0	26.103515625	26.103515625	0	0	0	0	90.307617188	90.307617188	0	0	0	0	0	0	0	0	0	0	0	0	0	0	0	0	0	0	0	0	0	0	0	0	0	0	0	0	0	0	0	0	0	0	0	0	0	0	0	0	0	0	0	0	0	0	0	0
1789546988738	92045	4126	7	288	12	0	0	3	0	0	0	0	26.103515625	26.103515625	0	0	0	0	90.307617188	90.307617188	0	0	0	0	0	0	0	0	0	0	0	0	0	0	0	0	0	0	0	0	0	0	0	0	0	0	0	0	0	0	0	0	0	0	0	0	0	0	0	0	0	0	0	0	0	0	0	0
1789546988758	92067	4127	7	288	12	0	0	3	0	0	0	0	26.103515625	26.103515625	0	0	0	0	90.307617188	90.307617188	0	0	0	0	0	0	0	0	0	0	0	0	0	0	0	0	0	0	0	0	0	0	0	0	0	0	0	0	0	0	0	0	0	0	0	0	0	0	0	0	0	0	0	0	0	0	0	0
1789546988778	92089	4128	7	288	12	0	0	3	0	0	0	0	26.103515625	26.103515625	0	0	0	0	90.307617188	90.307617188	0	0	0	0	0	0	0	0	0	0	0	0	0	0	0	0	0	0	0	0	0	0	0	0	0	0	0	0	0	0	0	0	0	0	0	0	0	0	0	0	0	0	0	0	0	0	0	0
1789546988805	92111	4129	7	288	12	0	0	3	0	0	0	0	26.103515625	26.103515625	0	0	0	0	90.307617188	90.307617188	0	0	0	0	0	0	0	0	0	0	0	0	0	0	0	0	0	0	0	0	0	0	0	0	0	0	0	0	0	0	0	0	0	0	0	0	0	0	0	0	0	0	0	0	0	0	0	0
1789546988825	92133	4130	7	288	12	0	0	3	0	0	0	0	26.103515625	26.103515625	0	0	0	0	90.307617188	90.307617188	0	0	0	0	0	0	0	0	0	0	0	0	0	0	0	0	0	0	0	0	0	0	0	0	0	0	0	0	0	0	0	0	0	0	0	0	0	0	0	0	0	0	0	0	0	0	0	0
1789546988845	92155	4131	7	288	12	0	0	3	0	0	0	0	26.103515625	26.103515625	0	0	0	0	90.307617188	90.307617188	0	0	0	0	0	0	0	0	0	0	0	0	0	0	0	0	0	0	0	0	0	0	0	0	0	0	0	0	0	0	0	0	0	0	0	0	0	0	0	0	0	0	0	0	0	0	0	0
1789546988865	92177	4132	7	288	12	0	0	3	0	0	0	0	26.103515625	26.103515625	0	0	0	0	90.307617188	90.307617188	0	0	0	0	0	0	0	0	0	0	0	0	0	0	0	0	0	0	0	0	0	0	0	0	0	0	0	0	0	0	0	0	0	0	0	0	0	0	0	0	0	0	0	0	0	0	0	0
1789546988891	92199	4133	7	288	12	0	0	3	0	0	0	0	26.103515625	26.103515625	0	0	0	0	90.307617188	90.307617188	0	0	0	0	0	0	0	0	0	0	0	0	0	0	0	0	0	0	0	0	0	0	0	0	0	0	0	0	0	0	0	0	0	0	0	0	0	0	0	0	0	0	0	0	0	0	0	0
1789546988912	92221	4134	7	288	12	0	0	3	0	0	0	0	26.103515625	26.103515625	0	0	0	0	90.307617188	90.307617188	0	0	0	0	0	0	0	0	0	0	0	0	0	0	0	0	0	0	0	0	0	0	0	0	0	0	0	0	0	0	0	0	0	0	0	0	0	0	0	0	0	0	0	0	0	0	0	0
1789546988931	92243	4135	7	288	12	0	0	3	0	0	0	0	26.103515625	26.103515625	0	0	0	0	90.307617188	90.307617188	0	0	0	0	0	0	0	0	0	0	0	0	0	0	0	0	0	0	0	0	0	0	0	0	0	0	0	0	0	0	0	0	0	0	0	0	0	0	0	0	0	0	0	0	0	0	0	0
1789546988958	92265	4136	7	288	12	0	0	3	0	0	0	0	26.103515625	26.103515625	0	0	0	0	90.307617188	90.307617188	0	0	0	0	0	0	0	0	0	0	0	0	0	0	0	0	0	0	0	0	0	0	0	0	0	0	0	0	0	0	0	0	0	0	0	0	0	0	0	0	0	0	0	0	0	0	0	0
1789546988978	92287	4137	7	288	12	0	0	3	0	0	0	0	26.103515625	26.103515625	0	0	0	0	90.307617188	90.307617188	0	0	0	0	0	0	0	0	0	0	0	0	0	0	0	0	0	0	0	0	0	0	0	0	0	0	0	0	0	0	0	0	0	0	0	0	0	0	0	0	0	0	0	0	0	0	0	0
1789546988997	92309	4138	7	288	12	0	0	3	0	0	0	0	26.103515625	26.103515625	0	0	0	0	90.307617188	90.307617188	0	0	0	0	0	0	0	0	0	0	0	0	0	0	0	0	0	0	0	0	0	0	0	0	0	0	0	0	0	0	0	0	0	0	0	0	0	0	0	0	0	0	0	0	0	0	0	0
1789546989024	92331	4139	7	288	12	0	0	3	0	0	0	0	26.103515625	26.103515625	0	0	0	0	90.307617188	90.307617188	0	0	0	0	0	0	0	0	0	0	0	0	0	0	0	0	0	0	0	0	0	0	0	0	0	0	0	0	0	0	0	0	0	0	0	0	0	0	0	0	0	0	0	0	0	0	0	0
1789546989044	92353	4140	7	288	12	0	0	3	0	0	0	0	26.103515625	26.103515625	0	0	0	0	90.307617188	90.307617188	0	0	0	0	0	0	0	0	0	0	0	0	0	0	0	0	0	0	0	0	0	0	0	0	0	0	0	0	0	0	0	0	0	0	0	0	0	0	0	0	0	0	0	0	0	0	0	0
1789546989064	92375	4141	7	288	12	0	0	3	0	0	0	0	26.103515625	26.103515625	0	0	0	0	90.307617188	90.307617188	0	0	0	0	0	0	0	0	0	0	0	0	0	0	0	0	0	0	0	0	0	0	0	0	0	0	0	0	0	0	0	0	0	0	0	0	0	0	0	0	0	0	0	0	0	0	0	0
1789546989090	92397	4142	7	288	12	0	0	3	0	0	0	0	26.103515625	26.103515625	0	0	0	0	90.307617188	90.307617188	0	0	0	0	0	0	0	0	0	0	0	0	0	0	0	0	0	0	0	0	0	0	0	0	0	0	0	0	0	0	0	0	0	0	0	0	0	0	0	0	0	0	0	0	0	0	0	0
1789546989110	92419	4143	7	288	12	0	0	3	0	0	0	0	26.103515625	26.103515625	0	0	0	0	90.307617188	90.307617188	0	0	0	0	0	0	0	0	0	0	0	0	0	0	0	0	0	0	0	0	0	0	0	0	0	0	0	0	0	0	0	0	0	0	0	0	0	0	0	0	0	0	0	0	0	0	0	0
1789546989130	92441	4144	7	288	12	0	0	3	0	0	0	0	26.103515625	26.103515625	0	0	0	0	90.307617188	90.307617188	0	0	0	0	0	0	0	0	0	0	0	0	0	0	0	0	0	0	0	0	0	0	0	0	0	0	0	0	0	0	0	0	0	0	0	0	0	0	0	0	0	0	0	0	0	0	0	0
1789546989156	92463	4145	7	288	12	0	0	3	0	0	0	0	26.103515625	26.103515625	0	0	0	0	90.307617188	90.307617188	0	0	0	0	0	0	0	0	0	0	0	0	0	0	0	0	0	0	0	0	0	0	0	0	0	0	0	0	0	0	0	0	0	0	0	0	0	0	0	0	0	0	0	0	0	0	0	0
1789546989176	92485	4146	7	288	12	0	0	3	0	0	0	0	26.103515625	26.103515625	0	0	0	0	90.307617188	90.307617188	0	0	0	0	0	0	0	0	0	0	0	0	0	0	0	0	0	0	0	0	0	0	0	0	0	0	0	0	0	0	0	0	0	0	0	0	0	0	0	0	0	0	0	0	0	0	0	0
1789546989196	92507	4147	7	288	12	0	0	3	0	0	0	0	26.103515625	26.103515625	0	0	0	0	90.307617188	90.307617188	0	0	0	0	0	0	0	0	0	0	0	0	0	0	0	0	0	0	0	0	0	0	0	0	0	0	0	0	0	0	0	0	0	0	0	0	0	0	0	0	0	0	0	0	0	0	0	0
1789546989223	92529	4148	7	288	12	0	0	3	0	0	0	0	26.103515625	26.103515625	0	0	0	0	90.307617188	90.307617188	0	0	0	0	0	0	0	0	0	0	0	0	0	0	0	0	0	0	0	0	0	0	0	0	0	0	0	0	0	0	0	0	0	0	0	0	0	0	0	0	0	0	0	0	0	0	0	0
1789546989242	92551	4149	7	288	12	0	0	3	0	0	0	0	26.103515625	26.103515625	0	0	0	0	90.307617188	90.307617188	0	0	0	0	0	0	0	0	0	0	0	0	0	0	0	0	0	0	0	0	0	0	0	0	0	0	0	0	0	0	0	0	0	0	0	0	0	0	0	0	0	0	0	0	0	0	0	0
1789546989262	92573	4150	7	288	12	0	0	3	0	0	0	0	26.103515625	26.103515625	0	0	0	0	90.307617188	90.307617188	0	0	0	0	0	0	0	0	0	0	0	0	0	0	0	0	0	0	0	0	0	0	0	0	0	0	0	0	0	0	0	0	0	0	0	0	0	0	0	0	0	0	0	0	0	0	0	0
1789546989288	92595	4151	7	288	12	0	0	3	0	0	0	0	26.103515625	26.103515625	0	0	0	0	90.307617188	90.307617188	0	0	0	0	0	0	0	0	0	0	0	0	0	0	0	0	0	0	0	0	0	0	0	0	0	0	0	0	0	0	0	0	0	0	0	0	0	0	0	0	0	0	0	0	0	0	0	0
1789546989308	92617	4152	7	288	12	0	0	3	0	0	0	0	26.103515625	26.103515625	0	0	0	0	90.307617188	90.307617188	0	0	0	0	0	0	0	0	0	0	0	0	0	0	0	0	0	0	0	0	0	0	0	0	0	0	0	0	0	0	0	0	0	0	0	0	0	0	0	0	0	0	0	0	0	0	0	0
1789546989328	92639	4153	7	288	12	0	0	3	0	0	0	0	26.103515625	26.103515625	0	0	0	0	90.307617188	90.307617188	0	0	0	0	0	0	0	0	0	0	0	0	0	0	0	0	0	0	0	0	0	0	0	0	0	0	0	0	0	0	0	0	0	0	0	0	0	0	0	0	0	0	0	0	0	0	0	0
1789546989355	92661	4154	7	288	12	0	0	3	0	0	0	0	26.103515625	26.103515625	0	0	0	0	90.307617188	90.307617188	0	0	0	0	0	0	0	0	0	0	0	0	0	0	0	0	0	0	0	0	0	0	0	0	0	0	0	0	0	0	0	0	0	0	0	0	0	0	0	0	0	0	0	0	0	0	0	0
1789546989375	92683	4155	7	288	12	0	0	3	0	0	0	0	26.103515625	26.103515625	0	0	0	0	90.3515625	90.3515625	0	0	0	0	0	0	0	0	0	0	0	0	0	0	0	0	0	0	0	0	0	0	0	0	0	0	0	0	0	0	0	0	0	0	0	0	0	0	0	0	0	0	0	0	0	0	0	0
1789546989394	92705	4156	7	288	12	0	0	3	0	0	0	0	26.103515625	26.103515625	0	0	0	0	90.307617188	90.307617188	0	0	0	0	0	0	0	0	0	0	0	0	0	0	0	0	0	0	0	0	0	0	0	0	0	0	0	0	0	0	0	0	0	0	0	0	0	0	0	0	0	0	0	0	0	0	0	0
1789546989421	92727	4157	7	288	12	0	0	3	0	0	0	0	26.103515625	26.103515625	0	0	0	0	90.307617188	90.307617188	0	0	0	0	0	0	0	0	0	0	0	0	0	0	0	0	0	0	0	0	0	0	0	0	0	0	0	0	0	0	0	0	0	0	0	0	0	0	0	0	0	0	0	0	0	0	0	0
1789546989440	92749	4158	7	288	12	0	0	3	0	0	0	0	26.103515625	26.103515625	0	0	0	0	90.307617188	90.307617188	0	0	0	0	0	0	0	0	0	0	0	0	0	0	0	0	0	0	0	0	0	0	0	0	0	0	0	0	0	0	0	0	0	0	0	0	0	0	0	0	0	0	0	0	0	0	0	0
1789546989460	92771	4159	7	288	12	0	0	3	0	0	0	0	26.103515625	26.103515625	0	0	0	0	90.307617188	90.307617188	0	0	0	0	0	0	0	0	0	0	0	0	0	0	0	0	0	0	0	0	0	0	0	0	0	0	0	0	0	0	0	0	0	0	0	0	0	0	0	0	0	0	0	0	0	0	0	0
1789546989486	92793	4160	7	288	12	0	0	3	0	0	0	0	26.103515625	26.103515625	0	0	0	0	90.307617188	90.307617188	0	0	0	0	0	0	0	0	0	0	0	0	0	0	0	0	0	0	0	0	0	0	0	0	0	0	0	0	0	0	0	0	0	0	0	0	0	0	0	0	0	0	0	0	0	0	0	0
1789546989507	92815	4161	7	288	12	0	0	3	0	0	0	0	26.103515625	26.103515625	0	0	0	0	90.307617188	90.307617188	0	0	0	0	0	0	0	0	0	0	0	0	0	0	0	0	0	0	0	0	0	0	0	0	0	0	0	0	0	0	0	0	0	0	0	0	0	0	0	0	0	0	0	0	0	0	0	0
1789546989526	92837	4162	7	288	12	0	0	3	0	0	0	0	26.103515625	26.103515625	0	0	0	0	90.307617188	90.307617188	0	0	0	0	0	0	0	0	0	0	0	0	0	0	0	0	0	0	0	0	0	0	0	0	0	0	0	0	0	0	0	0	0	0	0	0	0	0	0	0	0	0	0	0	0	0	0	0
1789546989553	92859	4163	7	288	12	0	0	3	0	0	0	0	26.103515625	26.103515625	0	0	0	0	90.307617188	90.307617188	0	0	0	0	0	0	0	0	0	0	0	0	0	0	0	0	0	0	0	0	0	0	0	0	0	0	0	0	0	0	0	0	0	0	0	0	0	0	0	0	0	0	0	0	0	0	0	0
1789546989573	92881	4164	7	288	12	0	0	3	0	0	0	0	26.103515625	26.103515625	0	0	0	0	90.307617188	90.307617188	0	0	0	0	0	0	0	0	0	0	0	0	0	0	0	0	0	0	0	0	0	0	0	0	0	0	0	0	0	0	0	0	0	0	0	0	0	0	0	0	0	0	0	0	0	0	0	0
1789546989592	92903	4165	7	288	12	0	0	3	0	0	0	0	26.103515625	26.103515625	0	0	0	0	90.307617188	90.307617188	0	0	0	0	0	0	0	0	0	0	0	0	0	0	0	0	0	0	0	0	0	0	0	0	0	0	0	0	0	0	0	0	0	0	0	0	0	0	0	0	0	0	0	0	0	0	0	0
1789546989619	92925	4166	7	288	12	0	0	3	0	0	0	0	26.103515625	26.103515625	0	0	0	0	90.307617188	90.307617188	0	0	0	0	0	0	0	0	0	0	0	0	0	0	0	0	0	0	0	0	0	0	0	0	0	0	0	0	0	0	0	0	0	0	0	0	0	0	0	0	0	0	0	0	0	0	0	0
1789546989638	92947	4167	7	288	12	0	0	3	0	0	0	0	26.103515625	26.103515625	0	0	0	0	90.307617188	90.307617188	0	0	0	0	0	0	0	0	0	0	0	0	0	0	0	0	0	0	0	0	0	0	0	0	0	0	0	0	0	0	0	0	0	0	0	0	0	0	0	0	0	0	0	0	0	0	0	0
1789546989659	92969	4168	7	288	12	0	0	3	0	0	0	0	26.103515625	26.103515625	0	0	0	0	90.307617188	90.307617188	0	0	0	0	0	0	0	0	0	0	0	0	0	0	0	0	0	0	0	0	0	0	0	0	0	0	0	0	0	0	0	0	0	0	0	0	0	0	0	0	0	0	0	0	0	0	0	0
1789546989679	92991	4169	7	288	12	0	0	3	0	0	0	0	26.103515625	26.103515625	0	0	0	0	90.307617188	90.307617188	0	0	0	0	0	0	0	0	0	0	0	0	0	0	0	0	0	0	0	0	0	0	0	0	0	0	0	0	0	0	0	0	0	0	0	0	0	0	0	0	0	0	0	0	0	0	0	0
1789546989705	93013	4170	7	288	12	0	0	3	0	0	0	0	26.103515625	26.103515625	0	0	0	0	90.307617188	90.307617188	0	0	0	0	0	0	0	0	0	0	0	0	0	0	0	0	0	0	0	0	0	0	0	0	0	0	0	0	0	0	0	0	0	0	0	0	0	0	0	0	0	0	0	0	0	0	0	0
1789546989725	93035	4171	7	288	12	0	0	3	0	0	0	0	26.103515625	26.103515625	0	0	0	0	90.307617188	90.307617188	0	0	0	0	0	0	0	0	0	0	0	0	0	0	0	0	0	0	0	0	0	0	0	0	0	0	0	0	0	0	0	0	0	0	0	0	0	0	0	0	0	0	0	0	0	0	0	0
1789546989744	93057	4172	7	288	12	0	0	3	0	0	0	0	26.103515625	26.103515625	0	0	0	0	90.307617188	90.307617188	0	0	0	0	0	0	0	0	0	0	0	0	0	0	0	0	0	0	0	0	0	0	0	0	0	0	0	0	0	0	0	0	0	0	0	0	0	0	0	0	0	0	0	0	0	0	0	0
1789546989771	93079	4173	7	288	12	0	0	3	0	0	0	0	26.103515625	26.103515625	0	0	0	0	90.307617188	90.307617188	0	0	0	0	0	0	0	0	0	0	0	0	0	0	0	0	0	0	0	0	0	0	0	0	0	0	0	0	0	0	0	0	0	0	0	0	0	0	0	0	0	0	0	0	0	0	0	0
1789546989790	93101	4174	7	288	12	0	0	3	0	0	0	0	26.103515625	26.103515625	0	0	0	0	90.307617188	90.307617188	0	0	0	0	0	0	0	0	0	0	0	0	0	0	0	0	0	0	0	0	0	0	0	0	0	0	0	0	0	0	0	0	0	0	0	0	0	0	0	0	0	0	0	0	0	0	0	0
1789546989818	93123	4175	7	288	12	0	0	3	0	0	0	0	26.103515625	26.103515625	0	0	0	0	90.307617188	90.307617188	0	0	0	0	0	0	0	0	0	0	0	0	0	0	0	0	0	0	0	0	0	0	0	0	0	0	0	0	0	0	0	0	0	0	0	0	0	0	0	0	0	0	0	0	0	0	0	0
1789546989837	93145	4176	7	288	12	0	0	3	0	0	0	0	26.103515625	26.103515625	0	0	0	0	90.307617188	90.307617188	0	0	0	0	0	0	0	0	0	0	0	0	0	0	0	0	0	0	0	0	0	0	0	0	0	0	0	0	0	0	0	0	0	0	0	0	0	0	0	0	0	0	0	0	0	0	0	0
1789546989857	93167	4177	7	288	12	0	0	3	0	0	0	0	26.103515625	26.103515625	0	0	0	0	90.307617188	90.307617188	0	0	0	0	0	0	0	0	0	0	0	0	0	0	0	0	0	0	0	0	0	0	0	0	0	0	0	0	0	0	0	0	0	0	0	0	0	0	0	0	0	0	0	0	0	0	0	0
1789546989877	93189	4178	7	288	12	0	0	3	0	0	0	0	26.103515625	26.103515625	0	0	0	0	90.307617188	90.307617188	0	0	0	0	0	0	0	0	0	0	0	0	0	0	0	0	0	0	0	0	0	0	0	0	0	0	0	0	0	0	0	0	0	0	0	0	0	0	0	0	0	0	0	0	0	0	0	0
1789546989903	93211	4179	7	288	12	0	0	3	0	0	0	0	26.103515625	26.103515625	0	0	0	0	90.307617188	90.307617188	0	0	0	0	0	0	0	0	0	0	0	0	0	0	0	0	0	0	0	0	0	0	0	0	0	0	0	0	0	0	0	0	0	0	0	0	0	0	0	0	0	0	0	0	0	0	0	0
1789546989923	93233	4180	7	288	12	0	0	3	0	0	0	0	26.103515625	26.103515625	0	0	0	0	90.307617188	90.307617188	0	0	0	0	0	0	0	0	0	0	0	0	0	0	0	0	0	0	0	0	0	0	0	0	0	0	0	0	0	0	0	0	0	0	0	0	0	0	0	0	0	0	0	0	0	0	0	0
1789546989943	93255	4181	7	288	12	0	0	3	0	0	0	0	26.103515625	26.103515625	0	0	0	0	90.307617188	90.307617188	0	0	0	0	0	0	0	0	0	0	0	0	0	0	0	0	0	0	0	0	0	0	0	0	0	0	0	0	0	0	0	0	0	0	0	0	0	0	0	0	0	0	0	0	0	0	0	0
1789546989970	93277	4182	7	288	12	0	0	3	0	0	0	0	26.103515625	26.103515625	0	0	0	0	90.307617188	90.307617188	0	0	0	0	0	0	0	0	0	0	0	0	0	0	0	0	0	0	0	0	0	0	0	0	0	0	0	0	0	0	0	0	0	0	0	0	0	0	0	0	0	0	0	0	0	0	0	0
1789546989989	93299	4183	7	288	12	0	0	3	0	0	0	0	26.103515625	26.103515625	0	0	0	0	90.307617188	90.307617188	0	0	0	0	0	0	0	0	0	0	0	0	0	0	0	0	0	0	0	0	0	0	0	0	0	0	0	0	0	0	0	0	0	0	0	0	0	0	0	0	0	0	0	0	0	0	0	0
1789546990009	93321	4184	7	288	12	0	0	3	0	0	0	0	26.103515625	26.103515625	0	0	0	0	90.307617188	90.307617188	0	0	0	0	0	0	0	0	0	0	0	0	0	0	0	0	0	0	0	0	0	0	0	0	0	0	0	0	0	0	0	0	0	0	0	0	0	0	0	0	0	0	0	0	0	0	0	0
1789546990036	93343	4185	7	288	12	0	0	3	0	0	0	0	26.103515625	26.103515625	0	0	0	0	90.307617188	90.307617188	0	0	0	0	0	0	0	0	0	0	0	0	0	0	0	0	0	0	0	0	0	0	0	0	0	0	0	0	0	0	0	0	0	0	0	0	0	0	0	0	0	0	0	0	0	0	0	0
1789546990055	93365	4186	7	288	12	0	0	3	0	0	0	0	26.103515625	26.103515625	0	0	0	0	90.307617188	90.307617188	0	0	0	0	0	0	0	0	0	0	0	0	0	0	0	0	0	0	0	0	0	0	0	0	0	0	0	0	0	0	0	0	0	0	0	0	0	0	0	0	0	0	0	0	0	0	0	0
1789546990075	93387	4187	7	288	12	0	0	3	0	0	0	0	26.103515625	26.103515625	0	0	0	0	90.307617188	90.307617188	0	0	0	0	0	0	0	0	0	0	0	0	0	0	0	0	0	0	0	0	0	0	0	0	0	0	0	0	0	0	0	0	0	0	0	0	0	0	0	0	0	0	0	0	0	0	0	0
1789546990102	93409	4188	7	288	12	0	0	3	0	0	0	0	26.103515625	26.103515625	0	0	0	0	90.307617188	90.307617188	0	0	0	0	0	0	0	0	0	0	0	0	0	0	0	0	0	0	0	0	0	0	0	0	0	0	0	0	0	0	0	0	0	0	0	0	0	0	0	0	0	0	0	0	0	0	0	0
1789546990122	93431	4189	7	288	12	0	0	3	0	0	0	0	26.103515625	26.103515625	0	0	0	0	90.307617188	90.307617188	0	0	0	0	0	0	0	0	0	0	0	0	0	0	0	0	0	0	0	0	0	0	0	0	0	0	0	0	0	0	0	0	0	0	0	0	0	0	0	0	0	0	0	0	0	0	0	0
1789546990142	93453	4190	7	288	12	0	0	3	0	0	0	0	26.103515625	26.103515625	0	0	0	0	90.307617188	90.307617188	0	0	0	0	0	0	0	0	0	0	0	0	0	0	0	0	0	0	0	0	0	0	0	0	0	0	0	0	0	0	0	0	0	0	0	0	0	0	0	0	0	0	0	0	0	0	0	0
1789546990168	93475	4191	7	288	12	0	0	3	0	0	0	0	26.103515625	26.103515625	0	0	0	0	90.307617188	90.307617188	0	0	0	0	0	0	0	0	0	0	0	0	0	0	0	0	0	0	0	0	0	0	0	0	0	0	0	0	0	0	0	0	0	0	0	0	0	0	0	0	0	0	0	0	0	0	0	0
1789546990188	93497	4192	7	288	12	0	0	3	0	0	0	0	26.103515625	26.103515625	0	0	0	0	90.307617188	90.307617188	0	0	0	0	0	0	0	0	0	0	0	0	0	0	0	0	0	0	0	0	0	0	0	0	0	0	0	0	0	0	0	0	0	0	0	0	0	0	0	0	0	0	0	0	0	0	0	0
1789546990208	93519	4193	7	288	12	0	0	3	0	0	0	0	26.103515625	26.103515625	0	0	0	0	90.307617188	90.307617188	0	0	0	0	0	0	0	0	0	0	0	0	0	0	0	0	0	0	0	0	0	0	0	0	0	0	0	0	0	0	0	0	0	0	0	0	0	0	0	0	0	0	0	0	0	0	0	0
1789546990234	93541	4194	7	288	12	0	0	3	0	0	0	0	26.103515625	26.103515625	0	0	0	0	90.307617188	90.307617188	0	0	0	0	0	0	0	0	0	0	0	0	0	0	0	0	0	0	0	0	0	0	0	0	0	0	0	0	0	0	0	0	0	0	0	0	0	0	0	0	0	0	0	0	0	0	0	0
1789546990254	93563	4195	7	288	12	0	0	3	0	0	0	0	26.103515625	26.103515625	0	0	0	0	90.307617188	90.307617188	0	0	0	0	0	0	0	0	0	0	0	0	0	0	0	0	0	0	0	0	0	0	0	0	0	0	0	0	0	0	0	0	0	0	0	0	0	0	0	0	0	0	0	0	0	0	0	0
1789546990275	93585	4196	7	288	12	0	0	3	0	0	0	0	26.103515625	26.103515625	0	0	0	0	90.307617188	90.307617188	0	0	0	0	0	0	0	0	0	0	0	0	0	0	0	0	0	0	0	0	0	0	0	0	0	0	0	0	0	0	0	0	0	0	0	0	0	0	0	0	0	0	0	0	0	0	0	0
1789546990295	93607	4197	7	288	12	0	0	3	0	0	0	0	26.103515625	26.103515625	0	0	0	0	90.307617188	90.307617188	0	0	0	0	0	0	0	0	0	0	0	0	0	0	0	0	0	0	0	0	0	0	0	0	0	0	0	0	0	0	0	0	0	0	0	0	0	0	0	0	0	0	0	0	0	0	0	0
1789546990321	93629	4198	7	288	12	0	0	3	0	0	0	0	26.147460938	26.147460938	0	0	0	0	90.307617188	90.307617188	0	0	0	0	0	0	0	0	0	0	0	0	0	0	0	0	0	0	0	0	0	0	0	0	0	0	0	0	0	0	0	0	0	0	0	0	0	0	0	0	0	0	0	0	0	0	0	0
1789546990341	93651	4199	7	288	12	0	0	3	0	0	0	0	26.103515625	26.103515625	0	0	0	0	90.307617188	90.307617188	0	0	0	0	0	0	0	0	0	0	0	0	0	0	0	0	0	0	0	0	0	0	0	0	0	0	0	0	0	0	0	0	0	0	0	0	0	0	0	0	0	0	0	0	0	0	0	0
1789546990361	93673	4200	7	288	12	0	0	3	0	0	0	0	26.103515625	26.103515625	0	0	0	0	90.307617188	90.307617188	0	0	0	0	0	0	0	0	0	0	0	0	0	0	0	0	0	0	0	0	0	0	0	0	0	0	0	0	0	0	0	0	0	0	0	0	0	0	0	0	0	0	0	0	0	0	0	0
1789546990387	93695	4201	7	288	12	0	0	3	0	0	0	0	26.103515625	26.103515625	0	0	0	0	90.307617188	90.307617188	0	0	0	0	0	0	0	0	0	0	0	0	0	0	0	0	0	0	0	0	0	0	0	0	0	0	0	0	0	0	0	0	0	0	0	0	0	0	0	0	0	0	0	0	0	0	0	0
1789546990407	93717	4202	7	288	12	0	0	3	0	0	0	0	26.103515625	26.103515625	0	0	0	0	90.307617188	90.307617188	0	0	0	0	0	0	0	0	0	0	0	0	0	0	0	0	0	0	0	0	0	0	0	0	0	0	0	0	0	0	0	0	0	0	0	0	0	0	0	0	0	0	0	0	0	0	0	0
1789546990427	93739	4203	7	288	12	0	0	3	0	0	0	0	26.103515625	26.103515625	0	0	0	0	90.307617188	90.307617188	0	0	0	0	0	0	0	0	0	0	0	0	0	0	0	0	0	0	0	0	0	0	0	0	0	0	0	0	0	0	0	0	0	0	0	0	0	0	0	0	0	0	0	0	0	0	0	0
1789546990453	93761	4204	7	288	12	0	0	3	0	0	0	0	26.103515625	26.103515625	0	0	0	0	90.307617188	90.307617188	0	0	0	0	0	0	0	0	0	0	0	0	0	0	0	0	0	0	0	0	0	0	0	0	0	0	0	0	0	0	0	0	0	0	0	0	0	0	0	0	0	0	0	0	0	0	0	0
1789546990473	93783	4205	7	288	12	0	0	3	0	0	0	0	26.103515625	26.103515625	0	0	0	0	90.307617188	90.307617188	0	0	0	0	0	0	0	0	0	0	0	0	0	0	0	0	0	0	0	0	0	0	0	0	0	0	0	0	0	0	0	0	0	0	0	0	0	0	0	0	0	0	0	0	0	0	0	0
1789546990493	93805	4206	7	288	12	0	0	3	0	0	0	0	26.147460938	26.147460938	0	0	-6	6	90.307617188	90.307617188	0	0	0	0	0	0	0	0	0	0	0	0	0	0	0	0	0	0	0	0	0	0	0	0	0	0	0	0	0	0	0	0	0	0	0	0	0	0	0	0	0	0	0	0	0	0	0	0
1789546990519	93827	4207	7	288	12	0	0	3	0	0	0	0	26.103515625	26.103515625	0	0	0	0	90.307617188	90.307617188	0	0	0	0	0	0	0	0	0	0	0	0	0	0	0	0	0	0	0	0	0	0	0	0	0	0	0	0	0	0	0	0	0	0	0	0	0	0	0	0	0	0	0	0	0	0	0	0
1789546990539	93849	4208	7	288	12	0	0	3	0	0	0	0	26.103515625	26.103515625	0	0	0	0	90.307617188	90.307617188	0	0	0	0	0	0	0	0	0	0	0	0	0	0	0	0	0	0	0	0	0	0	0	0	0	0	0	0	0	0	0	0	0	0	0	0	0	0	0	0	0	0	0	0	0	0	0	0
1789546990560	93871	4209	7	288	12	0	0	3	0	0	0	0	26.103515625	26.103515625	0	0	0	0	90.307617188	90.307617188	0	0	0	0	0	0	0	0	0	0	0	0	0	0	0	0	0	0	0	0	0	0	0	0	0	0	0	0	0	0	0	0	0	0	0	0	0	0	0	0	0	0	0	0	0	0	0	0
1789546990586	93893	4210	7	288	12	0	0	3	0	0	0	0	26.103515625	26.103515625	0	0	0	0	90.307617188	90.307617188	0	0	0	0	0	0	0	0	0	0	0	0	0	0	0	0	0	0	0	0	0	0	0	0	0	0	0	0	0	0	0	0	0	0	0	0	0	0	0	0	0	0	0	0	0	0	0	0
1789546990606	93915	4211	7	288	12	0	0	3	0	0	0	0	26.103515625	26.103515625	0	0	0	0	90.307617188	90.307617188	0	0	0	0	0	0	0	0	0	0	0	0	0	0	0	0	0	0	0	0	0	0	0	0	0	0	0	0	0	0	0	0	0	0	0	0	0	0	0	0	0	0	0	0	0	0	0	0
1789546990626	93937	4212	7	288	12	0	0	3	0	0	0	0	26.103515625	26.103515625	0	0	0	0	90.307617188	90.307617188	0	0	0	0	0	0	0	0	0	0	0	0	0	0	0	0	0	0	0	0	0	0	0	0	0	0	0	0	0	0	0	0	0	0	0	0	0	0	0	0	0	0	0	0	0	0	0	0
1789546990652	93959	4213	7	288	12	0	0	3	0	0	0	0	26.103515625	26.103515625	0	0	0	0	90.307617188	90.307617188	0	0	0	0	0	0	0	0	0	0	0	0	0	0	0	0	0	0	0	0	0	0	0	0	0	0	0	0	0	0	0	0	0	0	0	0	0	0	0	0	0	0	0	0	0	0	0	0
1789546990672	93981	4214	7	288	12	0	0	3	0	0	0	0	26.103515625	26.103515625	0	0	0	0	90.307617188	90.307617188	0	0	0	0	0	0	0	0	0	0	0	0	0	0	0	0	0	0	0	0	0	0	0	0	0	0	0	0	0	0	0	0	0	0	0	0	0	0	0	0	0	0	0	0	0	0	0	0
1789546990692	94003	4215	7	288	12	0	0	3	0	0	0	0	26.103515625	26.103515625	0	0	0	0	90.307617188	90.307617188	0	0	0	0	0	0	0	0	0	0	0	0	0	0	0	0	0	0	0	0	0	0	0	0	0	0	0	0	0	0	0	0	0	0	0	0	0	0	0	0	0	0	0	0	0	0	0	0
1789546990719	94025	4216	7	288	12	0	0	3	0	0	0	0	26.103515625	26.103515625	0	0	0	0	90.307617188	90.307617188	0	0	0	0	0	0	0	0	0	0	0	0	0	0	0	0	0	0	0	0	0	0	0	0	0	0	0	0	0	0	0	0	0	0	0	0	0	0	0	0	0	0	0	0	0	0	0	0
1789546990738	94047	4217	7	288	12	0	0	3	0	0	0	0	26.103515625	26.103515625	0	0	0	0	90.307617188	90.307617188	0	0	0	0	0	0	0	0	0	0	0	0	0	0	0	0	0	0	0	0	0	0	0	0	0	0	0	0	0	0	0	0	0	0	0	0	0	0	0	0	0	0	0	0	0	0	0	0
1789546990758	94069	4218	7	288	12	0	0	3	0	0	0	0	26.103515625	26.103515625	0	0	0	0	90.307617188	90.307617188	0	0	0	0	0	0	0	0	0	0	0	0	0	0	0	0	0	0	0	0	0	0	0	0	0	0	0	0	0	0	0	0	0	0	0	0	0	0	0	0	0	0	0	0	0	0	0	0
1789546990785	94091	4219	7	288	12	0	0	3	0	0	0	0	26.103515625	26.103515625	0	0	0	0	90.307617188	90.307617188	0	0	0	0	0	0	0	0	0	0	0	0	0	0	0	0	0	0	0	0	0	0	0	0	0	0	0	0	0	0	0	0	0	0	0	0	0	0	0	0	0	0	0	0	0	0	0	0
1789546990804	94113	4220	7	288	12	0	0	3	0	0	0	0	26.147460938	26.147460938	0	0	0	0	90.307617188	90.307617188	0	0	0	0	0	0	0	0	0	0	0	0	0	0	0	0	0	0	0	0	0	0	0	0	0	0	0	0	0	0	0	0	0	0	0	0	0	0	0	0	0	0	0	0	0	0	0	0
1789546990824	94135	4221	7	288	12	0	0	3	0	0	0	0	26.103515625	26.103515625	0	0	0	0	90.307617188	90.307617188	0	0	0	0	0	0	0	0	0	0	0	0	0	0	0	0	0	0	0	0	0	0	0	0	0	0	0	0	0	0	0	0	0	0	0	0	0	0	0	0	0	0	0	0	0	0	0	0
1789546990850	94157	4222	7	288	12	0	0	3	0	0	0	0	26.103515625	26.103515625	0	0	0	0	90.307617188	90.307617188	0	0	-6	6	0	0	0	0	0	0	0	0	0	0	0	0	0	0	0	0	0	0	0	0	0	0	0	0	0	0	0	0	0	0	0	0	0	0	0	0	0	0	0	0	0	0	0	0
1789546990871	94179	4223	7	288	12	0	0	3	0	0	0	0	26.103515625	26.103515625	0	0	0	0	90.307617188	90.307617188	0	0	0	0	0	0	0	0	0	0	0	0	0	0	0	0	0	0	0	0	0	0	0	0	0	0	0	0	0	0	0	0	0	0	0	0	0	0	0	0	0	0	0	0	0	0	0	0
1789546990891	94201	4224	7	288	12	0	0	3	0	0	0	0	26.103515625	26.103515625	0	0	0	0	90.307617188	90.307617188	0	0	0	0	0	0	0	0	0	0	0	0	0	0	0	0	0	0	0	0	0	0	0	0	0	0	0	0	0	0	0	0	0	0	0	0	0	0	0	0	0	0	0	0	0	0	0	0
1789546990911	94223	4225	7	288	12	0	0	3	0	0	0	0	26.103515625	26.103515625	0	0	0	0	90.307617188	90.307617188	0	0	0	0	0	0	0	0	0	0	0	0	0	0	0	0	0	0	0	0	0	0	0	0	0	0	0	0	0	0	0	0	0	0	0	0	0	0	0	0	0	0	0	0	0	0	0	0
1789546990937	94245	4226	7	288	12	0	0	3	0	0	0	0	26.103515625	26.103515625	0	0	0	0	90.307617188	90.307617188	0	0	0	0	0	0	0	0	0	0	0	0	0	0	0	0	0	0	0	0	0	0	0	0	0	0	0	0	0	0	0	0	0	0	0	0	0	0	0	0	0	0	0	0	0	0	0	0
1789546990957	94267	4227	7	288	12	0	0	3	0	0	0	0	26.103515625	26.103515625	0	0	0	0	90.307617188	90.307617188	0	0	0	0	0	0	0	0	0	0	0	0	0	0	0	0	0	0	0	0	0	0	0	0	0	0	0	0	0	0	0	0	0	0	0	0	0	0	0	0	0	0	0	0	0	0	0	0
1789546990983	94289	4228	7	288	12	0	0	3	0	0	0	0	26.103515625	26.103515625	0	0	0	0	90.307617188	90.307617188	0	0	0	0	0	0	0	0	0	0	0	0	0	0	0	0	0	0	0	0	0	0	0	0	0	0	0	0	0	0	0	0	0	0	0	0	0	0	0	0	0	0	0	0	0	0	0	0
1789546991003	94311	4229	7	288	12	0	0	3	0	0	0	0	26.103515625	26.103515625	0	0	0	0	90.307617188	90.307617188	0	0	0	0	0	0	0	0	0	0	0	0	0	0	0	0	0	0	0	0	0	0	0	0	0	0	0	0	0	0	0	0	0	0	0	0	0	0	0	0	0	0	0	0	0	0	0	0
1789546991023	94333	4230	7	288	12	0	0	3	0	0	0	0	26.059570312	26.059570312	0	0	0	0	90.3515625	90.3515625	0	0	0	0	0	0	0	0	0	0	0	0	0	0	0	0	0	0	0	0	0	0	0	0	0	0	0	0	0	0	0	0	0	0	0	0	0	0	0	0	0	0	0	0	0	0	0	0
1789546991043	94355	4231	7	288	12	0	0	3	0	0	0	0	26.103515625	26.103515625	0	0	0	0	90.307617188	90.307617188	0	0	0	0	0	0	0	0	0	0	0	0	0	0	0	0	0	0	0	0	0	0	0	0	0	0	0	0	0	0	0	0	0	0	0	0	0	0	0	0	0	0	0	0	0	0	0	0
1789546991069	94377	4232	7	288	12	0	0	3	0	0	0	0	26.103515625	26.103515625	0	0	0	0	90.307617188	90.307617188	0	0	0	0	0	0	0	0	0	0	0	0	0	0	0	0	0	0	0	0	0	0	0	0	0	0	0	0	0	0	0	0	0	0	0	0	0	0	0	0	0	0	0	0	0	0	0	0
1789546991089	94399	4233	7	288	12	0	0	3	0	0	0	0	26.103515625	26.103515625	0	0	0	0	90.307617188	90.307617188	0	0	0	0	0	0	0	0	0	0	0	0	0	0	0	0	0	0	0	0	0	0	0	0	0	0	0	0	0	0	0	0	0	0	0	0	0	0	0	0	0	0	0	0	0	0	0	0
1789546991109	94421	4234	7	288	12	0	0	3	0	0	0	0	26.103515625	26.103515625	0	0	0	0	90.307617188	90.307617188	0	0	0	0	0	0	0	0	0	0	0	0	0	0	0	0	0	0	0	0	0	0	0	0	0	0	0	0	0	0	0	0	0	0	0	0	0	0	0	0	0	0	0	0	0	0	0	0
1789546991135	94443	4235	7	288	12	0	0	3	0	0	0	0	26.103515625	26.103515625	0	0	0	0	90.307617188	90.307617188	0	0	0	0	0	0	0	0	0	0	0	0	0	0	0	0	0	0	0	0	0	0	0	0	0	0	0	0	0	0	0	0	0	0	0	0	0	0	0	0	0	0	0	0	0	0	0	0
1789546991155	94465	4236	7	288	12	0	0	3	0	0	0	0	26.103515625	26.103515625	0	0	0	0	90.307617188	90.307617188	0	0	0	0	0	0	0	0	0	0	0	0	0	0	0	0	0	0	0	0	0	0	0	0	0	0	0	0	0	0	0	0	0	0	0	0	0	0	0	0	0	0	0	0	0	0	0	0
1789546991175	94487	4237	7	288	12	0	0	3	0	0	0	0	26.103515625	26.103515625	0	0	0	0	90.307617188	90.307617188	0	0	0	0	0	0	0	0	0	0	0	0	0	0	0	0	0	0	0	0	0	0	0	0	0	0	0	0	0	0	0	0	0	0	0	0	0	0	0	0	0	0	0	0	0	0	0	0
1789546991202	94509	4238	7	288	12	0	0	3	0	0	0	0	26.103515625	26.103515625	0	0	0	0	90.307617188	90.307617188	0	0	0	0	0	0	0	0	0	0	0	0	0	0	0	0	0	0	0	0	0	0	0	0	0	0	0	0	0	0	0	0	0	0	0	0	0	0	0	0	0	0	0	0	0	0	0	0
1789546991222	94531	4239	7	288	12	0	0	3	0	0	0	0	26.103515625	26.103515625	0	0	0	0	90.307617188	90.307617188	0	0	0	0	0	0	0	0	0	0	0	0	0	0	0	0	0	0	0	0	0	0	0	0	0	0	0	0	0	0	0	0	0	0	0	0	0	0	0	0	0	0	0	0	0	0	0	0
1789546991241	94553	4240	7	288	12	0	0	3	0	0	0	0	26.103515625	26.103515625	0	0	0	0	90.307617188	90.307617188	0	0	0	0	0	0	0	0	0	0	0	0	0	0	0	0	0	0	0	0	0	0	0	0	0	0	0	0	0	0	0	0	0	0	0	0	0	0	0	0	0	0	0	0	0	0	0	0
1789546991268	94575	4241	7	288	12	0	0	3	0	0	0	0	26.103515625	26.103515625	0	0	0	0	90.307617188	90.307617188	0	0	0	0	0	0	0	0	0	0	0	0	0	0	0	0	0	0	0	0	0	0	0	0	0	0	0	0	0	0	0	0	0	0	0	0	0	0	0	0	0	0	0	0	0	0	0	0
1789546991287	94597	4242	7	288	12	0	0	3	0	0	0	0	26.103515625	26.103515625	0	0	0	0	90.307617188	90.307617188	0	0	0	0	0	0	0	0	0	0	0	0	0	0	0	0	0	0	0	0	0	0	0	0	0	0	0	0	0	0	0	0	0	0	0	0	0	0	0	0	0	0	0	0	0	0	0	0
1789546991308	94619	4243	7	288	12	0	0	3	0	0	0	0	26.103515625	26.103515625	0	0	0	0	90.307617188	90.307617188	0	0	0	0	0	0	0	0	0	0	0	0	0	0	0	0	0	0	0	0	0	0	0	0	0	0	0	0	0	0	0	0	0	0	0	0	0	0	0	0	0	0	0	0	0	0	0	0
1789546991335	94641	4244	7	288	12	0	0	3	0	0	0	0	26.103515625	26.103515625	0	0	-6	6	90.307617188	90.307617188	0	0	0	0	0	0	0	0	0	0	0	0	0	0	0	0	0	0	0	0	0	0	0	0	0	0	0	0	0	0	0	0	0	0	0	0	0	0	0	0	0	0	0	0	0	0	0	0
1789546991355	94663	4245	7	288	12	0	0	3	0	0	0	0	26.103515625	26.103515625	0	0	0	0	90.307617188	90.307617188	0	0	0	0	0	0	0	0	0	0	0	0	0	0	0	0	0	0	0	0	0	0	0	0	0	0	0	0	0	0	0	0	0	0	0	0	0	0	0	0	0	0	0	0	0	0	0	0
1789546991374	94685	4246	7	288	12	0	0	3	0	0	0	0	26.103515625	26.103515625	0	0	0	0	90.307617188	90.307617188	0	0	0	0	0	0	0	0	0	0	0	0	0	0	0	0	0	0	0	0	0	0	0	0	0	0	0	0	0	0	0	0	0	0	0	0	0	0	0	0	0	0	0	0	0	0	0	0
1789546991401	94707	4247	7	288	12	0	0	3	0	0	0	0	26.103515625	26.103515625	0	0	0	0	90.307617188	90.307617188	0	0	0	0	0	0	0	0	0	0	0	0	0	0	0	0	0	0	0	0	0	0	0	0	0	0	0	0	0	0	0	0	0	0	0	0	0	0	0	0	0	0	0	0	0	0	0	0
1789546991420	94729	4248	7	288	12	0	0	3	0	0	0	0	26.103515625	26.103515625	0	0	0	0	90.307617188	90.307617188	0	0	0	0	0	0	0	0	0	0	0	0	0	0	0	0	0	0	0	0	0	0	0	0	0	0	0	0	0	0	0	0	0	0	0	0	0	0	0	0	0	0	0	0	0	0	0	0
1789546991440	94751	4249	7	288	12	0	0	3	0	0	0	0	26.147460938	26.147460938	0	0	0	0	90.307617188	90.307617188	0	0	0	0	0	0	0	0	0	0	0	0	0	0	0	0	0	0	0	0	0	0	0	0	0	0	0	0	0	0	0	0	0	0	0	0	0	0	0	0	0	0	0	0	0	0	0	0
1789546991466	94773	4250	7	288	12	0	0	3	0	0	0	0	26.103515625	26.103515625	0	0	0	0	90.307617188	90.307617188	0	0	0	0	0	0	0	0	0	0	0	0	0	0	0	0	0	0	0	0	0	0	0	0	0	0	0	0	0	0	0	0	0	0	0	0	0	0	0	0	0	0	0	0	0	0	0	0
1789546991486	94795	4251	7	288	12	0	0	3	0	0	0	0	26.103515625	26.103515625	0	0	0	0	90.307617188	90.307617188	0	0	0	0	0	0	0	0	0	0	0	0	0	0	0	0	0	0	0	0	0	0	0	0	0	0	0	0	0	0	0	0	0	0	0	0	0	0	0	0	0	0	0	0	0	0	0	0
1789546991506	94817	4252	7	288	12	0	0	3	0	0	0	0	26.103515625	26.103515625	0	0	0	0	90.307617188	90.307617188	0	0	0	0	0	0	0	0	0	0	0	0	0	0	0	0	0	0	0	0	0	0	0	0	0	0	0	0	0	0	0	0	0	0	0	0	0	0	0	0	0	0	0	0	0	0	0	0
1789546991532	94839	4253	7	288	12	0	0	3	0	0	0	0	26.103515625	26.103515625	0	0	0	0	90.307617188	90.307617188	0	0	0	0	0	0	0	0	0	0	0	0	0	0	0	0	0	0	0	0	0	0	0	0	0	0	0	0	0	0	0	0	0	0	0	0	0	0	0	0	0	0	0	0	0	0	0	0
1789546991552	94861	4254	7	288	12	0	0	3	0	0	0	0	26.103515625	26.103515625	0	0	0	0	90.307617188	90.307617188	0	0	0	0	0	0	0	0	0	0	0	0	0	0	0	0	0	0	0	0	0	0	0	0	0	0	0	0	0	0	0	0	0	0	0	0	0	0	0	0	0	0	0	0	0	0	0	0
1789546991571	94883	4255	7	288	12	0	0	3	0	0	0	0	26.103515625	26.103515625	0	0	0	0	90.307617188	90.307617188	0	0	0	0	0	0	0	0	0	0	0	0	0	0	0	0	0	0	0	0	0	0	0	0	0	0	0	0	0	0	0	0	0	0	0	0	0	0	0	0	0	0	0	0	0	0	0	0
1789546991598	94905	4256	7	288	12	0	0	3	0	0	0	0	26.103515625	26.103515625	0	0	0	0	90.307617188	90.307617188	0	0	0	0	0	0	0	0	0	0	0	0	0	0	0	0	0	0	0	0	0	0	0	0	0	0	0	0	0	0	0	0	0	0	0	0	0	0	0	0	0	0	0	0	0	0	0	0
1789546991618	94927	4257	7	288	12	0	0	3	0	0	0	0	26.103515625	26.103515625	0	0	0	0	90.307617188	90.307617188	0	0	0	0	0	0	0	0	0	0	0	0	0	0	0	0	0	0	0	0	0	0	0	0	0	0	0	0	0	0	0	0	0	0	0	0	0	0	0	0	0	0	0	0	0	0	0	0
1789546991638	94949	4258	7	288	12	0	0	3	0	0	0	0	26.147460938	26.147460938	0	0	0	0	90.307617188	90.307617188	0	0	0	0	0	0	0	0	0	0	0	0	0	0	0	0	0	0	0	0	0	0	0	0	0	0	0	0	0	0	0	0	0	0	0	0	0	0	0	0	0	0	0	0	0	0	0	0
1789546991664	94971	4259	7	288	12	0	0	3	0	0	0	0	26.103515625	26.103515625	0	0	0	0	90.307617188	90.307617188	0	0	0	0	0	0	0	0	0	0	0	0	0	0	0	0	0	0	0	0	0	0	0	0	0	0	0	0	0	0	0	0	0	0	0	0	0	0	0	0	0	0	0	0	0	0	0	0
1789546991684	94993	4260	7	288	12	0	0	3	0	0	0	0	26.103515625	26.103515625	0	0	0	0	90.307617188	90.307617188	0	0	0	0	0	0	0	0	0	0	0	0	0	0	0	0	0	0	0	0	0	0	0	0	0	0	0	0	0	0	0	0	0	0	0	0	0	0	0	0	0	0	0	0	0	0	0	0
1789546991705	95015	4261	7	288	12	0	0	3	0	0	0	0	26.103515625	26.103515625	0	0	0	0	90.307617188	90.307617188	0	0	0	0	0	0	0	0	0	0	0	0	0	0	0	0	0	0	0	0	0	0	0	0	0	0	0	0	0	0	0	0	0	0	0	0	0	0	0	0	0	0	0	0	0	0	0	0
1789546991731	95037	4262	7	288	12	0	0	3	0	0	0	0	26.103515625	26.103515625	0	0	0	0	90.307617188	90.307617188	0	0	0	0	0	0	0	0	0	0	0	0	0	0	0	0	0	0	0	0	0	0	0	0	0	0	0	0	0	0	0	0	0	0	0	0	0	0	0	0	0	0	0	0	0	0	0	0
1789546991751	95059	4263	7	288	12	0	0	3	0	0	0	0	26.103515625	26.103515625	0	0	0	0	90.307617188	90.307617188	0	0	0	0	0	0	0	0	0	0	0	0	0	0	0	0	0	0	0	0	0	0	0	0	0	0	0	0	0	0	0	0	0	0	0	0	0	0	0	0	0	0	0	0	0	0	0	0
1789546991771	95081	4264	7	288	12	0	0	3	0	0	0	0	26.103515625	26.103515625	0	0	0	0	90.307617188	90.307617188	0	0	0	0	0	0	0	0	0	0	0	0	0	0	0	0	0	0	0	0	0	0	0	0	0	0	0	0	0	0	0	0	0	0	0	0	0	0	0	0	0	0	0	0	0	0	0	0
1789546991791	95103	4265	7	288	12	0	0	3	0	0	0	0	26.103515625	26.103515625	0	0	0	0	90.307617188	90.307617188	0	0	0	0	0	0	0	0	0	0	0	0	0	0	0	0	0	0	0	0	0	0	0	0	0	0	0	0	0	0	0	0	0	0	0	0	0	0	0	0	0	0	0	0	0	0	0	0
1789546991817	95125	4266	7	288	12	0	0	3	0	0	0	0	26.103515625	26.103515625	0	0	0	0	90.307617188	90.307617188	0	0	0	0	0	0	0	0	0	0	0	0	0	0	0	0	0	0	0	0	0	0	0	0	0	0	0	0	0	0	0	0	0	0	0	0	0	0	0	0	0	0	0	0	0	0	0	0
1789546991837	95147	4267	7	288	12	0	0	3	0	0	0	0	26.103515625	26.103515625	0	0	0	0	90.307617188	90.307617188	0	0	0	0	0	0	0	0	0	0	0	0	0	0	0	0	0	0	0	0	0	0	0	0	0	0	0	0	0	0	0	0	0	0	0	0	0	0	0	0	0	0	0	0	0	0	0	0
1789546991857	95169	4268	7	288	12	0	0	3	0	0	0	0	26.103515625	26.103515625	0	0	0	0	90.307617188	90.307617188	0	0	0	0	0	0	0	0	0	0	0	0	0	0	0	0	0	0	0	0	0	0	0	0	0	0	0	0	0	0	0	0	0	0	0	0	0	0	0	0	0	0	0	0	0	0	0	0
1789546991883	95191	4269	7	288	12	0	0	3	0	0	0	0	26.103515625	26.103515625	0	0	0	0	90.307617188	90.307617188	0	0	0	0	0	0	0	0	0	0	0	0	0	0	0	0	0	0	0	0	0	0	0	0	0	0	0	0	0	0	0	0	0	0	0	0	0	0	0	0	0	0	0	0	0	0	0	0
1789546991903	95213	4270	7	288	12	0	0	3	0	0	0	0	26.103515625	26.103515625	0	0	0	0	90.307617188	90.307617188	0	0	0	0	0	0	0	0	0	0	0	0	0	0	0	0	0	0	0	0	0	0	0	0	0	0	0	0	0	0	0	0	0	0	0	0	0	0	0	0	0	0	0	0	0	0	0	0
1789546991923	95235	4271	7	288	12	0	0	3	0	0	0	0	26.103515625	26.103515625	0	0	0	0	90.307617188	90.307617188	0	0	0	0	0	0	0	0	0	0	0	0	0	0	0	0	0	0	0	0	0	0	0	0	0	0	0	0	0	0	0	0	0	0	0	0	0	0	0	0	0	0	0	0	0	0	0	0
1789546991950	95257	4272	7	288	12	0	0	3	0	0	0	0	26.103515625	26.103515625	0	0	0	0	90.307617188	90.307617188	0	0	0	0	0	0	0	0	0	0	0	0	0	0	0	0	0	0	0	0	0	0	0	0	0	0	0	0	0	0	0	0	0	0	0	0	0	0	0	0	0	0	0	0	0	0	0	0
1789546991970	95279	4273	7	288	12	0	0	3	0	0	0	0	26.103515625	26.103515625	0	0	0	0	90.307617188	90.307617188	0	0	0	0	0	0	0	0	0	0	0	0	0	0	0	0	0	0	0	0	0	0	0	0	0	0	0	0	0	0	0	0	0	0	0	0	0	0	0	0	0	0	0	0	0	0	0	0
1789546991989	95301	4274	7	288	12	0	0	3	0	0	0	0	26.103515625	26.103515625	0	0	0	0	90.307617188	90.307617188	0	0	0	0	0	0	0	0	0	0	0	0	0	0	0	0	0	0	0	0	0	0	0	0	0	0	0	0	0	0	0	0	0	0	0	0	0	0	0	0	0	0	0	0	0	0	0	0
1789546992016	95323	4275	7	288	12	0	0	3	0	0	0	0	26.103515625	26.103515625	0	0	0	0	90.307617188	90.307617188	0	0	0	0	0	0	0	0	0	0	0	0	0	0	0	0	0	0	0	0	0	0	0	0	0	0	0	0	0	0	0	0	0	0	0	0	0	0	0	0	0	0	0	0	0	0	0	0
1789546992035	95345	4276	7	288	12	0	0	3	0	0	0	0	26.103515625	26.103515625	0	0	0	0	90.307617188	90.307617188	0	0	0	0	0	0	0	0	0	0	0	0	0	0	0	0	0	0	0	0	0	0	0	0	0	0	0	0	0	0	0	0	0	0	0	0	0	0	0	0	0	0	0	0	0	0	0	0
1789546992055	95367	4277	7	288	12	0	0	3	0	0	0	0	26.103515625	26.103515625	0	0	0	0	90.307617188	90.307617188	0	0	0	0	0	0	0	0	0	0	0	0	0	0	0	0	0	0	0	0	0	0	0	0	0	0	0	0	0	0	0	0	0	0	0	0	0	0	0	0	0	0	0	0	0	0	0	0
1789546992082	95389	4278	7	288	12	0	0	3	0	0	0	0	26.103515625	26.103515625	0	0	0	0	90.307617188	90.307617188	0	0	0	0	0	0	0	0	0	0	0	0	0	0	0	0	0	0	0	0	0	0	0	0	0	0	0	0	0	0	0	0	0	0	0	0	0	0	0	0	0	0	0	0	0	0	0	0
1789546992102	95411	4279	7	288	12	0	0	3	0	0	0	0	26.103515625	26.103515625	0	0	0	0	90.3515625	90.3515625	0	0	0	0	0	0	0	0	0	0	0	0	0	0	0	0	0	0	0	0	0	0	0	0	0	0	0	0	0	0	0	0	0	0	0	0	0	0	0	0	0	0	0	0	0	0	0	0
1789546992122	95433	4280	7	288	12	0	0	3	0	0	0	0	26.103515625	26.103515625	0	0	0	0	90.307617188	90.307617188	0	0	0	0	0	0	0	0	0	0	0	0	0	0	0	0	0	0	0	0	0	0	0	0	0	0	0	0	0	0	0	0	0	0	0	0	0	0	0	0	0	0	0	0	0	0	0	0
1789546992148	95455	4281	7	288	12	0	0	3	0	0	0	0	26.103515625	26.103515625	0	0	0	0	90.307617188	90.307617188	0	0	0	0	0	0	0	0	0	0	0	0	0	0	0	0	0	0	0	0	0	0	0	0	0	0	0	0	0	0	0	0	0	0	0	0	0	0	0	0	0	0	0	0	0	0	0	0
1789546992168	95477	4282	7	288	12	0	0	3	0	0	0	0	26.103515625	26.103515625	0	0	0	0	90.307617188	90.307617188	0	0	0	0	0	0	0	0	0	0	0	0	0	0	0	0	0	0	0	0	0	0	0	0	0	0	0	0	0	0	0	0	0	0	0	0	0	0	0	0	0	0	0	0	0	0	0	0
1789546992188	95499	4283	7	288	12	0	0	3	0	0	0	0	26.103515625	26.103515625	0	0	0	0	90.307617188	90.307617188	0	0	0	0	0	0	0	0	0	0	0	0	0	0	0	0	0	0	0	0	0	0	0	0	0	0	0	0	0	0	0	0	0	0	0	0	0	0	0	0	0	0	0	0	0	0	0	0
1789546992214	95521	4284	7	288	12	0	0	3	0	0	0	0	26.103515625	26.103515625	0	0	0	0	90.307617188	90.307617188	0	0	0	0	0	0	0	0	0	0	0	0	0	0	0	0	0	0	0	0	0	0	0	0	0	0	0	0	0	0	0	0	0	0	0	0	0	0	0	0	0	0	0	0	0	0	0	0
1789546992235	95543	4285	7	288	12	0	0	3	0	0	0	0	26.103515625	26.103515625	0	0	0	0	90.307617188	90.307617188	0	0	0	0	0	0	0	0	0	0	0	0	0	0	0	0	0	0	0	0	0	0	0	0	0	0	0	0	0	0	0	0	0	0	0	0	0	0	0	0	0	0	0	0	0	0	0	0
1789546992255	95565	4286	7	288	12	0	0	3	0	0	0	0	26.103515625	26.103515625	0	0	0	0	90.307617188	90.307617188	0	0	0	0	0	0	0	0	0	0	0	0	0	0	0	0	0	0	0	0	0	0	0	0	0	0	0	0	0	0	0	0	0	0	0	0	0	0	0	0	0	0	0	0	0	0	0	0
1789546992274	95587	4287	7	288	12	0	0	3	0	0	0	0	26.103515625	26.103515625	0	0	0	0	90.307617188	90.307617188	0	0	0	0	0	0	0	0	0	0	0	0	0	0	0	0	0	0	0	0	0	0	0	0	0	0	0	0	0	0	0	0	0	0	0	0	0	0	0	0	0	0	0	0	0	0	0	0
1789546992301	95609	4288	7	288	12	0	0	3	0	0	0	0	26.103515625	26.103515625	0	0	0	0	90.307617188	90.307617188	0	0	0	0	0	0	0	0	0	0	0	0	0	0	0	0	0	0	0	0	0	0	0	0	0	0	0	0	0	0	0	0	0	0	0	0	0	0	0	0	0	0	0	0	0	0	0	0
1789546992320	95631	4289	7	288	12	0	0	3	0	0	0	0	26.103515625	26.103515625	0	0	0	0	90.307617188	90.307617188	0	0	0	0	0	0	0	0	0	0	0	0	0	0	0	0	0	0	0	0	0	0	0	0	0	0	0	0	0	0	0	0	0	0	0	0	0	0	0	0	0	0	0	0	0	0	0	0
1789546992347	95653	4290	7	288	12	0	0	3	0	0	0	0	26.103515625	26.103515625	0	0	0	0	90.307617188	90.307617188	0	0	0	0	0	0	0	0	0	0	0	0	0	0	0	0	0	0	0	0	0	0	0	0	0	0	0	0	0	0	0	0	0	0	0	0	0	0	0	0	0	0	0	0	0	0	0	0
1789546992366	95675	4291	7	288	12	0	0	3	0	0	0	0	26.103515625	26.103515625	0	0	0	0	90.307617188	90.307617188	0	0	0	0	0	0	0	0	0	0	0	0	0	0	0	0	0	0	0	0	0	0	0	0	0	0	0	0	0	0	0	0	0	0	0	0	0	0	0	0	0	0	0	0	0	0	0	0
1789546992387	95697	4292	7	288	12	0	0	3	0	0	0	0	26.103515625	26.103515625	0	0	0	0	90.307617188	90.307617188	0	0	0	0	0	0	0	0	0	0	0	0	0	0	0	0	0	0	0	0	0	0	0	0	0	0	0	0	0	0	0	0	0	0	0	0	0	0	0	0	0	0	0	0	0	0	0	0
1789546992406	95719	4293	7	288	12	0	0	3	0	0	0	0	26.103515625	26.103515625	0	0	0	0	90.307617188	90.307617188	0	0	0	0	0	0	0	0	0	0	0	0	0	0	0	0	0	0	0	0	0	0	0	0	0	0	0	0	0	0	0	0	0	0	0	0	0	0	0	0	0	0	0	0	0	0	0	0
1789546992433	95741	4294	7	288	12	0	0	3	0	0	0	0	26.103515625	26.103515625	0	0	0	0	90.307617188	90.307617188	0	0	0	0	0	0	0	0	0	0	0	0	0	0	0	0	0	0	0	0	0	0	0	0	0	0	0	0	0	0	0	0	0	0	0	0	0	0	0	0	0	0	0	0	0	0	0	0
1789546992453	95763	4295	7	288	12	0	0	3	0	0	0	0	26.103515625	26.103515625	0	0	0	0	90.3515625	90.3515625	0	0	0	0	0	0	0	0	0	0	0	0	0	0	0	0	0	0	0	0	0	0	0	0	0	0	0	0	0	0	0	0	0	0	0	0	0	0	0	0	0	0	0	0	0	0	0	0
1789546992472	95785	4296	7	288	12	0	0	3	0	0	0	0	26.103515625	26.103515625	0	0	0	0	90.307617188	90.307617188	0	0	0	0	0	0	0	0	0	0	0	0	0	0	0	0	0	0	0	0	0	0	0	0	0	0	0	0	0	0	0	0	0	0	0	0	0	0	0	0	0	0	0	0	0	0	0	0
1789546992499	95807	4297	7	288	12	0	0	3	0	0	0	0	26.103515625	26.103515625	0	0	0	0	90.307617188	90.307617188	0	0	0	0	0	0	0	0	0	0	0	0	0	0	0	0	0	0	0	0	0	0	0	0	0	0	0	0	0	0	0	0	0	0	0	0	0	0	0	0	0	0	0	0	0	0	0	0
1789546992519	95829	4298	7	288	12	0	0	3	0	0	0	0	26.103515625	26.103515625	0	0	0	0	90.307617188	90.307617188	0	0	0	0	0	0	0	0	0	0	0	0	0	0	0	0	0	0	0	0	0	0	0	0	0	0	0	0	0	0	0	0	0	0	0	0	0	0	0	0	0	0	0	0	0	0	0	0
1789546992539	95851	4299	7	288	12	0	0	3	0	0	0	0	26.103515625	26.103515625	0	0	0	0	90.307617188	90.307617188	0	0	0	0	0	0	0	0	0	0	0	0	0	0	0	0	0	0	0	0	0	0	0	0	0	0	0	0	0	0	0	0	0	0	0	0	0	0	0	0	0	0	0	0	0	0	0	0
1789546992566	95873	4300	7	288	12	0	0	3	0	0	0	0	26.103515625	26.103515625	0	0	0	0	90.307617188	90.307617188	0	0	0	0	0	0	0	0	0	0	0	0	0	0	0	0	0	0	0	0	0	0	0	0	0	0	0	0	0	0	0	0	0	0	0	0	0	0	0	0	0	0	0	0	0	0	0	0
1789546992586	95895	4301	7	288	12	0	0	3	0	0	0	0	26.147460938	26.147460938	0	0	0	0	90.307617188	90.307617188	0	0	0	0	0	0	0	0	0	0	0	0	0	0	0	0	0	0	0	0	0	0	0	0	0	0	0	0	0	0	0	0	0	0	0	0	0	0	0	0	0	0	0	0	0	0	0	0
1789546992605	95917	4302	7	288	12	0	0	3	0	0	0	0	26.103515625	26.103515625	0	0	0	0	90.307617188	90.307617188	0	0	0	0	0	0	0	0	0	0	0	0	0	0	0	0	0	0	0	0	0	0	0	0	0	0	0	0	0	0	0	0	0	0	0	0	0	0	0	0	0	0	0	0	0	0	0	0
1789546992632	95939	4303	7	288	12	0	0	3	0	0	0	0	26.103515625	26.103515625	0	0	0	0	90.307617188	90.307617188	0	0	0	0	0	0	0	0	0	0	0	0	0	0	0	0	0	0	0	0	0	0	0	0	0	0	0	0	0	0	0	0	0	0	0	0	0	0	0	0	0	0	0	0	0	0	0	0
1789546992652	95961	4304	7	288	12	0	0	3	0	0	0	0	26.103515625	26.103515625	0	0	0	0	90.307617188	90.307617188	0	0	0	0	0	0	0	0	0	0	0	0	0	0	0	0	0	0	0	0	0	0	0	0	0	0	0	0	0	0	0	0	0	0	0	0	0	0	0	0	0	0	0	0	0	0	0	0
1789546992672	95983	4305	7	288	12	0	0	3	0	0	0	0	26.103515625	26.103515625	0	0	0	0	90.307617188	90.307617188	0	0	0	0	0	0	0	0	0	0	0	0	0	0	0	0	0	0	0	0	0	0	0	0	0	0	0	0	0	0	0	0	0	0	0	0	0	0	0	0	0	0	0	0	0	0	0	0
1789546992699	96005	4306	7	288	12	0	0	3	0	0	0	0	26.103515625	26.103515625	0	0	0	0	90.3515625	90.3515625	0	0	0	0	0	0	0	0	0	0	0	0	0	0	0	0	0	0	0	0	0	0	0	0	0	0	0	0	0	0	0	0	0	0	0	0	0	0	0	0	0	0	0	0	0	0	0	0
1789546992719	96027	4307	7	288	12	0	0	3	0	0	0	0	26.103515625	26.103515625	0	0	0	0	90.307617188	90.307617188	0	0	0	0	0	0	0	0	0	0	0	0	0	0	0	0	0	0	0	0	0	0	0	0	0	0	0	0	0	0	0	0	0	0	0	0	0	0	0	0	0	0	0	0	0	0	0	0
1789546992739	96049	4308	7	288	12	0	0	3	0	0	0	0	26.103515625	26.103515625	0	0	0	0	90.307617188	90.307617188	0	0	0	0	0	0	0	0	0	0	0	0	0	0	0	0	0	0	0	0	0	0	0	0	0	0	0	0	0	0	0	0	0	0	0	0	0	0	0	0	0	0	0	0	0	0	0	0
1789546992759	96071	4309	7	288	12	0	0	3	0	0	0	0	26.103515625	26.103515625	0	0	0	0	90.307617188	90.307617188	0	0	0	0	0	0	0	0	0	0	0	0	0	0	0	0	0	0	0	0	0	0	0	0	0	0	0	0	0	0	0	0	0	0	0	0	0	0	0	0	0	0	0	0	0	0	0	0
1789546992785	96093	4310	7	288	12	0	0	3	0	0	0	0	26.103515625	26.103515625	0	0	0	0	90.307617188	90.307617188	0	0	0	0	0	0	0	0	0	0	0	0	0	0	0	0	0	0	0	0	0	0	0	0	0	0	0	0	0	0	0	0	0	0	0	0	0	0	0	0	0	0	0	0	0	0	0	0
1789546992805	96115	4311	7	288	12	0	0	3	0	0	0	0	26.103515625	26.103515625	0	0	0	0	90.307617188	90.307617188	0	0	0	0	0	0	0	0	0	0	0	0	0	0	0	0	0	0	0	0	0	0	0	0	0	0	0	0	0	0	0	0	0	0	0	0	0	0	0	0	0	0	0	0	0	0	0	0
1789546992826	96137	4312	7	288	12	0	0	3	0	0	0	0	26.103515625	26.103515625	0	0	0	0	90.307617188	90.307617188	0	0	0	0	0	0	0	0	0	0	0	0	0	0	0	0	0	0	0	0	0	0	0	0	0	0	0	0	0	0	0	0	0	0	0	0	0	0	0	0	0	0	0	0	0	0	0	0
1789546992852	96159	4313	7	288	12	0	0	3	0	0	0	0	26.103515625	26.103515625	0	0	0	0	90.307617188	90.307617188	0	0	0	0	0	0	0	0	0	0	0	0	0	0	0	0	0	0	0	0	0	0	0	0	0	0	0	0	0	0	0	0	0	0	0	0	0	0	0	0	0	0	0	0	0	0	0	0
1789546992872	96181	4314	7	288	12	0	0	3	0	0	0	0	26.103515625	26.103515625	0	0	0	0	90.307617188	90.307617188	0	0	0	0	0	0	0	0	0	0	0	0	0	0	0	0	0	0	0	0	0	0	0	0	0	0	0	0	0	0	0	0	0	0	0	0	0	0	0	0	0	0	0	0	0	0	0	0
1789546992893	96203	4315	7	288	12	0	0	3	0	0	0	0	26.103515625	26.103515625	0	0	0	0	90.307617188	90.307617188	0	0	0	0	0	0	0	0	0	0	0	0	0	0	0	0	0	0	0	0	0	0	0	0	0	0	0	0	0	0	0	0	0	0	0	0	0	0	0	0	0	0	0	0	0	0	0	0
1789546992913	96225	4316	7	288	12	0	0	3	0	0	0	0	26.103515625	26.103515625	0	0	0	0	90.307617188	90.307617188	0	0	0	0	0	0	0	0	0	0	0	0	0	0	0	0	0	0	0	0	0	0	0	0	0	0	0	0	0	0	0	0	0	0	0	0	0	0	0	0	0	0	0	0	0	0	0	0
1789546992940	96247	4317	7	288	12	0	0	3	0	0	0	0	26.103515625	26.103515625	0	0	0	0	90.307617188	90.307617188	0	0	0	0	0	0	0	0	0	0	0	0	0	0	0	0	0	0	0	0	0	0	0	0	0	0	0	0	0	0	0	0	0	0	0	0	0	0	0	0	0	0	0	0	0	0	0	0
1789546992960	96269	4318	7	288	12	0	0	3	0	0	0	0	26.103515625	26.103515625	0	0	0	0	90.307617188	90.307617188	0	0	0	0	0	0	0	0	0	0	0	0	0	0	0	0	0	0	0	0	0	0	0	0	0	0	0	0	0	0	0	0	0	0	0	0	0	0	0	0	0	0	0	0	0	0	0	0
1789546992980	96291	4319	7	288	12	0	0	3	0	0	0	0	26.103515625	26.103515625	0	0	0	0	90.307617188	90.307617188	0	0	0	0	0	0	0	0	0	0	0	0	0	0	0	0	0	0	0	0	0	0	0	0	0	0	0	0	0	0	0	0	0	0	0	0	0	0	0	0	0	0	0	0	0	0	0	0
1789546993006	96313	4320	7	288	12	0	0	3	0	0	0	0	26.103515625	26.103515625	0	0	0	0	90.307617188	90.307617188	0	0	0	0	0	0	0	0	0	0	0	0	0	0	0	0	0	0	0	0	0	0	0	0	0	0	0	0	0	0	0	0	0	0	0	0	0	0	0	0	0	0	0	0	0	0	0	0
1789546993026	96335	4321	7	288	12	0	0	3	0	0	0	0	26.103515625	26.103515625	0	0	0	0	90.307617188	90.307617188	0	0	0	0	0	0	0	0	0	0	0	0	0	0	0	0	0	0	0	0	0	0	0	0	0	0	0	0	0	0	0	0	0	0	0	0	0	0	0	0	0	0	0	0	0	0	0	0
1789546993046	96357	4322	7	288	12	0	0	3	0	0	0	0	26.103515625	26.103515625	0	0	0	0	90.307617188	90.307617188	0	0	0	0	0	0	0	0	0	0	0	0	0	0	0	0	0	0	0	0	0	0	0	0	0	0	0	0	0	0	0	0	0	0	0	0	0	0	0	0	0	0	0	0	0	0	0	0
1789546993066	96379	4323	7	288	12	0	0	3	0	0	0	0	26.103515625	26.103515625	0	0	0	0	90.307617188	90.307617188	0	0	0	0	0	0	0	0	0	0	0	0	0	0	0	0	0	0	0	0	0	0	0	0	0	0	0	0	0	0	0	0	0	0	0	0	0	0	0	0	0	0	0	0	0	0	0	0
1789546993093	96401	4324	7	288	12	0	0	3	0	0	0	0	26.103515625	26.103515625	0	0	0	0	90.307617188	90.307617188	0	0	0	0	0	0	0	0	0	0	0	0	0	0	0	0	0	0	0	0	0	0	0	0	0	0	0	0	0	0	0	0	0	0	0	0	0	0	0	0	0	0	0	0	0	0	0	0
1789546993113	96423	4325	7	288	12	0	0	3	0	0	0	0	26.103515625	26.103515625	0	0	0	0	90.307617188	90.307617188	0	0	0	0	0	0	0	0	0	0	0	0	0	0	0	0	0	0	0	0	0	0	0	0	0	0	0	0	0	0	0	0	0	0	0	0	0	0	0	0	0	0	0	0	0	0	0	0
1789546993132	96445	4326	7	288	12	0	0	3	0	0	0	0	26.103515625	26.103515625	0	0	0	0	90.307617188	90.307617188	0	0	0	0	0	0	0	0	0	0	0	0	0	0	0	0	0	0	0	0	0	0	0	0	0	0	0	0	0	0	0	0	0	0	0	0	0	0	0	0	0	0	0	0	0	0	0	0
1789546993157	96467	4327	7	288	12	0	0	3	0	0	0	0	26.103515625	26.103515625	0	0	0	0	90.307617188	90.307617188	0	0	0	0	0	0	0	0	0	0	0	0	0	0	0	0	0	0	0	0	0	0	0	0	0	0	0	0	0	0	0	0	0	0	0	0	0	0	0	0	0	0	0	0	0	0	0	0
1789546993177	96489	4328	7	288	12	0	0	3	0	0	0	0	26.103515625	26.103515625	0	0	0	0	90.307617188	90.307617188	0	0	0	0	0	0	0	0	0	0	0	0	0	0	0	0	0	0	0	0	0	0	0	0	0	0	0	0	0	0	0	0	0	0	0	0	0	0	0	0	0	0	0	0	0	0	0	0
1789546993203	96511	4329	7	288	12	0	0	3	0	0	0	0	26.103515625	26.103515625	0	0	0	0	90.307617188	90.307617188	0	0	0	0	0	0	0	0	0	0	0	0	0	0	0	0	0	0	0	0	0	0	0	0	0	0	0	0	0	0	0	0	0	0	0	0	0	0	0	0	0	0	0	0	0	0	0	0
1789546993223	96533	4330	7	288	12	0	0	3	0	0	0	0	26.103515625	26.103515625	0	0	0	0	90.307617188	90.307617188	0	0	0	0	0	0	0	0	0	0	0	0	0	0	0	0	0	0	0	0	0	0	0	0	0	0	0	0	0	0	0	0	0	0	0	0	0	0	0	0	0	0	0	0	0	0	0	0
1789546993243	96555	4331	7	288	12	0	0	3	0	0	0	0	26.103515625	26.103515625	0	0	0	0	90.307617188	90.307617188	0	0	0	0	0	0	0	0	0	0	0	0	0	0	0	0	0	0	0	0	0	0	0	0	0	0	0	0	0	0	0	0	0	0	0	0	0	0	0	0	0	0	0	0	0	0	0	0
1789546993269	96577	4332	7	288	12	0	0	3	0	0	0	0	26.103515625	26.103515625	0	0	0	0	90.307617188	90.307617188	0	0	0	0	0	0	0	0	0	0	0	0	0	0	0	0	0	0	0	0	0	0	0	0	0	0	0	0	0	0	0	0	0	0	0	0	0	0	0	0	0	0	0	0	0	0	0	0
1789546993290	96599	4333	7	288	12	0	0	3	0	0	0	0	26.103515625	26.103515625	0	0	0	0	90.307617188	90.307617188	0	0	0	0	0	0	0	0	0	0	0	0	0	0	0	0	0	0	0	0	0	0	0	0	0	0	0	0	0	0	0	0	0	0	0	0	0	0	0	0	0	0	0	0	0	0	0	0
1789546993310	96621	4334	7	288	12	0	0	3	0	0	0	0	26.103515625	26.103515625	0	0	0	0	90.307617188	90.307617188	0	0	0	0	0	0	0	0	0	0	0	0	0	0	0	0	0	0	0	0	0	0	0	0	0	0	0	0	0	0	0	0	0	0	0	0	0	0	0	0	0	0	0	0	0	0	0	0
1789546993336	96643	4335	7	288	12	0	0	3	0	0	0	0	26.103515625	26.103515625	0	0	0	0	90.307617188	90.307617188	0	0	0	0	0	0	0	0	0	0	0	0	0	0	0	0	0	0	0	0	0	0	0	0	0	0	0	0	0	0	0	0	0	0	0	0	0	0	0	0	0	0	0	0	0	0	0	0
1789546993356	96665	4336	7	288	12	0	0	3	0	0	0	0	26.103515625	26.103515625	0	0	0	0	90.307617188	90.307617188	0	0	0	0	0	0	0	0	0	0	0	0	0	0	0	0	0	0	0	0	0	0	0	0	0	0	0	0	0	0	0	0	0	0	0	0	0	0	0	0	0	0	0	0	0	0	0	0
1789546993376	96687	4337	7	288	12	0	0	3	0	0	0	0	26.103515625	26.103515625	0	0	0	0	90.307617188	90.307617188	0	0	0	0	0	0	0	0	0	0	0	0	0	0	0	0	0	0	0	0	0	0	0	0	0	0	0	0	0	0	0	0	0	0	0	0	0	0	0	0	0	0	0	0	0	0	0	0
1789546993402	96709	4338	7	288	12	0	0	3	0	0	0	0	26.103515625	26.103515625	0	0	0	0	90.307617188	90.307617188	0	0	0	0	0	0	0	0	0	0	0	0	0	0	0	0	0	0	0	0	0	0	0	0	0	0	0	0	0	0	0	0	0	0	0	0	0	0	0	0	0	0	0	0	0	0	0	0
1789546993422	96731	4339	7	288	12	0	0	3	0	0	0	0	26.103515625	26.103515625	0	0	0	0	90.307617188	90.307617188	0	0	0	0	0	0	0	0	0	0	0	0	0	0	0	0	0	0	0	0	0	0	0	0	0	0	0	0	0	0	0	0	0	0	0	0	0	0	0	0	0	0	0	0	0	0	0	0
1789546993442	96753	4340	7	288	12	0	0	3	0	0	0	0	26.103515625	26.103515625	0	0	0	0	90.307617188	90.307617188	0	0	0	0	0	0	0	0	0	0	0	0	0	0	0	0	0	0	0	0	0	0	0	0	0	0	0	0	0	0	0	0	0	0	0	0	0	0	0	0	0	0	0	0	0	0	0	0
1789546993469	96775	4341	7	288	12	0	0	3	0	0	0	0	26.103515625	26.103515625	0	0	0	0	90.307617188	90.307617188	0	0	0	0	0	0	0	0	0	0	0	0	0	0	0	0	0	0	0	0	0	0	0	0	0	0	0	0	0	0	0	0	0	0	0	0	0	0	0	0	0	0	0	0	0	0	0	0
1789546993490	96797	4342	7	288	12	0	0	3	0	0	0	0	26.103515625	26.103515625	0	0	0	0	90.307617188	90.307617188	0	0	0	0	0	0	0	0	0	0	0	0	0	0	0	0	0	0	0	0	0	0	0	0	0	0	0	0	0	0	0	0	0	0	0	0	0	0	0	0	0	0	0	0	0	0	0	0
1789546993509	96819	4343	7	288	12	0	0	3	0	0	0	0	26.103515625	26.103515625	0	0	0	0	90.307617188	90.307617188	0	0	0	0	0	0	0	0	0	0	0	0	0	0	0	0	0	0	0	0	0	0	0	0	0	0	0	0	0	0	0	0	0	0	0	0	0	0	0	0	0	0	0	0	0	0	0	0
1789546993529	96841	4344	7	288	12	0	0	3	0	0	0	0	26.147460938	26.147460938	0	0	0	0	90.307617188	90.307617188	0	0	0	0	0	0	0	0	0	0	0	0	0	0	0	0	0	0	0	0	0	0	0	0	0	0	0	0	0	0	0	0	0	0	0	0	0	0	0	0	0	0	0	0	0	0	0	0
1789546993556	96863	4345	7	288	12	0	0	3	0	0	0	0	26.103515625	26.103515625	0	0	0	0	90.307617188	90.307617188	0	0	0	0	0	0	0	0	0	0	0	0	0	0	0	0	0	0	0	0	0	0	0	0	0	0	0	0	0	0	0	0	0	0	0	0	0	0	0	0	0	0	0	0	0	0	0	0
1789546993577	96885	4346	7	288	12	0	0	3	0	0	0	0	26.103515625	26.103515625	0	0	0	0	90.307617188	90.307617188	0	0	0	0	0	0	0	0	0	0	0	0	0	0	0	0	0	0	0	0	0	0	0	0	0	0	0	0	0	0	0	0	0	0	0	0	0	0	0	0	0	0	0	0	0	0	0	0
1789546993598	96907	4347	7	288	12	0	0	3	0	0	0	0	26.103515625	26.103515625	0	0	0	0	90.307617188	90.307617188	0	0	0	0	0	0	0	0	0	0	0	0	0	0	0	0	0	0	0	0	0	0	0	0	0	0	0	0	0	0	0	0	0	0	0	0	0	0	0	0	0	0	0	0	0	0	0	0
1789546993617	96929	4348	7	288	12	0	0	3	0	0	0	0	26.103515625	26.103515625	0	0	0	0	90.307617188	90.307617188	0	0	0	0	0	0	0	0	0	0	0	0	0	0	0	0	0	0	0	0	0	0	0	0	0	0	0	0	0	0	0	0	0	0	0	0	0	0	0	0	0	0	0	0	0	0	0	0
1789546993644	96951	4349	7	288	12	0	0	3	0	0	0	0	26.103515625	26.103515625	0	0	0	0	90.307617188	90.307617188	0	0	0	0	0	0	0	0	0	0	0	0	0	0	0	0	0	0	0	0	0	0	0	0	0	0	0	0	0	0	0	0	0	0	0	0	0	0	0	0	0	0	0	0	0	0	0	0
1789546993664	96973	4350	7	288	12	0	0	3	0	0	0	0	26.103515625	26.103515625	0	0	0	0	90.307617188	90.307617188	0	0	0	0	0	0	0	0	0	0	0	0	0	0	0	0	0	0	0	0	0	0	0	0	0	0	0	0	0	0	0	0	0	0	0	0	0	0	0	0	0	0	0	0	0	0	0	0
1789546993684	96995	4351	7	288	12	0	0	3	0	0	0	0	26.147460938	26.147460938	0	0	0	0	90.307617188	90.307617188	0	0	0	0	0	0	0	0	0	0	0	0	0	0	0	0	0	0	0	0	0	0	0	0	0	0	0	0	0	0	0	0	0	0	0	0	0	0	0	0	0	0	0	0	0	0	0	0
1789546993711	97017	4352	7	288	12	0	0	3	0	0	0	0	26.103515625	26.103515625	0	0	0	0	90.307617188	90.307617188	0	0	0	0	0	0	0	0	0	0	0	0	0	0	0	0	0	0	0	0	0	0	0	0	0	0	0	0	0	0	0	0	0	0	0	0	0	0	0	0	0	0	0	0	0	0	0	0
1789546993731	97039	4353	7	288	12	0	0	3	0	0	0	0	26.103515625	26.103515625	0	0	0	0	90.307617188	90.307617188	0	0	0	0	0	0	0	0	0	0	0	0	0	0	0	0	0	0	0	0	0	0	0	0	0	0	0	0	0	0	0	0	0	0	0	0	0	0	0	0	0	0	0	0	0	0	0	0
1789546993752	97061	4354	7	288	12	0	0	3	0	0	0	0	26.103515625	26.103515625	0	0	0	0	90.307617188	90.307617188	0	0	0	0	0	0	0	0	0	0	0	0	0	0	0	0	0	0	0	0	0	0	0	0	0	0	0	0	0	0	0	0	0	0	0	0	0	0	0	0	0	0	0	0	0	0	0	0
1789546993772	97083	4355	7	288	12	0	0	3	0	0	0	0	26.103515625	26.103515625	0	0	0	0	90.307617188	90.307617188	0	0	0	0	0	0	0	0	0	0	0	0	0	0	0	0	0	0	0	0	0	0	0	0	0	0	0	0	0	0	0	0	0	0	0	0	0	0	0	0	0	0	0	0	0	0	0	0
1789546993799	97105	4356	7	288	12	0	0	3	0	0	0	0	26.103515625	26.103515625	0	0	0	0	90.307617188	90.307617188	0	0	0	0	0	0	0	0	0	0	0	0	0	0	0	0	0	0	0	0	0	0	0	0	0	0	0	0	0	0	0	0	0	0	0	0	0	0	0	0	0	0	0	0	0	0	0	0
1789546993818	97127	4357	7	288	12	0	0	3	0	0	0	0	26.103515625	26.103515625	0	0	0	0	90.307617188	90.307617188	0	0	0	0	0	0	0	0	0	0	0	0	0	0	0	0	0	0	0	0	0	0	0	0	0	0	0	0	0	0	0	0	0	0	0	0	0	0	0	0	0	0	0	0	0	0	0	0
1789546993838	97149	4358	7	288	12	0	0	3	0	0	0	0	26.103515625	26.103515625	0	0	0	0	90.307617188	90.307617188	0	0	0	0	0	0	0	0	0	0	0	0	0	0	0	0	0	0	0	0	0	0	0	0	0	0	0	0	0	0	0	0	0	0	0	0	0	0	0	0	0	0	0	0	0	0	0	0
1789546993865	97171	4359	7	288	12	0	0	3	0	0	0	0	26.103515625	26.103515625	0	0	0	0	90.307617188	90.307617188	0	0	0	0	0	0	0	0	0	0	0	0	0	0	0	0	0	0	0	0	0	0	0	0	0	0	0	0	0	0	0	0	0	0	0	0	0	0	0	0	0	0	0	0	0	0	0	0
1789546993885	97193	4360	7	288	12	0	0	3	0	0	0	0	26.103515625	26.103515625	0	0	0	0	90.307617188	90.307617188	0	0	0	0	0	0	0	0	0	0	0	0	0	0	0	0	0	0	0	0	0	0	0	0	0	0	0	0	0	0	0	0	0	0	0	0	0	0	0	0	0	0	0	0	0	0	0	0
1789546993905	97215	4361	7	288	12	0	0	3	0	0	0	0	26.103515625	26.103515625	0	0	0	0	90.307617188	90.307617188	0	0	0	0	0	0	0	0	0	0	0	0	0	0	0	0	0	0	0	0	0	0	0	0	0	0	0	0	0	0	0	0	0	0	0	0	0	0	0	0	0	0	0	0	0	0	0	0
1789546993926	97237	4362	7	288	12	0	0	3	0	0	0	0	26.103515625	26.103515625	0	0	0	0	90.307617188	90.307617188	0	0	0	0	0	0	0	0	0	0	0	0	0	0	0	0	0	0	0	0	0	0	0	0	0	0	0	0	0	0	0	0	0	0	0	0	0	0	0	0	0	0	0	0	0	0	0	0
1789546993952	97259	4363	7	288	12	0	0	3	0	0	0	0	26.103515625	26.103515625	0	0	0	0	90.307617188	90.307617188	0	0	0	0	0	0	0	0	0	0	0	0	0	0	0	0	0	0	0	0	0	0	0	0	0	0	0	0	0	0	0	0	0	0	0	0	0	0	0	0	0	0	0	0	0	0	0	0
1789546993972	97281	4364	7	288	12	0	0	3	0	0	0	0	26.103515625	26.103515625	0	0	0	0	90.307617188	90.307617188	0	0	0	0	0	0	0	0	0	0	0	0	0	0	0	0	0	0	0	0	0	0	0	0	0	0	0	0	0	0	0	0	0	0	0	0	0	0	0	0	0	0	0	0	0	0	0	0
1789546993992	97303	4365	7	288	12	0	0	3	0	0	0	0	26.103515625	26.103515625	0	0	0	0	90.307617188	90.307617188	0	0	0	0	0	0	0	0	0	0	0	0	0	0	0	0	0	0	0	0	0	0	0	0	0	0	0	0	0	0	0	0	0	0	0	0	0	0	0	0	0	0	0	0	0	0	0	0
1789546994018	97325	4366	7	288	12	0	0	3	0	0	0	0	26.103515625	26.103515625	0	0	0	0	90.307617188	90.307617188	0	0	0	0	0	0	0	0	0	0	0	0	0	0	0	0	0	0	0	0	0	0	0	0	0	0	0	0	0	0	0	0	0	0	0	0	0	0	0	0	0	0	0	0	0	0	0	0
1789546994039	97347	4367	7	288	12	0	0	3	0	0	0	0	26.103515625	26.103515625	0	0	0	0	90.307617188	90.307617188	0	0	0	0	0	0	0	0	0	0	0	0	0	0	0	0	0	0	0	0	0	0	0	0	0	0	0	0	0	0	0	0	0	0	0	0	0	0	0	0	0	0	0	0	0	0	0	0
1789546994058	97369	4368	7	288	12	0	0	3	0	0	0	0	26.103515625	26.103515625	0	0	0	0	90.307617188	90.307617188	0	0	0	0	0	0	0	0	0	0	0	0	0	0	0	0	0	0	0	0	0	0	0	0	0	0	0	0	0	0	0	0	0	0	0	0	0	0	0	0	0	0	0	0	0	0	0	0
1789546994085	97391	4369	7	288	12	0	0	3	0	0	0	0	26.103515625	26.103515625	0	0	0	0	90.307617188	90.307617188	0	0	0	0	0	0	0	0	0	0	0	0	0	0	0	0	0	0	0	0	0	0	0	0	0	0	0	0	0	0	0	0	0	0	0	0	0	0	0	0	0	0	0	0	0	0	0	0
1789546994104	97413	4370	7	288	12	0	0	3	0	0	0	0	26.103515625	26.103515625	0	0	0	0	90.307617188	90.307617188	0	0	0	0	0	0	0	0	0	0	0	0	0	0	0	0	0	0	0	0	0	0	0	0	0	0	0	0	0	0	0	0	0	0	0	0	0	0	0	0	0	0	0	0	0	0	0	0
1789546994124	97435	4371	7	288	12	0	0	3	0	0	0	0	26.103515625	26.103515625	0	0	0	0	90.307617188	90.307617188	0	0	0	0	0	0	0	0	0	0	0	0	0	0	0	0	0	0	0	0	0	0	0	0	0	0	0	0	0	0	0	0	0	0	0	0	0	0	0	0	0	0	0	0	0	0	0	0
1789546994144	97457	4372	7	288	12	0	0	3	0	0	0	0	26.103515625	26.103515625	0	0	0	0	90.307617188	90.307617188	0	0	0	0	0	0	0	0	0	0	0	0	0	0	0	0	0	0	0	0	0	0	0	0	0	0	0	0	0	0	0	0	0	0	0	0	0	0	0	0	0	0	0	0	0	0	0	0
1789546994171	97479	4373	7	288	12	0	0	3	0	0	0	0	26.103515625	26.103515625	0	0	0	0	90.307617188	90.307617188	0	0	0	0	0	0	0	0	0	0	0	0	0	0	0	0	0	0	0	0	0	0	0	0	0	0	0	0	0	0	0	0	0	0	0	0	0	0	0	0	0	0	0	0	0	0	0	0
1789546994191	97501	4374	7	288	12	0	0	3	0	0	0	0	26.103515625	26.103515625	0	0	0	0	90.307617188	90.307617188	0	0	0	0	0	0	0	0	0	0	0	0	0	0	0	0	0	0	0	0	0	0	0	0	0	0	0	0	0	0	0	0	0	0	0	0	0	0	0	0	0	0	0	0	0	0	0	0
1789546994211	97523	4375	7	288	12	0	0	3	0	0	0	0	26.103515625	26.103515625	0	0	0	0	90.307617188	90.307617188	0	0	0	0	0	0	0	0	0	0	0	0	0	0	0	0	0	0	0	0	0	0	0	0	0	0	0	0	0	0	0	0	0	0	0	0	0	0	0	0	0	0	0	0	0	0	0	0
1789546994237	97545	4376	7	288	12	0	0	3	0	0	0	0	26.103515625	26.103515625	0	0	0	0	90.307617188	90.307617188	0	0	0	0	0	0	0	0	0	0	0	0	0	0	0	0	0	0	0	0	0	0	0	0	0	0	0	0	0	0	0	0	0	0	0	0	0	0	0	0	0	0	0	0	0	0	0	0
1789546994257	97567	4377	7	288	12	0	0	3	0	0	0	0	26.103515625	26.103515625	0	0	0	0	90.307617188	90.307617188	0	0	0	0	0	0	0	0	0	0	0	0	0	0	0	0	0	0	0	0	0	0	0	0	0	0	0	0	0	0	0	0	0	0	0	0	0	0	0	0	0	0	0	0	0	0	0	0
1789546994277	97589	4378	7	288	12	0	0	3	0	0	0	0	26.103515625	26.103515625	0	0	0	0	90.307617188	90.307617188	0	0	0	0	0	0	0	0	0	0	0	0	0	0	0	0	0	0	0	0	0	0	0	0	0	0	0	0	0	0	0	0	0	0	0	0	0	0	0	0	0	0	0	0	0	0	0	0
1789546994303	97611	4379	7	288	12	0	0	3	0	0	0	0	26.103515625	26.103515625	0	0	0	0	90.307617188	90.307617188	0	0	0	0	0	0	0	0	0	0	0	0	0	0	0	0	0	0	0	0	0	0	0	0	0	0	0	0	0	0	0	0	0	0	0	0	0	0	0	0	0	0	0	0	0	0	0	0
1789546994324	97633	4380	7	288	12	0	0	3	0	0	0	0	26.103515625	26.103515625	0	0	0	0	90.307617188	90.307617188	0	0	0	0	0	0	0	0	0	0	0	0	0	0	0	0	0	0	0	0	0	0	0	0	0	0	0	0	0	0	0	0	0	0	0	0	0	0	0	0	0	0	0	0	0	0	0	0
1789546994345	97655	4381	7	288	12	0	0	3	0	0	0	0	26.103515625	26.103515625	0	0	0	0	90.307617188	90.307617188	0	0	0	0	0	0	0	0	0	0	0	0	0	0	0	0	0	0	0	0	0	0	0	0	0	0	0	0	0	0	0	0	0	0	0	0	0	0	0	0	0	0	0	0	0	0	0	0
1789546994365	97677	4382	7	288	12	0	0	3	0	0	0	0	26.103515625	26.103515625	0	0	0	0	90.307617188	90.307617188	0	0	0	0	0	0	0	0	0	0	0	0	0	0	0	0	0	0	0	0	0	0	0	0	0	0	0	0	0	0	0	0	0	0	0	0	0	0	0	0	0	0	0	0	0	0	0	0
1789546994392	97699	4383	7	288	12	0	0	3	0	0	0	0	26.103515625	26.103515625	0	0	0	0	90.307617188	90.307617188	0	0	0	0	0	0	0	0	0	0	0	0	0	0	0	0	0	0	0	0	0	0	0	0	0	0	0	0	0	0	0	0	0	0	0	0	0	0	0	0	0	0	0	0	0	0	0	0
1789546994412	97721	4384	7	288	12	0	0	3	0	0	0	0	26.103515625	26.103515625	0	0	0	0	90.307617188	90.307617188	0	0	0	0	0	0	0	0	0	0	0	0	0	0	0	0	0	0	0	0	0	0	0	0	0	0	0	0	0	0	0	0	0	0	0	0	0	0	0	0	0	0	0	0	0	0	0	0
1789546994431	97743	4385	7	288	12	0	0	3	0	0	0	0	26.103515625	26.103515625	0	0	0	0	90.307617188	90.307617188	0	0	0	0	0	0	0	0	0	0	0	0	0	0	0	0	0	0	0	0	0	0	0	0	0	0	0	0	0	0	0	0	0	0	0	0	0	0	0	0	0	0	0	0	0	0	0	0
1789546994458	97765	4386	7	288	12	0	0	3	0	0	0	0	26.103515625	26.103515625	0	0	0	0	90.307617188	90.307617188	0	0	0	0	0	0	0	0	0	0	0	0	0	0	0	0	0	0	0	0	0	0	0	0	0	0	0	0	0	0	0	0	0	0	0	0	0	0	0	0	0	0	0	0	0	0	0	0
1789546994478	97787	4387	7	288	12	0	0	3	0	0	0	0	26.103515625	26.103515625	0	0	0	0	90.307617188	90.307617188	0	0	0	0	0	0	0	0	0	0	0	0	0	0	0	0	0	0	0	0	0	0	0	0	0	0	0	0	0	0	0	0	0	0	0	0	0	0	0	0	0	0	0	0	0	0	0	0
1789546994498	97809	4388	7	288	12	0	0	3	0	0	0	0	26.103515625	26.103515625	0	0	0	0	90.307617188	90.307617188	0	0	0	0	0	0	0	0	0	0	0	0	0	0	0	0	0	0	0	0	0	0	0	0	0	0	0	0	0	0	0	0	0	0	0	0	0	0	0	0	0	0	0	0	0	0	0	0
1789546994525	97831	4389	7	288	12	0	0	3	0	0	0	0	26.103515625	26.103515625	0	0	0	0	90.307617188	90.307617188	0	0	0	0	0	0	0	0	0	0	0	0	0	0	0	0	0	0	0	0	0	0	0	0	0	0	0	0	0	0	0	0	0	0	0	0	0	0	0	0	0	0	0	0	0	0	0	0
1789546994544	97853	4390	7	288	12	0	0	3	0	0	0	0	26.103515625	26.103515625	0	0	0	0	90.307617188	90.307617188	0	0	0	0	0	0	0	0	0	0	0	0	0	0	0	0	0	0	0	0	0	0	0	0	0	0	0	0	0	0	0	0	0	0	0	0	0	0	0	0	0	0	0	0	0	0	0	0
1789546994564	97875	4391	7	288	12	0	0	3	0	0	0	0	26.103515625	26.103515625	0	0	0	0	90.307617188	90.307617188	0	0	0	0	0	0	0	0	0	0	0	0	0	0	0	0	0	0	0	0	0	0	0	0	0	0	0	0	0	0	0	0	0	0	0	0	0	0	0	0	0	0	0	0	0	0	0	0
1789546994591	97897	4392	7	288	12	0	0	3	0	0	0	0	26.103515625	26.103515625	0	0	0	0	90.307617188	90.307617188	0	0	0	0	0	0	0	0	0	0	0	0	0	0	0	0	0	0	0	0	0	0	0	0	0	0	0	0	0	0	0	0	0	0	0	0	0	0	0	0	0	0	0	0	0	0	0	0
1789546994610	97919	4393	7	288	12	0	0	3	0	0	0	0	26.103515625	26.103515625	0	0	0	0	90.307617188	90.307617188	0	0	0	0	0	0	0	0	0	0	0	0	0	0	0	0	0	0	0	0	0	0	0	0	0	0	0	0	0	0	0	0	0	0	0	0	0	0	0	0	0	0	0	0	0	0	0	0
1789546994630	97941	4394	7	288	12	0	0	3	0	0	0	0	26.103515625	26.103515625	0	0	0	0	90.307617188	90.307617188	0	0	0	0	0	0	0	0	0	0	0	0	0	0	0	0	0	0	0	0	0	0	0	0	0	0	0	0	0	0	0	0	0	0	0	0	0	0	0	0	0	0	0	0	0	0	0	0
1789546994657	97963	4395	7	288	12	0	0	3	0	0	0	0	26.103515625	26.103515625	0	0	0	0	90.307617188	90.307617188	0	0	0	0	0	0	0	0	0	0	0	0	0	0	0	0	0	0	0	0	0	0	0	0	0	0	0	0	0	0	0	0	0	0	0	0	0	0	0	0	0	0	0	0	0	0	0	0
1789546994677	97985	4396	7	288	12	0	0	3	0	0	0	0	26.103515625	26.103515625	0	0	0	0	90.307617188	90.307617188	0	0	0	0	0	0	0	0	0	0	0	0	0	0	0	0	0	0	0	0	0	0	0	0	0	0	0	0	0	0	0	0	0	0	0	0	0	0	0	0	0	0	0	0	0	0	0	0
1789546994697	98007	4397	7	288	12	0	0	3	0	0	0	0	26.103515625	26.103515625	0	0	0	0	90.307617188	90.307617188	0	0	0	0	0	0	0	0	0	0	0	0	0	0	0	0	0	0	0	0	0	0	0	0	0	0	0	0	0	0	0	0	0	0	0	0	0	0	0	0	0	0	0	0	0	0	0	0
1789546994717	98029	4398	7	288	12	0	0	3	0	0	0	0	26.103515625	26.103515625	0	0	0	0	90.307617188	90.307617188	0	0	0	0	0	0	0	0	0	0	0	0	0	0	0	0	0	0	0	0	0	0	0	0	0	0	0	0	0	0	0	0	0	0	0	0	0	0	0	0	0	0	0	0	0	0	0	0
1789546994743	98051	4399	7	288	12	0	0	3	0	0	0	0	26.103515625	26.103515625	0	0	0	0	90.307617188	90.307617188	0	0	0	0	0	0	0	0	0	0	0	0	0	0	0	0	0	0	0	0	0	0	0	0	0	0	0	0	0	0	0	0	0	0	0	0	0	0	0	0	0	0	0	0	0	0	0	0
1789546994764	98073	4400	7	288	12	0	0	3	0	0	0	0	26.103515625	26.103515625	0	0	0	0	90.307617188	90.307617188	0	0	0	0	0	0	0	0	0	0	0	0	0	0	0	0	0	0	0	0	0	0	0	0	0	0	0	0	0	0	0	0	0	0	0	0	0	0	0	0	0	0	0	0	0	0	0	0
1789546994783	98095	4401	7	288	12	0	0	3	0	0	0	0	26.103515625	26.103515625	0	0	0	0	90.307617188	90.307617188	0	0	0	0	0	0	0	0	0	0	0	0	0	0	0	0	0	0	0	0	0	0	0	0	0	0	0	0	0	0	0	0	0	0	0	0	0	0	0	0	0	0	0	0	0	0	0	0
1789546994811	98117	4402	7	288	12	0	0	3	0	0	0	0	26.103515625	26.103515625	0	0	0	0	90.307617188	90.307617188	0	0	0	0	0	0	0	0	0	0	0	0	0	0	0	0	0	0	0	0	0	0	0	0	0	0	0	0	0	0	0	0	0	0	0	0	0	0	0	0	0	0	0	0	0	0	0	0
1789546994831	98139	4403	7	288	12	0	0	3	0	0	0	0	26.103515625	26.103515625	0	0	0	0	90.307617188	90.307617188	0	0	0	0	0	0	0	0	0	0	0	0	0	0	0	0	0	0	0	0	0	0	0	0	0	0	0	0	0	0	0	0	0	0	0	0	0	0	0	0	0	0	0	0	0	0	0	0
1789546994851	98161	4404	7	288	12	0	0	3	0	0	0	0	26.103515625	26.103515625	0	0	0	0	90.307617188	90.307617188	0	0	0	0	0	0	0	0	0	0	0	0	0	0	0	0	0	0	0	0	0	0	0	0	0	0	0	0	0	0	0	0	0	0	0	0	0	0	0	0	0	0	0	0	0	0	0	0
1789546994871	98183	4405	7	288	12	0	0	3	0	0	0	0	26.103515625	26.103515625	0	0	0	0	90.307617188	90.307617188	0	0	0	0	0	0	0	0	0	0	0	0	0	0	0	0	0	0	0	0	0	0	0	0	0	0	0	0	0	0	0	0	0	0	0	0	0	0	0	0	0	0	0	0	0	0	0	0
1789546994897	98205	4406	7	288	12	0	0	3	0	0	0	0	26.103515625	26.103515625	0	0	0	0	90.307617188	90.307617188	0	0	0	0	0	0	0	0	0	0	0	0	0	0	0	0	0	0	0	0	0	0	0	0	0	0	0	0	0	0	0	0	0	0	0	0	0	0	0	0	0	0	0	0	0	0	0	0
1789546994917	98227	4407	7	288	12	0	0	3	0	0	0	0	26.103515625	26.103515625	0	0	0	0	90.307617188	90.307617188	0	0	0	0	0	0	0	0	0	0	0	0	0	0	0	0	0	0	0	0	0	0	0	0	0	0	0	0	0	0	0	0	0	0	0	0	0	0	0	0	0	0	0	0	0	0	0	0
1789546994937	98249	4408	7	288	12	0	0	3	0	0	0	0	26.103515625	26.103515625	0	0	0	0	90.307617188	90.307617188	0	0	-6	6	0	0	0	0	0	0	0	0	0	0	0	0	0	0	0	0	0	0	0	0	0	0	0	0	0	0	0	0	0	0	0	0	0	0	0	0	0	0	0	0	0	0	0	0
1789546994964	98271	4409	7	288	12	0	0	3	0	0	0	0	26.103515625	26.103515625	0	0	0	0	90.307617188	90.307617188	0	0	0	0	0	0	0	0	0	0	0	0	0	0	0	0	0	0	0	0	0	0	0	0	0	0	0	0	0	0	0	0	0	0	0	0	0	0	0	0	0	0	0	0	0	0	0	0
1789546994984	98293	4410	7	288	12	0	0	3	0	0	0	0	26.103515625	26.103515625	0	0	0	0	90.307617188	90.307617188	0	0	0	0	0	0	0	0	0	0	0	0	0	0	0	0	0	0	0	0	0	0	0	0	0	0	0	0	0	0	0	0	0	0	0	0	0	0	0	0	0	0	0	0	0	0	0	0
1789546995004	98315	4411	7	288	12	0	0	3	0	0	0	0	26.103515625	26.103515625	0	0	0	0	90.307617188	90.307617188	0	0	0	0	0	0	0	0	0	0	0	0	0	0	0	0	0	0	0	0	0	0	0	0	0	0	0	0	0	0	0	0	0	0	0	0	0	0	0	0	0	0	0	0	0	0	0	0
1789546995024	98337	4412	7	288	12	0	0	3	0	0	0	0	26.103515625	26.103515625	0	0	0	0	90.307617188	90.307617188	0	0	0	0	0	0	0	0	0	0	0	0	0	0	0	0	0	0	0	0	0	0	0	0	0	0	0	0	0	0	0	0	0	0	0	0	0	0	0	0	0	0	0	0	0	0	0	0
1789546995050	98359	4413	7	288	12	0	0	3	0	0	0	0	26.103515625	26.103515625	0	0	0	0	90.307617188	90.307617188	0	0	0	0	0	0	0	0	0	0	0	0	0	0	0	0	0	0	0	0	0	0	0	0	0	0	0	0	0	0	0	0	0	0	0	0	0	0	0	0	0	0	0	0	0	0	0	0
1789546995070	98381	4414	7	288	12	0	0	3	0	0	0	0	26.103515625	26.103515625	0	0	0	0	90.307617188	90.307617188	0	0	0	0	0	0	0	0	0	0	0	0	0	0	0	0	0	0	0	0	0	0	0	0	0	0	0	0	0	0	0	0	0	0	0	0	0	0	0	0	0	0	0	0	0	0	0	0
1789546995097	98403	4415	7	288	12	0	0	3	0	0	0	0	26.103515625	26.103515625	0	0	0	0	90.307617188	90.307617188	0	0	0	0	0	0	0	0	0	0	0	0	0	0	0	0	0	0	0	0	0	0	0	0	0	0	0	0	0	0	0	0	0	0	0	0	0	0	0	0	0	0	0	0	0	0	0	0
1789546995117	98425	4416	7	288	12	0	0	3	0	0	0	0	26.103515625	26.103515625	0	0	0	0	90.307617188	90.307617188	0	0	0	0	0	0	0	0	0	0	0	0	0	0	0	0	0	0	0	0	0	0	0	0	0	0	0	0	0	0	0	0	0	0	0	0	0	0	0	0	0	0	0	0	0	0	0	0
1789546995137	98447	4417	7	288	12	0	0	3	0	0	0	0	26.103515625	26.103515625	0	0	0	0	90.307617188	90.307617188	0	0	0	0	0	0	0	0	0	0	0	0	0	0	0	0	0	0	0	0	0	0	0	0	0	0	0	0	0	0	0	0	0	0	0	0	0	0	0	0	0	0	0	0	0	0	0	0
1789546995157	98469	4418	7	288	12	0	0	3	0	0	0	0	26.103515625	26.103515625	0	0	0	0	90.307617188	90.307617188	0	0	0	0	0	0	0	0	0	0	0	0	0	0	0	0	0	0	0	0	0	0	0	0	0	0	0	0	0	0	0	0	0	0	0	0	0	0	0	0	0	0	0	0	0	0	0	0
1789546995183	98491	4419	7	288	12	0	0	3	0	0	0	0	26.103515625	26.103515625	0	0	0	0	90.307617188	90.307617188	0	0	0	0	0	0	0	0	0	0	0	0	0	0	0	0	0	0	0	0	0	0	0	0	0	0	0	0	0	0	0	0	0	0	0	0	0	0	0	0	0	0	0	0	0	0	0	0
1789546995203	98513	4420	7	288	12	0	0	3	0	0	0	0	26.103515625	26.103515625	0	0	0	0	90.307617188	90.307617188	0	0	0	0	0	0	0	0	0	0	0	0	0	0	0	0	0	0	0	0	0	0	0	0	0	0	0	0	0	0	0	0	0	0	0	0	0	0	0	0	0	0	0	0	0	0	0	0
1789546995223	98535	4421	7	288	12	0	0	3	0	0	0	0	26.103515625	26.103515625	0	0	0	0	90.307617188	90.307617188	0	0	0	0	0	0	0	0	0	0	0	0	0	0	0	0	0	0	0	0	0	0	0	0	0	0	0	0	0	0	0	0	0	0	0	0	0	0	0	0	0	0	0	0	0	0	0	0
1789546995250	98557	4422	7	288	12	0	0	3	0	0	0	0	26.103515625	26.103515625	0	0	0	0	90.307617188	90.307617188	0	0	0	0	0	0	0	0	0	0	0	0	0	0	0	0	0	0	0	0	0	0	0	0	0	0	0	0	0	0	0	0	0	0	0	0	0	0	0	0	0	0	0	0	0	0	0	0
1789546995269	98579	4423	7	288	12	0	0	3	0	0	0	0	26.103515625	26.103515625	0	0	0	0	90.307617188	90.307617188	0	0	0	0	0	0	0	0	0	0	0	0	0	0	0	0	0	0	0	0	0	0	0	0	0	0	0	0	0	0	0	0	0	0	0	0	0	0	0	0	0	0	0	0	0	0	0	0
1789546995289	98601	4424	7	288	12	0	0	3	0	0	0	0	26.103515625	26.103515625	0	0	0	0	90.307617188	90.307617188	0	0	0	0	0	0	0	0	0	0	0	0	0	0	0	0	0	0	0	0	0	0	0	0	0	0	0	0	0	0	0	0	0	0	0	0	0	0	0	0	0	0	0	0	0	0	0	0
1789546995315	98623	4425	7	288	12	0	0	3	0	0	0	0	26.103515625	26.103515625	0	0	0	0	90.307617188	90.307617188	0	0	0	0	0	0	0	0	0	0	0	0	0	0	0	0	0	0	0	0	0	0	0	0	0	0	0	0	0	0	0	0	0	0	0	0	0	0	0	0	0	0	0	0	0	0	0	0
1789546995335	98645	4426	7	288	12	0	0	3	0	0	0	0	26.103515625	26.103515625	0	0	0	0	90.307617188	90.307617188	0	0	0	0	0	0	0	0	0	0	0	0	0	0	0	0	0	0	0	0	0	0	0	0	0	0	0	0	0	0	0	0	0	0	0	0	0	0	0	0	0	0	0	0	0	0	0	0
1789546995355	98667	4427	7	288	12	0	0	3	0	0	0	0	26.103515625	26.103515625	0	0	0	0	90.307617188	90.307617188	0	0	0	0	0	0	0	0	0	0	0	0	0	0	0	0	0	0	0	0	0	0	0	0	0	0	0	0	0	0	0	0	0	0	0	0	0	0	0	0	0	0	0	0	0	0	0	0
1789546995382	98689	4428	7	288	12	0	0	3	0	0	0	0	26.147460938	26.147460938	0	0	0	0	90.307617188	90.307617188	0	0	0	0	0	0	0	0	0	0	0	0	0	0	0	0	0	0	0	0	0	0	0	0	0	0	0	0	0	0	0	0	0	0	0	0	0	0	0	0	0	0	0	0	0	0	0	0
1789546995403	98711	4429	7	288	12	0	0	3	0	0	0	0	26.103515625	26.103515625	0	0	0	0	90.307617188	90.307617188	0	0	0	0	0	0	0	0	0	0	0	0	0	0	0	0	0	0	0	0	0	0	0	0	0	0	0	0	0	0	0	0	0	0	0	0	0	0	0	0	0	0	0	0	0	0	0	0
1789546995422	98733	4430	7	288	12	0	0	3	0	0	0	0	26.103515625	26.103515625	0	0	0	0	90.307617188	90.307617188	0	0	0	0	0	0	0	0	0	0	0	0	0	0	0	0	0	0	0	0	0	0	0	0	0	0	0	0	0	0	0	0	0	0	0	0	0	0	0	0	0	0	0	0	0	0	0	0
1789546995442	98755	4431	7	288	12	0	0	3	0	0	0	0	26.103515625	26.103515625	0	0	0	0	90.307617188	90.307617188	0	0	0	0	0	0	0	0	0	0	0	0	0	0	0	0	0	0	0	0	0	0	0	0	0	0	0	0	0	0	0	0	0	0	0	0	0	0	0	0	0	0	0	0	0	0	0	0
1789546995469	98777	4432	7	288	12	0	0	3	0	0	0	0	26.103515625	26.103515625	0	0	0	0	90.307617188	90.307617188	0	0	0	0	0	0	0	0	0	0	0	0	0	0	0	0	0	0	0	0	0	0	0	0	0	0	0	0	0	0	0	0	0	0	0	0	0	0	0	0	0	0	0	0	0	0	0	0
1789546995489	98799	4433	7	288	12	0	0	3	0	0	0	0	26.103515625	26.103515625	0	0	0	0	90.307617188	90.307617188	0	0	0	0	0	0	0	0	0	0	0	0	0	0	0	0	0	0	0	0	0	0	0	0	0	0	0	0	0	0	0	0	0	0	0	0	0	0	0	0	0	0	0	0	0	0	0	0
1789546995509	98821	4434	7	288	12	0	0	3	0	0	0	0	26.103515625	26.103515625	0	0	0	0	90.307617188	90.307617188	0	0	0	0	0	0	0	0	0	0	0	0	0	0	0	0	0	0	0	0	0	0	0	0	0	0	0	0	0	0	0	0	0	0	0	0	0	0	0	0	0	0	0	0	0	0	0	0
1789546995535	98843	4435	7	288	12	0	0	3	0	0	0	0	26.103515625	26.103515625	0	0	0	0	90.307617188	90.307617188	0	0	0	0	0	0	0	0	0	0	0	0	0	0	0	0	0	0	0	0	0	0	0	0	0	0	0	0	0	0	0	0	0	0	0	0	0	0	0	0	0	0	0	0	0	0	0	0
1789546995555	98865	4436	7	288	12	0	0	3	0	0	0	0	26.103515625	26.103515625	0	0	0	0	90.307617188	90.307617188	0	0	0	0	0	0	0	0	0	0	0	0	0	0	0	0	0	0	0	0	0	0	0	0	0	0	0	0	0	0	0	0	0	0	0	0	0	0	0	0	0	0	0	0	0	0	0	0
1789546995575	98887	4437	7	288	12	0	0	3	0	0	0	0	26.103515625	26.103515625	0	0	0	0	90.307617188	90.307617188	0	0	0	0	0	0	0	0	0	0	0	0	0	0	0	0	0	0	0	0	0	0	0	0	0	0	0	0	0	0	0	0	0	0	0	0	0	0	0	0	0	0	0	0	0	0	0	0
1789546995602	98909	4438	7	288	12	0	0	3	0	0	0	0	26.103515625	26.103515625	0	0	0	0	90.307617188	90.307617188	0	0	0	0	0	0	0	0	0	0	0	0	0	0	0	0	0	0	0	0	0	0	0	0	0	0	0	0	0	0	0	0	0	0	0	0	0	0	0	0	0	0	0	0	0	0	0	0
1789546995621	98931	4439	7	288	12	0	0	3	0	0	0	0	26.103515625	26.103515625	0	0	0	0	90.307617188	90.307617188	0	0	0	0	0	0	0	0	0	0	0	0	0	0	0	0	0	0	0	0	0	0	0	0	0	0	0	0	0	0	0	0	0	0	0	0	0	0	0	0	0	0	0	0	0	0	0	0
1789546995641	98953	4440	7	288	12	0	0	3	0	0	0	0	26.103515625	26.103515625	0	0	0	0	90.307617188	90.307617188	0	0	0	0	0	0	0	0	0	0	0	0	0	0	0	0	0	0	0	0	0	0	0	0	0	0	0	0	0	0	0	0	0	0	0	0	0	0	0	0	0	0	0	0	0	0	0	0
1789546995667	98975	4441	7	288	12	0	0	3	0	0	0	0	26.103515625	26.103515625	0	0	0	0	90.307617188	90.307617188	0	0	0	0	0	0	0	0	0	0	0	0	0	0	0	0	0	0	0	0	0	0	0	0	0	0	0	0	0	0	0	0	0	0	0	0	0	0	0	0	0	0	0	0	0	0	0	0
1789546995687	98997	4442	7	288	12	0	0	3	0	0	0	0	26.103515625	26.103515625	0	0	0	0	90.307617188	90.307617188	0	0	0	0	0	0	0	0	0	0	0	0	0	0	0	0	0	0	0	0	0	0	0	0	0	0	0	0	0	0	0	0	0	0	0	0	0	0	0	0	0	0	0	0	0	0	0	0
1789546995707	99019	4443	7	288	12	0	0	3	0	0	0	0	26.103515625	26.103515625	0	0	0	0	90.307617188	90.307617188	0	0	0	0	0	0	0	0	0	0	0	0	0	0	0	0	0	0	0	0	0	0	0	0	0	0	0	0	0	0	0	0	0	0	0	0	0	0	0	0	0	0	0	0	0	0	0	0
1789546995734	99041	4444	7	288	12	0	0	3	0	0	0	0	26.103515625	26.103515625	0	0	0	0	90.307617188	90.307617188	0	0	0	0	0	0	0	0	0	0	0	0	0	0	0	0	0	0	0	0	0	0	0	0	0	0	0	0	0	0	0	0	0	0	0	0	0	0	0	0	0	0	0	0	0	0	0	0
1789546995753	99063	4445	7	288	12	0	0	3	0	0	0	0	26.103515625	26.103515625	0	0	0	0	90.307617188	90.307617188	0	0	0	0	0	0	0	0	0	0	0	0	0	0	0	0	0	0	0	0	0	0	0	0	0	0	0	0	0	0	0	0	0	0	0	0	0	0	0	0	0	0	0	0	0	0	0	0
1789546995773	99085	4446	7	288	12	0	0	3	0	0	0	0	26.103515625	26.103515625	0	0	0	0	90.307617188	90.307617188	0	0	0	0	0	0	0	0	0	0	0	0	0	0	0	0	0	0	0	0	0	0	0	0	0	0	0	0	0	0	0	0	0	0	0	0	0	0	0	0	0	0	0	0	0	0	0	0
1789546995800	99107	4447	7	288	12	0	0	3	0	0	0	0	26.103515625	26.103515625	0	0	0	0	90.307617188	90.307617188	0	0	0	0	0	0	0	0	0	0	0	0	0	0	0	0	0	0	0	0	0	0	0	0	0	0	0	0	0	0	0	0	0	0	0	0	0	0	0	0	0	0	0	0	0	0	0	0
1789546995820	99129	4448	7	288	12	0	0	3	0	0	0	0	26.103515625	26.103515625	0	0	0	0	90.307617188	90.307617188	0	0	0	0	0	0	0	0	0	0	0	0	0	0	0	0	0	0	0	0	0	0	0	0	0	0	0	0	0	0	0	0	0	0	0	0	0	0	0	0	0	0	0	0	0	0	0	0
1789546995840	99151	4449	7	288	12	0	0	3	0	0	0	0	26.103515625	26.103515625	0	0	0	0	90.307617188	90.307617188	0	0	0	0	0	0	0	0	0	0	0	0	0	0	0	0	0	0	0	0	0	0	0	0	0	0	0	0	0	0	0	0	0	0	0	0	0	0	0	0	0	0	0	0	0	0	0	0
1789546995867	99173	4450	7	288	12	0	0	3	0	0	0	0	26.103515625	26.103515625	0	0	0	0	90.307617188	90.307617188	0	0	0	0	0	0	0	0	0	0	0	0	0	0	0	0	0	0	0	0	0	0	0	0	0	0	0	0	0	0	0	0	0	0	0	0	0	0	0	0	0	0	0	0	0	0	0	0
1789546995887	99195	4451	7	288	12	0	0	3	0	0	0	0	26.103515625	26.103515625	0	0	0	0	90.307617188	90.307617188	0	0	0	0	0	0	0	0	0	0	0	0	0	0	0	0	0	0	0	0	0	0	0	0	0	0	0	0	0	0	0	0	0	0	0	0	0	0	0	0	0	0	0	0	0	0	0	0
1789546995907	99217	4452	7	288	12	0	0	3	0	0	0	0	26.103515625	26.103515625	0	0	0	0	90.307617188	90.307617188	0	0	0	0	0	0	0	0	0	0	0	0	0	0	0	0	0	0	0	0	0	0	0	0	0	0	0	0	0	0	0	0	0	0	0	0	0	0	0	0	0	0	0	0	0	0	0	0
1789546995927	99239	4453	7	288	12	0	0	3	0	0	0	0	26.103515625	26.103515625	0	0	0	0	90.307617188	90.307617188	0	0	0	0	0	0	0	0	0	0	0	0	0	0	0	0	0	0	0	0	0	0	0	0	0	0	0	0	0	0	0	0	0	0	0	0	0	0	0	0	0	0	0	0	0	0	0	0
1789546995953	99261	4454	7	288	12	0	0	3	0	0	0	0	26.103515625	26.103515625	0	0	0	0	90.307617188	90.307617188	0	0	0	0	0	0	0	0	0	0	0	0	0	0	0	0	0	0	0	0	0	0	0	0	0	0	0	0	0	0	0	0	0	0	0	0	0	0	0	0	0	0	0	0	0	0	0	0
1789546995973	99283	4455	7	288	12	0	0	3	0	0	0	0	26.103515625	26.103515625	0	0	0	0	90.307617188	90.307617188	0	0	0	0	0	0	0	0	0	0	0	0	0	0	0	0	0	0	0	0	0	0	0	0	0	0	0	0	0	0	0	0	0	0	0	0	0	0	0	0	0	0	0	0	0	0	0	0
1789546995993	99305	4456	7	288	12	0	0	3	0	0	0	0	26.103515625	26.103515625	0	0	0	0	90.307617188	90.307617188	0	0	0	0	0	0	0	0	0	0	0	0	0	0	0	0	0	0	0	0	0	0	0	0	0	0	0	0	0	0	0	0	0	0	0	0	0	0	0	0	0	0	0	0	0	0	0	0
1789546996020	99327	4457	7	288	12	0	0	3	0	0	0	0	26.103515625	26.103515625	0	0	0	0	90.307617188	90.307617188	0	0	0	0	0	0	0	0	0	0	0	0	0	0	0	0	0	0	0	0	0	0	0	0	0	0	0	0	0	0	0	0	0	0	0	0	0	0	0	0	0	0	0	0	0	0	0	0
1789546996040	99349	4458	7	288	12	0	0	3	0	0	0	0	26.103515625	26.103515625	0	0	0	0	90.307617188	90.307617188	0	0	0	0	0	0	0	0	0	0	0	0	0	0	0	0	0	0	0	0	0	0	0	0	0	0	0	0	0	0	0	0	0	0	0	0	0	0	0	0	0	0	0	0	0	0	0	0
1789546996059	99371	4459	7	288	12	0	0	3	0	0	0	0	26.103515625	26.103515625	0	0	0	0	90.307617188	90.307617188	0	0	0	0	0	0	0	0	0	0	0	0	0	0	0	0	0	0	0	0	0	0	0	0	0	0	0	0	0	0	0	0	0	0	0	0	0	0	0	0	0	0	0	0	0	0	0	0
1789546996086	99393	4460	7	288	12	0	0	3	0	0	0	0	26.103515625	26.103515625	0	0	0	0	90.307617188	90.307617188	0	0	0	0	0	0	0	0	0	0	0	0	0	0	0	0	0	0	0	0	0	0	0	0	0	0	0	0	0	0	0	0	0	0	0	0	0	0	0	0	0	0	0	0	0	0	0	0
1789546996105	99415	4461	7	288	12	0	0	3	0	0	0	0	26.103515625	26.103515625	0	0	0	0	90.307617188	90.307617188	0	0	0	0	0	0	0	0	0	0	0	0	0	0	0	0	0	0	0	0	0	0	0	0	0	0	0	0	0	0	0	0	0	0	0	0	0	0	0	0	0	0	0	0	0	0	0	0
1789546996125	99437	4462	7	288	12	0	0	3	0	0	0	0	26.103515625	26.103515625	0	0	0	0	90.307617188	90.307617188	0	0	0	0	0	0	0	0	0	0	0	0	0	0	0	0	0	0	0	0	0	0	0	0	0	0	0	0	0	0	0	0	0	0	0	0	0	0	0	0	0	0	0	0	0	0	0	0
1789546996151	99459	4463	7	288	12	0	0	3	0	0	0	0	26.103515625	26.103515625	0	0	0	0	90.307617188	90.307617188	0	0	0	0	0	0	0	0	0	0	0	0	0	0	0	0	0	0	0	0	0	0	0	0	0	0	0	0	0	0	0	0	0	0	0	0	0	0	0	0	0	0	0	0	0	0	0	0
1789546996172	99481	4464	7	288	12	0	0	3	0	0	0	0	26.103515625	26.103515625	0	0	0	0	90.307617188	90.307617188	0	0	0	0	0	0	0	0	0	0	0	0	0	0	0	0	0	0	0	0	0	0	0	0	0	0	0	0	0	0	0	0	0	0	0	0	0	0	0	0	0	0	0	0	0	0	0	0
1789546996191	99503	4465	7	288	12	0	0	3	0	0	0	0	26.103515625	26.103515625	0	0	0	0	90.307617188	90.307617188	0	0	0	0	0	0	0	0	0	0	0	0	0	0	0	0	0	0	0	0	0	0	0	0	0	0	0	0	0	0	0	0	0	0	0	0	0	0	0	0	0	0	0	0	0	0	0	0
1789546996217	99525	4466	7	288	12	0	0	3	0	0	0	0	26.103515625	26.103515625	0	0	0	0	90.307617188	90.307617188	0	0	0	0	0	0	0	0	0	0	0	0	0	0	0	0	0	0	0	0	0	0	0	0	0	0	0	0	0	0	0	0	0	0	0	0	0	0	0	0	0	0	0	0	0	0	0	0
1789546996237	99547	4467	7	288	12	0	0	3	0	0	0	0	26.103515625	26.103515625	0	0	0	0	90.307617188	90.307617188	0	0	0	0	0	0	0	0	0	0	0	0	0	0	0	0	0	0	0	0	0	0	0	0	0	0	0	0	0	0	0	0	0	0	0	0	0	0	0	0	0	0	0	0	0	0	0	0
1789546996258	99569	4468	7	288	12	0	0	3	0	0	0	0	26.103515625	26.103515625	0	0	0	0	90.307617188	90.307617188	0	0	0	0	0	0	0	0	0	0	0	0	0	0	0	0	0	0	0	0	0	0	0	0	0	0	0	0	0	0	0	0	0	0	0	0	0	0	0	0	0	0	0	0	0	0	0	0
1789546996284	99591	4469	7	288	12	0	0	3	0	0	0	0	26.103515625	26.103515625	0	0	0	0	90.307617188	90.307617188	0	0	0	0	0	0	0	0	0	0	0	0	0	0	0	0	0	0	0	0	0	0	0	0	0	0	0	0	0	0	0	0	0	0	0	0	0	0	0	0	0	0	0	0	0	0	0	0
1789546996305	99613	4470	7	288	12	0	0	3	0	0	0	0	26.103515625	26.103515625	0	0	0	0	90.307617188	90.307617188	0	0	0	0	0	0	0	0	0	0	0	0	0	0	0	0	0	0	0	0	0	0	0	0	0	0	0	0	0	0	0	0	0	0	0	0	0	0	0	0	0	0	0	0	0	0	0	0
1789546996325	99635	4471	7	288	12	0	0	3	0	0	0	0	26.103515625	26.103515625	0	0	0	0	90.307617188	90.307617188	0	0	0	0	0	0	0	0	0	0	0	0	0	0	0	0	0	0	0	0	0	0	0	0	0	0	0	0	0	0	0	0	0	0	0	0	0	0	0	0	0	0	0	0	0	0	0	0
1789546996345	99657	4472	7	288	12	0	0	3	0	0	0	0	26.103515625	26.103515625	0	0	0	0	90.307617188	90.307617188	0	0	0	0	0	0	0	0	0	0	0	0	0	0	0	0	0	0	0	0	0	0	0	0	0	0	0	0	0	0	0	0	0	0	0	0	0	0	0	0	0	0	0	0	0	0	0	0
1789546996372	99679	4473	7	288	12	0	0	3	0	0	0	0	26.103515625	26.103515625	0	0	0	0	90.307617188	90.307617188	0	0	0	0	0	0	0	0	0	0	0	0	0	0	0	0	0	0	0	0	0	0	0	0	0	0	0	0	0	0	0	0	0	0	0	0	0	0	0	0	0	0	0	0	0	0	0	0
1789546996391	99701	4474	7	288	12	0	0	3	0	0	0	0	26.103515625	26.103515625	0	0	0	0	90.307617188	90.307617188	0	0	0	0	0	0	0	0	0	0	0	0	0	0	0	0	0	0	0	0	0	0	0	0	0	0	0	0	0	0	0	0	0	0	0	0	0	0	0	0	0	0	0	0	0	0	0	0
1789546996411	99723	4475	7	288	12	0	0	3	0	0	0	0	26.103515625	26.103515625	0	0	0	0	90.307617188	90.307617188	0	0	0	0	0	0	0	0	0	0	0	0	0	0	0	0	0	0	0	0	0	0	0	0	0	0	0	0	0	0	0	0	0	0	0	0	0	0	0	0	0	0	0	0	0	0	0	0
1789546996437	99745	4476	7	288	12	0	0	3	0	0	0	0	26.103515625	26.103515625	0	0	0	0	90.307617188	90.307617188	0	0	0	0	0	0	0	0	0	0	0	0	0	0	0	0	0	0	0	0	0	0	0	0	0	0	0	0	0	0	0	0	0	0	0	0	0	0	0	0	0	0	0	0	0	0	0	0
1789546996457	99767	4477	7	288	12	0	0	3	0	0	0	0	26.103515625	26.103515625	0	0	0	0	90.307617188	90.307617188	0	0	0	0	0	0	0	0	0	0	0	0	0	0	0	0	0	0	0	0	0	0	0	0	0	0	0	0	0	0	0	0	0	0	0	0	0	0	0	0	0	0	0	0	0	0	0	0
1789546996477	99789	4478	7	288	12	0	0	3	0	0	0	0	26.103515625	26.103515625	0	0	0	0	90.307617188	90.307617188	0	0	0	0	0	0	0	0	0	0	0	0	0	0	0	0	0	0	0	0	0	0	0	0	0	0	0	0	0	0	0	0	0	0	0	0	0	0	0	0	0	0	0	0	0	0	0	0
1789546996504	99811	4479	7	288	12	0	0	3	0	0	0	0	26.103515625	26.103515625	0	0	0	0	90.307617188	90.307617188	0	0	0	0	0	0	0	0	0	0	0	0	0	0	0	0	0	0	0	0	0	0	0	0	0	0	0	0	0	0	0	0	0	0	0	0	0	0	0	0	0	0	0	0	0	0	0	0
1789546996523	99833	4480	7	288	12	0	0	3	0	0	0	0	26.103515625	26.103515625	0	0	0	0	90.3515625	90.3515625	0	0	0	0	0	0	0	0	0	0	0	0	0	0	0	0	0	0	0	0	0	0	0	0	0	0	0	0	0	0	0	0	0	0	0	0	0	0	0	0	0	0	0	0	0	0	0	0
1789546996543	99855	4481	7	288	12	0	0	3	0	0	0	0	26.103515625	26.103515625	0	0	0	0	90.307617188	90.307617188	0	0	0	0	0	0	0	0	0	0	0	0	0	0	0	0	0	0	0	0	0	0	0	0	0	0	0	0	0	0	0	0	0	0	0	0	0	0	0	0	0	0	0	0	0	0	0	0
1789546996569	99877	4482	7	288	12	0	0	3	0	0	0	0	26.103515625	26.103515625	0	0	0	0	90.307617188	90.307617188	0	0	0	0	0	0	0	0	0	0	0	0	0	0	0	0	0	0	0	0	0	0	0	0	0	0	0	0	0	0	0	0	0	0	0	0	0	0	0	0	0	0	0	0	0	0	0	0
1789546996589	99899	4483	7	288	12	0	0	3	0	0	0	0	26.103515625	26.103515625	0	0	0	0	90.307617188	90.307617188	0	0	0	0	0	0	0	0	0	0	0	0	0	0	0	0	0	0	0	0	0	0	0	0	0	0	0	0	0	0	0	0	0	0	0	0	0	0	0	0	0	0	0	0	0	0	0	0
1789546996609	99921	4484	7	288	12	0	0	3	0	0	0	0	26.103515625	26.103515625	0	0	0	0	90.307617188	90.307617188	0	0	0	0	0	0	0	0	0	0	0	0	0	0	0	0	0	0	0	0	0	0	0	0	0	0	0	0	0	0	0	0	0	0	0	0	0	0	0	0	0	0	0	0	0	0	0	0
1789546996635	99943	4485	7	288	12	0	0	3	0	0	0	0	26.103515625	26.103515625	0	0	0	0	90.307617188	90.307617188	0	0	0	0	0	0	0	0	0	0	0	0	0	0	0	0	0	0	0	0	0	0	0	0	0	0	0	0	0	0	0	0	0	0	0	0	0	0	0	0	0	0	0	0	0	0	0	0
1789546996655	99965	4486	7	288	12	0	0	3	0	0	0	0	26.103515625	26.103515625	0	0	0	0	90.307617188	90.307617188	0	0	0	0	0	0	0	0	0	0	0	0	0	0	0	0	0	0	0	0	0	0	0	0	0	0	0	0	0	0	0	0	0	0	0	0	0	0	0	0	0	0	0	0	0	0	0	0
1789546996675	99987	4487	7	288	12	0	0	3	0	0	0	0	26.103515625	26.103515625	0	0	0	0	90.307617188	90.307617188	0	0	0	0	0	0	0	0	0	0	0	0	0	0	0	0	0	0	0	0	0	0	0	0	0	0	0	0	0	0	0	0	0	0	0	0	0	0	0	0	0	0	0	0	0	0	0	0
1789546996701	100009	4488	7	288	12	0	0	3	0	0	0	0	26.103515625	26.103515625	0	0	0	0	90.307617188	90.307617188	0	0	0	0	0	0	0	0	0	0	0	0	0	0	0	0	0	0	0	0	0	0	0	0	0	0	0	0	0	0	0	0	0	0	0	0	0	0	0	0	0	0	0	0	0	0	0	0
1789546996722	100031	4489	7	288	12	0	0	3	0	0	0	0	26.103515625	26.103515625	0	0	0	0	90.307617188	90.307617188	0	0	0	0	0	0	0	0	0	0	0	0	0	0	0	0	0	0	0	0	0	0	0	0	0	0	0	0	0	0	0	0	0	0	0	0	0	0	0	0	0	0	0	0	0	0	0	0
1789546996742	100053	4490	7	288	12	0	0	3	0	0	0	0	26.103515625	26.103515625	0	0	0	0	90.307617188	90.307617188	0	0	0	0	0	0	0	0	0	0	0	0	0	0	0	0	0	0	0	0	0	0	0	0	0	0	0	0	0	0	0	0	0	0	0	0	0	0	0	0	0	0	0	0	0	0	0	0
1789546996769	100075	4491	7	288	12	0	0	3	0	0	0	0	26.103515625	26.103515625	0	0	0	0	90.307617188	90.307617188	0	0	0	0	0	0	0	0	0	0	0	0	0	0	0	0	0	0	0	0	0	0	0	0	0	0	0	0	0	0	0	0	0	0	0	0	0	0	0	0	0	0	0	0	0	0	0	0
1789546996790	100097	4492	7	288	12	0	0	3	0	0	0	0	26.103515625	26.103515625	0	0	0	0	90.307617188	90.307617188	0	0	0	0	0	0	0	0	0	0	0	0	0	0	0	0	0	0	0	0	0	0	0	0	0	0	0	0	0	0	0	0	0	0	0	0	0	0	0	0	0	0	0	0	0	0	0	0
1789546996810	100119	4493	7	288	12	0	0	3	0	0	0	0	26.103515625	26.103515625	0	0	0	0	90.307617188	90.307617188	0	0	0	0	0	0	0	0	0	0	0	0	0	0	0	0	0	0	0	0	0	0	0	0	0	0	0	0	0	0	0	0	0	0	0	0	0	0	0	0	0	0	0	0	0	0	0	0
1789546996830	100141	4494	7	288	12	0	0	3	0	0	0	0	26.103515625	26.103515625	0	0	0	0	90.307617188	90.307617188	0	0	0	0	0	0	0	0	0	0	0	0	0	0	0	0	0	0	0	0	0	0	0	0	0	0	0	0	0	0	0	0	0	0	0	0	0	0	0	0	0	0	0	0	0	0	0	0
1789546996857	100163	4495	7	288	12	0	0	3	0	0	0	0	26.103515625	26.103515625	0	0	0	0	90.307617188	90.307617188	0	0	0	0	0	0	0	0	0	0	0	0	0	0	0	0	0	0	0	0	0	0	0	0	0	0	0	0	0	0	0	0	0	0	0	0	0	0	0	0	0	0	0	0	0	0	0	0
1789546996877	100185	4496	7	288	12	0	0	3	0	0	0	0	26.103515625	26.103515625	0	0	0	0	90.307617188	90.307617188	0	0	0	0	0	0	0	0	0	0	0	0	0	0	0	0	0	0	0	0	0	0	0	0	0	0	0	0	0	0	0	0	0	0	0	0	0	0	0	0	0	0	0	0	0	0	0	0
1789546996897	100207	4497	7	288	12	0	0	3	0	0	0	0	26.103515625	26.103515625	0	0	0	0	90.307617188	90.307617188	0	0	0	0	0	0	0	0	0	0	0	0	0	0	0	0	0	0	0	0	0	0	0	0	0	0	0	0	0	0	0	0	0	0	0	0	0	0	0	0	0	0	0	0	0	0	0	0
1789546996917	100229	4498	7	288	12	0	0	3	0	0	0	0	26.103515625	26.103515625	0	0	0	0	90.307617188	90.307617188	0	0	0	0	0	0	0	0	0	0	0	0	0	0	0	0	0	0	0	0	0	0	0	0	0	0	0	0	0	0	0	0	0	0	0	0	0	0	0	0	0	0	0	0	0	0	0	0
1789546996944	100251	4499	7	288	12	0	0	3	0	0	0	0	26.103515625	26.103515625	0	0	0	0	90.307617188	90.307617188	0	0	0	0	0	0	0	0	0	0	0	0	0	0	0	0	0	0	0	0	0	0	0	0	0	0	0	0	0	0	0	0	0	0	0	0	0	0	0	0	0	0	0	0	0	0	0	0
1789546996964	100273	4500	7	288	12	0	0	3	0	0	0	0	26.103515625	26.103515625	0	0	0	0	90.307617188	90.307617188	0	0	0	0	0	0	0	0	0	0	0	0	0	0	0	0	0	0	0	0	0	0	0	0	0	0	0	0	0	0	0	0	0	0	0	0	0	0	0	0	0	0	0	0	0	0	0	0
1789546996983	100295	4501	7	288	12	0	0	3	0	0	0	0	26.103515625	26.103515625	0	0	0	0	90.307617188	90.307617188	0	0	0	0	0	0	0	0	0	0	0	0	0	0	0	0	0	0	0	0	0	0	0	0	0	0	0	0	0	0	0	0	0	0	0	0	0	0	0	0	0	0	0	0	0	0	0	0
1789546997010	100317	4502	7	288	12	0	0	3	0	0	0	0	26.103515625	26.103515625	0	0	0	0	90.307617188	90.307617188	0	0	0	0	0	0	0	0	0	0	0	0	0	0	0	0	0	0	0	0	0	0	0	0	0	0	0	0	0	0	0	0	0	0	0	0	0	0	0	0	0	0	0	0	0	0	0	0
1789546997029	100339	4503	7	288	12	0	0	3	0	0	0	0	26.103515625	26.103515625	0	0	0	0	90.307617188	90.307617188	0	0	0	0	0	0	0	0	0	0	0	0	0	0	0	0	0	0	0	0	0	0	0	0	0	0	0	0	0	0	0	0	0	0	0	0	0	0	0	0	0	0	0	0	0	0	0	0
1789546997049	100361	4504	7	288	12	0	0	3	0	0	0	0	26.103515625	26.103515625	0	0	0	0	90.307617188	90.307617188	0	0	0	0	0	0	0	0	0	0	0	0	0	0	0	0	0	0	0	0	0	0	0	0	0	0	0	0	0	0	0	0	0	0	0	0	0	0	0	0	0	0	0	0	0	0	0	0
1789546997076	100383	4505	7	288	12	0	0	3	0	0	0	0	26.103515625	26.103515625	0	0	0	0	90.307617188	90.307617188	0	0	0	0	0	0	0	0	0	0	0	0	0	0	0	0	0	0	0	0	0	0	0	0	0	0	0	0	0	0	0	0	0	0	0	0	0	0	0	0	0	0	0	0	0	0	0	0
1789546997096	100405	4506	7	288	12	0	0	3	0	0	0	0	26.103515625	26.103515625	0	0	0	0	90.307617188	90.307617188	0	0	0	0	0	0	0	0	0	0	0	0	0	0	0	0	0	0	0	0	0	0	0	0	0	0	0	0	0	0	0	0	0	0	0	0	0	0	0	0	0	0	0	0	0	0	0	0
1789546997116	100427	4507	7	288	12	0	0	3	0	0	0	0	26.147460938	26.147460938	0	0	0	0	90.307617188	90.307617188	0	0	0	0	0	0	0	0	0	0	0	0	0	0	0	0	0	0	0	0	0	0	0	0	0	0	0	0	0	0	0	0	0	0	0	0	0	0	0	0	0	0	0	0	0	0	0	0
1789546997136	100449	4508	7	288	12	0	0	3	0	0	0	0	26.103515625	26.103515625	0	0	0	0	90.307617188	90.307617188	0	0	0	0	0	0	0	0	0	0	0	0	0	0	0	0	0	0	0	0	0	0	0	0	0	0	0	0	0	0	0	0	0	0	0	0	0	0	0	0	0	0	0	0	0	0	0	0
1789546997163	100471	4509	7	288	12	0	0	3	0	0	0	0	26.103515625	26.103515625	0	0	0	0	90.307617188	90.307617188	0	0	0	0	0	0	0	0	0	0	0	0	0	0	0	0	0	0	0	0	0	0	0	0	0	0	0	0	0	0	0	0	0	0	0	0	0	0	0	0	0	0	0	0	0	0	0	0
1789546997183	100493	4510	7	288	12	0	0	3	0	0	0	0	26.103515625	26.103515625	0	0	0	0	90.307617188	90.307617188	0	0	0	0	0	0	0	0	0	0	0	0	0	0	0	0	0	0	0	0	0	0	0	0	0	0	0	0	0	0	0	0	0	0	0	0	0	0	0	0	0	0	0	0	0	0	0	0
1789546997203	100515	4511	7	288	12	0	0	3	0	0	0	0	26.103515625	26.103515625	0	0	0	0	90.307617188	90.307617188	0	0	0	0	0	0	0	0	0	0	0	0	0	0	0	0	0	0	0	0	0	0	0	0	0	0	0	0	0	0	0	0	0	0	0	0	0	0	0	0	0	0	0	0	0	0	0	0
1789546997230	100537	4512	7	288	12	0	0	3	0	0	0	0	26.103515625	26.103515625	0	0	0	0	90.307617188	90.307617188	0	0	0	0	0	0	0	0	0	0	0	0	0	0	0	0	0	0	0	0	0	0	0	0	0	0	0	0	0	0	0	0	0	0	0	0	0	0	0	0	0	0	0	0	0	0	0	0
1789546997250	100559	4513	7	288	12	0	0	3	0	0	0	0	26.103515625	26.103515625	0	0	0	0	90.307617188	90.307617188	0	0	0	0	0	0	0	0	0	0	0	0	0	0	0	0	0	0	0	0	0	0	0	0	0	0	0	0	0	0	0	0	0	0	0	0	0	0	0	0	0	0	0	0	0	0	0	0
1789546997270	100581	4514	7	288	12	0	0	3	0	0	0	0	26.103515625	26.103515625	0	0	0	0	90.307617188	90.307617188	0	0	0	0	0	0	0	0	0	0	0	0	0	0	0	0	0	0	0	0	0	0	0	0	0	0	0	0	0	0	0	0	0	0	0	0	0	0	0	0	0	0	0	0	0	0	0	0
1789546997297	100603	4515	7	288	12	0	0	3	0	0	0	0	26.103515625	26.103515625	0	0	0	0	90.307617188	90.307617188	0	0	0	0	0	0	0	0	0	0	0	0	0	0	0	0	0	0	0	0	0	0	0	0	0	0	0	0	0	0	0	0	0	0	0	0	0	0	0	0	0	0	0	0	0	0	0	0
1789546997317	100625	4516	7	288	12	0	0	3	0	0	0	0	26.103515625	26.103515625	0	0	0	0	90.307617188	90.307617188	0	0	0	0	0	0	0	0	0	0	0	0	0	0	0	0	0	0	0	0	0	0	0	0	0	0	0	0	0	0	0	0	0	0	0	0	0	0	0	0	0	0	0	0	0	0	0	0
1789546997337	100647	4517	7	288	12	0	0	3	0	0	0	0	26.103515625	26.103515625	0	0	0	0	90.307617188	90.307617188	0	0	0	0	0	0	0	0	0	0	0	0	0	0	0	0	0	0	0	0	0	0	0	0	0	0	0	0	0	0	0	0	0	0	0	0	0	0	0	0	0	0	0	0	0	0	0	0
1789546997357	100669	4518	7	288	12	0	0	3	0	0	0	0	26.103515625	26.103515625	0	0	0	0	90.307617188	90.307617188	0	0	0	0	0	0	0	0	0	0	0	0	0	0	0	0	0	0	0	0	0	0	0	0	0	0	0	0	0	0	0	0	0	0	0	0	0	0	0	0	0	0	0	0	0	0	0	0
1789546997384	100691	4519	7	288	12	0	0	3	0	0	0	0	26.103515625	26.103515625	0	0	0	0	90.307617188	90.307617188	0	0	0	0	0	0	0	0	0	0	0	0	0	0	0	0	0	0	0	0	0	0	0	0	0	0	0	0	0	0	0	0	0	0	0	0	0	0	0	0	0	0	0	0	0	0	0	0
1789546997405	100713	4520	7	288	12	0	0	3	0	0	0	0	26.103515625	26.103515625	0	0	0	0	90.307617188	90.307617188	0	0	0	0	0	0	0	0	0	0	0	0	0	0	0	0	0	0	0	0	0	0	0	0	0	0	0	0	0	0	0	0	0	0	0	0	0	0	0	0	0	0	0	0	0	0	0	0
1789546997424	100735	4521	7	288	12	0	0	3	0	0	0	0	26.103515625	26.103515625	0	0	0	0	90.307617188	90.307617188	0	0	0	0	0	0	0	0	0	0	0	0	0	0	0	0	0	0	0	0	0	0	0	0	0	0	0	0	0	0	0	0	0	0	0	0	0	0	0	0	0	0	0	0	0	0	0	0
1789546997444	100757	4522	7	288	12	0	0	3	0	0	0	0	26.103515625	26.103515625	0	0	0	0	90.307617188	90.307617188	0	0	0	0	0	0	0	0	0	0	0	0	0	0	0	0	0	0	0	0	0	0	0	0	0	0	0	0	0	0	0	0	0	0	0	0	0	0	0	0	0	0	0	0	0	0	0	0
1789546997470	100779	4523	7	288	12	0	0	3	0	0	0	0	26.103515625	26.103515625	0	0	0	0	90.307617188	90.307617188	0	0	0	0	0	0	0	0	0	0	0	0	0	0	0	0	0	0	0	0	0	0	0	0	0	0	0	0	0	0	0	0	0	0	0	0	0	0	0	0	0	0	0	0	0	0	0	0
1789546997491	100801	4524	7	288	12	0	0	3	0	0	0	0	26.103515625	26.103515625	0	0	0	0	90.307617188	90.307617188	0	0	0	0	0	0	0	0	0	0	0	0	0	0	0	0	0	0	0	0	0	0	0	0	0	0	0	0	0	0	0	0	0	0	0	0	0	0	0	0	0	0	0	0	0	0	0	0
1789546997511	100823	4525	7	288	12	0	0	3	0	0	0	0	26.103515625	26.103515625	0	0	0	0	90.307617188	90.307617188	0	0	0	0	0	0	0	0	0	0	0	0	0	0	0	0	0	0	0	0	0	0	0	0	0	0	0	0	0	0	0	0	0	0	0	0	0	0	0	0	0	0	0	0	0	0	0	0
1789546997537	100845	4526	7	288	12	0	0	3	0	0	0	0	26.103515625	26.103515625	0	0	0	0	90.307617188	90.307617188	0	0	0	0	0	0	0	0	0	0	0	0	0	0	0	0	0	0	0	0	0	0	0	0	0	0	0	0	0	0	0	0	0	0	0	0	0	0	0	0	0	0	0	0	0	0	0	0
1789546997557	100867	4527	7	288	12	0	0	3	0	0	0	0	26.103515625	26.103515625	0	0	0	0	90.307617188	90.307617188	0	0	0	0	0	0	0	0	0	0	0	0	0	0	0	0	0	0	0	0	0	0	0	0	0	0	0	0	0	0	0	0	0	0	0	0	0	0	0	0	0	0	0	0	0	0	0	0
1789546997577	100889	4528	7	288	12	0	0	3	0	0	0	0	26.103515625	26.103515625	0	0	0	0	90.307617188	90.307617188	0	0	0	0	0	0	0	0	0	0	0	0	0	0	0	0	0	0	0	0	0	0	0	0	0	0	0	0	0	0	0	0	0	0	0	0	0	0	0	0	0	0	0	0	0	0	0	0
1789546997604	100911	4529	7	288	12	0	0	3	0	0	0	0	26.103515625	26.103515625	0	0	0	0	90.307617188	90.307617188	0	0	0	0	0	0	0	0	0	0	0	0	0	0	0	0	0	0	0	0	0	0	0	0	0	0	0	0	0	0	0	0	0	0	0	0	0	0	0	0	0	0	0	0	0	0	0	0
1789546997624	100933	4530	7	288	12	0	0	3	0	0	0	0	26.103515625	26.103515625	0	0	0	0	90.307617188	90.307617188	0	0	0	0	0	0	0	0	0	0	0	0	0	0	0	0	0	0	0	0	0	0	0	0	0	0	0	0	0	0	0	0	0	0	0	0	0	0	0	0	0	0	0	0	0	0	0	0
1789546997644	100955	4531	7	288	12	0	0	3	0	0	0	0	26.103515625	26.103515625	0	0	0	0	90.307617188	90.307617188	0	0	0	0	0	0	0	0	0	0	0	0	0	0	0	0	0	0	0	0	0	0	0	0	0	0	0	0	0	0	0	0	0	0	0	0	0	0	0	0	0	0	0	0	0	0	0	0
1789546997671	100977	4532	7	288	12	0	0	3	0	0	0	0	26.103515625	26.103515625	0	0	0	0	90.307617188	90.307617188	0	0	0	0	0	0	0	0	0	0	0	0	0	0	0	0	0	0	0	0	0	0	0	0	0	0	0	0	0	0	0	0	0	0	0	0	0	0	0	0	0	0	0	0	0	0	0	0
1789546997691	100999	4533	7	288	12	0	0	3	0	0	0	0	26.103515625	26.103515625	0	0	0	0	90.307617188	90.307617188	0	0	0	0	0	0	0	0	0	0	0	0	0	0	0	0	0	0	0	0	0	0	0	0	0	0	0	0	0	0	0	0	0	0	0	0	0	0	0	0	0	0	0	0	0	0	0	0
1789546997711	101021	4534	7	288	12	0	0	3	0	0	0	0	26.103515625	26.103515625	0	0	0	0	90.307617188	90.307617188	0	0	0	0	0	0	0	0	0	0	0	0	0	0	0	0	0	0	0	0	0	0	0	0	0	0	0	0	0	0	0	0	0	0	0	0	0	0	0	0	0	0	0	0	0	0	0	0
1789546997731	101043	4535	7	288	12	0	0	3	0	0	0	0	26.103515625	26.103515625	0	0	0	0	90.307617188	90.307617188	0	0	0	0	0	0	0	0	0	0	0	0	0	0	0	0	0	0	0	0	0	0	0	0	0	0	0	0	0	0	0	0	0	0	0	0	0	0	0	0	0	0	0	0	0	0	0	0
1789546997756	101065	4536	7	288	12	0	0	3	0	0	0	0	26.147460938	26.147460938	0	0	0	0	90.307617188	90.307617188	0	0	0	0	0	0	0	0	0	0	0	0	0	0	0	0	0	0	0	0	0	0	0	0	0	0	0	0	0	0	0	0	0	0	0	0	0	0	0	0	0	0	0	0	0	0	0	0
1789546997775	101087	4537	7	288	12	0	0	3	0	0	0	0	26.103515625	26.103515625	0	0	0	0	90.307617188	90.307617188	0	0	0	0	0	0	0	0	0	0	0	0	0	0	0	0	0	0	0	0	0	0	0	0	0	0	0	0	0	0	0	0	0	0	0	0	0	0	0	0	0	0	0	0	0	0	0	0
1789546997801	101109	4538	7	288	12	0	0	3	0	0	0	0	26.103515625	26.103515625	0	0	0	0	90.307617188	90.307617188	0	0	0	0	0	0	0	0	0	0	0	0	0	0	0	0	0	0	0	0	0	0	0	0	0	0	0	0	0	0	0	0	0	0	0	0	0	0	0	0	0	0	0	0	0	0	0	0
1789546997820	101131	4539	7	288	12	0	0	3	0	0	0	0	26.103515625	26.103515625	0	0	0	0	90.307617188	90.307617188	0	0	0	0	0	0	0	0	0	0	0	0	0	0	0	0	0	0	0	0	0	0	0	0	0	0	0	0	0	0	0	0	0	0	0	0	0	0	0	0	0	0	0	0	0	0	0	0
1789546997846	101153	4540	7	288	12	0	0	3	0	0	0	0	26.103515625	26.103515625	0	0	0	0	90.307617188	90.307617188	0	0	0	0	0	0	0	0	0	0	0	0	0	0	0	0	0	0	0	0	0	0	0	0	0	0	0	0	0	0	0	0	0	0	0	0	0	0	0	0	0	0	0	0	0	0	0	0
1789546997866	101175	4541	7	288	12	0	0	3	0	0	0	0	26.103515625	26.103515625	0	0	0	0	90.307617188	90.307617188	0	0	0	0	0	0	0	0	0	0	0	0	0	0	0	0	0	0	0	0	0	0	0	0	0	0	0	0	0	0	0	0	0	0	0	0	0	0	0	0	0	0	0	0	0	0	0	0
1789546997887	101197	4542	7	288	12	0	0	3	0	0	0	0	26.103515625	26.103515625	0	0	0	0	90.307617188	90.307617188	0	0	0	0	0	0	0	0	0	0	0	0	0	0	0	0	0	0	0	0	0	0	0	0	0	0	0	0	0	0	0	0	0	0	0	0	0	0	0	0	0	0	0	0	0	0	0	0
1789546997907	101219	4543	7	288	12	0	0	3	0	0	0	0	26.103515625	26.103515625	0	0	0	0	90.307617188	90.307617188	0	0	0	0	0	0	0	0	0	0	0	0	0	0	0	0	0	0	0	0	0	0	0	0	0	0	0	0	0	0	0	0	0	0	0	0	0	0	0	0	0	0	0	0	0	0	0	0
1789546997933	101241	4544	7	288	12	0	0	3	0	0	0	0	26.103515625	26.103515625	0	0	0	0	90.307617188	90.307617188	0	0	0	0	0	0	0	0	0	0	0	0	0	0	0	0	0	0	0	0	0	0	0	0	0	0	0	0	0	0	0	0	0	0	0	0	0	0	0	0	0	0	0	0	0	0	0	0
1789546997951	101263	4545	7	288	12	0	0	3	0	0	0	0	26.103515625	26.103515625	0	0	0	0	90.307617188	90.307617188	0	0	0	0	0	0	0	0	0	0	0	0	0	0	0	0	0	0	0	0	0	0	0	0	0	0	0	0	0	0	0	0	0	0	0	0	0	0	0	0	0	0	0	0	0	0	0	0
1789546997976	101285	4546	7	288	12	0	0	3	0	0	0	0	26.103515625	26.103515625	0	0	0	0	90.307617188	90.307617188	0	0	0	0	0	0	0	0	0	0	0	0	0	0	0	0	0	0	0	0	0	0	0	0	0	0	0	0	0	0	0	0	0	0	0	0	0	0	0	0	0	0	0	0	0	0	0	0
1789546997994	101307	4547	7	288	12	0	0	3	0	0	0	0	26.103515625	26.103515625	0	0	0	0	90.307617188	90.307617188	0	0	0	0	0	0	0	0	0	0	0	0	0	0	0	0	0	0	0	0	0	0	0	0	0	0	0	0	0	0	0	0	0	0	0	0	0	0	0	0	0	0	0	0	0	0	0	0
1789546998022	101329	4548	7	288	12	0	0	3	0	0	0	0	26.103515625	26.103515625	0	0	0	0	90.307617188	90.307617188	0	0	0	0	0	0	0	0	0	0	0	0	0	0	0	0	0	0	0	0	0	0	0	0	0	0	0	0	0	0	0	0	0	0	0	0	0	0	0	0	0	0	0	0	0	0	0	0
1789546998042	101351	4549	7	288	12	0	0	3	0	0	0	0	26.103515625	26.103515625	0	0	0	0	90.307617188	90.307617188	0	0	0	0	0	0	0	0	0	0	0	0	0	0	0	0	0	0	0	0	0	0	0	0	0	0	0	0	0	0	0	0	0	0	0	0	0	0	0	0	0	0	0	0	0	0	0	0
1789546998062	101373	4550	7	288	12	0	0	3	0	0	0	0	26.103515625	26.103515625	0	0	0	0	90.307617188	90.307617188	0	0	0	0	0	0	0	0	0	0	0	0	0	0	0	0	0	0	0	0	0	0	0	0	0	0	0	0	0	0	0	0	0	0	0	0	0	0	0	0	0	0	0	0	0	0	0	0
1789546998088	101395	4551	7	288	12	0	0	3	0	0	0	0	26.103515625	26.103515625	0	0	0	0	90.307617188	90.307617188	0	0	0	0	0	0	0	0	0	0	0	0	0	0	0	0	0	0	0	0	0	0	0	0	0	0	0	0	0	0	0	0	0	0	0	0	0	0	0	0	0	0	0	0	0	0	0	0
1789546998108	101417	4552	7	288	12	0	0	3	0	0	0	0	26.103515625	26.103515625	0	0	0	0	90.307617188	90.307617188	0	0	0	0	0	0	0	0	0	0	0	0	0	0	0	0	0	0	0	0	0	0	0	0	0	0	0	0	0	0	0	0	0	0	0	0	0	0	0	0	0	0	0	0	0	0	0	0
1789546998129	101439	4553	7	288	12	0	0	3	0	0	0	0	26.103515625	26.103515625	0	0	0	0	90.307617188	90.307617188	0	0	0	0	0	0	0	0	0	0	0	0	0	0	0	0	0	0	0	0	0	0	0	0	0	0	0	0	0	0	0	0	0	0	0	0	0	0	0	0	0	0	0	0	0	0	0	0
1789546998148	101461	4554	7	288	12	0	0	3	0	0	0	0	26.103515625	26.103515625	0	0	0	0	90.307617188	90.307617188	0	0	0	0	0	0	0	0	0	0	0	0	0	0	0	0	0	0	0	0	0	0	0	0	0	0	0	0	0	0	0	0	0	0	0	0	0	0	0	0	0	0	0	0	0	0	0	0
1789546998175	101483	4555	7	288	12	0	0	3	0	0	0	0	26.103515625	26.103515625	0	0	0	0	90.307617188	90.307617188	0	0	0	0	0	0	0	0	0	0	0	0	0	0	0	0	0	0	0	0	0	0	0	0	0	0	0	0	0	0	0	0	0	0	0	0	0	0	0	0	0	0	0	0	0	0	0	0
1789546998194	101505	4556	7	288	12	0	0	3	0	0	0	0	26.103515625	26.103515625	0	0	0	0	90.307617188	90.307617188	0	0	0	0	0	0	0	0	0	0	0	0	0	0	0	0	0	0	0	0	0	0	0	0	0	0	0	0	0	0	0	0	0	0	0	0	0	0	0	0	0	0	0	0	0	0	0	0
1789546998221	101527	4557	7	288	12	0	0	3	0	0	0	0	26.103515625	26.103515625	0	0	0	0	90.307617188	90.307617188	0	0	0	0	0	0	0	0	0	0	0	0	0	0	0	0	0	0	0	0	0	0	0	0	0	0	0	0	0	0	0	0	0	0	0	0	0	0	0	0	0	0	0	0	0	0	0	0
1789546998240	101549	4558	7	288	12	0	0	3	0	0	0	0	26.103515625	26.103515625	0	0	0	0	90.307617188	90.307617188	0	0	0	0	0	0	0	0	0	0	0	0	0	0	0	0	0	0	0	0	0	0	0	0	0	0	0	0	0	0	0	0	0	0	0	0	0	0	0	0	0	0	0	0	0	0	0	0
1789546998260	101571	4559	7	288	12	0	0	3	0	0	0	0	26.103515625	26.103515625	0	0	0	0	90.307617188	90.307617188	0	0	0	0	0	0	0	0	0	0	0	0	0	0	0	0	0	0	0	0	0	0	0	0	0	0	0	0	0	0	0	0	0	0	0	0	0	0	0	0	0	0	0	0	0	0	0	0
1789546998287	101593	4560	7	288	12	0	0	3	0	0	0	0	26.103515625	26.103515625	0	0	0	0	90.3515625	90.3515625	0	0	0	0	0	0	0	0	0	0	0	0	0	0	0	0	0	0	0	0	0	0	0	0	0	0	0	0	0	0	0	0	0	0	0	0	0	0	0	0	0	0	0	0	0	0	0	0
1789546998307	101615	4561	7	288	12	0	0	3	0	0	0	0	26.103515625	26.103515625	0	0	0	0	90.307617188	90.307617188	0	0	0	0	0	0	0	0	0	0	0	0	0	0	0	0	0	0	0	0	0	0	0	0	0	0	0	0	0	0	0	0	0	0	0	0	0	0	0	0	0	0	0	0	0	0	0	0
1789546998326	101637	4562	7	288	12	0	0	3	0	0	0	0	26.103515625	26.103515625	0	0	0	0	90.307617188	90.307617188	0	0	0	0	0	0	0	0	0	0	0	0	0	0	0	0	0	0	0	0	0	0	0	0	0	0	0	0	0	0	0	0	0	0	0	0	0	0	0	0	0	0	0	0	0	0	0	0
1789546998346	101659	4563	7	288	12	0	0	3	0	0	0	0	26.103515625	26.103515625	0	0	0	0	90.307617188	90.307617188	0	0	0	0	0	0	0	0	0	0	0	0	0	0	0	0	0	0	0	0	0	0	0	0	0	0	0	0	0	0	0	0	0	0	0	0	0	0	0	0	0	0	0	0	0	0	0	0
1789546998373	101681	4564	7	288	12	0	0	3	0	0	0	0	26.103515625	26.103515625	0	0	0	0	90.307617188	90.307617188	0	0	0	0	0	0	0	0	0	0	0	0	0	0	0	0	0	0	0	0	0	0	0	0	0	0	0	0	0	0	0	0	0	0	0	0	0	0	0	0	0	0	0	0	0	0	0	0
1789546998393	101703	4565	7	288	12	0	0	3	0	0	0	0	26.103515625	26.103515625	0	0	0	0	90.307617188	90.307617188	0	0	0	0	0	0	0	0	0	0	0	0	0	0	0	0	0	0	0	0	0	0	0	0	0	0	0	0	0	0	0	0	0	0	0	0	0	0	0	0	0	0	0	0	0	0	0	0
1789546998414	101725	4566	7	288	12	0	0	3	0	0	0	0	26.103515625	26.103515625	0	0	0	0	90.307617188	90.307617188	0	0	0	0	0	0	0	0	0	0	0	0	0	0	0	0	0	0	0	0	0	0	0	0	0	0	0	0	0	0	0	0	0	0	0	0	0	0	0	0	0	0	0	0	0	0	0	0
1789546998441	101747	4567	7	288	12	0	0	3	0	0	0	0	26.103515625	26.103515625	0	0	0	0	90.307617188	90.307617188	0	0	0	0	0	0	0	0	0	0	0	0	0	0	0	0	0	0	0	0	0	0	0	0	0	0	0	0	0	0	0	0	0	0	0	0	0	0	0	0	0	0	0	0	0	0	0	0
1789546998461	101769	4568	7	288	12	0	0	3	0	0	0	0	26.103515625	26.103515625	0	0	0	0	90.307617188	90.307617188	0	0	0	0	0	0	0	0	0	0	0	0	0	0	0	0	0	0	0	0	0	0	0	0	0	0	0	0	0	0	0	0	0	0	0	0	0	0	0	0	0	0	0	0	0	0	0	0
1789546998481	101791	4569	7	288	12	0	0	3	0	0	0	0	26.103515625	26.103515625	0	0	0	0	90.307617188	90.307617188	0	0	0	0	0	0	0	0	0	0	0	0	0	0	0	0	0	0	0	0	0	0	0	0	0	0	0	0	0	0	0	0	0	0	0	0	0	0	0	0	0	0	0	0	0	0	0	0
1789546998501	101813	4570	7	288	12	0	0	3	0	0	0	0	26.103515625	26.103515625	0	0	0	0	90.307617188	90.307617188	0	0	0	0	0	0	0	0	0	0	0	0	0	0	0	0	0	0	0	0	0	0	0	0	0	0	0	0	0	0	0	0	0	0	0	0	0	0	0	0	0	0	0	0	0	0	0	0
1789546998527	101835	4571	7	288	12	0	0	3	0	0	0	0	26.103515625	26.103515625	0	0	0	0	90.307617188	90.307617188	0	0	0	0	0	0	0	0	0	0	0	0	0	0	0	0	0	0	0	0	0	0	0	0	0	0	0	0	0	0	0	0	0	0	0	0	0	0	0	0	0	0	0	0	0	0	0	0
1789546998547	101857	4572	7	288	12	0	0	3	0	0	0	0	26.103515625	26.103515625	0	0	0	0	90.307617188	90.307617188	0	0	0	0	0	0	0	0	0	0	0	0	0	0	0	0	0	0	0	0	0	0	0	0	0	0	0	0	0	0	0	0	0	0	0	0	0	0	0	0	0	0	0	0	0	0	0	0
1789546998566	101879	4573	7	288	12	0	0	3	0	0	0	0	26.103515625	26.103515625	0	0	0	0	90.307617188	90.307617188	0	0	0	0	0	0	0	0	0	0	0	0	0	0	0	0	0	0	0	0	0	0	0	0	0	0	0	0	0	0	0	0	0	0	0	0	0	0	0	0	0	0	0	0	0	0	0	0
1789546998593	101901	4574	7	288	12	0	0	3	0	0	0	0	26.103515625	26.103515625	0	0	0	0	90.307617188	90.307617188	0	0	0	0	0	0	0	0	0	0	0	0	0	0	0	0	0	0	0	0	0	0	0	0	0	0	0	0	0	0	0	0	0	0	0	0	0	0	0	0	0	0	0	0	0	0	0	0
1789546998613	101923	4575	7	288	12	0	0	3	0	0	0	0	26.103515625	26.103515625	0	0	0	0	90.307617188	90.307617188	0	0	0	0	0	0	0	0	0	0	0	0	0	0	0	0	0	0	0	0	0	0	0	0	0	0	0	0	0	0	0	0	0	0	0	0	0	0	0	0	0	0	0	0	0	0	0	0
1789546998632	101945	4576	7	288	12	0	0	3	0	0	0	0	26.103515625	26.103515625	0	0	0	0	90.307617188	90.307617188	0	0	0	0	0	0	0	0	0	0	0	0	0	0	0	0	0	0	0	0	0	0	0	0	0	0	0	0	0	0	0	0	0	0	0	0	0	0	0	0	0	0	0	0	0	0	0	0
1789546998659	101967	4577	7	288	12	0	0	3	0	0	0	0	26.103515625	26.103515625	0	0	0	0	90.307617188	90.307617188	0	0	0	0	0	0	0	0	0	0	0	0	0	0	0	0	0	0	0	0	0	0	0	0	0	0	0	0	0	0	0	0	0	0	0	0	0	0	0	0	0	0	0	0	0	0	0	0
1789546998678	101989	4578	7	288	12	0	0	3	0	0	0	0	26.103515625	26.103515625	0	0	0	0	90.307617188	90.307617188	0	0	0	0	0	0	0	0	0	0	0	0	0	0	0	0	0	0	0	0	0	0	0	0	0	0	0	0	0	0	0	0	0	0	0	0	0	0	0	0	0	0	0	0	0	0	0	0
1789546998705	102011	4579	7	288	12	0	0	3	0	0	0	0	26.103515625	26.103515625	0	0	0	0	90.307617188	90.307617188	0	0	0	0	0	0	0	0	0	0	0	0	0	0	0	0	0	0	0	0	0	0	0	0	0	0	0	0	0	0	0	0	0	0	0	0	0	0	0	0	0	0	0	0	0	0	0	0
1789546998725	102033	4580	7	288	12	0	0	3	0	0	0	0	26.103515625	26.103515625	0	0	0	0	90.307617188	90.307617188	0	0	0	0	0	0	0	0	0	0	0	0	0	0	0	0	0	0	0	0	0	0	0	0	0	0	0	0	0	0	0	0	0	0	0	0	0	0	0	0	0	0	0	0	0	0	0	0
1789546998745	102055	4581	7	288	12	0	0	3	0	0	0	0	26.103515625	26.103515625	0	0	0	0	90.307617188	90.307617188	0	0	0	0	0	0	0	0	0	0	0	0	0	0	0	0	0	0	0	0	0	0	0	0	0	0	0	0	0	0	0	0	0	0	0	0	0	0	0	0	0	0	0	0	0	0	0	0
1789546998764	102077	4582	7	288	12	0	0	3	0	0	0	0	26.103515625	26.103515625	0	0	0	0	90.307617188	90.307617188	0	0	0	0	0	0	0	0	0	0	0	0	0	0	0	0	0	0	0	0	0	0	0	0	0	0	0	0	0	0	0	0	0	0	0	0	0	0	0	0	0	0	0	0	0	0	0	0
1789546998791	102099	4583	7	288	12	0	0	3	0	0	0	0	26.103515625	26.103515625	0	0	0	0	90.307617188	90.307617188	0	0	0	0	0	0	0	0	0	0	0	0	0	0	0	0	0	0	0	0	0	0	0	0	0	0	0	0	0	0	0	0	0	0	0	0	0	0	0	0	0	0	0	0	0	0	0	0
1789546998810	102121	4584	7	288	12	0	0	3	0	0	0	0	26.103515625	26.103515625	0	0	0	0	90.307617188	90.307617188	0	0	0	0	0	0	0	0	0	0	0	0	0	0	0	0	0	0	0	0	0	0	0	0	0	0	0	0	0	0	0	0	0	0	0	0	0	0	0	0	0	0	0	0	0	0	0	0
1789546998837	102143	4585	7	288	12	0	0	3	0	0	0	0	26.103515625	26.103515625	0	0	0	0	90.307617188	90.307617188	0	0	0	0	0	0	0	0	0	0	0	0	0	0	0	0	0	0	0	0	0	0	0	0	0	0	0	0	0	0	0	0	0	0	0	0	0	0	0	0	0	0	0	0	0	0	0	0
1789546998857	102165	4586	7	288	12	0	0	3	0	0	0	0	26.103515625	26.103515625	0	0	0	0	90.307617188	90.307617188	0	0	0	0	0	0	0	0	0	0	0	0	0	0	0	0	0	0	0	0	0	0	0	0	0	0	0	0	0	0	0	0	0	0	0	0	0	0	0	0	0	0	0	0	0	0	0	0
1789546998877	102187	4587	7	288	12	0	0	3	0	0	0	0	26.103515625	26.103515625	0	0	0	0	90.307617188	90.307617188	0	0	0	0	0	0	0	0	0	0	0	0	0	0	0	0	0	0	0	0	0	0	0	0	0	0	0	0	0	0	0	0	0	0	0	0	0	0	0	0	0	0	0	0	0	0	0	0
1789546998897	102209	4588	7	288	12	0	0	3	0	0	0	0	26.103515625	26.103515625	0	0	0	0	90.307617188	90.307617188	0	0	0	0	0	0	0	0	0	0	0	0	0	0	0	0	0	0	0	0	0	0	0	0	0	0	0	0	0	0	0	0	0	0	0	0	0	0	0	0	0	0	0	0	0	0	0	0
1789546998923	102231	4589	7	288	12	0	0	3	0	0	0	0	26.103515625	26.103515625	0	0	0	0	90.307617188	90.307617188	0	0	0	0	0	0	0	0	0	0	0	0	0	0	0	0	0	0	0	0	0	0	0	0	0	0	0	0	0	0	0	0	0	0	0	0	0	0	0	0	0	0	0	0	0	0	0	0
1789546998943	102253	4590	7	288	12	0	0	3	0	0	0	0	26.103515625	26.103515625	0	0	0	0	90.307617188	90.307617188	0	0	0	0	0	0	0	0	0	0	0	0	0	0	0	0	0	0	0	0	0	0	0	0	0	0	0	0	0	0	0	0	0	0	0	0	0	0	0	0	0	0	0	0	0	0	0	0
1789546998963	102275	4591	7	288	12	0	0	3	0	0	0	0	26.103515625	26.103515625	0	0	0	0	90.307617188	90.307617188	0	0	0	0	0	0	0	0	0	0	0	0	0	0	0	0	0	0	0	0	0	0	0	0	0	0	0	0	0	0	0	0	0	0	0	0	0	0	0	0	0	0	0	0	0	0	0	0
1789546998989	102297	4592	7	288	12	0	0	3	0	0	0	0	26.103515625	26.103515625	0	0	0	0	90.307617188	90.307617188	0	0	0	0	0	0	0	0	0	0	0	0	0	0	0	0	0	0	0	0	0	0	0	0	0	0	0	0	0	0	0	0	0	0	0	0	0	0	0	0	0	0	0	0	0	0	0	0
1789546999009	102319	4593	7	288	12	0	0	3	0	0	0	0	26.103515625	26.103515625	0	0	0	0	90.307617188	90.307617188	0	0	0	0	0	0	0	0	0	0	0	0	0	0	0	0	0	0	0	0	0	0	0	0	0	0	0	0	0	0	0	0	0	0	0	0	0	0	0	0	0	0	0	0	0	0	0	0
1789546999029	102341	4594	7	288	12	0	0	3	0	0	0	0	26.103515625	26.103515625	0	0	0	0	90.307617188	90.307617188	0	0	0	0	0	0	0	0	0	0	0	0	0	0	0	0	0	0	0	0	0	0	0	0	0	0	0	0	0	0	0	0	0	0	0	0	0	0	0	0	0	0	0	0	0	0	0	0
1789546999056	102363	4595	7	288	12	0	0	3	0	0	0	0	26.103515625	26.103515625	0	0	0	0	90.307617188	90.307617188	0	0	0	0	0	0	0	0	0	0	0	0	0	0	0	0	0	0	0	0	0	0	0	0	0	0	0	0	0	0	0	0	0	0	0	0	0	0	0	0	0	0	0	0	0	0	0	0
1789546999075	102385	4596	7	288	12	0	0	3	0	0	0	0	26.103515625	26.103515625	0	0	0	0	90.307617188	90.307617188	0	0	0	0	0	0	0	0	0	0	0	0	0	0	0	0	0	0	0	0	0	0	0	0	0	0	0	0	0	0	0	0	0	0	0	0	0	0	0	0	0	0	0	0	0	0	0	0
1789546999095	102407	4597	7	288	12	0	0	3	0	0	0	0	26.103515625	26.103515625	0	0	0	0	90.307617188	90.307617188	0	0	0	0	0	0	0	0	0	0	0	0	0	0	0	0	0	0	0	0	0	0	0	0	0	0	0	0	0	0	0	0	0	0	0	0	0	0	0	0	0	0	0	0	0	0	0	0
1789546999122	102429	4598	7	288	12	0	0	3	0	0	0	0	26.103515625	26.103515625	0	0	0	0	90.307617188	90.307617188	0	0	0	0	0	0	0	0	0	0	0	0	0	0	0	0	0	0	0	0	0	0	0	0	0	0	0	0	0	0	0	0	0	0	0	0	0	0	0	0	0	0	0	0	0	0	0	0
1789546999141	102451	4599	7	288	12	0	0	3	0	0	0	0	26.103515625	26.103515625	0	0	0	0	90.307617188	90.307617188	0	0	0	0	0	0	0	0	0	0	0	0	0	0	0	0	0	0	0	0	0	0	0	0	0	0	0	0	0	0	0	0	0	0	0	0	0	0	0	0	0	0	0	0	0	0	0	0
1789546999161	102473	4600	7	288	12	0	0	3	0	0	0	0	26.103515625	26.103515625	0	0	0	0	90.307617188	90.307617188	0	0	0	0	0	0	0	0	0	0	0	0	0	0	0	0	0	0	0	0	0	0	0	0	0	0	0	0	0	0	0	0	0	0	0	0	0	0	0	0	0	0	0	0	0	0	0	0
1789546999188	102495	4601	7	288	12	0	0	3	0	0	0	0	26.103515625	26.103515625	0	0	0	0	90.307617188	90.307617188	0	0	0	0	0	0	0	0	0	0	0	0	0	0	0	0	0	0	0	0	0	0	0	0	0	0	0	0	0	0	0	0	0	0	0	0	0	0	0	0	0	0	0	0	0	0	0	0
1789546999208	102517	4602	7	288	12	0	0	3	0	0	0	0	26.103515625	26.103515625	0	0	0	0	90.307617188	90.307617188	0	0	0	0	0	0	0	0	0	0	0	0	0	0	0	0	0	0	0	0	0	0	0	0	0	0	0	0	0	0	0	0	0	0	0	0	0	0	0	0	0	0	0	0	0	0	0	0
1789546999228	102539	4603	7	288	12	0	0	3	0	0	0	0	26.103515625	26.103515625	0	0	0	0	90.307617188	90.307617188	0	0	0	0	0	0	0	0	0	0	0	0	0	0	0	0	0	0	0	0	0	0	0	0	0	0	0	0	0	0	0	0	0	0	0	0	0	0	0	0	0	0	0	0	0	0	0	0
1789546999254	102561	4604	7	288	12	0	0	3	0	0	0	0	26.103515625	26.103515625	0	0	0	0	90.307617188	90.307617188	0	0	0	0	0	0	0	0	0	0	0	0	0	0	0	0	0	0	0	0	0	0	0	0	0	0	0	0	0	0	0	0	0	0	0	0	0	0	0	0	0	0	0	0	0	0	0	0
1789546999274	102583	4605	7	288	12	0	0	3	0	0	0	0	26.103515625	26.103515625	0	0	0	0	90.307617188	90.307617188	0	0	0	0	0	0	0	0	0	0	0	0	0	0	0	0	0	0	0	0	0	0	0	0	0	0	0	0	0	0	0	0	0	0	0	0	0	0	0	0	0	0	0	0	0	0	0	0
1789546999293	102605	4606	7	288	12	0	0	3	0	0	0	0	26.103515625	26.103515625	0	0	0	0	90.307617188	90.307617188	0	0	0	0	0	0	0	0	0	0	0	0	0	0	0	0	0	0	0	0	0	0	0	0	0	0	0	0	0	0	0	0	0	0	0	0	0	0	0	0	0	0	0	0	0	0	0	0
1789546999320	102627	4607	7	288	12	0	0	3	0	0	0	0	26.103515625	26.103515625	0	0	0	0	90.307617188	90.307617188	0	0	0	0	0	0	0	0	0	0	0	0	0	0	0	0	0	0	0	0	0	0	0	0	0	0	0	0	0	0	0	0	0	0	0	0	0	0	0	0	0	0	0	0	0	0	0	0
1789546999340	102649	4608	7	288	12	0	0	3	0	0	0	0	26.103515625	26.103515625	0	0	0	0	90.307617188	90.307617188	0	0	0	0	0	0	0	0	0	0	0	0	0	0	0	0	0	0	0	0	0	0	0	0	0	0	0	0	0	0	0	0	0	0	0	0	0	0	0	0	0	0	0	0	0	0	0	0
1789546999360	102671	4609	7	288	12	0	0	3	0	0	0	0	26.103515625	26.103515625	0	0	0	0	90.307617188	90.307617188	0	0	0	0	0	0	0	0	0	0	0	0	0	0	0	0	0	0	0	0	0	0	0	0	0	0	0	0	0	0	0	0	0	0	0	0	0	0	0	0	0	0	0	0	0	0	0	0
1789546999386	102693	4610	7	288	12	0	0	3	0	0	0	0	26.103515625	26.103515625	0	0	0	0	90.307617188	90.307617188	0	0	0	0	0	0	0	0	0	0	0	0	0	0	0	0	0	0	0	0	0	0	0	0	0	0	0	0	0	0	0	0	0	0	0	0	0	0	0	0	0	0	0	0	0	0	0	0
1789546999406	102715	4611	7	288	12	0	0	3	0	0	0	0	26.103515625	26.103515625	0	0	0	0	90.307617188	90.307617188	0	0	0	0	0	0	0	0	0	0	0	0	0	0	0	0	0	0	0	0	0	0	0	0	0	0	0	0	0	0	0	0	0	0	0	0	0	0	0	0	0	0	0	0	0	0	0	0
1789546999426	102737	4612	7	288	12	0	0	3	0	0	0	0	26.103515625	26.103515625	0	0	0	0	90.307617188	90.307617188	0	0	0	0	0	0	0	0	0	0	0	0	0	0	0	0	0	0	0	0	0	0	0	0	0	0	0	0	0	0	0	0	0	0	0	0	0	0	0	0	0	0	0	0	0	0	0	0
1789546999452	102759	4613	7	288	12	0	0	3	0	0	0	0	26.103515625	26.103515625	0	0	0	0	90.307617188	90.307617188	0	0	0	0	0	0	0	0	0	0	0	0	0	0	0	0	0	0	0	0	0	0	0	0	0	0	0	0	0	0	0	0	0	0	0	0	0	0	0	0	0	0	0	0	0	0	0	0
1789546999472	102781	4614	7	288	12	0	0	3	0	0	0	0	26.103515625	26.103515625	0	0	0	0	90.307617188	90.307617188	0	0	0	0	0	0	0	0	0	0	0	0	0	0	0	0	0	0	0	0	0	0	0	0	0	0	0	0	0	0	0	0	0	0	0	0	0	0	0	0	0	0	0	0	0	0	0	0
1789546999492	102803	4615	7	288	12	0	0	3	0	0	0	0	26.103515625	26.103515625	0	0	0	0	90.307617188	90.307617188	0	0	0	0	0	0	0	0	0	0	0	0	0	0	0	0	0	0	0	0	0	0	0	0	0	0	0	0	0	0	0	0	0	0	0	0	0	0	0	0	0	0	0	0	0	0	0	0
1789546999518	102825	4616	7	288	12	0	0	3	0	0	0	0	26.103515625	26.103515625	0	0	0	0	90.307617188	90.307617188	0	0	0	0	0	0	0	0	0	0	0	0	0	0	0	0	0	0	0	0	0	0	0	0	0	0	0	0	0	0	0	0	0	0	0	0	0	0	0	0	0	0	0	0	0	0	0	0
1789546999538	102847	4617	7	288	12	0	0	3	0	0	0	0	26.103515625	26.103515625	0	0	0	0	90.307617188	90.307617188	0	0	0	0	0	0	0	0	0	0	0	0	0	0	0	0	0	0	0	0	0	0	0	0	0	0	0	0	0	0	0	0	0	0	0	0	0	0	0	0	0	0	0	0	0	0	0	0
1789546999558	102869	4618	7	288	12	0	0	3	0	0	0	0	26.103515625	26.103515625	0	0	0	0	90.307617188	90.307617188	0	0	0	0	0	0	0	0	0	0	0	0	0	0	0	0	0	0	0	0	0	0	0	0	0	0	0	0	0	0	0	0	0	0	0	0	0	0	0	0	0	0	0	0	0	0	0	0
1789546999584	102891	4619	7	288	12	0	0	3	0	0	0	0	26.103515625	26.103515625	0	0	0	0	90.307617188	90.307617188	0	0	0	0	0	0	0	0	0	0	0	0	0	0	0	0	0	0	0	0	0	0	0	0	0	0	0	0	0	0	0	0	0	0	0	0	0	0	0	0	0	0	0	0	0	0	0	0
1789546999604	102913	4620	7	288	12	0	0	3	0	0	0	0	26.103515625	26.103515625	0	0	0	0	90.307617188	90.307617188	0	0	0	0	0	0	0	0	0	0	0	0	0	0	0	0	0	0	0	0	0	0	0	0	0	0	0	0	0	0	0	0	0	0	0	0	0	0	0	0	0	0	0	0	0	0	0	0
1789546999624	102935	4621	7	288	12	0	0	3	0	0	0	0	26.103515625	26.103515625	0	0	0	0	90.307617188	90.307617188	0	0	0	0	0	0	0	0	0	0	0	0	0	0	0	0	0	0	0	0	0	0	0	0	0	0	0	0	0	0	0	0	0	0	0	0	0	0	0	0	0	0	0	0	0	0	0	0
1789546999650	102957	4622	7	288	12	0	0	3	0	0	0	0	26.103515625	26.103515625	0	0	0	0	90.307617188	90.307617188	0	0	0	0	0	0	0	0	0	0	0	0	0	0	0	0	0	0	0	0	0	0	0	0	0	0	0	0	0	0	0	0	0	0	0	0	0	0	0	0	0	0	0	0	0	0	0	0
1789546999670	102979	4623	7	288	12	0	0	3	0	0	0	0	26.103515625	26.103515625	0	0	0	0	90.307617188	90.307617188	0	0	0	0	0	0	0	0	0	0	0	0	0	0	0	0	0	0	0	0	0	0	0	0	0	0	0	0	0	0	0	0	0	0	0	0	0	0	0	0	0	0	0	0	0	0	0	0
1789546999690	103001	4624	7	288	12	0	0	3	0	0	0	0	26.103515625	26.103515625	0	0	0	0	90.307617188	90.307617188	0	0	0	0	0	0	0	0	0	0	0	0	0	0	0	0	0	0	0	0	0	0	0	0	0	0	0	0	0	0	0	0	0	0	0	0	0	0	0	0	0	0	0	0	0	0	0	0
1789546999717	103023	4625	7	288	12	0	0	3	0	0	0	0	26.103515625	26.103515625	0	0	0	0	90.307617188	90.307617188	0	0	0	0	0	0	0	0	0	0	0	0	0	0	0	0	0	0	0	0	0	0	0	0	0	0	0	0	0	0	0	0	0	0	0	0	0	0	0	0	0	0	0	0	0	0	0	0
1789546999736	103045	4626	7	288	12	0	0	3	0	0	0	0	26.103515625	26.103515625	0	0	0	0	90.307617188	90.307617188	0	0	0	0	0	0	0	0	0	0	0	0	0	0	0	0	0	0	0	0	0	0	0	0	0	0	0	0	0	0	0	0	0	0	0	0	0	0	0	0	0	0	0	0	0	0	0	0
1789546999756	103067	4627	7	288	12	0	0	3	0	0	0	0	26.103515625	26.103515625	0	0	0	0	90.307617188	90.307617188	0	0	0	0	0	0	0	0	0	0	0	0	0	0	0	0	0	0	0	0	0	0	0	0	0	0	0	0	0	0	0	0	0	0	0	0	0	0	0	0	0	0	0	0	0	0	0	0
1789546999783	103089	4628	7	288	12	0	0	3	0	0	0	0	26.103515625	26.103515625	0	0	0	0	90.307617188	90.307617188	0	0	0	0	0	0	0	0	0	0	0	0	0	0	0	0	0	0	0	0	0	0	0	0	0	0	0	0	0	0	0	0	0	0	0	0	0	0	0	0	0	0	0	0	0	0	0	0
1789546999803	103111	4629	7	288	12	0	0	3	0	0	0	0	26.103515625	26.103515625	0	0	0	0	90.307617188	90.307617188	0	0	0	0	0	0	0	0	0	0	0	0	0	0	0	0	0	0	0	0	0	0	0	0	0	0	0	0	0	0	0	0	0	0	0	0	0	0	0	0	0	0	0	0	0	0	0	0
1789546999823	103133	4630	7	288	12	0	0	3	0	0	0	0	26.103515625	26.103515625	0	0	0	0	90.307617188	90.307617188	0	0	0	0	0	0	0	0	0	0	0	0	0	0	0	0	0	0	0	0	0	0	0	0	0	0	0	0	0	0	0	0	0	0	0	0	0	0	0	0	0	0	0	0	0	0	0	0
1789546999842	103155	4631	7	288	12	0	0	3	0	0	0	0	26.103515625	26.103515625	0	0	0	0	90.307617188	90.307617188	0	0	0	0	0	0	0	0	0	0	0	0	0	0	0	0	0	0	0	0	0	0	0	0	0	0	0	0	0	0	0	0	0	0	0	0	0	0	0	0	0	0	0	0	0	0	0	0
1789546999869	103177	4632	7	288	12	0	0	3	0	0	0	0	26.103515625	26.103515625	0	0	0	0	90.307617188	90.307617188	0	0	0	0	0	0	0	0	0	0	0	0	0	0	0	0	0	0	0	0	0	0	0	0	0	0	0	0	0	0	0	0	0	0	0	0	0	0	0	0	0	0	0	0	0	0	0	0
1789546999889	103199	4633	7	288	12	0	0	3	0	0	0	0	26.103515625	26.103515625	0	0	0	0	90.307617188	90.307617188	0	0	0	0	0	0	0	0	0	0	0	0	0	0	0	0	0	0	0	0	0	0	0	0	0	0	0	0	0	0	0	0	0	0	0	0	0	0	0	0	0	0	0	0	0	0	0	0
1789546999908	103221	4634	7	288	12	0	0	3	0	0	0	0	26.103515625	26.103515625	0	0	0	0	90.307617188	90.307617188	0	0	0	0	0	0	0	0	0	0	0	0	0	0	0	0	0	0	0	0	0	0	0	0	0	0	0	0	0	0	0	0	0	0	0	0	0	0	0	0	0	0	0	0	0	0	0	0
1789546999935	103243	4635	7	288	12	0	0	3	0	0	0	0	26.103515625	26.103515625	0	0	0	0	90.307617188	90.307617188	0	0	0	0	0	0	0	0	0	0	0	0	0	0	0	0	0	0	0	0	0	0	0	0	0	0	0	0	0	0	0	0	0	0	0	0	0	0	0	0	0	0	0	0	0	0	0	0
1789546999955	103265	4636	7	288	12	0	0	3	0	0	0	0	26.103515625	26.103515625	0	0	0	0	90.307617188	90.307617188	0	0	0	0	0	0	0	0	0	0	0	0	0	0	0	0	0	0	0	0	0	0	0	0	0	0	0	0	0	0	0	0	0	0	0	0	0	0	0	0	0	0	0	0	0	0	0	0
1789546999975	103287	4637	7	288	12	0	0	3	0	0	0	0	26.103515625	26.103515625	0	0	0	0	90.307617188	90.307617188	0	0	0	0	0	0	0	0	0	0	0	0	0	0	0	0	0	0	0	0	0	0	0	0	0	0	0	0	0	0	0	0	0	0	0	0	0	0	0	0	0	0	0	0	0	0	0	0
1789547000001	103309	4638	7	288	12	0	0	3	0	0	0	0	26.103515625	26.103515625	0	0	0	0	90.307617188	90.307617188	0	0	0	0	0	0	0	0	0	0	0	0	0	0	0	0	0	0	0	0	0	0	0	0	0	0	0	0	0	0	0	0	0	0	0	0	0	0	0	0	0	0	0	0	0	0	0	0
1789547000021	103331	4639	7	288	12	0	0	3	0	0	0	0	26.103515625	26.103515625	0	0	0	0	90.307617188	90.307617188	0	0	0	0	0	0	0	0	0	0	0	0	0	0	0	0	0	0	0	0	0	0	0	0	0	0	0	0	0	0	0	0	0	0	0	0	0	0	0	0	0	0	0	0	0	0	0	0
1789547000041	103353	4640	7	288	12	0	0	3	0	0	0	0	26.103515625	26.103515625	0	0	0	0	90.307617188	90.307617188	0	0	0	0	0	0	0	0	0	0	0	0	0	0	0	0	0	0	0	0	0	0	0	0	0	0	0	0	0	0	0	0	0	0	0	0	0	0	0	0	0	0	0	0	0	0	0	0
1789547000067	103375	4641	7	288	12	0	0	3	0	0	0	0	26.103515625	26.103515625	0	0	0	0	90.307617188	90.307617188	0	0	0	0	0	0	0	0	0	0	0	0	0	0	0	0	0	0	0	0	0	0	0	0	0	0	0	0	0	0	0	0	0	0	0	0	0	0	0	0	0	0	0	0	0	0	0	0
1789547000087	103397	4642	7	288	12	0	0	3	0	0	0	0	26.103515625	26.103515625	0	0	0	0	90.307617188	90.307617188	0	0	0	0	0	0	0	0	0	0	0	0	0	0	0	0	0	0	0	0	0	0	0	0	0	0	0	0	0	0	0	0	0	0	0	0	0	0	0	0	0	0	0	0	0	0	0	0
1789547000107	103419	4643	7	288	12	0	0	3	0	0	0	0	26.103515625	26.103515625	0	0	0	0	90.307617188	90.307617188	0	0	0	0	0	0	0	0	0	0	0	0	0	0	0	0	0	0	0	0	0	0	0	0	0	0	0	0	0	0	0	0	0	0	0	0	0	0	0	0	0	0	0	0	0	0	0	0
1789547000133	103441	4644	7	288	12	0	0	3	0	0	0	0	26.103515625	26.103515625	0	0	0	0	90.307617188	90.307617188	0	0	0	0	0	0	0	0	0	0	0	0	0	0	0	0	0	0	0	0	0	0	0	0	0	0	0	0	0	0	0	0	0	0	0	0	0	0	0	0	0	0	0	0	0	0	0	0
1789547000153	103463	4645	7	288	12	0	0	3	0	0	0	0	26.103515625	26.103515625	0	0	0	0	90.307617188	90.307617188	0	0	0	0	0	0	0	0	0	0	0	0	0	0	0	0	0	0	0	0	0	0	0	0	0	0	0	0	0	0	0	0	0	0	0	0	0	0	0	0	0	0	0	0	0	0	0	0
1789547000173	103485	4646	7	288	12	0	0	3	0	0	0	0	26.103515625	26.103515625	0	0	0	0	90.307617188	90.307617188	0	0	0	0	0	0	0	0	0	0	0	0	0	0	0	0	0	0	0	0	0	0	0	0	0	0	0	0	0	0	0	0	0	0	0	0	0	0	0	0	0	0	0	0	0	0	0	0
1789547000199	103507	4647	7	288	12	0	0	3	0	0	0	0	26.103515625	26.103515625	0	0	0	0	90.307617188	90.307617188	0	0	0	0	0	0	0	0	0	0	0	0	0	0	0	0	0	0	0	0	0	0	0	0	0	0	0	0	0	0	0	0	0	0	0	0	0	0	0	0	0	0	0	0	0	0	0	0
1789547000219	103529	4648	7	288	12	0	0	3	0	0	0	0	26.103515625	26.103515625	0	0	0	0	90.307617188	90.307617188	0	0	0	0	0	0	0	0	0	0	0	0	0	0	0	0	0	0	0	0	0	0	0	0	0	0	0	0	0	0	0	0	0	0	0	0	0	0	0	0	0	0	0	0	0	0	0	0
1789547000239	103551	4649	7	288	12	0	0	3	0	0	0	0	26.103515625	26.103515625	0	0	0	0	90.307617188	90.307617188	0	0	0	0	0	0	0	0	0	0	0	0	0	0	0	0	0	0	0	0	0	0	0	0	0	0	0	0	0	0	0	0	0	0	0	0	0	0	0	0	0	0	0	0	0	0	0	0
1789547000266	103573	4650	7	288	12	0	0	3	0	0	0	0	26.103515625	26.103515625	0	0	0	0	90.307617188	90.307617188	0	0	0	0	0	0	0	0	0	0	0	0	0	0	0	0	0	0	0	0	0	0	0	0	0	0	0	0	0	0	0	0	0	0	0	0	0	0	0	0	0	0	0	0	0	0	0	0
1789547000285	103595	4651	7	288	12	0	0	3	0	0	0	0	26.103515625	26.103515625	0	0	0	0	90.307617188	90.307617188	0	0	0	0	0	0	0	0	0	0	0	0	0	0	0	0	0	0	0	0	0	0	0	0	0	0	0	0	0	0	0	0	0	0	0	0	0	0	0	0	0	0	0	0	0	0	0	0
1789547000305	103617	4652	7	288	12	0	0	3	0	0	0	0	26.103515625	26.103515625	0	0	0	0	90.307617188	90.307617188	0	0	0	0	0	0	0	0	0	0	0	0	0	0	0	0	0	0	0	0	0	0	0	0	0	0	0	0	0	0	0	0	0	0	0	0	0	0	0	0	0	0	0	0	0	0	0	0
1789547000332	103639	4653	7	288	12	0	0	3	0	0	0	0	26.103515625	26.103515625	0	0	0	0	90.307617188	90.307617188	0	0	0	0	0	0	0	0	0	0	0	0	0	0	0	0	0	0	0	0	0	0	0	0	0	0	0	0	0	0	0	0	0	0	0	0	0	0	0	0	0	0	0	0	0	0	0	0
1789547000351	103661	4654	7	288	12	0	0	3	0	0	0	0	26.103515625	26.103515625	0	0	0	0	90.307617188	90.307617188	0	0	0	0	0	0	0	0	0	0	0	0	0	0	0	0	0	0	0	0	0	0	0	0	0	0	0	0	0	0	0	0	0	0	0	0	0	0	0	0	0	0	0	0	0	0	0	0
1789547000371	103683	4655	7	288	12	0	0	3	0	0	0	0	26.059570312	26.059570312	0	0	0	0	90.307617188	90.307617188	0	0	0	0	0	0	0	0	0	0	0	0	0	0	0	0	0	0	0	0	0	0	0	0	0	0	0	0	0	0	0	0	0	0	0	0	0	0	0	0	0	0	0	0	0	0	0	0
1789547000398	103705	4656	7	288	12	0	0	3	0	0	0	0	26.103515625	26.103515625	0	0	0	0	90.307617188	90.307617188	0	0	0	0	0	0	0	0	0	0	0	0	0	0	0	0	0	0	0	0	0	0	0	0	0	0	0	0	0	0	0	0	0	0	0	0	0	0	0	0	0	0	0	0	0	0	0	0
1789547000418	103727	4657	7	288	12	0	0	3	0	0	0	0	26.103515625	26.103515625	0	0	0	0	90.307617188	90.307617188	0	0	0	0	0	0	0	0	0	0	0	0	0	0	0	0	0	0	0	0	0	0	0	0	0	0	0	0	0	0	0	0	0	0	0	0	0	0	0	0	0	0	0	0	0	0	0	0
1789547000438	103749	4658	7	288	12	0	0	3	0	0	0	0	26.103515625	26.103515625	0	0	0	0	90.307617188	90.307617188	0	0	0	0	0	0	0	0	0	0	0	0	0	0	0	0	0	0	0	0	0	0	0	0	0	0	0	0	0	0	0	0	0	0	0	0	0	0	0	0	0	0	0	0	0	0	0	0
1789547000464	103771	4659	7	288	12	0	0	3	0	0	0	0	26.103515625	26.103515625	0	0	0	0	90.307617188	90.307617188	0	0	0	0	0	0	0	0	0	0	0	0	0	0	0	0	0	0	0	0	0	0	0	0	0	0	0	0	0	0	0	0	0	0	0	0	0	0	0	0	0	0	0	0	0	0	0	0
1789547000484	103793	4660	7	288	12	0	0	3	0	0	0	0	26.103515625	26.103515625	0	0	0	0	90.307617188	90.307617188	0	0	0	0	0	0	0	0	0	0	0	0	0	0	0	0	0	0	0	0	0	0	0	0	0	0	0	0	0	0	0	0	0	0	0	0	0	0	0	0	0	0	0	0	0	0	0	0
1789547000504	103815	4661	7	288	12	0	0	3	0	0	0	0	26.103515625	26.103515625	0	0	0	0	90.307617188	90.307617188	0	0	0	0	0	0	0	0	0	0	0	0	0	0	0	0	0	0	0	0	0	0	0	0	0	0	0	0	0	0	0	0	0	0	0	0	0	0	0	0	0	0	0	0	0	0	0	0
1789547000530	103837	4662	7	288	12	0	0	3	0	0	0	0	26.103515625	26.103515625	0	0	0	0	90.307617188	90.307617188	0	0	0	0	0	0	0	0	0	0	0	0	0	0	0	0	0	0	0	0	0	0	0	0	0	0	0	0	0	0	0	0	0	0	0	0	0	0	0	0	0	0	0	0	0	0	0	0
1789547000551	103859	4663	7	288	12	0	0	3	0	0	0	0	26.103515625	26.103515625	0	0	0	0	90.307617188	90.307617188	0	0	0	0	0	0	0	0	0	0	0	0	0	0	0	0	0	0	0	0	0	0	0	0	0	0	0	0	0	0	0	0	0	0	0	0	0	0	0	0	0	0	0	0	0	0	0	0
1789547000571	103881	4664	7	288	12	0	0	3	0	0	0	0	26.103515625	26.103515625	0	0	0	0	90.307617188	90.307617188	0	0	0	0	0	0	0	0	0	0	0	0	0	0	0	0	0	0	0	0	0	0	0	0	0	0	0	0	0	0	0	0	0	0	0	0	0	0	0	0	0	0	0	0	0	0	0	0
1789547000590	103903	4665	7	288	12	0	0	3	0	0	0	0	26.103515625	26.103515625	0	0	0	0	90.307617188	90.307617188	0	0	0	0	0	0	0	0	0	0	0	0	0	0	0	0	0	0	0	0	0	0	0	0	0	0	0	0	0	0	0	0	0	0	0	0	0	0	0	0	0	0	0	0	0	0	0	0
1789547000617	103925	4666	7	288	12	0	0	3	0	0	0	0	26.103515625	26.103515625	0	0	0	0	90.307617188	90.307617188	0	0	0	0	0	0	0	0	0	0	0	0	0	0	0	0	0	0	0	0	0	0	0	0	0	0	0	0	0	0	0	0	0	0	0	0	0	0	0	0	0	0	0	0	0	0	0	0
1789547000636	103947	4667	7	288	12	0	0	3	0	0	0	0	26.103515625	26.103515625	0	0	0	0	90.307617188	90.307617188	0	0	0	0	0	0	0	0	0	0	0	0	0	0	0	0	0	0	0	0	0	0	0	0	0	0	0	0	0	0	0	0	0	0	0	0	0	0	0	0	0	0	0	0	0	0	0	0
1789547000656	103969	4668	7	288	12	0	0	3	0	0	0	0	26.103515625	26.103515625	0	0	0	0	90.307617188	90.307617188	0	0	0	0	0	0	0	0	0	0	0	0	0	0	0	0	0	0	0	0	0	0	0	0	0	0	0	0	0	0	0	0	0	0	0	0	0	0	0	0	0	0	0	0	0	0	0	0
1789547000683	103991	4669	7	288	12	0	0	3	0	0	0	0	26.103515625	26.103515625	0	0	0	0	90.307617188	90.307617188	0	0	0	0	0	0	0	0	0	0	0	0	0	0	0	0	0	0	0	0	0	0	0	0	0	0	0	0	0	0	0	0	0	0	0	0	0	0	0	0	0	0	0	0	0	0	0	0
1789547000703	104013	4670	7	288	12	0	0	3	0	0	0	0	26.103515625	26.103515625	0	0	0	0	90.307617188	90.307617188	0	0	0	0	0	0	0	0	0	0	0	0	0	0	0	0	0	0	0	0	0	0	0	0	0	0	0	0	0	0	0	0	0	0	0	0	0	0	0	0	0	0	0	0	0	0	0	0
1789547000723	104035	4671	7	288	12	0	0	3	0	0	0	0	26.103515625	26.103515625	0	0	0	0	90.307617188	90.307617188	0	0	0	0	0	0	0	0	0	0	0	0	0	0	0	0	0	0	0	0	0	0	0	0	0	0	0	0	0	0	0	0	0	0	0	0	0	0	0	0	0	0	0	0	0	0	0	0
1789547000749	104057	4672	7	288	12	0	0	3	0	0	0	0	26.103515625	26.103515625	0	0	0	0	90.307617188	90.307617188	0	0	0	0	0	0	0	0	0	0	0	0	0	0	0	0	0	0	0	0	0	0	0	0	0	0	0	0	0	0	0	0	0	0	0	0	0	0	0	0	0	0	0	0	0	0	0	0
1789547000769	104079	4673	7	288	12	0	0	3	0	0	0	0	26.103515625	26.103515625	0	0	0	0	90.307617188	90.307617188	0	0	0	0	0	0	0	0	0	0	0	0	0	0	0	0	0	0	0	0	0	0	0	0	0	0	0	0	0	0	0	0	0	0	0	0	0	0	0	0	0	0	0	0	0	0	0	0
1789547000789	104101	4674	7	288	12	0	0	3	0	0	0	0	26.103515625	26.103515625	0	0	0	0	90.307617188	90.307617188	0	0	0	0	0	0	0	0	0	0	0	0	0	0	0	0	0	0	0	0	0	0	0	0	0	0	0	0	0	0	0	0	0	0	0	0	0	0	0	0	0	0	0	0	0	0	0	0
1789547000815	104123	4675	7	288	12	0	0	3	0	0	0	0	26.103515625	26.103515625	0	0	0	0	90.307617188	90.307617188	0	0	0	0	0	0	0	0	0	0	0	0	0	0	0	0	0	0	0	0	0	0	0	0	0	0	0	0	0	0	0	0	0	0	0	0	0	0	0	0	0	0	0	0	0	0	0	0
1789547000835	104145	4676	7	288	12	0	0	3	0	0	0	0	26.103515625	26.103515625	0	0	0	0	90.307617188	90.307617188	0	0	0	0	0	0	0	0	0	0	0	0	0	0	0	0	0	0	0	0	0	0	0	0	0	0	0	0	0	0	0	0	0	0	0	0	0	0	0	0	0	0	0	0	0	0	0	0
1789547000855	104167	4677	7	288	12	0	0	3	0	0	0	0	26.103515625	26.103515625	0	0	0	0	90.307617188	90.307617188	0	0	0	0	0	0	0	0	0	0	0	0	0	0	0	0	0	0	0	0	0	0	0	0	0	0	0	0	0	0	0	0	0	0	0	0	0	0	0	0	0	0	0	0	0	0	0	0
1789547000882	104189	4678	7	288	12	0	0	3	0	0	0	0	26.103515625	26.103515625	0	0	0	0	90.307617188	90.307617188	0	0	0	0	0	0	0	0	0	0	0	0	0	0	0	0	0	0	0	0	0	0	0	0	0	0	0	0	0	0	0	0	0	0	0	0	0	0	0	0	0	0	0	0	0	0	0	0
1789547000902	104211	4679	7	288	12	0	0	3	0	0	0	0	26.103515625	26.103515625	0	0	0	0	90.307617188	90.307617188	0	0	0	0	0	0	0	0	0	0	0	0	0	0	0	0	0	0	0	0	0	0	0	0	0	0	0	0	0	0	0	0	0	0	0	0	0	0	0	0	0	0	0	0	0	0	0	0
1789547000921	104233	4680	7	288	12	0	0	3	0	0	0	0	26.103515625	26.103515625	0	0	0	0	90.307617188	90.307617188	0	0	0	0	0	0	0	0	0	0	0	0	0	0	0	0	0	0	0	0	0	0	0	0	0	0	0	0	0	0	0	0	0	0	0	0	0	0	0	0	0	0	0	0	0	0	0	0
1789547000948	104255	4681	7	288	12	0	0	3	0	0	0	0	26.103515625	26.103515625	0	0	0	0	90.307617188	90.307617188	0	0	0	0	0	0	0	0	0	0	0	0	0	0	0	0	0	0	0	0	0	0	0	0	0	0	0	0	0	0	0	0	0	0	0	0	0	0	0	0	0	0	0	0	0	0	0	0
1789547000967	104277	4682	7	288	12	0	0	3	0	0	0	0	26.103515625	26.103515625	0	0	0	0	90.307617188	90.307617188	0	0	0	0	0	0	0	0	0	0	0	0	0	0	0	0	0	0	0	0	0	0	0	0	0	0	0	0	0	0	0	0	0	0	0	0	0	0	0	0	0	0	0	0	0	0	0	0
1789547000988	104299	4683	7	288	12	0	0	3	0	0	0	0	26.103515625	26.103515625	0	0	0	0	90.307617188	90.307617188	0	0	0	0	0	0	0	0	0	0	0	0	0	0	0	0	0	0	0	0	0	0	0	0	0	0	0	0	0	0	0	0	0	0	0	0	0	0	0	0	0	0	0	0	0	0	0	0
1789547001014	104321	4684	7	288	12	0	0	3	0	0	0	0	26.103515625	26.103515625	0	0	0	0	90.307617188	90.307617188	0	0	0	0	0	0	0	0	0	0	0	0	0	0	0	0	0	0	0	0	0	0	0	0	0	0	0	0	0	0	0	0	0	0	0	0	0	0	0	0	0	0	0	0	0	0	0	0
1789547001034	104343	4685	7	288	12	0	0	3	0	0	0	0	26.103515625	26.103515625	0	0	0	0	90.307617188	90.307617188	0	0	0	0	0	0	0	0	0	0	0	0	0	0	0	0	0	0	0	0	0	0	0	0	0	0	0	0	0	0	0	0	0	0	0	0	0	0	0	0	0	0	0	0	0	0	0	0
1789547001053	104365	4686	7	288	12	0	0	3	0	0	0	0	26.103515625	26.103515625	0	0	0	0	90.307617188	90.307617188	0	0	0	0	0	0	0	0	0	0	0	0	0	0	0	0	0	0	0	0	0	0	0	0	0	0	0	0	0	0	0	0	0	0	0	0	0	0	0	0	0	0	0	0	0	0	0	0
1789547001080	104387	4687	7	288	12	0	0	3	0	0	0	0	26.103515625	26.103515625	0	0	0	0	90.307617188	90.307617188	0	0	0	0	0	0	0	0	0	0	0	0	0	0	0	0	0	0	0	0	0	0	0	0	0	0	0	0	0	0	0	0	0	0	0	0	0	0	0	0	0	0	0	0	0	0	0	0
1789547001100	104409	4688	7	288	12	0	0	3	0	0	0	0	26.103515625	26.103515625	0	0	0	0	90.307617188	90.307617188	0	0	0	0	0	0	0	0	0	0	0	0	0	0	0	0	0	0	0	0	0	0	0	0	0	0	0	0	0	0	0	0	0	0	0	0	0	0	0	0	0	0	0	0	0	0	0	0
1789547001120	104431	4689	7	288	12	0	0	3	0	0	0	0	26.103515625	26.103515625	0	0	0	0	90.307617188	90.307617188	0	0	0	0	0	0	0	0	0	0	0	0	0	0	0	0	0	0	0	0	0	0	0	0	0	0	0	0	0	0	0	0	0	0	0	0	0	0	0	0	0	0	0	0	0	0	0	0
1789547001146	104453	4690	7	288	12	0	0	3	0	0	0	0	26.103515625	26.103515625	0	0	0	0	90.307617188	90.307617188	0	0	0	0	0	0	0	0	0	0	0	0	0	0	0	0	0	0	0	0	0	0	0	0	0	0	0	0	0	0	0	0	0	0	0	0	0	0	0	0	0	0	0	0	0	0	0	0
1789547001166	104475	4691	7	288	12	0	0	3	0	0	0	0	26.103515625	26.103515625	0	0	0	0	90.307617188	90.307617188	0	0	0	0	0	0	0	0	0	0	0	0	0	0	0	0	0	0	0	0	0	0	0	0	0	0	0	0	0	0	0	0	0	0	0	0	0	0	0	0	0	0	0	0	0	0	0	0
1789547001186	104497	4692	7	288	12	0	0	3	0	0	0	0	26.103515625	26.103515625	0	0	0	0	90.307617188	90.307617188	0	0	0	0	0	0	0	0	0	0	0	0	0	0	0	0	0	0	0	0	0	0	0	0	0	0	0	0	0	0	0	0	0	0	0	0	0	0	0	0	0	0	0	0	0	0	0	0
1789547001213	104519	4693	7	288	12	0	0	3	0	0	0	0	26.103515625	26.103515625	0	0	0	0	90.307617188	90.307617188	0	0	0	0	0	0	0	0	0	0	0	0	0	0	0	0	0	0	0	0	0	0	0	0	0	0	0	0	0	0	0	0	0	0	0	0	0	0	0	0	0	0	0	0	0	0	0	0
1789547001232	104541	4694	7	288	12	0	0	3	0	0	0	0	26.103515625	26.103515625	0	0	0	0	90.307617188	90.307617188	0	0	0	0	0	0	0	0	0	0	0	0	0	0	0	0	0	0	0	0	0	0	0	0	0	0	0	0	0	0	0	0	0	0	0	0	0	0	0	0	0	0	0	0	0	0	0	0
1789547001252	104563	4695	7	288	12	0	0	3	0	0	0	0	26.103515625	26.103515625	0	0	0	0	90.307617188	90.307617188	0	0	0	0	0	0	0	0	0	0	0	0	0	0	0	0	0	0	0	0	0	0	0	0	0	0	0	0	0	0	0	0	0	0	0	0	0	0	0	0	0	0	0	0	0	0	0	0
1789547001278	104585	4696	7	288	12	0	0	3	0	0	0	0	26.103515625	26.103515625	0	0	0	0	90.307617188	90.307617188	0	0	0	0	0	0	0	0	0	0	0	0	0	0	0	0	0	0	0	0	0	0	0	0	0	0	0	0	0	0	0	0	0	0	0	0	0	0	0	0	0	0	0	0	0	0	0	0
1789547001299	104607	4697	7	288	12	0	0	3	0	0	0	0	26.103515625	26.103515625	0	0	0	0	90.307617188	90.307617188	0	0	0	0	0	0	0	0	0	0	0	0	0	0	0	0	0	0	0	0	0	0	0	0	0	0	0	0	0	0	0	0	0	0	0	0	0	0	0	0	0	0	0	0	0	0	0	0
1789547001318	104629	4698	7	288	12	0	0	3	0	0	0	0	26.103515625	26.103515625	0	0	0	0	90.307617188	90.307617188	0	0	0	0	0	0	0	0	0	0	0	0	0	0	0	0	0	0	0	0	0	0	0	0	0	0	0	0	0	0	0	0	0	0	0	0	0	0	0	0	0	0	0	0	0	0	0	0
1789547001338	104651	4699	7	288	12	0	0	3	0	0	0	0	26.103515625	26.103515625	0	0	0	0	90.307617188	90.307617188	0	0	0	0	0	0	0	0	0	0	0	0	0	0	0	0	0	0	0	0	0	0	0	0	0	0	0	0	0	0	0	0	0	0	0	0	0	0	0	0	0	0	0	0	0	0	0	0
1789547001365	104673	4700	7	288	12	0	0	3	0	0	0	0	26.103515625	26.103515625	0	0	0	0	90.307617188	90.307617188	0	0	0	0	0	0	0	0	0	0	0	0	0	0	0	0	0	0	0	0	0	0	0	0	0	0	0	0	0	0	0	0	0	0	0	0	0	0	0	0	0	0	0	0	0	0	0	0
1789547001385	104695	4701	7	288	12	0	0	3	0	0	0	0	26.103515625	26.103515625	0	0	0	0	90.307617188	90.307617188	0	0	0	0	0	0	0	0	0	0	0	0	0	0	0	0	0	0	0	0	0	0	0	0	0	0	0	0	0	0	0	0	0	0	0	0	0	0	0	0	0	0	0	0	0	0	0	0
1789547001405	104717	4702	7	288	12	0	0	3	0	0	0	0	26.103515625	26.103515625	0	0	0	0	90.307617188	90.307617188	0	0	0	0	0	0	0	0	0	0	0	0	0	0	0	0	0	0	0	0	0	0	0	0	0	0	0	0	0	0	0	0	0	0	0	0	0	0	0	0	0	0	0	0	0	0	0	0
1789547001431	104739	4703	7	288	12	0	0	3	0	0	0	0	26.103515625	26.103515625	0	0	0	0	90.307617188	90.307617188	0	0	0	0	0	0	0	0	0	0	0	0	0	0	0	0	0	0	0	0	0	0	0	0	0	0	0	0	0	0	0	0	0	0	0	0	0	0	0	0	0	0	0	0	0	0	0	0
1789547001451	104761	4704	7	288	12	0	0	3	0	0	0	0	26.103515625	26.103515625	0	0	0	0	90.307617188	90.307617188	0	0	0	0	0	0	0	0	0	0	0	0	0	0	0	0	0	0	0	0	0	0	0	0	0	0	0	0	0	0	0	0	0	0	0	0	0	0	0	0	0	0	0	0	0	0	0	0
1789547001471	104783	4705	7	288	12	0	0	3	0	0	0	0	26.103515625	26.103515625	0	0	0	0	90.307617188	90.307617188	0	0	0	0	0	0	0	0	0	0	0	0	0	0	0	0	0	0	0	0	0	0	0	0	0	0	0	0	0	0	0	0	0	0	0	0	0	0	0	0	0	0	0	0	0	0	0	0
1789547001498	104805	4706	7	288	12	0	0	3	0	0	0	0	26.103515625	26.103515625	0	0	0	0	90.307617188	90.307617188	0	0	0	0	0	0	0	0	0	0	0	0	0	0	0	0	0	0	0	0	0	0	0	0	0	0	0	0	0	0	0	0	0	0	0	0	0	0	0	0	0	0	0	0	0	0	0	0
1789547001517	104827	4707	7	288	12	0	0	3	0	0	0	0	26.103515625	26.103515625	0	0	0	0	90.307617188	90.307617188	0	0	0	0	0	0	0	0	0	0	0	0	0	0	0	0	0	0	0	0	0	0	0	0	0	0	0	0	0	0	0	0	0	0	0	0	0	0	0	0	0	0	0	0	0	0	0	0
1789547001537	104849	4708	7	288	12	0	0	3	0	0	0	0	26.103515625	26.103515625	0	0	0	0	90.307617188	90.307617188	0	0	0	0	0	0	0	0	0	0	0	0	0	0	0	0	0	0	0	0	0	0	0	0	0	0	0	0	0	0	0	0	0	0	0	0	0	0	0	0	0	0	0	0	0	0	0	0
1789547001564	104871	4709	7	288	12	0	0	3	0	0	0	0	26.103515625	26.103515625	0	0	0	0	90.307617188	90.307617188	0	0	0	0	0	0	0	0	0	0	0	0	0	0	0	0	0	0	0	0	0	0	0	0	0	0	0	0	0	0	0	0	0	0	0	0	0	0	0	0	0	0	0	0	0	0	0	0
1789547001583	104893	4710	7	288	12	0	0	3	0	0	0	0	26.103515625	26.103515625	0	0	0	0	90.307617188	90.307617188	0	0	0	0	0	0	0	0	0	0	0	0	0	0	0	0	0	0	0	0	0	0	0	0	0	0	0	0	0	0	0	0	0	0	0	0	0	0	0	0	0	0	0	0	0	0	0	0
1789547001604	104915	4711	7	288	12	0	0	3	0	0	0	0	26.103515625	26.103515625	0	0	0	0	90.307617188	90.307617188	0	0	0	0	0	0	0	0	0	0	0	0	0	0	0	0	0	0	0	0	0	0	0	0	0	0	0	0	0	0	0	0	0	0	0	0	0	0	0	0	0	0	0	0	0	0	0	0
1789547001631	104937	4712	7	288	12	0	0	3	0	0	0	0	26.103515625	26.103515625	0	0	0	0	90.307617188	90.307617188	0	0	0	0	0	0	0	0	0	0	0	0	0	0	0	0	0	0	0	0	0	0	0	0	0	0	0	0	0	0	0	0	0	0	0	0	0	0	0	0	0	0	0	0	0	0	0	0
1789547001651	104959	4713	7	288	12	0	0	3	0	0	0	0	26.103515625	26.103515625	0	0	0	0	90.307617188	90.307617188	0	0	0	0	0	0	0	0	0	0	0	0	0	0	0	0	0	0	0	0	0	0	0	0	0	0	0	0	0	0	0	0	0	0	0	0	0	0	0	0	0	0	0	0	0	0	0	0
1789547001671	104981	4714	7	288	12	0	0	3	0	0	0	0	26.103515625	26.103515625	0	0	0	0	90.307617188	90.307617188	0	0	0	0	0	0	0	0	0	0	0	0	0	0	0	0	0	0	0	0	0	0	0	0	0	0	0	0	0	0	0	0	0	0	0	0	0	0	0	0	0	0	0	0	0	0	0	0
1789547001691	105003	4715	7	288	12	0	0	3	0	0	0	0	26.103515625	26.103515625	0	0	0	0	90.307617188	90.307617188	0	0	0	0	0	0	0	0	0	0	0	0	0	0	0	0	0	0	0	0	0	0	0	0	0	0	0	0	0	0	0	0	0	0	0	0	0	0	0	0	0	0	0	0	0	0	0	0
1789547001718	105025	4716	7	288	12	0	0	3	0	0	0	0	26.103515625	26.103515625	0	0	0	0	90.307617188	90.307617188	0	0	0	0	0	0	0	0	0	0	0	0	0	0	0	0	0	0	0	0	0	0	0	0	0	0	0	0	0	0	0	0	0	0	0	0	0	0	0	0	0	0	0	0	0	0	0	0
1789547001738	105047	4717	7	288	12	0	0	3	0	0	0	0	26.103515625	26.103515625	0	0	0	0	90.307617188	90.307617188	0	0	0	0	0	0	0	0	0	0	0	0	0	0	0	0	0	0	0	0	0	0	0	0	0	0	0	0	0	0	0	0	0	0	0	0	0	0	0	0	0	0	0	0	0	0	0	0
1789547001758	105069	4718	7	288	12	0	0	3	0	0	0	0	26.103515625	26.103515625	0	0	0	0	90.307617188	90.307617188	0	0	0	0	0	0	0	0	0	0	0	0	0	0	0	0	0	0	0	0	0	0	0	0	0	0	0	0	0	0	0	0	0	0	0	0	0	0	0	0	0	0	0	0	0	0	0	0
1789547001784	105091	4719	7	288	12	0	0	3	0	0	0	0	26.103515625	26.103515625	0	0	0	0	90.307617188	90.307617188	0	0	0	0	0	0	0	0	0	0	0	0	0	0	0	0	0	0	0	0	0	0	0	0	0	0	0	0	0	0	0	0	0	0	0	0	0	0	0	0	0	0	0	0	0	0	0	0
1789547001804	105113	4720	7	288	12	0	0	3	0	0	0	0	26.103515625	26.103515625	0	0	0	0	90.307617188	90.307617188	0	0	0	0	0	0	0	0	0	0	0	0	0	0	0	0	0	0	0	0	0	0	0	0	0	0	0	0	0	0	0	0	0	0	0	0	0	0	0	0	0	0	0	0	0	0	0	0
1789547001824	105135	4721	7	288	12	0	0	3	0	0	0	0	26.103515625	26.103515625	0	0	0	0	90.307617188	90.307617188	0	0	0	0	0	0	0	0	0	0	0	0	0	0	0	0	0	0	0	0	0	0	0	0	0	0	0	0	0	0	0	0	0	0	0	0	0	0	0	0	0	0	0	0	0	0	0	0
1789547001851	105157	4722	7	288	12	0	0	3	0	0	0	0	26.103515625	26.103515625	0	0	0	0	90.307617188	90.307617188	0	0	0	0	0	0	0	0	0	0	0	0	0	0	0	0	0	0	0	0	0	0	0	0	0	0	0	0	0	0	0	0	0	0	0	0	0	0	0	0	0	0	0	0	0	0	0	0
1789547001871	105179	4723	7	288	12	0	0	3	0	0	0	0	26.103515625	26.103515625	0	0	0	0	90.307617188	90.307617188	0	0	0	0	0	0	0	0	0	0	0	0	0	0	0	0	0	0	0	0	0	0	0	0	0	0	0	0	0	0	0	0	0	0	0	0	0	0	0	0	0	0	0	0	0	0	0	0
1789547001891	105201	4724	7	288	12	0	0	3	0	0	0	0	26.103515625	26.103515625	0	0	0	0	90.307617188	90.307617188	0	0	0	0	0	0	0	0	0	0	0	0	0	0	0	0	0	0	0	0	0	0	0	0	0	0	0	0	0	0	0	0	0	0	0	0	0	0	0	0	0	0	0	0	0	0	0	0
1789547001911	105223	4725	7	288	12	0	0	3	0	0	0	0	26.103515625	26.103515625	0	0	0	0	90.307617188	90.307617188	0	0	0	0	0	0	0	0	0	0	0	0	0	0	0	0	0	0	0	0	0	0	0	0	0	0	0	0	0	0	0	0	0	0	0	0	0	0	0	0	0	0	0	0	0	0	0	0
1789547001937	105245	4726	7	288	12	0	0	3	0	0	0	0	26.103515625	26.103515625	0	0	0	0	90.307617188	90.307617188	0	0	0	0	0	0	0	0	0	0	0	0	0	0	0	0	0	0	0	0	0	0	0	0	0	0	0	0	0	0	0	0	0	0	0	0	0	0	0	0	0	0	0	0	0	0	0	0
1789547001957	105267	4727	7	288	12	0	0	3	0	0	0	0	26.103515625	26.103515625	0	0	0	0	90.307617188	90.307617188	0	0	0	0	0	0	0	0	0	0	0	0	0	0	0	0	0	0	0	0	0	0	0	0	0	0	0	0	0	0	0	0	0	0	0	0	0	0	0	0	0	0	0	0	0	0	0	0
1789547001977	105289	4728	7	288	12	0	0	3	0	0	0	0	26.103515625	26.103515625	0	0	0	0	90.307617188	90.307617188	0	0	0	0	0	0	0	0	0	0	0	0	0	0	0	0	0	0	0	0	0	0	0	0	0	0	0	0	0	0	0	0	0	0	0	0	0	0	0	0	0	0	0	0	0	0	0	0
1789547002003	105311	4729	7	288	12	0	0	3	0	0	0	0	26.103515625	26.103515625	0	0	0	0	90.307617188	90.307617188	0	0	0	0	0	0	0	0	0	0	0	0	0	0	0	0	0	0	0	0	0	0	0	0	0	0	0	0	0	0	0	0	0	0	0	0	0	0	0	0	0	0	0	0	0	0	0	0
1789547002023	105333	4730	7	288	12	0	0	3	0	0	0	0	26.103515625	26.103515625	0	0	0	0	90.307617188	90.307617188	0	0	0	0	0	0	0	0	0	0	0	0	0	0	0	0	0	0	0	0	0	0	0	0	0	0	0	0	0	0	0	0	0	0	0	0	0	0	0	0	0	0	0	0	0	0	0	0
1789547002043	105355	4731	7	288	12	0	0	3	0	0	0	0	26.103515625	26.103515625	0	0	0	0	90.307617188	90.307617188	0	0	0	0	0	0	0	0	0	0	0	0	0	0	0	0	0	0	0	0	0	0	0	0	0	0	0	0	0	0	0	0	0	0	0	0	0	0	0	0	0	0	0	0	0	0	0	0
1789547002070	105377	4732	7	288	12	0	0	3	0	0	0	0	26.103515625	26.103515625	0	0	0	0	90.307617188	90.307617188	0	0	0	0	0	0	0	0	0	0	0	0	0	0	0	0	0	0	0	0	0	0	0	0	0	0	0	0	0	0	0	0	0	0	0	0	0	0	0	0	0	0	0	0	0	0	0	0
1789547002090	105399	4733	7	288	12	0	0	3	0	0	0	0	26.103515625	26.103515625	0	0	0	0	90.307617188	90.307617188	0	0	0	0	0	0	0	0	0	0	0	0	0	0	0	0	0	0	0	0	0	0	0	0	0	0	0	0	0	0	0	0	0	0	0	0	0	0	0	0	0	0	0	0	0	0	0	0
1789547002110	105421	4734	7	288	12	0	0	3	0	0	0	0	26.103515625	26.103515625	0	0	0	0	90.307617188	90.307617188	0	0	0	0	0	0	0	0	0	0	0	0	0	0	0	0	0	0	0	0	0	0	0	0	0	0	0	0	0	0	0	0	0	0	0	0	0	0	0	0	0	0	0	0	0	0	0	0
1789547002136	105443	4735	7	288	12	0	0	3	0	0	0	0	26.103515625	26.103515625	0	0	0	0	90.307617188	90.307617188	0	0	0	0	0	0	0	0	0	0	0	0	0	0	0	0	0	0	0	0	0	0	0	0	0	0	0	0	0	0	0	0	0	0	0	0	0	0	0	0	0	0	0	0	0	0	0	0
1789547002156	105465	4736	7	288	12	0	0	3	0	0	0	0	26.103515625	26.103515625	0	0	0	0	90.307617188	90.307617188	0	0	0	0	0	0	0	0	0	0	0	0	0	0	0	0	0	0	0	0	0	0	0	0	0	0	0	0	0	0	0	0	0	0	0	0	0	0	0	0	0	0	0	0	0	0	0	0
1789547002178	105487	4737	7	288	12	0	0	3	0	0	0	0	26.103515625	26.103515625	0	0	0	0	90.307617188	90.307617188	0	0	0	0	0	0	0	0	0	0	0	0	0	0	0	0	0	0	0	0	0	0	0	0	0	0	0	0	0	0	0	0	0	0	0	0	0	0	0	0	0	0	0	0	0	0	0	0
1789547002198	105509	4738	7	288	12	0	0	3	0	0	0	0	26.103515625	26.103515625	0	0	0	0	90.307617188	90.307617188	0	0	0	0	0	0	0	0	0	0	0	0	0	0	0	0	0	0	0	0	0	0	0	0	0	0	0	0	0	0	0	0	0	0	0	0	0	0	0	0	0	0	0	0	0	0	0	0
1789547002219	105531	4739	7	288	12	0	0	3	0	0	0	0	26.103515625	26.103515625	0	0	0	0	90.307617188	90.307617188	0	0	0	0	0	0	0	0	0	0	0	0	0	0	0	0	0	0	0	0	0	0	0	0	0	0	0	0	0	0	0	0	0	0	0	0	0	0	0	0	0	0	0	0	0	0	0	0
1789547002245	105553	4740	7	288	12	0	0	3	0	0	0	0	26.103515625	26.103515625	0	0	0	0	90.307617188	90.307617188	0	0	0	0	0	0	0	0	0	0	0	0	0	0	0	0	0	0	0	0	0	0	0	0	0	0	0	0	0	0	0	0	0	0	0	0	0	0	0	0	0	0	0	0	0	0	0	0
1789547002265	105575	4741	7	288	12	0	0	3	0	0	0	0	26.103515625	26.103515625	0	0	0	0	90.307617188	90.307617188	0	0	0	0	0	0	0	0	0	0	0	0	0	0	0	0	0	0	0	0	0	0	0	0	0	0	0	0	0	0	0	0	0	0	0	0	0	0	0	0	0	0	0	0	0	0	0	0
1789547002285	105597	4742	7	288	12	0	0	3	0	0	0	0	26.103515625	26.103515625	0	0	0	0	90.307617188	90.307617188	0	0	0	0	0	0	0	0	0	0	0	0	0	0	0	0	0	0	0	0	0	0	0	0	0	0	0	0	0	0	0	0	0	0	0	0	0	0	0	0	0	0	0	0	0	0	0	0
1789547002312	105619	4743	7	288	12	0	0	3	0	0	0	0	26.103515625	26.103515625	0	0	0	0	90.307617188	90.307617188	0	0	0	0	0	0	0	0	0	0	0	0	0	0	0	0	0	0	0	0	0	0	0	0	0	0	0	0	0	0	0	0	0	0	0	0	0	0	0	0	0	0	0	0	0	0	0	0
1789547002331	105641	4744	7	288	12	0	0	3	0	0	0	0	26.103515625	26.103515625	0	0	0	0	90.307617188	90.307617188	0	0	0	0	0	0	0	0	0	0	0	0	0	0	0	0	0	0	0	0	0	0	0	0	0	0	0	0	0	0	0	0	0	0	0	0	0	0	0	0	0	0	0	0	0	0	0	0
1789547002352	105663	4745	7	288	12	0	0	3	0	0	0	0	26.103515625	26.103515625	0	0	0	0	90.307617188	90.307617188	0	0	0	0	0	0	0	0	0	0	0	0	0	0	0	0	0	0	0	0	0	0	0	0	0	0	0	0	0	0	0	0	0	0	0	0	0	0	0	0	0	0	0	0	0	0	0	0
1789547002378	105685	4746	7	288	12	0	0	3	0	0	0	0	26.103515625	26.103515625	0	0	0	0	90.307617188	90.307617188	0	0	0	0	0	0	0	0	0	0	0	0	0	0	0	0	0	0	0	0	0	0	0	0	0	0	0	0	0	0	0	0	0	0	0	0	0	0	0	0	0	0	0	0	0	0	0	0
1789547002398	105707	4747	7	288	12	0	0	3	0	0	0	0	26.103515625	26.103515625	0	0	0	0	90.307617188	90.307617188	0	0	0	0	0	0	0	0	0	0	0	0	0	0	0	0	0	0	0	0	0	0	0	0	0	0	0	0	0	0	0	0	0	0	0	0	0	0	0	0	0	0	0	0	0	0	0	0
1789547002418	105729	4748	7	288	12	0	0	3	0	0	0	0	26.103515625	26.103515625	0	0	0	0	90.307617188	90.307617188	0	0	0	0	0	0	0	0	0	0	0	0	0	0	0	0	0	0	0	0	0	0	0	0	0	0	0	0	0	0	0	0	0	0	0	0	0	0	0	0	0	0	0	0	0	0	0	0
1789547002444	105751	4749	7	288	12	0	0	3	0	0	0	0	26.103515625	26.103515625	0	0	0	0	90.307617188	90.307617188	0	0	0	0	0	0	0	0	0	0	0	0	0	0	0	0	0	0	0	0	0	0	0	0	0	0	0	0	0	0	0	0	0	0	0	0	0	0	0	0	0	0	0	0	0	0	0	0
